applicant_id,applicant_name,cibil_score,existing_loans_lakhs,bank_account_verified,pan_verified,udyam_registration_no,gstin_status,project_report_attached,collateral_value_lakhs,business_vintage_years,monthly_cashflow_avg_inr,document_completeness_pct,target_readiness_score
ENT_IN_20001,Mahesh Joshi,741,0.64,1,1,UDYAM-MH-03-7674738,ACTIVE,1,0.56,11.3,144483,95.4,95.5
ENT_IN_20002,Meena Chatterjee,591,8.45,1,1,NOT_REGISTERED,NOT_APPLICABLE,1,6.06,0.5,330782,64.0,67.6
ENT_IN_20003,Rajesh Banerjee,575,0.33,1,0,NOT_REGISTERED,ACTIVE,1,32.77,6.7,45899,51.4,56.3
ENT_IN_20004,Anita Nair,0,1.94,1,0,UDYAM-GJ-03-6707750,ACTIVE,1,1.06,8.9,447972,36.9,58.1
ENT_IN_20005,Suresh Gupta,627,7.34,1,1,NOT_REGISTERED,ACTIVE,0,18.01,11.6,152757,45.7,51.7
ENT_IN_20006,Rohan Gupta,708,24.3,1,0,UDYAM-PB-03-1876365,UNREGISTERED,1,13.33,6.4,208785,61.8,72.7
ENT_IN_20007,Geeta Kulkarni,702,10.3,1,1,UDYAM-PB-03-3706434,UNREGISTERED,1,36.29,5.9,57293,57.2,73.4
ENT_IN_20008,Deepika Gowda,625,17.31,1,1,NOT_REGISTERED,ACTIVE,1,3.22,9.0,398864,50.6,70.0
ENT_IN_20009,Sujata Banerjee,701,15.06,1,1,UDYAM-KA-03-3399210,ACTIVE,0,42.23,2.1,278069,87.7,88.9
ENT_IN_20010,Sunil Joshi,0,1.91,1,1,UDYAM-MH-03-4912213,NOT_APPLICABLE,1,0.56,4.5,18684,69.8,56.4
ENT_IN_20011,Pradeep Yadav,818,17.47,1,1,UDYAM-UP-03-6183431,ACTIVE,1,23.71,0.5,387260,77.0,100.0
ENT_IN_20012,Geeta Gupta,818,0.2,1,1,UDYAM-PB-03-8587917,ACTIVE,0,36.29,11.5,48394,53.3,80.5
ENT_IN_20013,Lakshmi Mishra,587,9.3,1,1,UDYAM-GJ-03-6089359,NOT_APPLICABLE,1,29.69,6.2,84927,49.3,66.1
ENT_IN_20014,Arjun Reddy,792,0.51,1,1,NOT_REGISTERED,ACTIVE,1,12.13,1.6,280542,97.9,99.5
ENT_IN_20015,Preeti Chaudhary,780,13.12,1,1,UDYAM-KA-03-6434276,ACTIVE,1,1.74,11.4,300968,88.3,100.0
ENT_IN_20016,Fatima Rao,666,17.7,1,1,UDYAM-UP-03-8425561,NOT_APPLICABLE,0,17.89,9.5,359750,78.1,74.6
ENT_IN_20017,Sunita Patil,630,8.81,1,0,UDYAM-KA-03-6329566,ACTIVE,1,5.74,11.2,23301,98.4,71.4
ENT_IN_20018,Sunita Deshmukh,627,2.35,1,1,UDYAM-PB-03-2402359,NOT_APPLICABLE,1,17.4,7.5,288988,68.5,74.6
ENT_IN_20019,Deepika Patel,0,14.46,1,1,UDYAM-KA-03-9132231,ACTIVE,1,3.32,11.7,436126,56.2,70.4
ENT_IN_20020,Sunita Kaur,553,0.32,1,1,UDYAM-GJ-03-4023558,ACTIVE,1,13.03,6.9,177284,72.3,82.1
ENT_IN_20021,Sunita Patil,847,24.58,1,1,UDYAM-MH-03-1056212,ACTIVE,1,4.23,2.4,277456,93.6,100.0
ENT_IN_20022,Deepika Gowda,647,0.35,1,1,NOT_REGISTERED,NOT_APPLICABLE,0,4.9,11.6,161843,58.5,52.5
ENT_IN_20023,Deepika Nair,731,20.21,1,1,UDYAM-TN-03-2523487,NOT_APPLICABLE,0,16.19,10.3,102347,52.0,63.6
ENT_IN_20024,Meena Das,566,15.93,1,1,NOT_REGISTERED,NOT_APPLICABLE,0,14.22,2.3,159723,90.1,58.3
ENT_IN_20025,Seema Reddy,627,9.94,1,1,UDYAM-PB-03-8587920,UNREGISTERED,1,8.73,6.3,97652,41.9,64.6
ENT_IN_20026,Fatima Singh,626,16.83,1,1,UDYAM-UP-03-5004106,NOT_APPLICABLE,1,11.63,5.6,228038,83.2,77.0
ENT_IN_20027,Ashok Joshi,0,21.89,1,1,UDYAM-UP-03-9009470,NOT_APPLICABLE,1,34.7,12.0,435056,40.5,57.3
ENT_IN_20028,Shweta Banerjee,772,24.45,1,1,UDYAM-PB-03-4886297,UNREGISTERED,1,44.48,11.4,304325,41.0,89.2
ENT_IN_20029,Rohan Kulkarni,734,17.56,1,1,UDYAM-TN-03-6698429,UNREGISTERED,0,7.52,10.0,101321,68.1,66.6
ENT_IN_20030,Savita Reddy,628,20.4,1,1,UDYAM-GJ-03-8339204,NOT_APPLICABLE,1,21.41,3.1,93882,57.9,66.6
ENT_IN_20031,Gurpreet Reddy,613,19.08,1,0,UDYAM-TN-03-9013976,NOT_APPLICABLE,1,26.43,5.3,395917,41.7,62.3
ENT_IN_20032,Sangeeta Patel,630,15.88,1,1,UDYAM-TN-03-3926865,ACTIVE,0,20.7,8.6,276829,57.0,70.8
ENT_IN_20033,Shweta Gupta,715,7.39,1,1,UDYAM-MH-03-5518674,NOT_APPLICABLE,1,22.14,3.9,204256,41.3,77.5
ENT_IN_20034,Rahul Banerjee,849,16.24,1,1,NOT_REGISTERED,ACTIVE,0,2.38,10.7,102205,60.0,73.4
ENT_IN_20035,Rohan Joshi,669,5.59,1,1,UDYAM-TN-03-3573431,ACTIVE,0,10.82,2.3,297574,72.5,80.5
ENT_IN_20036,Rekha Sharma,626,13.76,1,1,UDYAM-KA-03-3295212,ACTIVE,1,18.25,7.4,242742,99.3,91.0
ENT_IN_20037,Rohan Chaudhary,617,23.3,1,1,UDYAM-GJ-03-5957229,NOT_APPLICABLE,0,12.97,9.0,177779,57.9,60.2
ENT_IN_20038,Amit Yadav,703,0.66,1,1,UDYAM-KA-03-5532413,ACTIVE,0,28.11,1.9,209852,59.0,79.4
ENT_IN_20039,Karan Gowda,721,15.1,1,1,UDYAM-KA-03-8743458,NOT_APPLICABLE,0,6.81,4.9,323042,53.6,71.4
ENT_IN_20040,Pradeep Das,701,13.01,1,0,UDYAM-TN-03-7682225,NOT_APPLICABLE,1,37.7,8.2,295824,68.7,79.0
ENT_IN_20041,Ananya Gowda,0,22.37,1,1,UDYAM-PB-03-8115610,UNREGISTERED,1,0.47,8.6,438773,85.7,69.9
ENT_IN_20042,Priya Chaudhary,605,8.97,1,1,UDYAM-UP-03-5598833,ACTIVE,1,41.33,2.3,254814,89.6,86.8
ENT_IN_20043,Bhavna Verma,708,11.42,1,1,UDYAM-UP-03-6578733,NOT_APPLICABLE,1,3.26,4.5,367016,67.9,86.1
ENT_IN_20044,Amit Joshi,651,9.85,1,1,UDYAM-UP-03-7632111,ACTIVE,1,18.42,11.3,272871,44.9,83.2
ENT_IN_20045,Mamta Mishra,700,19.3,1,1,UDYAM-KA-03-9635515,NOT_APPLICABLE,0,10.54,11.6,102121,36.8,59.2
ENT_IN_20046,Radha Shah,762,7.17,0,1,NOT_REGISTERED,ACTIVE,1,19.16,1.8,432200,83.1,88.1
ENT_IN_20047,Gurpreet Rao,629,6.4,1,1,UDYAM-GJ-03-7388286,ACTIVE,0,33.34,4.1,305914,93.5,80.1
ENT_IN_20048,Deepak Sheikh,636,3.98,1,1,UDYAM-UP-03-6634742,ACTIVE,1,10.4,1.2,275417,56.4,80.0
ENT_IN_20049,Ashok Patel,588,18.92,1,1,UDYAM-GJ-03-4413138,ACTIVE,0,8.74,6.0,198794,37.6,62.5
ENT_IN_20050,Ramesh Banerjee,692,20.67,1,1,UDYAM-UP-03-3131636,NOT_APPLICABLE,0,37.31,3.4,71711,85.1,74.3
ENT_IN_20051,Preeti Gowda,594,15.3,1,1,UDYAM-UP-03-6694561,UNREGISTERED,1,40.99,6.3,161311,42.9,64.7
ENT_IN_20052,Deepika Sharma,791,2.51,1,1,UDYAM-UP-03-3151648,NOT_APPLICABLE,1,32.71,10.6,262101,67.4,94.0
ENT_IN_20053,Mohammed Kaur,746,1.64,1,1,UDYAM-GJ-03-5909745,ACTIVE,0,43.51,0.0,194094,78.2,84.2
ENT_IN_20054,Rajesh Joshi,577,16.82,1,1,NOT_REGISTERED,ACTIVE,1,11.25,2.6,253880,49.7,69.9
ENT_IN_20055,Mahesh Chatterjee,710,8.88,1,1,UDYAM-KA-03-7557776,UNREGISTERED,1,25.13,4.2,249827,95.6,91.5
ENT_IN_20056,Sujata Banerjee,717,24.15,1,1,UDYAM-GJ-03-6589487,UNREGISTERED,1,17.3,1.7,305235,61.2,86.3
ENT_IN_20057,Vijay Sharma,602,22.77,1,1,UDYAM-GJ-03-4072590,NOT_APPLICABLE,1,25.18,7.9,303655,59.7,73.7
ENT_IN_20058,Rohan Banerjee,0,17.74,1,1,UDYAM-KA-03-6692820,ACTIVE,1,11.42,11.2,213373,72.2,73.8
ENT_IN_20059,Gurpreet Patel,570,20.65,1,0,NOT_REGISTERED,ACTIVE,1,10.47,4.8,88979,67.4,61.7
ENT_IN_20060,Ayesha Verma,675,5.0,1,1,UDYAM-KA-03-7265404,ACTIVE,1,3.37,9.1,109842,55.0,81.4
ENT_IN_20061,Geeta Patil,627,19.76,1,1,NOT_REGISTERED,NOT_APPLICABLE,1,38.69,10.6,317232,88.9,74.8
ENT_IN_20062,Mohammed Gowda,709,17.39,1,0,UDYAM-GJ-03-9037381,NOT_APPLICABLE,1,43.06,2.2,324685,99.7,83.3
ENT_IN_20063,Fatima Joshi,657,2.24,1,1,NOT_REGISTERED,NOT_APPLICABLE,1,0.81,1.1,204160,56.1,71.0
ENT_IN_20064,Savita Kumar,552,21.06,1,1,NOT_REGISTERED,ACTIVE,1,1.84,6.8,232777,60.0,74.1
ENT_IN_20065,Ganesh Chatterjee,0,24.61,1,1,UDYAM-KA-03-2337953,ACTIVE,0,20.76,9.5,75891,44.9,50.0
ENT_IN_20066,Priya Khan,760,9.45,1,1,UDYAM-UP-03-6349646,NOT_APPLICABLE,1,42.26,4.8,406126,53.8,93.7
ENT_IN_20067,Prakash Kumar,608,7.55,1,1,NOT_REGISTERED,ACTIVE,1,22.73,4.4,430841,76.4,73.6
ENT_IN_20068,Shweta Kumar,696,21.42,1,1,UDYAM-MH-03-7248911,NOT_APPLICABLE,1,1.37,9.8,288219,75.4,85.6
ENT_IN_20069,Ganesh Singh,0,16.8,1,1,NOT_REGISTERED,NOT_APPLICABLE,1,9.47,6.9,364071,94.5,62.1
ENT_IN_20070,Amit Khan,727,24.8,1,1,UDYAM-PB-03-4614900,ACTIVE,1,5.9,3.1,110173,85.6,88.0
ENT_IN_20071,Fatima Chaudhary,838,14.52,1,1,UDYAM-KA-03-3536562,UNREGISTERED,1,25.69,11.3,293683,64.0,93.8
ENT_IN_20072,Preeti Chaudhary,845,18.36,1,1,UDYAM-TN-03-4734508,NOT_APPLICABLE,1,4.99,2.3,147078,97.8,100.0
ENT_IN_20073,Rekha Reddy,842,5.56,1,1,UDYAM-TN-03-5954054,NOT_APPLICABLE,1,10.06,10.8,351942,87.2,100.0
ENT_IN_20074,Deepika Patel,742,13.83,1,1,NOT_REGISTERED,ACTIVE,1,24.4,4.9,16467,63.3,74.0
ENT_IN_20075,Ganesh Kulkarni,620,4.94,1,1,NOT_REGISTERED,UNREGISTERED,0,29.4,1.5,160063,95.5,58.6
ENT_IN_20076,Sunil Patil,653,17.14,0,1,UDYAM-GJ-03-5922854,ACTIVE,1,37.98,9.4,41458,77.9,80.9
ENT_IN_20077,Pradeep Joshi,672,6.84,1,0,UDYAM-TN-03-4431121,ACTIVE,1,21.59,4.9,116622,85.8,83.4
ENT_IN_20078,Anita Patil,709,14.99,1,1,NOT_REGISTERED,ACTIVE,0,33.28,5.2,226486,62.1,73.3
ENT_IN_20079,Harpreet Reddy,735,10.76,1,1,UDYAM-PB-03-8706509,NOT_APPLICABLE,1,26.53,5.3,241495,43.8,78.7
ENT_IN_20080,Seema Verma,731,11.09,1,1,UDYAM-PB-03-3348522,NOT_APPLICABLE,1,11.41,3.1,448594,94.4,91.5
ENT_IN_20081,Vikram Chatterjee,838,12.12,1,1,UDYAM-TN-03-6995032,NOT_APPLICABLE,1,30.74,6.1,214049,85.8,98.6
ENT_IN_20082,Meena Mishra,581,1.65,1,1,NOT_REGISTERED,NOT_APPLICABLE,1,19.18,8.7,173781,99.1,69.2
ENT_IN_20083,Harpreet Banerjee,0,5.1,1,1,UDYAM-GJ-03-9420227,NOT_APPLICABLE,1,3.75,5.9,191043,51.7,58.2
ENT_IN_20084,Kiran Sheikh,729,1.95,1,1,UDYAM-MH-03-9804288,UNREGISTERED,1,7.33,8.2,183095,81.2,87.9
ENT_IN_20085,Rohan Verma,820,0.02,1,1,UDYAM-GJ-03-6071754,NOT_APPLICABLE,1,38.82,9.0,305411,99.3,100.0
ENT_IN_20086,Ayesha Joshi,720,5.69,0,1,UDYAM-GJ-03-4743209,NOT_APPLICABLE,1,21.29,9.6,221410,80.1,80.4
ENT_IN_20087,Amit Kulkarni,748,22.6,1,0,UDYAM-UP-03-2518260,NOT_APPLICABLE,0,1.31,10.9,199078,49.4,64.2
ENT_IN_20088,Geeta Mehta,782,18.05,1,1,NOT_REGISTERED,NOT_APPLICABLE,1,17.68,2.6,228817,98.2,91.2
ENT_IN_20089,Mahesh Kaur,779,16.69,1,1,NOT_REGISTERED,UNREGISTERED,1,10.52,11.9,16714,76.8,82.6
ENT_IN_20090,Sangeeta Mishra,680,7.88,1,1,NOT_REGISTERED,ACTIVE,1,38.01,5.9,51216,40.7,72.0
ENT_IN_20091,Rekha Reddy,0,17.69,1,1,UDYAM-UP-03-6880292,NOT_APPLICABLE,0,33.84,7.4,406476,71.7,56.9
ENT_IN_20092,Rajesh Chatterjee,661,20.22,1,0,UDYAM-PB-03-9313566,UNREGISTERED,1,37.5,10.6,110811,61.3,70.9
ENT_IN_20093,Arjun Kumar,645,14.18,1,1,NOT_REGISTERED,ACTIVE,1,32.31,6.8,171866,68.4,69.0
ENT_IN_20094,Tariq Nair,848,23.89,1,1,UDYAM-TN-03-6389578,UNREGISTERED,1,41.32,7.0,323290,78.4,97.1
ENT_IN_20095,Dinesh Khan,598,21.52,1,1,UDYAM-TN-03-4602571,NOT_APPLICABLE,1,26.52,10.6,409058,87.0,82.4
ENT_IN_20096,Savita Kaur,597,2.78,1,1,UDYAM-UP-03-2253951,NOT_APPLICABLE,1,32.27,5.8,198082,38.7,62.9
ENT_IN_20097,Ashok Sheikh,580,3.33,1,1,UDYAM-GJ-03-5912772,NOT_APPLICABLE,1,27.8,1.0,43161,80.6,68.6
ENT_IN_20098,Harpreet Sheikh,0,13.2,1,1,UDYAM-MH-03-8524871,ACTIVE,0,44.93,7.5,112936,37.3,46.3
ENT_IN_20099,Prakash Mehta,850,24.89,1,1,NOT_REGISTERED,ACTIVE,0,5.16,11.5,354235,41.5,76.4
ENT_IN_20100,Ganesh Mehta,702,24.3,1,1,UDYAM-TN-03-5146247,UNREGISTERED,1,0.67,6.0,66740,67.5,77.2
ENT_IN_20101,Radha Das,717,3.85,1,1,UDYAM-PB-03-8861088,NOT_APPLICABLE,0,16.8,4.5,270752,59.6,74.5
ENT_IN_20102,Vijay Singh,805,25.0,1,1,UDYAM-PB-03-3443879,NOT_APPLICABLE,1,7.51,5.7,310410,88.0,99.8
ENT_IN_20103,Ramesh Chaudhary,597,22.95,1,1,UDYAM-MH-03-4720518,NOT_APPLICABLE,1,7.33,10.9,131529,37.4,61.9
ENT_IN_20104,Tariq Reddy,791,16.93,1,1,NOT_REGISTERED,NOT_APPLICABLE,1,11.43,3.5,432067,91.0,92.6
ENT_IN_20105,Pradeep Reddy,702,9.72,0,1,UDYAM-MH-03-5889409,NOT_APPLICABLE,0,36.77,5.6,214933,77.8,70.4
ENT_IN_20106,Ananya Patil,659,3.67,1,1,UDYAM-PB-03-7565686,UNREGISTERED,1,25.48,6.4,336986,71.0,88.6
ENT_IN_20107,Bhavna Khan,760,6.35,1,0,NOT_REGISTERED,NOT_APPLICABLE,1,25.57,5.7,250227,79.8,85.7
ENT_IN_20108,Deepika Khan,603,3.09,1,1,UDYAM-TN-03-6574295,ACTIVE,0,11.01,11.0,121367,50.2,64.0
ENT_IN_20109,Gurpreet Shah,681,23.12,1,1,UDYAM-PB-03-4588431,ACTIVE,1,17.88,9.9,426901,39.7,87.7
ENT_IN_20110,Sujata Gupta,595,8.85,0,1,NOT_REGISTERED,ACTIVE,1,43.39,0.4,437519,52.1,61.3
ENT_IN_20111,Suresh Patel,823,8.33,1,1,UDYAM-PB-03-8835152,NOT_APPLICABLE,1,36.31,1.0,206139,65.3,94.4
ENT_IN_20112,Dinesh Verma,765,10.08,0,1,UDYAM-KA-03-6095637,ACTIVE,1,44.55,3.7,168341,96.7,98.5
ENT_IN_20113,Amit Mehta,714,8.56,1,1,UDYAM-GJ-03-7735630,UNREGISTERED,1,1.51,10.5,235399,52.0,78.4
ENT_IN_20114,Rekha Kulkarni,754,10.34,1,1,UDYAM-TN-03-6536384,UNREGISTERED,0,4.11,6.2,102234,61.6,75.7
ENT_IN_20115,Karan Mehta,0,2.74,1,1,UDYAM-UP-03-4020357,ACTIVE,0,31.31,9.5,343544,82.0,67.4
ENT_IN_20116,Sujata Patel,724,21.62,1,1,UDYAM-GJ-03-9311955,ACTIVE,1,6.66,7.6,110342,47.7,80.5
ENT_IN_20117,Ananya Patil,583,1.53,1,1,NOT_REGISTERED,NOT_APPLICABLE,1,23.15,1.2,345269,93.3,74.4
ENT_IN_20118,Sunita Chaudhary,693,15.05,1,1,UDYAM-UP-03-8669762,NOT_APPLICABLE,1,14.59,3.5,82118,94.5,84.7
ENT_IN_20119,Vikram Mehta,573,8.43,1,1,UDYAM-KA-03-9881905,ACTIVE,1,36.7,7.6,320045,54.3,77.2
ENT_IN_20120,Manoj Deshmukh,601,1.04,1,1,NOT_REGISTERED,ACTIVE,1,21.15,11.6,161571,55.3,67.8
ENT_IN_20121,Kavita Kulkarni,702,2.27,1,1,UDYAM-PB-03-4991581,ACTIVE,1,17.3,8.3,245589,83.5,97.9
ENT_IN_20122,Ananya Banerjee,0,0.61,1,1,UDYAM-PB-03-5883068,ACTIVE,1,12.76,11.3,427038,58.8,69.8
ENT_IN_20123,Kiran Nair,796,8.46,1,1,NOT_REGISTERED,UNREGISTERED,1,27.17,1.7,20441,52.8,73.4
ENT_IN_20124,Mohammed Sharma,571,22.75,0,1,UDYAM-MH-03-6154907,NOT_APPLICABLE,0,7.81,1.9,298163,44.7,53.9
ENT_IN_20125,Kiran Banerjee,0,13.48,0,1,UDYAM-PB-03-7477855,ACTIVE,1,11.92,6.8,244327,78.2,67.3
ENT_IN_20126,Priya Nair,565,18.97,1,1,UDYAM-MH-03-1229234,ACTIVE,0,14.36,7.3,276437,73.5,72.5
ENT_IN_20127,Anita Khan,580,22.16,1,1,NOT_REGISTERED,ACTIVE,1,17.27,10.3,81176,71.7,67.3
ENT_IN_20128,Simran Das,766,7.69,1,1,UDYAM-KA-03-7257469,NOT_APPLICABLE,1,9.51,9.5,27107,92.0,89.4
ENT_IN_20129,Anita Sharma,806,10.83,1,1,UDYAM-PB-03-5702635,ACTIVE,0,31.61,8.9,263282,73.6,90.7
ENT_IN_20130,Amit Banerjee,728,3.76,1,1,NOT_REGISTERED,UNREGISTERED,1,13.33,5.0,142624,58.8,68.1
ENT_IN_20131,Vijay Gowda,847,15.94,1,1,UDYAM-GJ-03-6148518,ACTIVE,1,32.76,0.3,433169,91.8,100.0
ENT_IN_20132,Fatima Chaudhary,648,2.8,1,0,UDYAM-GJ-03-3560211,ACTIVE,1,7.59,10.8,65683,98.3,72.8
ENT_IN_20133,Seema Kumar,675,23.23,1,1,NOT_REGISTERED,NOT_APPLICABLE,0,13.52,0.2,201742,76.1,69.2
ENT_IN_20134,Anil Das,600,13.3,1,1,UDYAM-MH-03-9135894,UNREGISTERED,0,15.74,11.3,93249,61.7,54.2
ENT_IN_20135,Pooja Gupta,785,19.29,1,1,UDYAM-UP-03-4082583,NOT_APPLICABLE,0,0.01,6.1,280540,50.3,82.0
ENT_IN_20136,Mohammed Chatterjee,794,13.19,1,1,UDYAM-GJ-03-8688826,ACTIVE,1,5.49,0.5,270763,79.9,100.0
ENT_IN_20137,Deepak Sheikh,737,8.59,1,1,NOT_REGISTERED,NOT_APPLICABLE,1,26.79,2.5,435345,92.7,85.0
ENT_IN_20138,Anil Kulkarni,801,14.32,1,1,UDYAM-TN-03-2208549,ACTIVE,1,28.88,6.7,60008,44.8,89.7
ENT_IN_20139,Karan Mishra,632,24.03,1,0,UDYAM-UP-03-1223822,NOT_APPLICABLE,1,32.99,2.0,72063,78.7,65.1
ENT_IN_20140,Bhavna Reddy,754,11.14,1,1,UDYAM-TN-03-4561590,ACTIVE,0,19.27,5.0,271078,99.3,99.7
ENT_IN_20141,Bhavna Shah,792,22.39,1,1,NOT_REGISTERED,UNREGISTERED,1,23.66,7.1,345064,92.4,95.4
ENT_IN_20142,Priya Patil,0,4.37,1,1,NOT_REGISTERED,NOT_APPLICABLE,1,30.11,2.5,433310,95.6,63.1
ENT_IN_20143,Mahesh Kaur,848,1.54,0,1,UDYAM-TN-03-4088840,NOT_APPLICABLE,0,0.56,0.5,51579,94.2,78.0
ENT_IN_20144,Seema Chatterjee,688,10.45,1,1,NOT_REGISTERED,NOT_APPLICABLE,1,24.91,1.0,327386,56.4,73.9
ENT_IN_20145,Simran Rao,637,1.79,1,1,UDYAM-KA-03-7439382,UNREGISTERED,1,9.38,8.3,413333,97.6,83.3
ENT_IN_20146,Fatima Reddy,833,22.77,1,1,NOT_REGISTERED,ACTIVE,0,35.36,4.6,314657,72.2,87.8
ENT_IN_20147,Sanjay Yadav,636,12.87,1,1,UDYAM-KA-03-9418833,ACTIVE,1,19.75,1.9,82029,69.5,76.2
ENT_IN_20148,Simran Reddy,730,15.1,0,1,UDYAM-GJ-03-8183839,ACTIVE,1,44.88,2.7,142567,75.0,80.4
ENT_IN_20149,Manoj Mishra,579,3.69,1,1,NOT_REGISTERED,ACTIVE,1,34.46,1.1,392011,56.3,73.2
ENT_IN_20150,Ashok Kaur,834,16.0,1,1,UDYAM-MH-03-7709456,NOT_APPLICABLE,1,14.21,3.8,152493,50.5,86.7
ENT_IN_20151,Savita Chaudhary,847,13.28,1,1,UDYAM-GJ-03-2292953,UNREGISTERED,1,31.69,0.9,158834,45.5,87.9
ENT_IN_20152,Ayesha Banerjee,673,15.28,1,1,UDYAM-TN-03-3695141,NOT_APPLICABLE,0,18.26,6.0,154444,38.9,62.4
ENT_IN_20153,Kiran Kulkarni,0,22.3,1,1,UDYAM-PB-03-9497462,NOT_APPLICABLE,1,26.27,3.7,67772,50.3,51.7
ENT_IN_20154,Sangeeta Chaudhary,842,19.92,1,1,UDYAM-TN-03-2308778,NOT_APPLICABLE,1,44.7,4.5,290530,59.7,90.3
ENT_IN_20155,Kiran Verma,844,16.76,1,1,UDYAM-MH-03-5830710,UNREGISTERED,1,25.76,1.1,79005,69.1,86.1
ENT_IN_20156,Anita Patel,811,16.37,1,1,NOT_REGISTERED,UNREGISTERED,0,43.68,7.3,31924,61.4,64.3
ENT_IN_20157,Vikram Sharma,617,0.68,1,1,NOT_REGISTERED,ACTIVE,1,36.23,8.7,410070,71.4,72.3
ENT_IN_20158,Radha Khan,773,17.62,1,1,UDYAM-UP-03-5947144,NOT_APPLICABLE,0,26.15,8.5,49358,55.6,72.4
ENT_IN_20159,Ananya Mishra,782,24.29,1,1,UDYAM-GJ-03-9916260,NOT_APPLICABLE,1,11.0,9.4,144982,72.0,91.0
ENT_IN_20160,Tariq Singh,747,7.16,1,1,NOT_REGISTERED,ACTIVE,1,4.58,10.4,385585,69.0,82.1
ENT_IN_20161,Manoj Banerjee,592,0.05,1,1,NOT_REGISTERED,NOT_APPLICABLE,1,36.24,11.0,396772,83.9,72.0
ENT_IN_20162,Ananya Das,835,0.28,1,1,NOT_REGISTERED,ACTIVE,1,19.76,8.8,280023,55.5,89.2
ENT_IN_20163,Seema Kulkarni,670,11.01,1,1,UDYAM-PB-03-8558151,UNREGISTERED,1,32.96,7.7,184782,72.6,83.2
ENT_IN_20164,Karan Singh,564,3.1,1,1,UDYAM-TN-03-6619397,NOT_APPLICABLE,0,4.25,0.8,241684,53.9,61.3
ENT_IN_20165,Arjun Kumar,802,1.79,1,1,UDYAM-PB-03-9272960,ACTIVE,1,44.52,7.9,25628,66.0,94.3
ENT_IN_20166,Pradeep Verma,673,18.95,1,1,UDYAM-UP-03-8543007,NOT_APPLICABLE,1,41.89,9.3,376825,48.1,80.9
ENT_IN_20167,Simran Das,699,4.4,1,1,NOT_REGISTERED,UNREGISTERED,1,23.94,5.1,110239,71.7,71.2
ENT_IN_20168,Geeta Kulkarni,682,3.88,0,1,NOT_REGISTERED,NOT_APPLICABLE,0,17.53,7.3,382612,78.1,59.7
ENT_IN_20169,Tariq Joshi,817,21.27,1,1,UDYAM-KA-03-7400855,NOT_APPLICABLE,1,38.03,2.7,427349,94.8,99.5
ENT_IN_20170,Meena Sharma,611,20.96,1,1,UDYAM-PB-03-3645688,ACTIVE,1,36.45,0.2,408256,84.8,84.0
ENT_IN_20171,Pooja Sheikh,0,3.48,1,1,UDYAM-UP-03-4206009,ACTIVE,1,2.7,1.9,346829,68.0,71.7
ENT_IN_20172,Sujata Kaur,848,24.37,1,1,UDYAM-UP-03-7669085,NOT_APPLICABLE,1,4.31,10.0,401841,48.0,92.1
ENT_IN_20173,Sunita Sharma,710,5.26,1,0,NOT_REGISTERED,NOT_APPLICABLE,1,43.65,2.9,53699,36.8,55.5
ENT_IN_20174,Rajesh Patel,0,16.72,1,0,UDYAM-PB-03-9462838,NOT_APPLICABLE,1,14.78,0.3,358356,85.7,61.2
ENT_IN_20175,Sunita Joshi,774,9.58,1,1,NOT_REGISTERED,ACTIVE,1,42.74,10.4,349258,42.3,86.7
ENT_IN_20176,Rekha Banerjee,624,6.29,1,1,UDYAM-KA-03-2222825,NOT_APPLICABLE,0,43.31,5.2,248772,68.0,63.0
ENT_IN_20177,Ananya Shah,685,15.16,1,1,UDYAM-GJ-03-7444649,NOT_APPLICABLE,1,17.28,5.3,304773,77.2,88.1
ENT_IN_20178,Vijay Yadav,605,10.72,1,1,UDYAM-KA-03-1686337,NOT_APPLICABLE,0,1.15,5.0,407374,96.8,75.0
ENT_IN_20179,Kavita Patil,636,16.38,1,1,UDYAM-GJ-03-9545365,UNREGISTERED,1,43.0,2.9,134256,53.1,65.4
ENT_IN_20180,Rekha Patil,701,2.7,1,1,NOT_REGISTERED,NOT_APPLICABLE,1,7.29,0.7,323970,55.2,70.9
ENT_IN_20181,Sujata Singh,832,14.75,1,1,UDYAM-UP-03-2414636,NOT_APPLICABLE,0,42.91,6.3,132328,73.6,81.5
ENT_IN_20182,Prakash Patel,792,3.82,1,1,UDYAM-UP-03-6212718,ACTIVE,0,20.19,8.0,434169,44.9,84.5
ENT_IN_20183,Pradeep Gupta,566,24.14,0,1,UDYAM-UP-03-6265058,NOT_APPLICABLE,1,39.27,8.7,367213,76.1,71.2
ENT_IN_20184,Lakshmi Verma,656,19.01,1,1,NOT_REGISTERED,NOT_APPLICABLE,0,15.37,3.8,224000,65.1,65.0
ENT_IN_20185,Sujata Kaur,691,22.56,1,1,UDYAM-KA-03-1353820,NOT_APPLICABLE,1,37.97,1.8,402569,58.7,85.3
ENT_IN_20186,Neha Sharma,651,7.14,1,1,UDYAM-MH-03-6846750,UNREGISTERED,1,3.7,4.4,22795,42.3,72.4
ENT_IN_20187,Pradeep Kaur,649,20.6,1,1,UDYAM-TN-03-9544469,NOT_APPLICABLE,1,17.44,1.8,306027,72.0,76.2
ENT_IN_20188,Shweta Reddy,565,20.78,1,1,UDYAM-MH-03-9259826,NOT_APPLICABLE,1,8.54,5.0,283843,83.4,77.7
ENT_IN_20189,Fatima Mehta,786,22.64,1,1,NOT_REGISTERED,NOT_APPLICABLE,1,15.19,1.1,106622,59.5,77.8
ENT_IN_20190,Prakash Chatterjee,803,11.96,1,1,UDYAM-PB-03-9242372,NOT_APPLICABLE,1,44.72,3.5,53792,36.8,77.9
ENT_IN_20191,Harpreet Rao,846,17.61,1,0,UDYAM-TN-03-9253577,ACTIVE,1,44.39,0.8,287992,60.7,90.6
ENT_IN_20192,Sunita Deshmukh,0,0.62,1,1,NOT_REGISTERED,NOT_APPLICABLE,1,25.44,6.8,398584,78.9,56.9
ENT_IN_20193,Anita Singh,750,16.01,1,1,NOT_REGISTERED,NOT_APPLICABLE,1,36.7,4.8,85899,62.2,79.9
ENT_IN_20194,Geeta Mehta,594,15.37,1,1,UDYAM-PB-03-7475277,NOT_APPLICABLE,1,41.75,4.7,415831,94.4,79.3
ENT_IN_20195,Deepak Rao,677,12.57,1,1,UDYAM-PB-03-2946545,NOT_APPLICABLE,1,32.82,0.3,102320,35.2,68.7
ENT_IN_20196,Preeti Chatterjee,556,11.45,1,1,UDYAM-MH-03-3471548,ACTIVE,1,43.09,1.4,269204,47.5,75.1
ENT_IN_20197,Shweta Sharma,645,16.58,1,1,UDYAM-UP-03-9226867,NOT_APPLICABLE,1,9.3,3.2,193369,51.6,70.4
ENT_IN_20198,Suresh Chatterjee,809,0.98,1,1,UDYAM-TN-03-4331118,ACTIVE,1,4.94,8.2,220140,68.8,100.0
ENT_IN_20199,Amit Chaudhary,831,2.3,1,1,UDYAM-KA-03-9128679,ACTIVE,1,19.57,1.0,256295,47.2,95.8
ENT_IN_20200,Suresh Das,726,7.52,0,1,UDYAM-MH-03-2458621,NOT_APPLICABLE,1,14.27,7.1,23249,95.7,76.6
ENT_IN_20201,Pooja Kumar,562,0.29,1,1,UDYAM-GJ-03-4634825,ACTIVE,1,36.21,3.3,250535,56.8,77.5
ENT_IN_20202,Karan Khan,0,11.42,1,0,NOT_REGISTERED,NOT_APPLICABLE,1,34.65,10.4,300890,36.1,44.6
ENT_IN_20203,Pooja Yadav,0,5.05,1,0,UDYAM-KA-03-6499088,ACTIVE,1,8.79,0.6,173717,47.9,54.6
ENT_IN_20204,Pooja Banerjee,659,22.24,1,1,UDYAM-TN-03-5784240,ACTIVE,0,37.56,9.4,406468,63.6,80.0
ENT_IN_20205,Kavita Sharma,739,0.33,1,1,UDYAM-KA-03-2127354,ACTIVE,0,19.27,1.6,298562,78.0,86.5
ENT_IN_20206,Anita Chatterjee,707,3.71,1,1,UDYAM-GJ-03-7170199,NOT_APPLICABLE,0,6.47,10.2,74664,86.2,70.4
ENT_IN_20207,Geeta Patil,750,0.35,1,0,NOT_REGISTERED,NOT_APPLICABLE,0,25.58,11.7,110577,85.1,66.7
ENT_IN_20208,Bhavna Mehta,736,17.36,1,1,UDYAM-GJ-03-9695111,ACTIVE,0,23.73,10.2,258003,49.0,75.4
ENT_IN_20209,Dinesh Deshmukh,0,13.82,0,1,UDYAM-KA-03-2292998,ACTIVE,0,36.83,0.4,65456,97.3,51.0
ENT_IN_20210,Ganesh Kulkarni,564,20.15,1,1,NOT_REGISTERED,ACTIVE,1,27.62,10.1,297967,67.3,71.4
ENT_IN_20211,Lakshmi Patil,813,8.88,1,1,UDYAM-UP-03-7757128,ACTIVE,1,42.61,6.9,369429,82.4,100.0
ENT_IN_20212,Manoj Gowda,698,20.48,1,1,UDYAM-PB-03-8823343,UNREGISTERED,1,1.37,11.4,376413,80.3,90.3
ENT_IN_20213,Sangeeta Kaur,849,24.41,1,1,UDYAM-MH-03-5204597,NOT_APPLICABLE,1,23.85,8.9,219973,96.4,99.6
ENT_IN_20214,Simran Rao,693,10.53,1,1,UDYAM-PB-03-2093290,NOT_APPLICABLE,1,11.95,4.5,443906,70.4,82.9
ENT_IN_20215,Sunil Chaudhary,692,0.03,1,1,UDYAM-GJ-03-2076175,UNREGISTERED,1,30.58,12.0,319011,74.0,85.0
ENT_IN_20216,Ashok Yadav,759,20.47,1,1,UDYAM-GJ-03-6947099,UNREGISTERED,1,20.38,2.1,102312,85.4,96.2
ENT_IN_20217,Gurpreet Sheikh,806,10.79,1,1,UDYAM-UP-03-2100685,NOT_APPLICABLE,1,10.27,6.5,77922,94.5,95.2
ENT_IN_20218,Meena Patil,738,2.81,1,1,NOT_REGISTERED,UNREGISTERED,0,33.42,11.4,400429,41.0,58.1
ENT_IN_20219,Kiran Nair,801,17.83,1,1,UDYAM-KA-03-5723698,NOT_APPLICABLE,1,23.2,9.3,436481,37.5,84.7
ENT_IN_20220,Geeta Mishra,648,10.61,1,1,UDYAM-TN-03-9645678,ACTIVE,1,2.48,10.8,357975,62.3,77.7
ENT_IN_20221,Seema Reddy,710,20.05,1,1,UDYAM-TN-03-6407283,NOT_APPLICABLE,1,8.59,1.5,22039,42.0,71.4
ENT_IN_20222,Ananya Mishra,812,11.35,1,1,NOT_REGISTERED,NOT_APPLICABLE,1,41.83,5.9,24693,45.9,70.7
ENT_IN_20223,Rekha Kulkarni,831,1.51,1,1,NOT_REGISTERED,UNREGISTERED,1,42.04,10.7,376554,82.5,88.6
ENT_IN_20224,Karan Kulkarni,622,13.32,1,0,UDYAM-GJ-03-8150412,NOT_APPLICABLE,1,39.07,0.4,111713,69.0,65.0
ENT_IN_20225,Pradeep Rao,675,12.5,1,1,NOT_REGISTERED,UNREGISTERED,1,29.2,2.9,99473,58.0,67.0
ENT_IN_20226,Prakash Kumar,768,21.53,1,1,UDYAM-PB-03-3350282,ACTIVE,1,21.07,9.2,333504,71.9,100.0
ENT_IN_20227,Lakshmi Mehta,814,1.25,1,0,UDYAM-MH-03-8122878,ACTIVE,1,22.25,4.2,238079,82.6,99.1
ENT_IN_20228,Tariq Sheikh,796,19.43,1,1,UDYAM-MH-03-2056666,ACTIVE,1,24.03,1.7,209620,62.9,97.5
ENT_IN_20229,Tariq Gowda,0,8.48,1,1,UDYAM-PB-03-5135091,NOT_APPLICABLE,0,7.97,9.7,63460,66.2,46.4
ENT_IN_20230,Rahul Gowda,624,22.47,1,1,UDYAM-GJ-03-7241807,ACTIVE,1,14.62,3.5,129723,95.5,84.9
ENT_IN_20231,Ganesh Nair,750,13.02,1,1,UDYAM-KA-03-3406584,NOT_APPLICABLE,1,9.66,1.7,244651,56.6,92.6
ENT_IN_20232,Sanjay Rao,777,12.59,1,1,UDYAM-MH-03-7895651,NOT_APPLICABLE,1,35.88,4.6,413899,36.5,90.0
ENT_IN_20233,Manoj Gupta,806,5.58,1,1,NOT_REGISTERED,ACTIVE,1,11.58,6.8,264466,94.6,100.0
ENT_IN_20234,Sangeeta Deshmukh,586,16.6,0,1,UDYAM-KA-03-3986561,NOT_APPLICABLE,0,41.85,5.9,141696,73.7,56.5
ENT_IN_20235,Amit Kumar,712,11.31,1,1,NOT_REGISTERED,ACTIVE,1,24.19,4.8,152217,51.9,75.0
ENT_IN_20236,Prakash Yadav,0,0.58,1,1,UDYAM-TN-03-1945231,NOT_APPLICABLE,1,22.47,7.7,329707,81.8,68.5
ENT_IN_20237,Dinesh Chaudhary,753,0.12,0,1,UDYAM-TN-03-1231162,NOT_APPLICABLE,1,42.29,6.5,384159,80.4,90.5
ENT_IN_20238,Bhavna Sharma,696,12.49,1,1,UDYAM-UP-03-1781873,NOT_APPLICABLE,1,18.75,4.1,219209,76.1,83.5
ENT_IN_20239,Suresh Gowda,702,24.47,1,1,UDYAM-GJ-03-7405007,NOT_APPLICABLE,1,8.25,3.7,413254,81.8,87.3
ENT_IN_20240,Radha Rao,619,13.37,1,1,UDYAM-GJ-03-3397271,UNREGISTERED,1,30.56,3.4,186317,47.2,65.1
ENT_IN_20241,Pooja Sharma,813,20.88,1,1,NOT_REGISTERED,NOT_APPLICABLE,0,29.98,7.2,366497,94.1,83.0
ENT_IN_20242,Karan Banerjee,669,23.89,1,1,UDYAM-UP-03-7130526,NOT_APPLICABLE,1,33.03,8.4,69565,80.8,80.8
ENT_IN_20243,Prakash Sheikh,783,4.05,1,1,UDYAM-TN-03-2350347,ACTIVE,1,21.49,3.0,248488,86.4,100.0
ENT_IN_20244,Prakash Rao,723,3.37,1,1,UDYAM-TN-03-8954176,ACTIVE,1,22.64,1.0,125035,72.0,90.0
ENT_IN_20245,Suresh Verma,0,13.42,1,1,UDYAM-UP-03-7644588,NOT_APPLICABLE,1,28.91,7.4,370857,60.4,62.4
ENT_IN_20246,Sujata Gowda,614,16.85,0,1,UDYAM-MH-03-8226915,NOT_APPLICABLE,0,16.39,9.9,121813,82.0,56.5
ENT_IN_20247,Geeta Gupta,787,22.18,1,1,UDYAM-TN-03-2586783,UNREGISTERED,1,22.2,7.5,17227,53.4,79.1
ENT_IN_20248,Kiran Gupta,790,18.91,1,1,NOT_REGISTERED,NOT_APPLICABLE,1,16.87,6.7,402947,73.0,89.6
ENT_IN_20249,Neha Rao,810,3.22,1,1,UDYAM-KA-03-2042161,NOT_APPLICABLE,1,8.84,9.2,390197,90.1,100.0
ENT_IN_20250,Rohan Deshmukh,772,5.06,1,1,NOT_REGISTERED,NOT_APPLICABLE,1,22.94,2.6,362917,36.1,76.0
ENT_IN_20251,Pradeep Banerjee,746,8.54,0,0,UDYAM-GJ-03-5789850,NOT_APPLICABLE,1,2.88,10.2,250944,98.9,79.2
ENT_IN_20252,Priya Das,0,6.01,1,1,UDYAM-KA-03-3424758,ACTIVE,1,14.97,9.1,379689,59.9,68.2
ENT_IN_20253,Simran Khan,0,1.51,1,1,NOT_REGISTERED,NOT_APPLICABLE,1,18.24,1.0,74439,66.1,51.0
ENT_IN_20254,Tariq Sharma,783,7.54,0,0,UDYAM-UP-03-4597326,ACTIVE,1,33.89,9.2,277764,50.0,83.0
ENT_IN_20255,Sangeeta Yadav,685,20.41,1,1,UDYAM-GJ-03-4836404,UNREGISTERED,1,6.67,8.4,59628,81.7,83.7
ENT_IN_20256,Savita Nair,564,9.0,0,1,NOT_REGISTERED,NOT_APPLICABLE,1,17.8,0.8,243779,80.8,63.0
ENT_IN_20257,Ashok Verma,790,11.6,1,1,UDYAM-KA-03-1873714,NOT_APPLICABLE,1,27.78,2.3,148110,94.7,99.8
ENT_IN_20258,Preeti Kaur,830,22.68,0,1,NOT_REGISTERED,NOT_APPLICABLE,1,18.56,2.6,383796,43.9,73.4
ENT_IN_20259,Simran Banerjee,742,16.2,0,1,NOT_REGISTERED,ACTIVE,1,8.79,7.1,53928,56.3,67.3
ENT_IN_20260,Ananya Mehta,753,9.35,0,1,NOT_REGISTERED,ACTIVE,1,7.54,9.6,155502,68.7,84.3
ENT_IN_20261,Pooja Gupta,0,9.65,1,1,UDYAM-PB-03-1707189,ACTIVE,1,15.56,4.5,82919,46.7,58.7
ENT_IN_20262,Ayesha Das,767,10.94,1,1,UDYAM-KA-03-9230567,NOT_APPLICABLE,1,27.61,1.7,343071,38.6,86.3
ENT_IN_20263,Kiran Kaur,552,1.76,1,1,UDYAM-UP-03-3119060,ACTIVE,1,19.17,0.2,413404,56.6,77.0
ENT_IN_20264,Mamta Kaur,697,21.16,1,1,NOT_REGISTERED,NOT_APPLICABLE,1,34.12,5.8,128712,84.4,73.4
ENT_IN_20265,Gurpreet Sheikh,651,15.85,1,1,UDYAM-GJ-03-5065812,UNREGISTERED,1,5.67,4.8,290809,49.9,81.9
ENT_IN_20266,Sujata Sharma,0,14.12,1,1,UDYAM-TN-03-7471502,NOT_APPLICABLE,1,40.59,3.7,360052,50.3,62.9
ENT_IN_20267,Mohammed Banerjee,728,4.07,1,1,UDYAM-KA-03-3756475,UNREGISTERED,1,29.48,6.7,322503,86.9,89.1
ENT_IN_20268,Karan Chatterjee,780,5.15,1,0,UDYAM-UP-03-5947662,NOT_APPLICABLE,1,41.58,5.7,389462,53.6,84.8
ENT_IN_20269,Bhavna Gupta,723,3.49,1,1,UDYAM-GJ-03-8148784,NOT_APPLICABLE,1,7.49,3.7,378671,48.9,78.7
ENT_IN_20270,Priya Kulkarni,592,5.66,1,1,UDYAM-PB-03-1404466,ACTIVE,1,10.58,6.9,279287,45.5,74.9
ENT_IN_20271,Suresh Banerjee,647,0.71,1,1,NOT_REGISTERED,NOT_APPLICABLE,0,35.37,0.9,408516,65.5,55.8
ENT_IN_20272,Neha Gupta,681,15.08,1,1,NOT_REGISTERED,ACTIVE,1,23.53,0.5,173296,72.5,82.2
ENT_IN_20273,Sujata Mishra,603,16.48,0,1,NOT_REGISTERED,UNREGISTERED,1,9.07,1.4,60373,47.6,48.8
ENT_IN_20274,Mohammed Gupta,828,14.85,1,1,UDYAM-GJ-03-6219709,ACTIVE,1,26.59,2.4,211402,46.4,94.3
ENT_IN_20275,Fatima Deshmukh,631,6.96,1,1,UDYAM-PB-03-7934707,UNREGISTERED,1,3.12,6.2,127736,96.8,78.9
ENT_IN_20276,Anil Mehta,580,14.62,1,1,UDYAM-TN-03-2072574,NOT_APPLICABLE,1,40.9,2.2,43469,91.0,75.5
ENT_IN_20277,Rahul Kumar,669,19.16,1,1,UDYAM-TN-03-4869254,NOT_APPLICABLE,1,11.73,3.9,132373,61.3,80.1
ENT_IN_20278,Pradeep Chaudhary,614,7.25,1,1,UDYAM-GJ-03-1656262,ACTIVE,1,26.24,5.4,134618,46.7,72.7
ENT_IN_20279,Sunita Das,809,20.23,1,0,UDYAM-UP-03-8313195,UNREGISTERED,1,6.99,6.6,315444,83.5,90.6
ENT_IN_20280,Harpreet Kumar,797,1.25,1,0,UDYAM-TN-03-1494254,NOT_APPLICABLE,1,28.34,10.6,108242,91.9,88.2
ENT_IN_20281,Sujata Banerjee,723,23.21,1,1,UDYAM-KA-03-4555109,NOT_APPLICABLE,1,20.34,7.3,289498,54.7,84.2
ENT_IN_20282,Radha Rao,589,3.4,1,1,NOT_REGISTERED,ACTIVE,1,0.47,8.7,246255,72.0,76.3
ENT_IN_20283,Rohan Patil,678,22.93,1,1,NOT_REGISTERED,NOT_APPLICABLE,1,27.71,2.7,446953,66.3,76.0
ENT_IN_20284,Shweta Kulkarni,804,21.18,1,1,UDYAM-KA-03-1477252,ACTIVE,1,33.96,9.7,272110,97.5,100.0
ENT_IN_20285,Deepak Mishra,648,17.2,1,1,UDYAM-PB-03-5736062,ACTIVE,0,31.83,11.4,42201,85.3,70.0
ENT_IN_20286,Fatima Sheikh,792,8.17,1,1,UDYAM-KA-03-1336133,UNREGISTERED,0,44.72,2.7,84238,92.3,81.8
ENT_IN_20287,Harpreet Das,795,13.23,0,1,UDYAM-UP-03-8186463,NOT_APPLICABLE,1,6.88,10.7,113711,44.0,73.0
ENT_IN_20288,Deepak Sharma,567,16.15,1,1,NOT_REGISTERED,ACTIVE,1,16.0,2.6,208520,73.6,71.6
ENT_IN_20289,Ashok Singh,760,13.95,0,1,UDYAM-GJ-03-9489596,NOT_APPLICABLE,1,33.8,10.1,227316,48.4,79.1
ENT_IN_20290,Tariq Banerjee,650,20.0,1,1,UDYAM-MH-03-6849817,NOT_APPLICABLE,1,16.38,5.1,285853,71.2,87.8
ENT_IN_20291,Radha Kaur,722,14.06,1,0,UDYAM-PB-03-3295079,ACTIVE,1,1.71,11.1,413727,79.6,86.7
ENT_IN_20292,Neha Chaudhary,767,15.36,0,1,UDYAM-KA-03-3844210,UNREGISTERED,1,16.83,2.3,368039,77.8,90.8
ENT_IN_20293,Rajesh Banerjee,811,15.57,1,1,NOT_REGISTERED,ACTIVE,1,27.59,5.6,82241,92.7,96.0
ENT_IN_20294,Karan Khan,778,1.17,1,1,UDYAM-GJ-03-1958726,NOT_APPLICABLE,1,38.57,3.4,117456,89.0,95.3
ENT_IN_20295,Dinesh Chaudhary,0,12.09,0,1,UDYAM-PB-03-9627594,NOT_APPLICABLE,1,20.67,2.5,274736,37.4,50.4
ENT_IN_20296,Manoj Das,773,0.36,1,0,UDYAM-MH-03-7528215,NOT_APPLICABLE,1,27.07,8.7,416132,62.9,87.0
ENT_IN_20297,Pradeep Verma,697,4.16,1,1,UDYAM-MH-03-4005384,UNREGISTERED,1,30.97,2.0,168931,90.0,89.9
ENT_IN_20298,Pooja Joshi,617,12.42,1,0,UDYAM-GJ-03-4163377,ACTIVE,1,11.2,7.0,97365,54.4,62.9
ENT_IN_20299,Bhavna Reddy,0,13.78,1,1,UDYAM-TN-03-3728351,NOT_APPLICABLE,1,16.76,11.4,98723,51.3,56.7
ENT_IN_20300,Sangeeta Kaur,789,14.21,1,1,UDYAM-PB-03-4433791,NOT_APPLICABLE,1,37.22,7.9,380366,70.0,93.6
ENT_IN_20301,Rekha Sharma,0,8.38,1,1,UDYAM-MH-03-7865611,ACTIVE,0,20.46,4.7,30266,54.1,48.0
ENT_IN_20302,Sangeeta Kulkarni,753,8.71,1,1,UDYAM-KA-03-3549591,NOT_APPLICABLE,0,16.15,6.6,97498,80.1,83.5
ENT_IN_20303,Radha Deshmukh,690,20.24,1,1,UDYAM-TN-03-6416254,NOT_APPLICABLE,1,43.58,2.7,67946,43.8,69.4
ENT_IN_20304,Priya Kumar,735,3.63,1,1,UDYAM-GJ-03-5292953,ACTIVE,1,27.2,6.7,418674,89.3,99.2
ENT_IN_20305,Savita Deshmukh,693,11.98,1,1,UDYAM-GJ-03-4067367,ACTIVE,1,21.41,9.4,118794,88.4,89.0
ENT_IN_20306,Ashok Nair,773,21.1,1,1,UDYAM-KA-03-2305849,ACTIVE,0,21.88,3.9,300791,44.2,88.0
ENT_IN_20307,Ganesh Patel,684,9.45,1,1,UDYAM-GJ-03-7539225,ACTIVE,1,16.41,9.8,42985,46.9,75.5
ENT_IN_20308,Fatima Kulkarni,716,8.39,1,1,UDYAM-PB-03-7672268,ACTIVE,1,9.07,5.5,240077,47.7,87.0
ENT_IN_20309,Mamta Rao,664,13.65,1,1,NOT_REGISTERED,ACTIVE,1,2.73,8.2,106205,48.5,75.5
ENT_IN_20310,Meena Verma,772,11.2,1,1,NOT_REGISTERED,ACTIVE,0,42.24,10.2,423100,95.6,92.8
ENT_IN_20311,Shweta Banerjee,680,21.08,1,1,UDYAM-KA-03-2278816,ACTIVE,0,42.92,3.3,225907,91.6,88.4
ENT_IN_20312,Sunita Yadav,577,10.24,1,1,UDYAM-UP-03-9205181,NOT_APPLICABLE,1,14.41,1.8,342942,95.0,82.7
ENT_IN_20313,Rajesh Kumar,640,21.76,1,1,UDYAM-UP-03-7720655,UNREGISTERED,1,11.44,9.9,237522,61.6,70.1
ENT_IN_20314,Bhavna Kaur,628,24.01,1,1,UDYAM-TN-03-2540636,NOT_APPLICABLE,1,40.26,5.7,137730,91.5,77.3
ENT_IN_20315,Ganesh Singh,842,19.51,1,1,NOT_REGISTERED,NOT_APPLICABLE,1,41.07,10.1,417968,55.5,84.2
ENT_IN_20316,Manoj Banerjee,774,2.97,1,1,UDYAM-MH-03-5382332,ACTIVE,0,8.24,7.9,196034,70.5,87.6
ENT_IN_20317,Seema Kumar,795,5.99,1,1,UDYAM-TN-03-1617440,ACTIVE,1,5.08,9.2,422143,64.4,98.8
ENT_IN_20318,Harpreet Kumar,729,17.0,1,1,UDYAM-TN-03-9537800,ACTIVE,1,11.68,9.3,183761,52.8,86.3
ENT_IN_20319,Ganesh Deshmukh,0,6.57,0,1,NOT_REGISTERED,NOT_APPLICABLE,1,28.1,10.4,318474,62.8,45.3
ENT_IN_20320,Geeta Rao,819,11.86,1,1,NOT_REGISTERED,NOT_APPLICABLE,1,12.98,12.0,291900,91.6,92.1
ENT_IN_20321,Vijay Rao,630,5.11,1,1,NOT_REGISTERED,NOT_APPLICABLE,1,11.53,3.4,145289,98.7,71.9
ENT_IN_20322,Anita Rao,619,15.8,1,1,NOT_REGISTERED,ACTIVE,1,1.0,9.7,348770,78.2,76.9
ENT_IN_20323,Ganesh Gupta,0,19.19,1,1,UDYAM-TN-03-5740879,ACTIVE,0,33.97,5.4,198532,55.2,54.8
ENT_IN_20324,Simran Gowda,829,22.47,1,1,UDYAM-KA-03-2579380,ACTIVE,1,40.49,2.3,128138,43.8,92.0
ENT_IN_20325,Vijay Singh,772,5.81,1,1,UDYAM-GJ-03-6187548,ACTIVE,0,28.48,0.9,322492,36.3,84.0
ENT_IN_20326,Radha Deshmukh,560,14.33,1,1,UDYAM-KA-03-2045882,NOT_APPLICABLE,1,38.55,10.2,269632,38.9,65.8
ENT_IN_20327,Mohammed Gupta,663,8.82,1,1,UDYAM-PB-03-9814139,ACTIVE,1,44.03,11.4,109029,56.8,85.2
ENT_IN_20328,Radha Nair,599,21.58,1,1,NOT_REGISTERED,NOT_APPLICABLE,1,35.0,5.4,248172,37.9,59.2
ENT_IN_20329,Priya Yadav,610,10.49,1,1,UDYAM-KA-03-7425199,ACTIVE,1,9.24,1.4,75120,42.1,66.8
ENT_IN_20330,Gurpreet Khan,804,18.53,1,1,NOT_REGISTERED,ACTIVE,0,26.91,10.0,225292,93.9,88.4
ENT_IN_20331,Anita Gupta,567,3.36,1,1,UDYAM-MH-03-8897275,NOT_APPLICABLE,0,13.81,0.8,36776,43.5,53.2
ENT_IN_20332,Anil Gupta,686,4.3,1,1,UDYAM-PB-03-7789175,NOT_APPLICABLE,1,17.38,1.1,164543,66.2,80.7
ENT_IN_20333,Geeta Banerjee,0,11.3,1,1,NOT_REGISTERED,ACTIVE,1,38.36,3.5,102663,99.6,69.0
ENT_IN_20334,Prakash Joshi,825,19.95,1,0,UDYAM-GJ-03-9220970,NOT_APPLICABLE,1,9.56,11.3,166390,74.5,89.1
ENT_IN_20335,Deepika Chatterjee,717,1.44,1,1,UDYAM-PB-03-8181779,ACTIVE,0,14.77,5.6,115527,35.3,66.3
ENT_IN_20336,Kavita Gowda,801,15.67,1,1,UDYAM-KA-03-2294225,ACTIVE,0,10.23,1.2,264523,87.8,97.6
ENT_IN_20337,Manoj Nair,653,8.1,1,1,UDYAM-TN-03-9108359,NOT_APPLICABLE,1,30.1,3.0,117992,82.9,84.1
ENT_IN_20338,Anita Deshmukh,790,11.56,0,1,UDYAM-KA-03-1418747,ACTIVE,1,41.93,9.3,185122,35.4,85.3
ENT_IN_20339,Anil Joshi,662,22.57,1,1,NOT_REGISTERED,UNREGISTERED,1,26.19,3.2,48381,85.8,75.0
ENT_IN_20340,Ganesh Kaur,795,18.5,1,1,NOT_REGISTERED,UNREGISTERED,1,32.86,7.8,131665,74.8,82.6
ENT_IN_20341,Rajesh Gowda,616,2.9,1,1,UDYAM-GJ-03-2504866,NOT_APPLICABLE,1,22.24,8.3,349706,69.9,76.4
ENT_IN_20342,Geeta Khan,695,21.17,1,1,UDYAM-GJ-03-3577069,UNREGISTERED,1,25.87,9.4,329428,79.2,87.3
ENT_IN_20343,Rajesh Kulkarni,686,10.95,1,1,UDYAM-UP-03-1742155,NOT_APPLICABLE,1,36.57,1.3,55913,68.4,80.1
ENT_IN_20344,Vijay Patel,591,22.41,1,1,NOT_REGISTERED,ACTIVE,1,16.84,10.5,205357,68.1,73.3
ENT_IN_20345,Sujata Sharma,748,3.71,1,1,UDYAM-UP-03-3778617,NOT_APPLICABLE,1,29.86,11.4,111258,96.0,86.8
ENT_IN_20346,Arjun Patil,669,21.61,1,0,NOT_REGISTERED,UNREGISTERED,1,12.01,4.8,125617,48.5,59.7
ENT_IN_20347,Anil Nair,780,6.26,1,1,UDYAM-PB-03-2559940,ACTIVE,1,24.32,11.6,74074,98.2,100.0
ENT_IN_20348,Sunil Kulkarni,668,4.07,1,1,NOT_REGISTERED,ACTIVE,1,34.88,3.3,134310,76.9,83.5
ENT_IN_20349,Sunil Deshmukh,842,14.63,1,1,UDYAM-TN-03-7652938,ACTIVE,1,8.12,11.8,272330,75.2,100.0
ENT_IN_20350,Pooja Gupta,802,19.85,1,1,UDYAM-KA-03-7607384,NOT_APPLICABLE,1,27.84,6.9,365070,64.6,94.7
ENT_IN_20351,Dinesh Nair,676,19.34,1,1,UDYAM-TN-03-1301130,NOT_APPLICABLE,0,21.28,9.1,264819,87.5,77.8
ENT_IN_20352,Preeti Deshmukh,0,12.07,0,0,NOT_REGISTERED,UNREGISTERED,1,3.73,7.4,97750,60.4,34.4
ENT_IN_20353,Seema Reddy,749,1.83,1,1,NOT_REGISTERED,ACTIVE,1,23.5,2.8,68190,71.0,75.8
ENT_IN_20354,Ganesh Banerjee,0,14.03,1,1,UDYAM-PB-03-8589013,ACTIVE,1,36.04,5.5,393360,48.1,66.1
ENT_IN_20355,Radha Shah,749,13.88,1,1,UDYAM-GJ-03-3236073,UNREGISTERED,1,17.11,5.5,40258,73.9,75.1
ENT_IN_20356,Bhavna Verma,586,24.35,1,1,UDYAM-MH-03-3246327,NOT_APPLICABLE,1,6.35,10.9,384928,92.6,81.5
ENT_IN_20357,Ganesh Joshi,774,2.43,0,1,NOT_REGISTERED,ACTIVE,0,31.04,5.3,136652,56.2,70.9
ENT_IN_20358,Tariq Mishra,643,10.51,1,1,UDYAM-PB-03-2836074,ACTIVE,1,15.29,10.4,432110,81.6,83.4
ENT_IN_20359,Ayesha Khan,730,19.93,1,1,NOT_REGISTERED,NOT_APPLICABLE,1,33.2,8.2,301056,56.2,76.1
ENT_IN_20360,Kavita Verma,674,21.2,1,1,UDYAM-TN-03-3677318,NOT_APPLICABLE,1,5.63,0.6,78001,95.2,84.9
ENT_IN_20361,Sangeeta Das,676,18.92,1,1,UDYAM-KA-03-7935746,ACTIVE,0,5.46,8.4,299013,46.7,77.9
ENT_IN_20362,Bhavna Yadav,673,3.74,1,1,UDYAM-PB-03-7236114,UNREGISTERED,1,24.24,10.9,339039,39.2,75.2
ENT_IN_20363,Kavita Rao,614,1.18,1,1,NOT_REGISTERED,UNREGISTERED,1,17.96,3.3,146532,43.5,55.2
ENT_IN_20364,Sunita Kulkarni,676,3.49,1,1,NOT_REGISTERED,UNREGISTERED,1,36.57,8.1,44645,35.0,57.6
ENT_IN_20365,Vijay Mehta,619,1.68,1,1,NOT_REGISTERED,ACTIVE,1,38.96,2.5,115662,82.8,71.2
ENT_IN_20366,Ramesh Reddy,845,10.34,1,1,UDYAM-GJ-03-7756247,ACTIVE,1,19.44,5.9,86458,65.4,93.9
ENT_IN_20367,Meena Chatterjee,822,23.15,1,1,UDYAM-GJ-03-5680957,ACTIVE,0,11.4,9.9,82470,90.8,91.6
ENT_IN_20368,Fatima Singh,833,6.93,1,1,NOT_REGISTERED,UNREGISTERED,1,23.02,2.3,327790,61.7,83.3
ENT_IN_20369,Neha Nair,0,21.01,1,0,UDYAM-GJ-03-2594923,UNREGISTERED,0,3.5,9.0,160712,98.2,53.3
ENT_IN_20370,Mohammed Gupta,0,14.89,1,0,UDYAM-GJ-03-4999971,NOT_APPLICABLE,1,3.6,2.4,423638,88.8,66.1
ENT_IN_20371,Pooja Patel,595,1.87,1,1,UDYAM-TN-03-2765053,NOT_APPLICABLE,0,23.31,0.9,198137,90.2,70.9
ENT_IN_20372,Dinesh Patel,737,19.51,1,0,UDYAM-KA-03-7634824,NOT_APPLICABLE,1,2.03,9.3,61387,79.1,74.7
ENT_IN_20373,Geeta Sheikh,796,11.78,1,0,NOT_REGISTERED,NOT_APPLICABLE,1,19.49,5.6,403562,62.4,78.4
ENT_IN_20374,Deepika Yadav,780,17.1,1,1,NOT_REGISTERED,UNREGISTERED,1,31.28,6.8,109741,89.6,86.4
ENT_IN_20375,Fatima Gupta,0,2.48,1,1,UDYAM-PB-03-5445461,NOT_APPLICABLE,1,43.06,7.1,133248,96.7,69.9
ENT_IN_20376,Ayesha Gupta,569,10.33,1,1,NOT_REGISTERED,UNREGISTERED,1,11.61,1.4,157184,64.8,62.2
ENT_IN_20377,Rohan Verma,0,19.99,1,0,UDYAM-PB-03-6242489,NOT_APPLICABLE,1,39.2,8.5,411131,56.9,52.4
ENT_IN_20378,Geeta Nair,663,23.04,1,1,UDYAM-KA-03-6638508,NOT_APPLICABLE,0,13.1,5.9,326508,84.8,77.5
ENT_IN_20379,Deepika Das,682,21.08,1,1,NOT_REGISTERED,NOT_APPLICABLE,1,17.93,8.8,251251,85.1,82.0
ENT_IN_20380,Tariq Kulkarni,651,22.89,1,1,UDYAM-UP-03-3411243,NOT_APPLICABLE,0,3.27,0.6,135717,46.5,63.4
ENT_IN_20381,Dinesh Gowda,726,6.72,1,1,NOT_REGISTERED,NOT_APPLICABLE,1,42.91,4.9,337530,79.7,77.2
ENT_IN_20382,Bhavna Patil,711,14.41,1,1,UDYAM-KA-03-4435571,NOT_APPLICABLE,0,0.13,12.0,266845,58.3,75.1
ENT_IN_20383,Manoj Kulkarni,761,14.89,1,1,UDYAM-GJ-03-3214464,NOT_APPLICABLE,1,33.9,7.1,144046,64.7,92.2
ENT_IN_20384,Mamta Sheikh,0,12.15,1,1,UDYAM-PB-03-1190270,ACTIVE,1,30.89,0.4,358864,87.8,77.3
ENT_IN_20385,Pooja Deshmukh,818,19.33,0,1,UDYAM-PB-03-2284877,ACTIVE,1,27.6,6.5,299622,59.0,91.3
ENT_IN_20386,Vijay Sheikh,820,3.03,1,1,UDYAM-PB-03-6188489,NOT_APPLICABLE,1,40.49,4.1,321581,90.2,97.8
ENT_IN_20387,Mohammed Patel,700,9.46,1,1,NOT_REGISTERED,NOT_APPLICABLE,1,4.24,9.2,358053,83.5,82.9
ENT_IN_20388,Harpreet Deshmukh,692,22.63,1,1,UDYAM-KA-03-6503416,NOT_APPLICABLE,0,10.58,4.1,187972,86.3,74.5
ENT_IN_20389,Manoj Singh,791,5.01,0,1,UDYAM-KA-03-8822400,ACTIVE,1,17.75,11.5,153159,39.8,82.6
ENT_IN_20390,Vijay Kulkarni,729,15.76,1,1,UDYAM-GJ-03-5910041,ACTIVE,1,28.53,7.5,282836,71.1,89.9
ENT_IN_20391,Mamta Khan,850,22.3,1,1,NOT_REGISTERED,NOT_APPLICABLE,1,3.88,6.2,359691,61.4,86.5
ENT_IN_20392,Vikram Shah,668,1.44,0,0,NOT_REGISTERED,UNREGISTERED,1,42.07,3.4,295741,90.8,70.0
ENT_IN_20393,Anil Gowda,773,2.57,1,1,UDYAM-PB-03-5368870,ACTIVE,0,11.7,1.8,73520,75.5,88.0
ENT_IN_20394,Suresh Yadav,0,10.06,1,1,UDYAM-MH-03-6971838,NOT_APPLICABLE,0,32.82,6.0,220088,73.5,53.7
ENT_IN_20395,Dinesh Sharma,556,5.8,1,1,NOT_REGISTERED,UNREGISTERED,1,17.76,11.8,403824,80.5,69.8
ENT_IN_20396,Meena Chatterjee,817,16.78,1,1,NOT_REGISTERED,NOT_APPLICABLE,1,1.56,7.2,331047,48.1,83.0
ENT_IN_20397,Ganesh Yadav,814,2.69,0,1,UDYAM-KA-03-5278221,NOT_APPLICABLE,1,43.57,7.1,169749,65.6,80.7
ENT_IN_20398,Sanjay Kumar,738,19.61,1,1,NOT_REGISTERED,NOT_APPLICABLE,0,17.16,11.5,107304,60.9,59.1
ENT_IN_20399,Simran Patil,595,16.67,1,1,NOT_REGISTERED,NOT_APPLICABLE,1,40.15,0.4,437281,56.4,63.2
ENT_IN_20400,Priya Sheikh,652,14.05,1,1,UDYAM-TN-03-8166171,ACTIVE,1,25.38,10.8,326955,35.1,86.0
ENT_IN_20401,Lakshmi Sheikh,627,18.37,1,1,NOT_REGISTERED,NOT_APPLICABLE,1,14.59,1.7,258184,45.3,62.1
ENT_IN_20402,Shweta Mehta,622,10.86,1,1,UDYAM-MH-03-6242464,ACTIVE,0,22.28,2.2,27864,73.9,66.1
ENT_IN_20403,Dinesh Chatterjee,652,18.87,1,1,UDYAM-GJ-03-2386781,NOT_APPLICABLE,0,10.26,6.8,71576,83.4,73.2
ENT_IN_20404,Sunita Verma,725,8.4,1,1,UDYAM-UP-03-5441745,UNREGISTERED,1,24.15,9.4,171839,48.2,74.9
ENT_IN_20405,Deepika Shah,796,10.14,1,1,UDYAM-GJ-03-8582637,NOT_APPLICABLE,1,37.26,0.8,361588,90.7,99.5
ENT_IN_20406,Arjun Yadav,0,0.16,1,1,NOT_REGISTERED,ACTIVE,1,3.02,0.1,231934,41.2,56.7
ENT_IN_20407,Geeta Kulkarni,565,9.4,1,0,UDYAM-PB-03-9216904,ACTIVE,1,29.07,3.1,339261,91.0,77.8
ENT_IN_20408,Ramesh Chaudhary,611,4.34,1,1,UDYAM-MH-03-4184893,ACTIVE,1,41.98,4.3,276693,84.5,87.4
ENT_IN_20409,Rajesh Mishra,705,11.19,0,1,UDYAM-PB-03-5283524,UNREGISTERED,1,0.83,9.5,246663,97.9,82.3
ENT_IN_20410,Radha Patel,670,13.37,0,1,UDYAM-KA-03-9546168,NOT_APPLICABLE,1,3.39,0.7,391222,82.0,83.2
ENT_IN_20411,Meena Gupta,792,18.64,1,0,UDYAM-TN-03-2777358,UNREGISTERED,0,3.36,10.5,83359,56.5,69.3
ENT_IN_20412,Savita Gowda,578,16.3,1,1,UDYAM-UP-03-4010866,NOT_APPLICABLE,1,30.05,9.3,424090,65.6,71.6
ENT_IN_20413,Sujata Das,764,7.56,1,1,NOT_REGISTERED,NOT_APPLICABLE,1,11.34,4.3,103863,39.0,72.1
ENT_IN_20414,Meena Chatterjee,833,24.6,1,1,UDYAM-GJ-03-9416447,NOT_APPLICABLE,1,15.98,11.5,336720,39.8,88.1
ENT_IN_20415,Vijay Sharma,745,21.5,1,0,NOT_REGISTERED,ACTIVE,1,29.62,5.4,195125,82.2,81.3
ENT_IN_20416,Manoj Khan,844,11.7,1,1,UDYAM-PB-03-1941043,NOT_APPLICABLE,1,31.12,10.7,256383,84.3,100.0
ENT_IN_20417,Rajesh Khan,561,3.08,1,1,UDYAM-TN-03-7679071,NOT_APPLICABLE,1,31.63,10.3,323570,57.9,73.7
ENT_IN_20418,Kiran Chatterjee,562,0.83,1,1,UDYAM-KA-03-2016174,UNREGISTERED,1,24.3,2.6,361291,87.3,79.7
ENT_IN_20419,Neha Mishra,591,2.65,1,1,NOT_REGISTERED,NOT_APPLICABLE,1,24.46,2.3,200149,59.2,60.5
ENT_IN_20420,Ashok Yadav,678,23.3,1,1,UDYAM-TN-03-8528102,UNREGISTERED,1,7.81,2.1,64663,46.5,73.7
ENT_IN_20421,Mohammed Deshmukh,801,4.15,1,1,UDYAM-UP-03-7069929,ACTIVE,1,21.75,9.3,285071,48.7,96.4
ENT_IN_20422,Ananya Kumar,684,1.52,1,1,NOT_REGISTERED,ACTIVE,1,6.5,2.6,288969,81.2,89.5
ENT_IN_20423,Savita Banerjee,580,16.28,1,1,UDYAM-UP-03-5521438,ACTIVE,0,25.02,5.2,356861,56.7,70.5
ENT_IN_20424,Anita Sharma,766,4.97,1,1,UDYAM-TN-03-8761184,ACTIVE,1,18.87,9.0,55471,85.6,100.0
ENT_IN_20425,Bhavna Patil,709,17.32,1,1,NOT_REGISTERED,ACTIVE,1,36.06,0.4,328791,41.5,79.5
ENT_IN_20426,Manoj Patil,695,14.24,1,1,UDYAM-MH-03-1273346,ACTIVE,1,10.0,5.3,383803,86.5,98.4
ENT_IN_20427,Sujata Banerjee,813,15.62,1,0,UDYAM-TN-03-1142288,NOT_APPLICABLE,1,44.91,11.7,36441,84.2,83.0
ENT_IN_20428,Sujata Gupta,706,15.79,1,1,UDYAM-MH-03-1488960,NOT_APPLICABLE,0,9.95,10.9,425015,71.6,73.2
ENT_IN_20429,Rekha Kumar,610,20.37,1,1,UDYAM-KA-03-7582769,ACTIVE,1,38.09,9.3,418190,38.7,74.6
ENT_IN_20430,Manoj Banerjee,648,3.42,1,1,UDYAM-KA-03-3443079,ACTIVE,0,28.05,6.4,296493,73.6,72.1
ENT_IN_20431,Karan Sharma,772,8.74,1,1,UDYAM-KA-03-1387918,ACTIVE,1,33.92,9.0,346312,66.4,99.1
ENT_IN_20432,Tariq Kulkarni,727,17.89,1,1,UDYAM-TN-03-1294408,ACTIVE,1,7.39,2.0,364645,97.1,100.0
ENT_IN_20433,Kavita Mehta,785,16.67,1,1,UDYAM-GJ-03-1182658,ACTIVE,0,25.43,3.0,159798,82.0,92.0
ENT_IN_20434,Meena Reddy,757,13.64,1,1,UDYAM-GJ-03-5510322,ACTIVE,1,37.85,7.2,408128,43.8,97.6
ENT_IN_20435,Vijay Das,0,18.47,1,1,NOT_REGISTERED,NOT_APPLICABLE,1,44.22,0.9,246646,65.0,57.3
ENT_IN_20436,Vijay Deshmukh,739,8.23,1,1,UDYAM-PB-03-5815084,ACTIVE,0,1.36,8.6,46146,39.3,67.9
ENT_IN_20437,Meena Yadav,683,16.65,1,1,UDYAM-UP-03-8961876,UNREGISTERED,1,7.91,6.6,443052,60.2,82.1
ENT_IN_20438,Anita Mishra,704,21.35,1,1,UDYAM-UP-03-1730526,ACTIVE,1,26.11,3.2,187030,57.5,87.3
ENT_IN_20439,Seema Banerjee,696,4.15,1,1,UDYAM-TN-03-3169449,ACTIVE,1,16.57,9.4,69564,92.0,91.0
ENT_IN_20440,Sangeeta Banerjee,829,22.86,1,1,UDYAM-GJ-03-1105486,NOT_APPLICABLE,0,22.82,0.5,421422,69.2,83.2
ENT_IN_20441,Manoj Deshmukh,682,20.92,0,1,NOT_REGISTERED,NOT_APPLICABLE,0,18.28,8.2,389876,92.1,63.2
ENT_IN_20442,Deepak Kulkarni,822,5.29,1,1,NOT_REGISTERED,NOT_APPLICABLE,1,43.29,4.7,138178,52.2,80.8
ENT_IN_20443,Savita Patil,731,13.68,1,1,UDYAM-PB-03-2345396,NOT_APPLICABLE,0,44.12,7.2,47238,66.2,65.4
ENT_IN_20444,Kavita Kumar,561,2.57,1,1,UDYAM-KA-03-6742587,ACTIVE,1,43.67,7.1,49144,49.1,68.6
ENT_IN_20445,Rekha Chatterjee,840,23.63,1,1,NOT_REGISTERED,ACTIVE,1,42.69,2.5,195849,92.9,95.4
ENT_IN_20446,Anil Kaur,0,21.3,1,1,UDYAM-TN-03-2339551,ACTIVE,0,17.25,7.0,16962,90.3,61.0
ENT_IN_20447,Tariq Kulkarni,642,0.0,1,1,UDYAM-GJ-03-6768405,ACTIVE,1,12.05,6.7,123200,65.5,74.2
ENT_IN_20448,Manoj Sheikh,807,13.97,1,1,UDYAM-PB-03-4489894,ACTIVE,1,23.87,10.3,101865,54.4,95.5
ENT_IN_20449,Amit Patel,0,19.9,1,1,UDYAM-MH-03-5384135,NOT_APPLICABLE,1,37.5,0.5,329183,43.8,56.2
ENT_IN_20450,Bhavna Singh,0,6.71,1,1,UDYAM-GJ-03-6594510,NOT_APPLICABLE,1,4.57,7.6,200068,83.1,67.9
ENT_IN_20451,Priya Shah,579,11.55,1,1,NOT_REGISTERED,ACTIVE,1,22.45,1.8,30471,46.4,56.9
ENT_IN_20452,Harpreet Chatterjee,580,13.56,0,0,UDYAM-UP-03-6063542,NOT_APPLICABLE,1,5.33,4.2,64033,74.4,57.1
ENT_IN_20453,Harpreet Yadav,786,13.39,0,1,UDYAM-PB-03-9606246,UNREGISTERED,0,24.05,1.1,113317,43.2,62.7
ENT_IN_20454,Mamta Das,746,14.52,1,0,UDYAM-GJ-03-3987327,ACTIVE,0,16.94,1.3,301221,40.1,66.8
ENT_IN_20455,Deepika Verma,641,13.42,0,1,UDYAM-MH-03-1836486,ACTIVE,1,19.77,7.8,26307,96.5,74.0
ENT_IN_20456,Sujata Singh,813,13.99,1,1,UDYAM-UP-03-6259768,NOT_APPLICABLE,1,1.18,6.0,23928,77.3,87.7
ENT_IN_20457,Bhavna Verma,826,13.45,1,1,UDYAM-GJ-03-1999668,NOT_APPLICABLE,0,30.5,9.6,337583,99.8,92.1
ENT_IN_20458,Gurpreet Sharma,763,1.43,1,1,NOT_REGISTERED,NOT_APPLICABLE,0,16.33,7.6,171882,51.1,66.9
ENT_IN_20459,Fatima Patel,743,3.39,1,1,NOT_REGISTERED,NOT_APPLICABLE,1,32.22,1.0,391310,55.8,76.9
ENT_IN_20460,Manoj Kulkarni,0,21.8,1,1,UDYAM-GJ-03-3661698,ACTIVE,1,33.08,0.8,423717,69.4,71.1
ENT_IN_20461,Kavita Kaur,597,7.7,1,1,UDYAM-PB-03-9291530,NOT_APPLICABLE,1,15.45,8.0,49675,69.3,67.8
ENT_IN_20462,Suresh Singh,569,24.77,1,1,UDYAM-GJ-03-7411692,NOT_APPLICABLE,0,10.88,8.7,234635,100.0,73.6
ENT_IN_20463,Neha Mishra,555,15.29,1,1,UDYAM-KA-03-7206588,ACTIVE,1,32.05,3.0,190625,69.0,77.9
ENT_IN_20464,Seema Khan,706,15.08,1,1,UDYAM-KA-03-4796035,NOT_APPLICABLE,0,41.02,2.1,250566,50.4,69.2
ENT_IN_20465,Vijay Gowda,822,0.16,1,1,NOT_REGISTERED,NOT_APPLICABLE,1,7.86,6.9,88977,64.6,81.7
ENT_IN_20466,Ayesha Shah,771,16.47,1,1,UDYAM-GJ-03-6265658,NOT_APPLICABLE,1,13.58,1.6,41277,65.2,88.5
ENT_IN_20467,Pooja Kulkarni,708,0.99,1,1,UDYAM-PB-03-7090566,NOT_APPLICABLE,1,29.57,9.9,245390,39.1,76.1
ENT_IN_20468,Mohammed Chaudhary,728,11.12,1,1,UDYAM-MH-03-7015569,UNREGISTERED,1,29.06,2.4,211793,69.9,81.2
ENT_IN_20469,Shweta Chatterjee,0,11.77,1,1,NOT_REGISTERED,ACTIVE,1,13.77,10.4,95793,88.4,63.9
ENT_IN_20470,Prakash Kaur,621,7.12,1,1,UDYAM-UP-03-9750401,NOT_APPLICABLE,1,39.44,7.3,221186,85.9,80.9
ENT_IN_20471,Kavita Verma,692,19.62,1,1,NOT_REGISTERED,ACTIVE,1,33.04,6.9,282011,78.9,84.3
ENT_IN_20472,Rajesh Sharma,682,22.45,1,1,NOT_REGISTERED,ACTIVE,1,42.29,3.5,381014,63.5,82.7
ENT_IN_20473,Ashok Rao,721,19.56,1,1,NOT_REGISTERED,ACTIVE,1,44.75,2.6,90888,35.1,71.0
ENT_IN_20474,Harpreet Banerjee,623,16.41,1,1,UDYAM-TN-03-1188241,ACTIVE,1,36.01,2.1,390580,71.5,85.3
ENT_IN_20475,Ganesh Deshmukh,608,6.18,1,1,UDYAM-GJ-03-5378011,ACTIVE,1,19.6,11.1,88604,75.5,79.8
ENT_IN_20476,Ramesh Chaudhary,779,16.53,1,1,NOT_REGISTERED,NOT_APPLICABLE,1,22.54,4.9,443782,74.7,88.2
ENT_IN_20477,Tariq Singh,586,5.33,1,0,UDYAM-PB-03-4133064,NOT_APPLICABLE,1,15.59,8.8,28108,41.5,53.5
ENT_IN_20478,Rajesh Rao,682,8.65,1,1,UDYAM-UP-03-2601588,ACTIVE,1,19.42,7.8,94257,70.7,85.0
ENT_IN_20479,Manoj Sheikh,849,1.6,1,1,NOT_REGISTERED,ACTIVE,1,12.07,10.5,136554,65.0,89.7
ENT_IN_20480,Kavita Joshi,576,9.58,1,1,UDYAM-MH-03-8327975,NOT_APPLICABLE,1,42.64,2.7,439014,92.1,83.9
ENT_IN_20481,Manoj Reddy,771,7.16,1,1,UDYAM-TN-03-4072177,UNREGISTERED,1,31.28,1.8,254357,46.8,88.6
ENT_IN_20482,Preeti Mehta,660,1.28,1,0,UDYAM-MH-03-4526065,ACTIVE,1,14.35,9.3,296671,55.3,83.2
ENT_IN_20483,Tariq Chatterjee,0,15.49,1,1,NOT_REGISTERED,NOT_APPLICABLE,1,30.32,4.9,293673,82.7,61.3
ENT_IN_20484,Mohammed Sharma,613,22.74,0,0,NOT_REGISTERED,NOT_APPLICABLE,1,3.59,6.0,278874,95.9,56.4
ENT_IN_20485,Simran Mehta,716,21.07,1,1,UDYAM-GJ-03-1450414,ACTIVE,1,1.47,3.4,181322,66.6,87.3
ENT_IN_20486,Pooja Kulkarni,642,20.45,1,1,UDYAM-UP-03-7790940,ACTIVE,0,32.0,10.3,77399,70.4,64.8
ENT_IN_20487,Mamta Das,807,3.57,1,1,NOT_REGISTERED,ACTIVE,1,36.22,11.5,143899,39.2,79.8
ENT_IN_20488,Arjun Patel,568,0.14,1,1,NOT_REGISTERED,ACTIVE,0,18.55,7.6,235919,41.5,59.7
ENT_IN_20489,Rohan Verma,616,18.7,1,1,UDYAM-TN-03-9834041,ACTIVE,1,5.21,5.5,368794,47.0,76.1
ENT_IN_20490,Anil Joshi,0,13.95,1,1,UDYAM-PB-03-4300868,NOT_APPLICABLE,1,12.11,4.9,238077,74.7,65.6
ENT_IN_20491,Suresh Patil,759,16.08,1,1,UDYAM-GJ-03-4080433,UNREGISTERED,1,28.04,7.4,293134,79.5,97.0
ENT_IN_20492,Rekha Gupta,0,22.79,1,1,UDYAM-TN-03-7191143,NOT_APPLICABLE,1,42.52,1.3,182490,59.6,59.0
ENT_IN_20493,Shweta Patel,814,14.24,1,0,UDYAM-UP-03-3977698,NOT_APPLICABLE,1,37.84,0.4,364811,53.4,84.4
ENT_IN_20494,Ganesh Chatterjee,567,4.05,1,1,UDYAM-GJ-03-3265977,ACTIVE,0,1.53,8.1,248530,80.7,73.0
ENT_IN_20495,Geeta Gowda,663,23.71,1,1,UDYAM-MH-03-2841835,NOT_APPLICABLE,1,15.59,0.8,318914,52.5,79.0
ENT_IN_20496,Sangeeta Singh,675,0.28,1,1,NOT_REGISTERED,ACTIVE,1,8.01,2.0,169892,86.6,84.3
ENT_IN_20497,Sanjay Sharma,763,19.24,1,0,NOT_REGISTERED,ACTIVE,0,33.96,10.8,110485,82.9,77.4
ENT_IN_20498,Lakshmi Chaudhary,763,0.19,1,1,UDYAM-MH-03-2480557,NOT_APPLICABLE,1,43.11,6.5,130805,45.6,83.1
ENT_IN_20499,Fatima Kaur,636,7.03,1,1,NOT_REGISTERED,ACTIVE,1,35.25,9.1,201074,98.4,80.1
ENT_IN_20500,Mamta Nair,794,13.4,1,1,UDYAM-UP-03-9391613,NOT_APPLICABLE,0,34.89,4.2,59678,71.8,76.0
ENT_IN_20501,Savita Gupta,557,7.94,1,1,NOT_REGISTERED,NOT_APPLICABLE,1,20.79,11.8,284472,74.9,67.6
ENT_IN_20502,Ayesha Mishra,754,7.55,1,1,UDYAM-KA-03-1593109,ACTIVE,1,4.63,0.5,158950,60.1,94.3
ENT_IN_20503,Deepika Khan,726,17.59,1,1,UDYAM-GJ-03-1283132,NOT_APPLICABLE,1,28.46,9.3,81702,65.1,79.1
ENT_IN_20504,Ganesh Kumar,782,24.14,1,1,NOT_REGISTERED,NOT_APPLICABLE,1,0.68,1.2,373398,84.3,93.3
ENT_IN_20505,Karan Kumar,620,24.76,1,1,UDYAM-KA-03-6540347,NOT_APPLICABLE,1,30.79,6.8,329176,72.9,76.1
ENT_IN_20506,Geeta Kaur,816,24.72,1,1,UDYAM-TN-03-7157893,NOT_APPLICABLE,1,44.19,2.2,412698,37.3,84.4
ENT_IN_20507,Meena Singh,845,7.13,1,1,NOT_REGISTERED,NOT_APPLICABLE,1,27.33,3.3,342765,90.3,95.0
ENT_IN_20508,Priya Mishra,0,8.66,1,1,NOT_REGISTERED,NOT_APPLICABLE,1,27.61,7.6,386181,63.4,55.8
ENT_IN_20509,Pooja Joshi,613,1.38,1,1,UDYAM-TN-03-9320444,NOT_APPLICABLE,1,20.86,8.3,95523,59.1,63.8
ENT_IN_20510,Rekha Chatterjee,0,11.07,1,1,UDYAM-GJ-03-8553754,NOT_APPLICABLE,0,2.92,3.4,369910,41.2,47.2
ENT_IN_20511,Mahesh Singh,817,15.36,1,1,UDYAM-KA-03-3728467,NOT_APPLICABLE,1,21.39,8.9,186778,41.2,83.0
ENT_IN_20512,Simran Shah,705,15.21,1,1,UDYAM-MH-03-6911783,NOT_APPLICABLE,1,43.72,0.8,292469,92.8,93.6
ENT_IN_20513,Vikram Chaudhary,0,9.16,1,1,NOT_REGISTERED,ACTIVE,1,9.81,10.9,232700,65.7,63.9
ENT_IN_20514,Sunita Khan,837,5.57,1,1,NOT_REGISTERED,NOT_APPLICABLE,1,24.37,0.3,207014,35.9,78.9
ENT_IN_20515,Pradeep Patel,841,7.51,1,0,UDYAM-PB-03-4721891,ACTIVE,1,17.92,0.2,364688,55.4,89.6
ENT_IN_20516,Manoj Deshmukh,780,23.89,1,1,UDYAM-TN-03-5581952,ACTIVE,1,13.99,5.1,326324,72.5,100.0
ENT_IN_20517,Sangeeta Gupta,0,11.26,1,1,NOT_REGISTERED,ACTIVE,1,14.38,6.3,378345,97.8,71.0
ENT_IN_20518,Rohan Sharma,0,20.95,1,1,UDYAM-PB-03-5208816,ACTIVE,1,32.31,5.7,253323,47.8,67.4
ENT_IN_20519,Ananya Verma,707,23.01,1,1,UDYAM-UP-03-8464580,NOT_APPLICABLE,1,17.42,10.5,18456,74.4,78.9
ENT_IN_20520,Preeti Patel,636,22.97,1,1,NOT_REGISTERED,ACTIVE,1,38.18,2.9,164946,42.0,64.7
ENT_IN_20521,Sanjay Khan,733,12.65,1,1,NOT_REGISTERED,UNREGISTERED,1,29.78,10.2,160932,64.6,71.5
ENT_IN_20522,Fatima Rao,838,4.69,1,1,UDYAM-MH-03-9025032,NOT_APPLICABLE,1,11.98,0.4,71988,59.2,84.1
ENT_IN_20523,Priya Deshmukh,846,17.82,1,1,NOT_REGISTERED,ACTIVE,0,25.74,2.7,27067,77.2,75.9
ENT_IN_20524,Preeti Kumar,828,16.54,1,1,UDYAM-GJ-03-3787961,ACTIVE,1,19.81,7.5,111520,55.8,94.8
ENT_IN_20525,Neha Mehta,769,3.84,1,1,NOT_REGISTERED,NOT_APPLICABLE,1,28.19,7.4,265508,94.7,91.4
ENT_IN_20526,Preeti Patel,698,20.6,1,1,UDYAM-UP-03-1119250,ACTIVE,1,1.87,10.4,136181,56.1,85.3
ENT_IN_20527,Kavita Banerjee,574,3.3,1,1,UDYAM-TN-03-2836099,ACTIVE,0,28.49,7.8,95406,51.4,59.2
ENT_IN_20528,Ayesha Khan,636,4.15,1,0,UDYAM-MH-03-2529579,NOT_APPLICABLE,1,18.96,10.5,123448,86.3,65.5
ENT_IN_20529,Prakash Sheikh,594,5.97,1,1,NOT_REGISTERED,UNREGISTERED,1,5.27,2.8,378197,89.6,71.1
ENT_IN_20530,Neha Patel,649,18.79,1,1,UDYAM-PB-03-5474271,ACTIVE,1,40.02,10.0,79574,90.6,81.1
ENT_IN_20531,Sunita Mehta,594,21.88,1,1,UDYAM-GJ-03-9962983,NOT_APPLICABLE,1,27.04,2.5,43321,53.5,64.3
ENT_IN_20532,Rahul Patil,831,5.42,1,1,UDYAM-TN-03-6494552,ACTIVE,1,24.13,6.2,317540,47.4,98.0
ENT_IN_20533,Priya Reddy,719,13.17,1,1,NOT_REGISTERED,NOT_APPLICABLE,0,22.82,4.2,159273,84.7,69.7
ENT_IN_20534,Gurpreet Mehta,767,23.35,1,1,NOT_REGISTERED,ACTIVE,1,6.97,7.2,434924,57.2,92.4
ENT_IN_20535,Prakash Banerjee,733,4.99,0,1,UDYAM-PB-03-2332599,NOT_APPLICABLE,1,18.6,8.3,69922,69.4,72.4
ENT_IN_20536,Ganesh Joshi,723,6.25,1,1,UDYAM-TN-03-8423631,ACTIVE,0,18.98,7.8,379705,49.3,77.2
ENT_IN_20537,Amit Patel,817,22.92,1,1,UDYAM-PB-03-6883183,ACTIVE,1,9.54,5.8,246964,90.4,100.0
ENT_IN_20538,Anil Das,846,11.16,1,1,NOT_REGISTERED,UNREGISTERED,1,32.94,1.4,441040,52.3,81.1
ENT_IN_20539,Shweta Khan,753,8.07,1,1,UDYAM-KA-03-1567660,NOT_APPLICABLE,1,29.15,4.6,79623,97.7,96.7
ENT_IN_20540,Deepika Gupta,562,11.92,1,1,UDYAM-KA-03-7445450,NOT_APPLICABLE,1,6.6,4.0,300320,75.5,77.7
ENT_IN_20541,Ayesha Patel,696,15.38,1,1,NOT_REGISTERED,NOT_APPLICABLE,0,2.81,6.7,191122,62.4,64.0
ENT_IN_20542,Tariq Nair,844,24.82,1,0,UDYAM-MH-03-2535362,UNREGISTERED,0,30.32,9.2,398630,89.0,83.5
ENT_IN_20543,Prakash Sheikh,646,0.32,1,1,NOT_REGISTERED,UNREGISTERED,1,25.17,5.2,375792,82.1,71.0
ENT_IN_20544,Suresh Joshi,0,11.78,1,1,UDYAM-KA-03-6125712,ACTIVE,1,7.21,1.9,419051,95.1,80.4
ENT_IN_20545,Sangeeta Das,653,8.32,1,1,NOT_REGISTERED,ACTIVE,0,7.29,7.2,140409,86.7,73.1
ENT_IN_20546,Ashok Yadav,587,22.38,1,1,UDYAM-GJ-03-6932835,NOT_APPLICABLE,0,7.58,4.9,166784,75.4,62.6
ENT_IN_20547,Kiran Banerjee,0,13.77,1,1,UDYAM-GJ-03-4543054,NOT_APPLICABLE,1,6.03,11.9,100272,97.9,66.7
ENT_IN_20548,Suresh Reddy,0,13.21,1,1,UDYAM-GJ-03-3115768,NOT_APPLICABLE,1,22.78,5.2,352545,45.9,56.6
ENT_IN_20549,Tariq Patel,833,14.74,1,1,UDYAM-UP-03-3145979,NOT_APPLICABLE,1,42.49,6.2,18390,88.5,89.5
ENT_IN_20550,Prakash Rao,661,22.85,1,1,UDYAM-TN-03-2595353,UNREGISTERED,1,10.72,6.2,184369,64.0,79.0
ENT_IN_20551,Vikram Gupta,603,11.41,1,1,NOT_REGISTERED,NOT_APPLICABLE,0,16.94,3.8,379316,68.8,57.5
ENT_IN_20552,Anita Shah,649,14.0,1,1,UDYAM-TN-03-1644786,ACTIVE,1,5.23,0.3,313536,51.1,77.1
ENT_IN_20553,Arjun Das,803,22.03,1,1,UDYAM-PB-03-8633680,ACTIVE,1,31.82,10.2,332371,45.7,96.2
ENT_IN_20554,Kavita Gupta,632,8.91,1,1,UDYAM-UP-03-4891521,ACTIVE,0,28.74,8.2,289026,37.4,64.1
ENT_IN_20555,Pradeep Gowda,678,3.03,1,1,UDYAM-KA-03-3297275,NOT_APPLICABLE,1,24.04,6.7,85290,42.0,73.6
ENT_IN_20556,Geeta Yadav,0,14.22,1,1,UDYAM-UP-03-3024939,NOT_APPLICABLE,1,12.9,10.7,154014,75.6,64.9
ENT_IN_20557,Vijay Patil,828,10.67,1,1,NOT_REGISTERED,NOT_APPLICABLE,1,32.47,6.1,364626,62.5,86.7
ENT_IN_20558,Rekha Patel,810,20.89,1,0,UDYAM-GJ-03-5757810,ACTIVE,0,12.21,3.5,301907,73.5,85.5
ENT_IN_20559,Mohammed Banerjee,563,24.08,1,1,NOT_REGISTERED,NOT_APPLICABLE,1,32.14,4.1,366243,54.3,65.4
ENT_IN_20560,Deepika Das,690,0.71,1,0,UDYAM-GJ-03-5100204,ACTIVE,1,26.63,7.9,105724,71.6,83.1
ENT_IN_20561,Rahul Chatterjee,711,2.21,1,1,NOT_REGISTERED,UNREGISTERED,1,5.9,0.3,302069,36.3,71.1
ENT_IN_20562,Bhavna Patel,706,23.42,1,0,UDYAM-UP-03-8012127,ACTIVE,1,0.22,8.3,200197,64.4,80.4
ENT_IN_20563,Mamta Gowda,748,11.12,1,1,UDYAM-PB-03-7020427,UNREGISTERED,1,14.14,4.1,78935,93.1,85.6
ENT_IN_20564,Sunil Yadav,556,10.41,1,1,UDYAM-TN-03-6193952,ACTIVE,1,8.66,0.6,411487,47.7,78.6
ENT_IN_20565,Deepika Verma,653,16.81,1,1,NOT_REGISTERED,NOT_APPLICABLE,1,41.86,3.4,175891,35.4,64.3
ENT_IN_20566,Meena Patel,582,21.99,1,1,UDYAM-GJ-03-9989418,NOT_APPLICABLE,1,36.57,6.9,290508,86.4,80.6
ENT_IN_20567,Prakash Khan,691,21.03,1,0,UDYAM-PB-03-6985878,ACTIVE,1,44.7,11.1,119886,84.2,86.4
ENT_IN_20568,Simran Gowda,669,16.05,1,0,UDYAM-TN-03-6538493,ACTIVE,1,21.07,6.2,45699,49.4,70.6
ENT_IN_20569,Bhavna Khan,850,17.79,1,1,UDYAM-UP-03-5028007,ACTIVE,1,6.22,10.4,385326,85.5,100.0
ENT_IN_20570,Vikram Mehta,673,9.21,1,1,UDYAM-PB-03-9175124,NOT_APPLICABLE,1,21.69,11.9,403203,75.2,84.0
ENT_IN_20571,Harpreet Mehta,759,19.57,1,1,UDYAM-UP-03-8381934,NOT_APPLICABLE,1,6.2,5.8,146432,95.9,99.9
ENT_IN_20572,Pooja Patil,808,20.72,1,1,UDYAM-TN-03-9270818,ACTIVE,1,21.66,3.0,347780,88.7,100.0
ENT_IN_20573,Anil Shah,826,6.02,1,1,UDYAM-GJ-03-9351081,NOT_APPLICABLE,1,5.56,6.7,355953,55.1,92.7
ENT_IN_20574,Anita Patil,594,8.86,1,1,UDYAM-UP-03-9162428,ACTIVE,1,10.83,0.2,320282,64.8,81.5
ENT_IN_20575,Karan Chatterjee,0,21.33,1,1,NOT_REGISTERED,NOT_APPLICABLE,1,29.15,9.8,312857,79.9,59.2
ENT_IN_20576,Vijay Mehta,665,22.84,1,1,UDYAM-GJ-03-1684572,UNREGISTERED,1,30.53,10.4,409475,52.8,79.6
ENT_IN_20577,Lakshmi Sheikh,743,6.31,1,1,UDYAM-KA-03-2715933,ACTIVE,1,28.51,4.3,220236,90.6,97.4
ENT_IN_20578,Priya Chatterjee,773,21.24,1,1,UDYAM-GJ-03-4673734,ACTIVE,1,19.32,5.8,168014,78.1,100.0
ENT_IN_20579,Simran Chaudhary,633,11.75,1,1,UDYAM-TN-03-5644113,ACTIVE,0,22.98,0.0,397123,42.3,65.4
ENT_IN_20580,Harpreet Joshi,580,19.55,1,1,UDYAM-MH-03-7833033,ACTIVE,1,26.78,5.6,178252,40.6,69.9
ENT_IN_20581,Sujata Joshi,803,13.68,0,1,NOT_REGISTERED,ACTIVE,1,39.38,8.9,108584,41.6,76.5
ENT_IN_20582,Preeti Gowda,554,16.13,1,1,UDYAM-KA-03-4653587,UNREGISTERED,1,32.54,11.1,29062,47.0,59.4
ENT_IN_20583,Harpreet Singh,800,20.45,1,1,NOT_REGISTERED,ACTIVE,1,25.04,3.5,91078,85.3,94.9
ENT_IN_20584,Seema Patel,611,7.55,1,1,UDYAM-PB-03-6564138,UNREGISTERED,0,40.01,6.2,123926,48.1,53.8
ENT_IN_20585,Rajesh Banerjee,577,23.8,1,0,UDYAM-MH-03-7948343,NOT_APPLICABLE,0,42.51,2.6,305742,46.6,49.9
ENT_IN_20586,Kavita Rao,694,7.98,1,1,UDYAM-MH-03-7791663,NOT_APPLICABLE,1,13.12,8.8,153997,81.8,81.9
ENT_IN_20587,Rahul Patil,781,22.52,1,1,UDYAM-PB-03-9863962,NOT_APPLICABLE,1,39.5,9.4,304498,86.2,100.0
ENT_IN_20588,Lakshmi Das,583,15.42,1,1,UDYAM-KA-03-9227505,ACTIVE,1,32.22,7.4,111460,82.8,77.3
ENT_IN_20589,Rohan Das,569,22.17,1,1,UDYAM-TN-03-3309909,UNREGISTERED,1,32.08,9.5,298291,73.4,78.9
ENT_IN_20590,Neha Das,570,12.97,1,1,UDYAM-UP-03-5692503,NOT_APPLICABLE,1,5.88,11.4,224284,76.9,73.3
ENT_IN_20591,Anita Sharma,616,7.39,1,1,UDYAM-GJ-03-8126197,NOT_APPLICABLE,1,35.55,8.9,156309,75.0,71.3
ENT_IN_20592,Sujata Gupta,626,20.11,1,1,UDYAM-GJ-03-4441463,ACTIVE,1,17.57,5.0,26691,45.9,65.7
ENT_IN_20593,Mahesh Sheikh,0,4.49,1,1,UDYAM-GJ-03-7116125,ACTIVE,1,1.49,11.7,57387,35.0,55.0
ENT_IN_20594,Ganesh Kulkarni,623,1.51,1,1,UDYAM-PB-03-8068019,ACTIVE,1,18.9,1.5,234796,83.0,86.2
ENT_IN_20595,Amit Chaudhary,763,13.11,1,1,UDYAM-TN-03-4111769,ACTIVE,1,3.83,11.2,209468,59.5,99.3
ENT_IN_20596,Mohammed Sharma,0,7.77,1,1,UDYAM-PB-03-5776397,ACTIVE,1,1.24,6.8,253250,53.5,68.0
ENT_IN_20597,Sangeeta Joshi,625,9.29,1,1,UDYAM-KA-03-7462296,ACTIVE,1,8.16,4.9,228733,81.7,84.9
ENT_IN_20598,Lakshmi Khan,731,14.72,1,1,UDYAM-UP-03-2018660,NOT_APPLICABLE,1,33.59,9.3,75811,44.0,73.4
ENT_IN_20599,Kavita Gowda,551,4.62,1,1,UDYAM-KA-03-2297654,ACTIVE,1,16.28,9.9,235763,70.5,82.6
ENT_IN_20600,Ganesh Mishra,561,9.32,1,1,UDYAM-PB-03-6990638,NOT_APPLICABLE,1,12.27,4.8,121996,86.4,73.9
ENT_IN_20601,Sunil Patel,774,7.01,0,0,UDYAM-UP-03-9944792,ACTIVE,1,11.51,8.0,125932,93.3,89.2
ENT_IN_20602,Pradeep Verma,640,15.33,1,0,UDYAM-MH-03-4692091,NOT_APPLICABLE,1,31.06,2.5,123898,38.8,56.9
ENT_IN_20603,Rajesh Kulkarni,802,23.47,1,1,UDYAM-GJ-03-6126304,ACTIVE,1,17.51,3.7,76211,93.5,100.0
ENT_IN_20604,Sunita Shah,778,13.33,1,1,UDYAM-TN-03-9025933,NOT_APPLICABLE,1,6.38,0.3,345414,67.5,94.2
ENT_IN_20605,Rekha Khan,591,9.35,1,1,UDYAM-GJ-03-5866332,ACTIVE,1,14.52,0.1,332647,45.5,77.6
ENT_IN_20606,Tariq Verma,725,22.22,1,1,UDYAM-UP-03-7218112,UNREGISTERED,1,19.86,3.1,444086,74.8,89.5
ENT_IN_20607,Sunita Verma,607,19.81,1,1,UDYAM-MH-03-2180255,ACTIVE,1,19.75,7.7,314936,96.9,88.4
ENT_IN_20608,Pooja Kulkarni,842,16.37,1,0,UDYAM-MH-03-9130317,NOT_APPLICABLE,1,38.26,4.1,62930,46.8,75.8
ENT_IN_20609,Priya Singh,0,11.25,1,1,UDYAM-TN-03-1078901,ACTIVE,1,14.12,4.5,135122,64.0,66.4
ENT_IN_20610,Sangeeta Chatterjee,0,0.1,1,1,UDYAM-TN-03-7726597,NOT_APPLICABLE,1,8.01,9.9,268998,37.6,57.3
ENT_IN_20611,Neha Yadav,689,20.14,1,1,UDYAM-PB-03-5981776,ACTIVE,1,29.59,0.2,269602,87.2,97.3
ENT_IN_20612,Deepak Rao,813,7.5,0,0,UDYAM-UP-03-7724960,NOT_APPLICABLE,1,44.21,2.2,323044,35.6,70.2
ENT_IN_20613,Ashok Kaur,610,22.91,1,1,UDYAM-KA-03-8312732,UNREGISTERED,0,2.91,6.2,327232,84.9,71.1
ENT_IN_20614,Ashok Patel,560,9.52,1,1,UDYAM-UP-03-4328785,ACTIVE,1,19.85,1.8,250922,66.0,82.2
ENT_IN_20615,Rekha Yadav,763,0.97,1,1,UDYAM-PB-03-4579207,NOT_APPLICABLE,1,14.79,1.3,259928,39.8,87.3
ENT_IN_20616,Seema Rao,754,8.81,1,1,UDYAM-UP-03-9157571,ACTIVE,1,16.8,2.2,35784,54.7,92.0
ENT_IN_20617,Radha Gupta,589,5.37,1,1,UDYAM-KA-03-3682261,ACTIVE,1,5.06,9.9,191226,59.9,75.8
ENT_IN_20618,Meena Chatterjee,639,15.3,1,1,UDYAM-PB-03-9550679,NOT_APPLICABLE,1,31.48,0.6,368210,54.6,74.1
ENT_IN_20619,Dinesh Gupta,671,0.83,1,1,UDYAM-KA-03-3922334,NOT_APPLICABLE,1,30.17,0.6,81693,55.8,72.2
ENT_IN_20620,Sunil Sheikh,585,24.52,1,1,NOT_REGISTERED,ACTIVE,1,0.67,8.1,159014,68.5,69.5
ENT_IN_20621,Mamta Kulkarni,798,2.97,1,1,UDYAM-TN-03-9639421,NOT_APPLICABLE,1,33.92,11.6,385225,73.5,96.0
ENT_IN_20622,Lakshmi Sharma,649,22.95,1,1,UDYAM-PB-03-1463256,NOT_APPLICABLE,1,31.99,2.9,198177,61.6,73.8
ENT_IN_20623,Simran Patel,0,16.12,1,1,NOT_REGISTERED,NOT_APPLICABLE,1,11.45,8.2,220882,64.7,56.0
ENT_IN_20624,Ayesha Sharma,737,6.85,1,1,UDYAM-KA-03-2291413,ACTIVE,0,44.47,10.3,234658,57.3,78.5
ENT_IN_20625,Pradeep Kaur,754,1.64,0,1,UDYAM-UP-03-8290959,ACTIVE,0,42.35,5.8,108943,60.8,75.3
ENT_IN_20626,Amit Joshi,630,18.12,0,1,UDYAM-TN-03-5019161,NOT_APPLICABLE,1,41.44,8.2,180338,86.5,69.6
ENT_IN_20627,Prakash Shah,684,15.52,1,1,UDYAM-PB-03-4265834,NOT_APPLICABLE,1,16.16,8.2,342439,54.0,84.5
ENT_IN_20628,Geeta Banerjee,722,21.47,1,1,UDYAM-GJ-03-7849373,NOT_APPLICABLE,1,35.44,6.8,309693,85.3,87.4
ENT_IN_20629,Vikram Yadav,721,1.48,1,0,UDYAM-MH-03-2087233,UNREGISTERED,1,30.79,8.1,376893,69.6,78.9
ENT_IN_20630,Manoj Kaur,606,2.24,1,1,UDYAM-MH-03-2648566,ACTIVE,1,37.69,5.3,116678,74.8,79.9
ENT_IN_20631,Pooja Kaur,0,4.09,1,1,NOT_REGISTERED,NOT_APPLICABLE,0,5.49,5.6,177992,65.5,42.9
ENT_IN_20632,Preeti Patel,619,9.08,1,1,UDYAM-PB-03-3772792,ACTIVE,1,9.07,3.0,109626,98.0,82.1
ENT_IN_20633,Ayesha Kaur,695,3.26,0,1,UDYAM-MH-03-7992663,ACTIVE,1,26.3,8.0,244140,60.8,79.8
ENT_IN_20634,Meena Kaur,716,3.99,1,1,UDYAM-UP-03-1664157,UNREGISTERED,1,23.7,6.1,415941,90.4,93.1
ENT_IN_20635,Deepika Nair,821,1.43,1,1,UDYAM-KA-03-3721420,ACTIVE,1,22.17,0.9,178358,87.4,100.0
ENT_IN_20636,Rajesh Sheikh,572,21.77,1,1,NOT_REGISTERED,NOT_APPLICABLE,1,20.99,0.9,74549,98.6,70.3
ENT_IN_20637,Mohammed Kaur,766,9.24,1,1,UDYAM-UP-03-1449238,UNREGISTERED,1,9.59,6.7,298910,95.9,100.0
ENT_IN_20638,Rajesh Rao,704,6.93,1,1,NOT_REGISTERED,NOT_APPLICABLE,1,23.55,5.3,171838,69.6,72.5
ENT_IN_20639,Tariq Nair,655,13.08,1,1,NOT_REGISTERED,ACTIVE,1,25.52,2.0,382204,71.8,87.8
ENT_IN_20640,Shweta Kulkarni,694,4.99,1,1,UDYAM-KA-03-1098307,ACTIVE,0,9.25,11.0,282751,57.3,77.8
ENT_IN_20641,Pradeep Mishra,0,17.62,1,1,NOT_REGISTERED,NOT_APPLICABLE,1,25.25,4.1,224187,42.4,47.7
ENT_IN_20642,Preeti Verma,622,15.49,1,0,UDYAM-PB-03-8473361,NOT_APPLICABLE,1,16.27,3.8,236550,70.9,70.5
ENT_IN_20643,Mohammed Mehta,554,7.92,1,1,NOT_REGISTERED,NOT_APPLICABLE,1,6.36,4.6,414448,67.0,67.0
ENT_IN_20644,Pooja Verma,745,7.6,1,1,UDYAM-MH-03-3013979,NOT_APPLICABLE,1,33.83,3.1,176600,60.7,79.9
ENT_IN_20645,Lakshmi Chaudhary,756,9.72,1,1,UDYAM-MH-03-8766894,ACTIVE,1,44.11,2.2,77189,41.5,87.9
ENT_IN_20646,Anita Gupta,701,2.36,1,0,NOT_REGISTERED,NOT_APPLICABLE,1,10.25,0.4,186261,54.6,65.6
ENT_IN_20647,Fatima Verma,635,19.7,1,1,UDYAM-MH-03-1649330,ACTIVE,0,3.42,2.8,165772,36.6,61.6
ENT_IN_20648,Karan Chatterjee,826,0.06,1,1,NOT_REGISTERED,ACTIVE,1,40.24,2.4,354754,89.6,97.7
ENT_IN_20649,Rohan Deshmukh,732,14.99,1,1,NOT_REGISTERED,NOT_APPLICABLE,1,2.92,10.9,63025,57.8,67.0
ENT_IN_20650,Geeta Patil,661,12.43,1,1,UDYAM-MH-03-7658510,UNREGISTERED,1,39.7,2.5,163139,59.9,80.2
ENT_IN_20651,Mamta Joshi,794,4.87,1,1,UDYAM-PB-03-6053847,ACTIVE,0,12.59,2.9,193301,57.0,84.0
ENT_IN_20652,Pradeep Rao,0,17.31,1,0,UDYAM-UP-03-9598209,NOT_APPLICABLE,1,32.88,4.6,144616,49.7,51.9
ENT_IN_20653,Mahesh Patel,564,10.32,1,1,NOT_REGISTERED,ACTIVE,1,38.8,11.4,308176,68.0,74.0
ENT_IN_20654,Shweta Yadav,600,5.18,1,1,NOT_REGISTERED,ACTIVE,1,26.03,7.8,408306,35.8,67.3
ENT_IN_20655,Karan Mehta,721,4.26,1,1,UDYAM-GJ-03-2378581,UNREGISTERED,1,6.95,6.3,80554,88.9,81.7
ENT_IN_20656,Bhavna Mishra,741,17.31,1,1,UDYAM-MH-03-8436215,UNREGISTERED,1,15.7,4.1,156291,75.9,82.9
ENT_IN_20657,Pooja Singh,0,22.37,1,1,NOT_REGISTERED,NOT_APPLICABLE,1,44.15,11.0,303945,73.9,57.8
ENT_IN_20658,Sunil Kumar,654,16.24,1,1,UDYAM-UP-03-7426758,ACTIVE,1,13.06,8.6,262021,42.7,86.9
ENT_IN_20659,Rekha Singh,843,21.67,1,0,UDYAM-MH-03-2647831,ACTIVE,1,20.88,3.7,54551,51.5,82.6
ENT_IN_20660,Sunil Gowda,846,7.94,1,1,NOT_REGISTERED,NOT_APPLICABLE,1,18.73,3.0,442353,58.6,87.1
ENT_IN_20661,Amit Patil,700,5.48,1,1,UDYAM-GJ-03-5543017,ACTIVE,0,34.85,2.0,409334,36.3,71.8
ENT_IN_20662,Rajesh Sharma,717,7.77,1,1,UDYAM-UP-03-2097534,NOT_APPLICABLE,1,29.91,7.9,300781,77.2,84.9
ENT_IN_20663,Kiran Verma,833,20.94,1,1,UDYAM-GJ-03-5089734,NOT_APPLICABLE,1,1.99,1.0,174496,88.1,96.2
ENT_IN_20664,Vijay Gupta,749,12.19,1,1,NOT_REGISTERED,ACTIVE,0,1.44,6.0,332776,91.3,82.2
ENT_IN_20665,Fatima Patel,842,13.48,1,1,UDYAM-GJ-03-2261148,ACTIVE,0,23.74,5.4,302913,74.1,91.6
ENT_IN_20666,Vikram Joshi,825,15.42,1,1,NOT_REGISTERED,ACTIVE,1,26.47,9.9,386322,41.4,87.9
ENT_IN_20667,Pooja Kulkarni,631,1.26,1,0,NOT_REGISTERED,ACTIVE,1,35.47,4.4,71109,46.5,52.2
ENT_IN_20668,Priya Mishra,689,24.49,1,1,NOT_REGISTERED,NOT_APPLICABLE,0,13.28,0.2,129235,75.6,61.5
ENT_IN_20669,Anita Khan,556,4.75,0,1,UDYAM-UP-03-1785193,ACTIVE,1,33.42,10.3,246946,98.0,80.8
ENT_IN_20670,Sujata Gupta,837,16.55,1,1,NOT_REGISTERED,NOT_APPLICABLE,1,31.2,1.6,321131,73.3,85.5
ENT_IN_20671,Ayesha Shah,0,1.86,1,0,NOT_REGISTERED,ACTIVE,1,25.06,9.3,102242,48.3,46.4
ENT_IN_20672,Pradeep Kaur,588,3.54,1,1,UDYAM-MH-03-3134242,ACTIVE,1,26.08,0.5,145036,50.9,70.7
ENT_IN_20673,Deepak Shah,808,3.65,1,1,UDYAM-KA-03-3110281,ACTIVE,1,1.24,6.1,57181,39.3,84.7
ENT_IN_20674,Ganesh Patel,0,19.5,1,1,NOT_REGISTERED,ACTIVE,1,5.79,3.1,282459,92.7,69.1
ENT_IN_20675,Simran Gupta,566,23.57,0,1,UDYAM-TN-03-4246392,ACTIVE,1,32.21,8.6,211036,75.1,75.1
ENT_IN_20676,Fatima Singh,702,5.89,1,1,NOT_REGISTERED,NOT_APPLICABLE,1,21.06,7.4,184805,39.8,69.0
ENT_IN_20677,Pooja Joshi,800,7.89,1,1,UDYAM-TN-03-7029993,NOT_APPLICABLE,1,12.11,4.1,193884,73.4,92.4
ENT_IN_20678,Kiran Patil,585,2.96,1,0,NOT_REGISTERED,NOT_APPLICABLE,1,8.53,10.8,31035,96.5,56.6
ENT_IN_20679,Pooja Kaur,635,14.88,1,1,NOT_REGISTERED,NOT_APPLICABLE,1,37.06,10.2,124698,64.2,63.5
ENT_IN_20680,Ayesha Patil,593,22.3,1,1,NOT_REGISTERED,UNREGISTERED,1,7.39,1.9,295321,71.8,67.3
ENT_IN_20681,Vijay Patil,780,24.25,1,1,UDYAM-MH-03-7548443,NOT_APPLICABLE,1,5.76,2.2,246326,86.5,100.0
ENT_IN_20682,Priya Kulkarni,841,11.5,1,0,UDYAM-KA-03-5507297,NOT_APPLICABLE,1,26.12,11.0,435370,51.0,85.2
ENT_IN_20683,Mohammed Joshi,662,4.38,1,1,UDYAM-UP-03-3268135,UNREGISTERED,0,28.36,0.5,251336,90.1,81.2
ENT_IN_20684,Amit Kumar,653,19.52,1,1,UDYAM-PB-03-7166959,NOT_APPLICABLE,0,24.18,5.8,75350,77.3,68.7
ENT_IN_20685,Tariq Banerjee,558,15.94,1,0,NOT_REGISTERED,ACTIVE,1,33.73,10.7,394859,94.9,75.0
ENT_IN_20686,Prakash Mehta,812,15.5,1,1,UDYAM-PB-03-3971399,ACTIVE,1,16.08,1.6,192957,41.2,91.7
ENT_IN_20687,Neha Joshi,674,22.11,1,1,NOT_REGISTERED,NOT_APPLICABLE,1,6.71,11.0,36307,53.0,66.8
ENT_IN_20688,Arjun Singh,794,9.13,1,1,UDYAM-PB-03-5413344,NOT_APPLICABLE,1,37.25,1.4,284568,46.6,90.5
ENT_IN_20689,Bhavna Kumar,650,14.08,1,1,UDYAM-TN-03-9870788,ACTIVE,1,19.0,6.8,163962,54.9,85.1
ENT_IN_20690,Mohammed Chatterjee,586,18.4,1,1,UDYAM-MH-03-9777837,NOT_APPLICABLE,0,3.3,6.7,444289,42.8,59.1
ENT_IN_20691,Sunil Das,683,0.94,1,0,UDYAM-PB-03-5760669,NOT_APPLICABLE,1,9.24,8.9,232451,88.8,85.4
ENT_IN_20692,Mahesh Kaur,638,19.58,1,1,UDYAM-UP-03-7989826,ACTIVE,0,34.05,0.6,199298,94.0,75.2
ENT_IN_20693,Geeta Patel,581,7.44,1,1,UDYAM-MH-03-3775445,ACTIVE,1,17.55,9.7,313027,40.7,72.9
ENT_IN_20694,Amit Chaudhary,680,8.6,1,1,UDYAM-TN-03-1921500,NOT_APPLICABLE,1,1.85,4.7,241993,52.6,82.8
ENT_IN_20695,Amit Patil,556,18.16,1,1,UDYAM-MH-03-3477406,ACTIVE,1,20.42,10.1,437419,96.4,90.0
ENT_IN_20696,Savita Joshi,816,22.47,1,1,NOT_REGISTERED,NOT_APPLICABLE,0,21.15,2.1,283627,66.1,76.4
ENT_IN_20697,Mahesh Yadav,763,19.52,1,0,NOT_REGISTERED,ACTIVE,0,2.28,2.5,328722,50.8,73.0
ENT_IN_20698,Ananya Sheikh,576,2.43,1,1,UDYAM-PB-03-4272199,ACTIVE,1,40.54,11.7,367444,93.2,91.0
ENT_IN_20699,Deepak Das,633,12.35,1,1,UDYAM-KA-03-9171589,UNREGISTERED,1,2.64,6.8,212647,39.1,65.9
ENT_IN_20700,Mamta Patel,592,21.02,0,1,NOT_REGISTERED,NOT_APPLICABLE,1,19.8,2.7,336252,41.2,54.6
ENT_IN_20701,Gurpreet Kulkarni,759,23.32,1,1,NOT_REGISTERED,NOT_APPLICABLE,1,32.7,6.7,269321,48.2,80.8
ENT_IN_20702,Simran Patel,838,2.53,1,1,UDYAM-KA-03-9182189,ACTIVE,1,25.01,7.5,329854,54.9,97.7
ENT_IN_20703,Sujata Kaur,837,4.59,0,1,UDYAM-PB-03-5084792,ACTIVE,1,31.82,11.0,63799,47.1,78.6
ENT_IN_20704,Preeti Shah,698,22.85,1,1,UDYAM-UP-03-2183701,ACTIVE,1,12.53,1.3,323011,95.0,96.9
ENT_IN_20705,Bhavna Gowda,0,23.38,1,1,UDYAM-UP-03-1482259,UNREGISTERED,0,44.33,8.7,104119,80.3,53.3
ENT_IN_20706,Prakash Rao,597,1.29,1,1,NOT_REGISTERED,ACTIVE,0,6.19,5.0,428198,47.6,61.1
ENT_IN_20707,Deepika Kulkarni,677,17.54,1,1,UDYAM-PB-03-1951952,NOT_APPLICABLE,0,21.86,3.8,281428,60.2,70.2
ENT_IN_20708,Anita Das,0,20.65,1,1,UDYAM-PB-03-7296132,NOT_APPLICABLE,1,31.0,6.5,301245,83.9,70.7
ENT_IN_20709,Kavita Sheikh,594,13.89,1,1,UDYAM-TN-03-8074084,NOT_APPLICABLE,1,29.03,5.4,278421,37.5,65.8
ENT_IN_20710,Ganesh Mishra,632,6.41,1,1,NOT_REGISTERED,NOT_APPLICABLE,1,12.93,9.3,106244,52.9,55.2
ENT_IN_20711,Ananya Chatterjee,680,11.17,1,0,NOT_REGISTERED,NOT_APPLICABLE,0,0.29,3.2,309610,35.0,52.4
ENT_IN_20712,Radha Nair,758,17.75,1,1,NOT_REGISTERED,ACTIVE,1,22.8,1.8,126875,67.4,89.5
ENT_IN_20713,Deepak Kumar,829,9.73,1,1,UDYAM-GJ-03-8587578,ACTIVE,1,16.24,9.4,37713,79.4,95.2
ENT_IN_20714,Vikram Kumar,841,18.97,1,0,UDYAM-MH-03-2585142,NOT_APPLICABLE,1,44.68,10.3,279033,47.2,84.3
ENT_IN_20715,Kavita Deshmukh,0,16.06,1,1,UDYAM-PB-03-1511726,NOT_APPLICABLE,1,2.21,5.1,385633,74.8,66.1
ENT_IN_20716,Mamta Rao,658,12.5,0,0,NOT_REGISTERED,ACTIVE,1,9.63,11.6,118410,67.9,63.5
ENT_IN_20717,Anita Deshmukh,586,24.33,0,1,UDYAM-PB-03-6863580,UNREGISTERED,1,43.29,9.2,280455,92.3,71.8
ENT_IN_20718,Sunil Gupta,758,13.83,1,1,NOT_REGISTERED,ACTIVE,1,29.48,1.8,79562,92.3,90.3
ENT_IN_20719,Sangeeta Yadav,0,22.87,1,1,NOT_REGISTERED,ACTIVE,1,43.33,5.8,131054,54.4,57.7
ENT_IN_20720,Dinesh Rao,709,5.29,1,1,UDYAM-MH-03-7229888,UNREGISTERED,1,37.12,7.5,154801,71.1,79.2
ENT_IN_20721,Sunita Shah,624,21.21,1,1,UDYAM-UP-03-6778491,NOT_APPLICABLE,1,20.21,5.8,41021,75.6,71.1
ENT_IN_20722,Vijay Reddy,785,5.11,1,0,UDYAM-KA-03-5059801,NOT_APPLICABLE,1,24.48,2.7,92821,88.4,85.2
ENT_IN_20723,Mohammed Singh,677,2.37,1,1,UDYAM-UP-03-8278006,NOT_APPLICABLE,1,40.17,9.1,445276,90.7,90.8
ENT_IN_20724,Sujata Mishra,750,19.42,1,1,NOT_REGISTERED,ACTIVE,1,7.19,3.6,298897,50.8,91.8
ENT_IN_20725,Prakash Rao,577,9.73,1,1,NOT_REGISTERED,ACTIVE,1,38.42,8.5,384155,50.7,69.4
ENT_IN_20726,Ananya Shah,0,3.13,1,1,UDYAM-UP-03-5131705,NOT_APPLICABLE,0,35.12,8.1,104636,54.9,48.3
ENT_IN_20727,Sanjay Deshmukh,0,10.08,0,1,UDYAM-KA-03-8812100,UNREGISTERED,0,16.65,0.2,270664,47.3,44.4
ENT_IN_20728,Pooja Kaur,0,13.59,1,1,UDYAM-UP-03-1731405,ACTIVE,1,19.01,2.0,408074,48.5,66.8
ENT_IN_20729,Sunil Singh,0,2.76,0,1,UDYAM-TN-03-9258902,ACTIVE,1,4.05,8.2,448714,70.5,66.7
ENT_IN_20730,Lakshmi Mehta,602,18.47,1,1,NOT_REGISTERED,NOT_APPLICABLE,1,14.08,0.2,43518,49.5,53.8
ENT_IN_20731,Pooja Gowda,0,14.28,1,1,NOT_REGISTERED,ACTIVE,1,12.66,8.4,423649,67.8,66.6
ENT_IN_20732,Radha Chatterjee,583,24.79,0,1,NOT_REGISTERED,ACTIVE,0,24.91,11.2,288927,48.5,52.0
ENT_IN_20733,Deepika Patel,619,17.12,1,1,UDYAM-TN-03-8594021,NOT_APPLICABLE,1,35.9,11.2,215683,63.9,74.6
ENT_IN_20734,Mamta Khan,667,5.74,1,1,UDYAM-UP-03-4930450,NOT_APPLICABLE,1,37.69,2.3,357616,51.1,78.0
ENT_IN_20735,Anil Patel,685,5.91,1,1,UDYAM-PB-03-4945639,NOT_APPLICABLE,1,30.38,1.2,66558,59.0,73.0
ENT_IN_20736,Rajesh Rao,735,16.22,1,1,UDYAM-PB-03-2408527,NOT_APPLICABLE,1,8.72,9.0,426344,49.3,81.1
ENT_IN_20737,Sujata Gowda,561,24.13,1,1,NOT_REGISTERED,NOT_APPLICABLE,1,19.27,1.7,445062,45.0,59.2
ENT_IN_20738,Savita Nair,0,15.39,1,0,NOT_REGISTERED,NOT_APPLICABLE,1,20.32,1.8,294128,37.7,42.7
ENT_IN_20739,Vijay Mishra,789,17.45,1,0,UDYAM-KA-03-5327805,NOT_APPLICABLE,1,30.14,7.4,40459,40.3,74.1
ENT_IN_20740,Seema Khan,621,18.17,1,1,UDYAM-PB-03-6277218,NOT_APPLICABLE,1,13.82,5.6,372204,54.4,71.6
ENT_IN_20741,Dinesh Deshmukh,700,13.54,1,1,UDYAM-GJ-03-4979172,NOT_APPLICABLE,1,26.33,3.4,404506,50.7,78.8
ENT_IN_20742,Neha Chaudhary,634,21.57,1,1,UDYAM-MH-03-5546112,ACTIVE,1,24.33,3.6,161790,83.3,84.8
ENT_IN_20743,Ayesha Kumar,686,20.46,1,1,UDYAM-PB-03-5537641,ACTIVE,1,36.65,10.9,190311,67.3,87.4
ENT_IN_20744,Seema Nair,710,8.67,1,1,NOT_REGISTERED,NOT_APPLICABLE,0,23.34,10.9,27642,61.2,57.4
ENT_IN_20745,Geeta Shah,699,4.85,1,1,NOT_REGISTERED,ACTIVE,1,18.67,10.2,16547,81.0,79.0
ENT_IN_20746,Pooja Kumar,765,21.12,1,0,NOT_REGISTERED,UNREGISTERED,1,11.1,3.0,429723,77.1,81.2
ENT_IN_20747,Ganesh Mehta,665,18.91,1,1,UDYAM-MH-03-9181581,ACTIVE,1,33.48,1.2,324187,65.0,93.7
ENT_IN_20748,Mahesh Banerjee,826,6.91,1,1,UDYAM-PB-03-5087875,NOT_APPLICABLE,1,16.51,8.6,70433,47.4,82.6
ENT_IN_20749,Amit Chaudhary,798,9.83,1,1,NOT_REGISTERED,ACTIVE,1,39.99,5.2,126309,69.4,90.6
ENT_IN_20750,Kiran Das,682,12.36,1,0,NOT_REGISTERED,UNREGISTERED,1,44.46,10.0,66729,36.4,54.1
ENT_IN_20751,Deepika Mishra,0,23.69,1,1,UDYAM-PB-03-8273916,ACTIVE,1,31.24,5.8,291669,93.9,80.7
ENT_IN_20752,Savita Mishra,0,0.62,1,1,UDYAM-PB-03-6425042,NOT_APPLICABLE,0,7.74,8.6,213705,39.7,49.4
ENT_IN_20753,Rekha Mishra,583,17.62,0,1,UDYAM-TN-03-3649377,NOT_APPLICABLE,1,22.27,1.8,371204,95.3,76.1
ENT_IN_20754,Priya Singh,734,13.56,1,1,NOT_REGISTERED,ACTIVE,1,30.32,0.1,238515,50.9,80.4
ENT_IN_20755,Deepika Kumar,795,11.19,1,1,UDYAM-PB-03-8985969,NOT_APPLICABLE,1,26.04,10.6,198438,89.0,99.9
ENT_IN_20756,Savita Kumar,801,20.27,1,1,UDYAM-GJ-03-5331279,NOT_APPLICABLE,0,33.6,9.5,442201,72.6,84.5
ENT_IN_20757,Harpreet Yadav,771,10.14,1,1,UDYAM-KA-03-5097885,ACTIVE,1,42.54,11.8,340242,67.8,99.1
ENT_IN_20758,Prakash Nair,671,16.44,1,1,NOT_REGISTERED,ACTIVE,1,7.35,11.2,280692,98.4,89.9
ENT_IN_20759,Vijay Gupta,617,6.28,1,1,UDYAM-MH-03-6180432,NOT_APPLICABLE,1,14.17,9.7,58397,35.9,62.0
ENT_IN_20760,Rahul Shah,712,8.72,1,1,UDYAM-GJ-03-8170445,NOT_APPLICABLE,1,32.81,6.4,369489,82.3,88.9
ENT_IN_20761,Sunil Kulkarni,719,15.52,1,1,UDYAM-GJ-03-3248880,NOT_APPLICABLE,0,24.31,5.9,44112,78.2,66.6
ENT_IN_20762,Ashok Joshi,660,13.31,1,1,UDYAM-TN-03-6651132,UNREGISTERED,1,28.16,9.4,377228,48.2,81.0
ENT_IN_20763,Vijay Nair,640,16.96,1,1,UDYAM-TN-03-6363032,NOT_APPLICABLE,1,38.4,6.1,73437,95.6,76.4
ENT_IN_20764,Harpreet Mishra,629,18.07,1,1,UDYAM-KA-03-9722441,ACTIVE,1,2.89,9.6,272601,44.8,78.6
ENT_IN_20765,Ramesh Chatterjee,578,19.71,1,1,UDYAM-MH-03-1749546,NOT_APPLICABLE,1,13.46,10.9,35451,38.1,59.7
ENT_IN_20766,Deepika Sharma,559,10.46,1,0,UDYAM-GJ-03-6394323,NOT_APPLICABLE,1,40.57,5.0,217131,61.2,67.5
ENT_IN_20767,Simran Chatterjee,574,14.56,1,1,UDYAM-TN-03-1657090,ACTIVE,1,2.7,6.7,348066,92.4,90.0
ENT_IN_20768,Rahul Sharma,583,23.97,1,1,NOT_REGISTERED,ACTIVE,1,16.38,4.7,293099,85.7,79.9
ENT_IN_20769,Sanjay Khan,767,2.38,1,1,NOT_REGISTERED,NOT_APPLICABLE,1,2.79,2.7,109428,45.5,76.8
ENT_IN_20770,Seema Sharma,630,4.46,1,1,NOT_REGISTERED,ACTIVE,1,10.13,8.8,114423,63.4,65.8
ENT_IN_20771,Karan Joshi,552,19.42,1,1,UDYAM-UP-03-5570390,NOT_APPLICABLE,0,2.81,4.9,413091,67.4,65.9
ENT_IN_20772,Pradeep Gowda,784,13.28,1,1,UDYAM-UP-03-6882121,NOT_APPLICABLE,1,22.88,5.3,363116,79.9,98.5
ENT_IN_20773,Simran Verma,699,7.96,1,1,UDYAM-KA-03-6632781,NOT_APPLICABLE,1,4.7,4.4,30839,63.7,74.8
ENT_IN_20774,Mohammed Gupta,666,11.23,1,1,UDYAM-UP-03-9039845,ACTIVE,1,22.02,2.5,144514,97.4,96.8
ENT_IN_20775,Meena Banerjee,563,21.97,1,1,NOT_REGISTERED,UNREGISTERED,1,11.3,2.8,391138,75.8,71.1
ENT_IN_20776,Dinesh Kulkarni,671,18.01,1,1,UDYAM-MH-03-5541223,ACTIVE,0,28.88,3.1,173564,88.0,81.0
ENT_IN_20777,Dinesh Sharma,647,9.68,1,1,UDYAM-UP-03-7372584,NOT_APPLICABLE,1,24.45,5.0,51796,47.3,63.2
ENT_IN_20778,Sunil Yadav,566,13.05,1,0,NOT_REGISTERED,ACTIVE,1,10.68,11.4,174206,65.8,63.5
ENT_IN_20779,Ganesh Kaur,778,8.39,1,1,UDYAM-TN-03-5890276,ACTIVE,1,19.75,3.3,86418,38.2,86.0
ENT_IN_20780,Ramesh Banerjee,657,23.33,1,1,UDYAM-MH-03-7951335,ACTIVE,1,17.98,4.0,41779,48.9,80.2
ENT_IN_20781,Mamta Deshmukh,662,19.99,1,1,UDYAM-MH-03-2951732,NOT_APPLICABLE,1,30.21,2.9,419552,90.4,91.9
ENT_IN_20782,Ashok Gupta,614,22.98,1,1,UDYAM-PB-03-8492758,ACTIVE,1,5.53,1.2,422725,49.5,77.1
ENT_IN_20783,Rahul Banerjee,758,20.14,1,1,UDYAM-UP-03-2637024,ACTIVE,1,15.26,10.3,133837,77.8,100.0
ENT_IN_20784,Deepak Joshi,564,14.39,1,1,UDYAM-GJ-03-7637236,NOT_APPLICABLE,1,27.41,0.7,405157,48.9,68.7
ENT_IN_20785,Radha Joshi,730,13.12,1,0,UDYAM-MH-03-6952904,ACTIVE,1,36.15,5.6,329927,42.3,81.1
ENT_IN_20786,Sujata Banerjee,708,18.58,1,1,NOT_REGISTERED,NOT_APPLICABLE,0,16.89,1.7,414209,64.5,67.8
ENT_IN_20787,Ananya Singh,605,24.02,1,1,UDYAM-PB-03-1676700,NOT_APPLICABLE,1,24.19,3.3,320090,65.5,77.3
ENT_IN_20788,Sunil Kumar,599,15.57,1,1,UDYAM-MH-03-3311456,ACTIVE,0,1.92,7.1,273823,37.0,64.7
ENT_IN_20789,Arjun Reddy,0,16.75,1,1,UDYAM-UP-03-4789288,NOT_APPLICABLE,1,20.5,11.2,157565,63.9,59.2
ENT_IN_20790,Simran Yadav,0,16.27,1,1,NOT_REGISTERED,ACTIVE,1,24.23,9.2,162955,89.5,68.0
ENT_IN_20791,Meena Banerjee,772,23.51,1,1,UDYAM-KA-03-3275781,UNREGISTERED,0,23.8,1.9,126179,80.4,84.1
ENT_IN_20792,Sunita Joshi,818,3.83,1,1,UDYAM-GJ-03-7427251,ACTIVE,1,13.65,2.3,276180,73.7,100.0
ENT_IN_20793,Ayesha Shah,733,4.33,1,1,UDYAM-KA-03-1017907,NOT_APPLICABLE,1,24.85,2.5,399410,59.4,81.7
ENT_IN_20794,Dinesh Kumar,577,17.72,1,0,UDYAM-KA-03-3095137,ACTIVE,1,44.38,2.1,59443,67.7,67.1
ENT_IN_20795,Ayesha Mehta,675,2.79,1,0,NOT_REGISTERED,UNREGISTERED,1,15.29,5.6,43508,47.3,54.9
ENT_IN_20796,Kavita Banerjee,576,17.26,1,1,NOT_REGISTERED,ACTIVE,1,40.08,5.7,237743,57.0,72.1
ENT_IN_20797,Rahul Yadav,686,8.58,1,1,NOT_REGISTERED,ACTIVE,1,27.38,5.5,193877,74.8,81.8
ENT_IN_20798,Anil Rao,705,6.73,1,1,UDYAM-TN-03-2445571,ACTIVE,1,24.88,8.4,209490,89.4,97.1
ENT_IN_20799,Ayesha Kulkarni,689,9.22,1,1,UDYAM-KA-03-1981508,NOT_APPLICABLE,1,15.98,3.3,143405,92.1,84.2
ENT_IN_20800,Vijay Kumar,624,13.36,1,1,UDYAM-UP-03-4521294,NOT_APPLICABLE,1,17.54,9.4,330902,62.4,75.2
ENT_IN_20801,Ananya Joshi,557,18.5,1,0,NOT_REGISTERED,NOT_APPLICABLE,1,38.73,6.9,406413,66.6,57.6
ENT_IN_20802,Ananya Mishra,768,12.84,1,1,UDYAM-MH-03-9055774,ACTIVE,0,24.3,6.0,209731,89.4,94.8
ENT_IN_20803,Harpreet Patil,650,7.9,1,0,NOT_REGISTERED,ACTIVE,0,38.06,3.6,323494,37.8,58.2
ENT_IN_20804,Seema Sharma,656,21.06,1,1,UDYAM-TN-03-3822139,ACTIVE,1,44.02,11.1,168714,79.3,92.0
ENT_IN_20805,Deepika Kulkarni,565,1.07,1,1,UDYAM-KA-03-3397413,NOT_APPLICABLE,1,40.53,1.3,338466,73.4,75.4
ENT_IN_20806,Tariq Das,579,7.14,0,1,UDYAM-KA-03-8076004,ACTIVE,1,40.16,9.4,21303,83.6,70.6
ENT_IN_20807,Ganesh Gupta,838,11.91,1,1,NOT_REGISTERED,UNREGISTERED,1,1.14,11.1,149276,48.8,76.4
ENT_IN_20808,Priya Khan,0,0.31,1,1,NOT_REGISTERED,NOT_APPLICABLE,0,34.62,2.3,24999,77.6,42.1
ENT_IN_20809,Ashok Sheikh,0,10.67,1,1,UDYAM-TN-03-9986381,NOT_APPLICABLE,1,11.92,8.6,318980,83.5,67.9
ENT_IN_20810,Radha Khan,713,20.2,1,1,NOT_REGISTERED,NOT_APPLICABLE,1,39.7,3.2,137248,84.8,78.4
ENT_IN_20811,Ramesh Gupta,781,0.77,0,1,NOT_REGISTERED,ACTIVE,1,30.37,10.9,134107,52.0,74.9
ENT_IN_20812,Mamta Patil,819,23.47,1,1,NOT_REGISTERED,ACTIVE,0,5.62,6.8,282619,69.9,86.8
ENT_IN_20813,Kiran Sheikh,0,3.62,1,1,NOT_REGISTERED,ACTIVE,1,36.33,1.1,405713,89.5,66.7
ENT_IN_20814,Vikram Gupta,756,1.99,1,1,UDYAM-MH-03-2666485,UNREGISTERED,0,26.02,10.0,322506,75.9,88.1
ENT_IN_20815,Kiran Singh,701,2.26,1,1,UDYAM-MH-03-6988602,NOT_APPLICABLE,1,4.11,0.9,278174,90.5,89.2
ENT_IN_20816,Mohammed Shah,833,12.57,1,1,UDYAM-PB-03-9536908,NOT_APPLICABLE,1,0.04,5.6,49598,63.8,83.4
ENT_IN_20817,Mamta Patil,825,17.92,1,1,UDYAM-UP-03-9117050,UNREGISTERED,1,18.11,1.1,190145,56.0,89.5
ENT_IN_20818,Mohammed Patil,652,20.23,1,1,UDYAM-PB-03-8533060,NOT_APPLICABLE,0,23.47,6.7,126405,97.4,79.2
ENT_IN_20819,Deepika Banerjee,588,21.54,1,1,UDYAM-KA-03-8147886,ACTIVE,0,17.47,1.3,50254,35.6,56.1
ENT_IN_20820,Tariq Sharma,762,2.35,1,1,UDYAM-PB-03-3271776,ACTIVE,1,3.65,5.2,209514,67.2,100.0
ENT_IN_20821,Manoj Chatterjee,585,3.68,1,1,NOT_REGISTERED,NOT_APPLICABLE,1,41.76,7.1,291283,97.9,74.9
ENT_IN_20822,Deepika Gupta,617,14.71,0,1,NOT_REGISTERED,ACTIVE,1,4.81,11.2,263707,56.9,60.8
ENT_IN_20823,Priya Reddy,570,5.48,1,1,NOT_REGISTERED,ACTIVE,1,43.04,9.5,348303,77.6,78.6
ENT_IN_20824,Preeti Sheikh,634,21.17,1,1,UDYAM-PB-03-6366626,UNREGISTERED,1,3.92,5.4,57678,77.9,68.4
ENT_IN_20825,Vikram Reddy,560,5.75,1,1,NOT_REGISTERED,ACTIVE,1,28.1,4.7,279017,57.7,73.6
ENT_IN_20826,Ayesha Patel,552,13.7,1,1,UDYAM-KA-03-4437864,ACTIVE,1,21.77,8.7,173171,45.7,73.5
ENT_IN_20827,Vijay Kaur,738,24.5,1,1,NOT_REGISTERED,NOT_APPLICABLE,1,29.58,8.4,76604,79.5,71.6
ENT_IN_20828,Anita Verma,699,18.78,1,1,UDYAM-PB-03-3925227,ACTIVE,1,18.66,6.7,302463,78.9,96.7
ENT_IN_20829,Kavita Reddy,571,0.11,1,1,UDYAM-KA-03-9672035,NOT_APPLICABLE,1,6.41,0.2,162009,35.2,64.3
ENT_IN_20830,Ashok Verma,817,22.17,0,1,NOT_REGISTERED,ACTIVE,1,10.61,5.0,199096,37.3,74.2
ENT_IN_20831,Bhavna Patel,732,11.46,0,0,UDYAM-MH-03-9564604,ACTIVE,1,12.62,0.9,298739,81.3,81.9
ENT_IN_20832,Rohan Banerjee,846,16.67,1,1,NOT_REGISTERED,ACTIVE,1,0.58,7.3,249869,88.9,97.2
ENT_IN_20833,Pradeep Mishra,849,18.8,1,1,NOT_REGISTERED,ACTIVE,1,18.3,6.9,35063,82.6,91.9
ENT_IN_20834,Kavita Chatterjee,685,22.81,1,1,UDYAM-TN-03-8110624,UNREGISTERED,1,23.77,1.4,218537,50.0,81.7
ENT_IN_20835,Mamta Sheikh,0,10.82,1,1,UDYAM-UP-03-8136956,ACTIVE,1,30.64,2.5,245378,50.7,66.1
ENT_IN_20836,Fatima Patel,640,8.06,0,1,UDYAM-TN-03-6639825,UNREGISTERED,1,1.09,0.4,20877,81.1,59.8
ENT_IN_20837,Neha Shah,764,7.04,1,1,NOT_REGISTERED,ACTIVE,1,41.96,8.9,114303,36.9,77.9
ENT_IN_20838,Sanjay Kulkarni,0,15.72,1,1,UDYAM-GJ-03-2829408,UNREGISTERED,1,5.48,2.5,180075,56.1,57.5
ENT_IN_20839,Rajesh Khan,599,15.46,1,0,UDYAM-TN-03-1115489,ACTIVE,1,2.65,3.3,308066,67.6,76.6
ENT_IN_20840,Mohammed Gowda,646,13.14,1,0,UDYAM-TN-03-2525292,ACTIVE,1,0.03,10.8,200755,80.4,75.7
ENT_IN_20841,Rahul Joshi,622,9.26,1,1,UDYAM-GJ-03-7884940,ACTIVE,1,27.21,2.2,167145,65.4,75.5
ENT_IN_20842,Anil Chatterjee,693,17.94,1,0,NOT_REGISTERED,ACTIVE,1,12.65,7.4,315471,87.5,84.5
ENT_IN_20843,Deepak Sharma,680,10.95,1,1,UDYAM-KA-03-4417694,NOT_APPLICABLE,1,13.11,4.5,209470,41.6,78.3
ENT_IN_20844,Manoj Chatterjee,794,2.73,1,1,NOT_REGISTERED,NOT_APPLICABLE,1,32.63,2.0,52203,96.8,85.2
ENT_IN_20845,Deepika Verma,695,20.92,1,1,UDYAM-PB-03-9694504,NOT_APPLICABLE,1,7.11,1.3,353135,72.1,85.7
ENT_IN_20846,Deepak Kumar,0,5.52,1,0,UDYAM-KA-03-2875293,NOT_APPLICABLE,1,35.95,5.0,200474,85.5,59.2
ENT_IN_20847,Seema Das,699,10.48,1,1,UDYAM-UP-03-6661285,NOT_APPLICABLE,1,33.65,10.1,193264,77.0,88.0
ENT_IN_20848,Savita Deshmukh,758,11.0,1,1,UDYAM-KA-03-8285795,ACTIVE,1,13.35,4.2,428989,91.5,100.0
ENT_IN_20849,Rekha Gowda,830,23.38,1,1,NOT_REGISTERED,ACTIVE,1,11.33,11.1,315971,68.3,92.5
ENT_IN_20850,Kiran Joshi,569,10.69,1,0,UDYAM-TN-03-5781917,UNREGISTERED,1,10.53,5.7,215490,78.2,70.0
ENT_IN_20851,Radha Joshi,606,17.23,1,0,NOT_REGISTERED,NOT_APPLICABLE,0,4.01,0.3,250309,52.3,44.5
ENT_IN_20852,Kiran Singh,627,7.18,1,1,UDYAM-TN-03-8857501,NOT_APPLICABLE,1,13.27,1.6,409254,43.2,71.2
ENT_IN_20853,Sujata Mehta,590,18.76,1,1,UDYAM-MH-03-7052798,ACTIVE,0,16.68,5.8,69785,92.7,71.5
ENT_IN_20854,Fatima Yadav,554,23.63,1,0,UDYAM-KA-03-9473292,NOT_APPLICABLE,1,43.94,8.9,344492,52.5,66.1
ENT_IN_20855,Sunita Khan,676,2.1,1,1,UDYAM-TN-03-2388545,ACTIVE,1,3.03,8.4,114703,92.9,92.0
ENT_IN_20856,Simran Reddy,661,4.95,1,1,UDYAM-MH-03-9722672,UNREGISTERED,1,36.16,4.5,97426,63.8,78.6
ENT_IN_20857,Amit Chatterjee,689,15.24,1,1,NOT_REGISTERED,ACTIVE,1,14.74,4.4,405013,56.5,81.3
ENT_IN_20858,Rahul Gowda,772,22.61,0,1,UDYAM-GJ-03-9061089,NOT_APPLICABLE,1,26.9,2.1,144335,49.1,79.6
ENT_IN_20859,Karan Singh,838,20.74,1,0,UDYAM-PB-03-3903347,NOT_APPLICABLE,1,36.29,5.8,399910,94.3,94.1
ENT_IN_20860,Karan Gupta,829,21.92,1,1,UDYAM-GJ-03-3258995,UNREGISTERED,1,0.03,7.7,441980,78.5,95.0
ENT_IN_20861,Kavita Joshi,825,20.47,1,1,UDYAM-GJ-03-1718562,NOT_APPLICABLE,1,0.51,4.4,130784,48.5,85.6
ENT_IN_20862,Seema Banerjee,683,4.44,1,1,NOT_REGISTERED,NOT_APPLICABLE,1,33.66,3.8,82684,55.5,65.4
ENT_IN_20863,Ananya Joshi,629,24.44,1,1,UDYAM-KA-03-5134068,ACTIVE,1,32.58,10.6,330631,38.5,73.9
ENT_IN_20864,Sanjay Patil,749,2.42,1,1,UDYAM-UP-03-1817080,NOT_APPLICABLE,0,12.37,7.1,87194,37.2,62.4
ENT_IN_20865,Deepika Rao,623,10.97,1,0,UDYAM-GJ-03-2679331,ACTIVE,1,5.62,3.4,337623,75.5,77.4
ENT_IN_20866,Anil Reddy,696,21.49,1,1,UDYAM-UP-03-6714748,NOT_APPLICABLE,1,42.03,2.3,220806,58.8,82.5
ENT_IN_20867,Mamta Patel,0,0.51,1,1,UDYAM-PB-03-7472795,ACTIVE,0,19.17,5.0,393823,63.6,60.5
ENT_IN_20868,Anita Yadav,0,13.56,1,0,UDYAM-KA-03-1064771,ACTIVE,1,37.0,5.2,320147,99.7,73.4
ENT_IN_20869,Ramesh Mehta,843,17.53,1,1,UDYAM-GJ-03-3518133,UNREGISTERED,1,21.77,5.4,69113,70.0,90.5
ENT_IN_20870,Prakash Gupta,574,5.14,1,1,NOT_REGISTERED,ACTIVE,1,1.3,1.1,118873,84.7,73.1
ENT_IN_20871,Mamta Sharma,806,4.71,0,1,UDYAM-KA-03-6912692,ACTIVE,0,15.24,2.1,52930,74.9,77.1
ENT_IN_20872,Deepika Patel,824,22.75,1,1,NOT_REGISTERED,UNREGISTERED,1,21.73,0.8,170420,38.4,76.5
ENT_IN_20873,Mohammed Chatterjee,669,2.91,1,1,UDYAM-UP-03-9724590,ACTIVE,1,12.07,0.0,101538,43.2,80.6
ENT_IN_20874,Sangeeta Kaur,829,23.45,1,1,NOT_REGISTERED,NOT_APPLICABLE,1,5.17,8.7,46466,81.5,83.4
ENT_IN_20875,Harpreet Singh,735,1.56,1,0,UDYAM-TN-03-6320057,UNREGISTERED,1,38.89,0.7,260258,88.3,82.7
ENT_IN_20876,Vijay Yadav,817,19.41,1,1,NOT_REGISTERED,UNREGISTERED,1,27.74,9.2,257780,97.0,96.3
ENT_IN_20877,Suresh Kumar,0,9.35,0,0,NOT_REGISTERED,UNREGISTERED,0,44.71,5.2,229158,68.1,32.1
ENT_IN_20878,Rohan Khan,625,15.23,1,1,UDYAM-MH-03-8549436,ACTIVE,0,36.01,7.4,281628,75.3,74.3
ENT_IN_20879,Seema Das,659,7.59,1,1,UDYAM-KA-03-1148868,ACTIVE,0,34.43,8.0,161515,81.2,82.4
ENT_IN_20880,Ananya Shah,568,13.03,1,1,UDYAM-GJ-03-9113359,NOT_APPLICABLE,1,36.85,4.2,342380,58.5,75.3
ENT_IN_20881,Karan Deshmukh,669,11.6,1,1,UDYAM-KA-03-8654971,ACTIVE,1,37.73,10.5,123737,77.4,88.2
ENT_IN_20882,Sunita Singh,663,20.26,1,1,NOT_REGISTERED,ACTIVE,1,8.99,4.0,89504,46.2,73.2
ENT_IN_20883,Meena Gowda,682,7.61,1,1,UDYAM-KA-03-8346444,ACTIVE,1,43.54,3.0,190349,81.0,92.3
ENT_IN_20884,Arjun Rao,756,1.89,1,1,NOT_REGISTERED,ACTIVE,1,13.09,10.5,233026,89.5,100.0
ENT_IN_20885,Sunil Kumar,0,3.07,1,1,UDYAM-MH-03-1323555,ACTIVE,0,31.37,7.2,227393,36.2,53.2
ENT_IN_20886,Manoj Das,762,7.45,1,1,NOT_REGISTERED,ACTIVE,1,5.72,6.0,160830,96.9,99.5
ENT_IN_20887,Simran Deshmukh,827,0.0,0,1,NOT_REGISTERED,ACTIVE,1,35.56,11.0,47271,80.0,79.4
ENT_IN_20888,Ganesh Kulkarni,683,21.9,1,0,UDYAM-PB-03-7348980,NOT_APPLICABLE,0,12.12,8.8,249742,51.1,62.0
ENT_IN_20889,Amit Das,647,6.26,1,1,UDYAM-KA-03-6671755,ACTIVE,1,3.62,1.7,143464,92.0,83.3
ENT_IN_20890,Mahesh Nair,726,14.9,1,1,UDYAM-TN-03-3545268,NOT_APPLICABLE,1,7.67,4.6,215541,82.7,88.7
ENT_IN_20891,Tariq Chatterjee,618,2.45,1,1,NOT_REGISTERED,ACTIVE,1,0.5,0.3,173984,38.2,62.5
ENT_IN_20892,Manoj Shah,755,7.74,1,1,UDYAM-UP-03-5464056,UNREGISTERED,1,7.61,4.0,126864,71.7,90.1
ENT_IN_20893,Ashok Patil,661,24.37,1,1,UDYAM-GJ-03-4637701,UNREGISTERED,1,9.61,1.5,206908,47.5,79.2
ENT_IN_20894,Harpreet Gupta,588,14.4,1,1,NOT_REGISTERED,ACTIVE,1,44.41,8.2,86987,78.1,71.4
ENT_IN_20895,Bhavna Khan,652,15.05,1,1,UDYAM-TN-03-8431465,NOT_APPLICABLE,1,20.45,1.4,190129,50.2,77.4
ENT_IN_20896,Ganesh Gupta,633,19.46,1,1,UDYAM-PB-03-7775269,ACTIVE,1,25.83,11.5,77052,67.8,77.0
ENT_IN_20897,Fatima Mishra,587,2.48,1,1,UDYAM-UP-03-7638294,NOT_APPLICABLE,1,24.86,10.8,234213,81.9,78.5
ENT_IN_20898,Deepak Singh,754,13.42,0,0,UDYAM-KA-03-1686055,NOT_APPLICABLE,0,11.86,7.4,266374,67.7,70.8
ENT_IN_20899,Priya Chaudhary,810,11.32,1,1,NOT_REGISTERED,NOT_APPLICABLE,1,29.99,0.6,82053,57.0,75.3
ENT_IN_20900,Sangeeta Mehta,0,24.99,1,1,UDYAM-TN-03-5829432,ACTIVE,0,34.42,12.0,220929,50.3,58.0
ENT_IN_20901,Gurpreet Nair,585,1.81,1,1,UDYAM-GJ-03-3559679,NOT_APPLICABLE,1,38.12,8.9,359400,90.4,83.0
ENT_IN_20902,Suresh Shah,794,18.84,1,1,UDYAM-PB-03-1913522,UNREGISTERED,1,41.97,8.9,409442,58.1,95.5
ENT_IN_20903,Prakash Verma,0,13.08,1,1,NOT_REGISTERED,NOT_APPLICABLE,1,14.75,9.3,232446,61.4,56.0
ENT_IN_20904,Suresh Das,839,13.56,1,1,UDYAM-TN-03-7548765,ACTIVE,1,9.84,0.2,405340,76.5,100.0
ENT_IN_20905,Harpreet Banerjee,614,2.09,1,1,UDYAM-KA-03-4368698,ACTIVE,0,2.69,2.6,444588,77.9,75.4
ENT_IN_20906,Geeta Kulkarni,578,3.04,0,0,UDYAM-GJ-03-4494262,NOT_APPLICABLE,0,4.28,3.0,96150,36.3,33.1
ENT_IN_20907,Vijay Kumar,786,11.87,1,1,UDYAM-GJ-03-9116646,ACTIVE,1,27.77,7.0,203414,81.7,100.0
ENT_IN_20908,Ramesh Verma,598,19.61,1,1,NOT_REGISTERED,NOT_APPLICABLE,1,41.54,5.8,293394,97.0,73.5
ENT_IN_20909,Gurpreet Sharma,687,11.3,1,0,NOT_REGISTERED,NOT_APPLICABLE,1,0.67,8.3,107276,89.4,68.1
ENT_IN_20910,Vijay Kaur,842,17.3,1,1,NOT_REGISTERED,ACTIVE,1,36.44,9.3,21800,78.7,87.1
ENT_IN_20911,Mahesh Mehta,0,18.0,1,1,NOT_REGISTERED,NOT_APPLICABLE,1,27.3,11.4,127799,82.2,57.9
ENT_IN_20912,Anita Nair,768,6.28,1,1,UDYAM-GJ-03-2990640,ACTIVE,1,3.51,11.1,29989,50.9,90.4
ENT_IN_20913,Deepak Joshi,577,10.38,1,1,NOT_REGISTERED,NOT_APPLICABLE,0,30.03,1.0,438646,98.7,66.5
ENT_IN_20914,Ananya Chatterjee,0,22.88,1,1,UDYAM-MH-03-1092843,NOT_APPLICABLE,1,16.89,6.5,76561,54.6,57.4
ENT_IN_20915,Rohan Patil,701,8.2,1,1,UDYAM-GJ-03-1213860,NOT_APPLICABLE,1,31.33,0.7,113237,52.8,76.4
ENT_IN_20916,Harpreet Gupta,825,21.96,1,1,UDYAM-PB-03-9594562,NOT_APPLICABLE,1,43.91,11.6,29240,63.6,87.9
ENT_IN_20917,Kavita Singh,0,16.67,1,0,UDYAM-GJ-03-3967616,ACTIVE,1,18.65,2.0,178229,72.6,64.9
ENT_IN_20918,Vikram Sheikh,622,17.33,1,1,UDYAM-PB-03-2331689,ACTIVE,1,9.77,7.1,217122,73.8,81.6
ENT_IN_20919,Savita Kaur,558,11.4,1,1,UDYAM-GJ-03-5998761,ACTIVE,1,18.65,2.5,360679,35.4,74.7
ENT_IN_20920,Ramesh Patel,661,10.01,1,1,UDYAM-PB-03-2642378,ACTIVE,1,10.46,5.4,372375,51.8,87.5
ENT_IN_20921,Sangeeta Kulkarni,716,11.18,1,1,UDYAM-GJ-03-4464248,NOT_APPLICABLE,0,21.72,0.4,131370,40.3,65.7
ENT_IN_20922,Sangeeta Nair,602,18.86,1,1,NOT_REGISTERED,ACTIVE,1,29.69,9.8,338884,59.8,69.8
ENT_IN_20923,Seema Kulkarni,634,20.25,1,1,UDYAM-MH-03-4081630,ACTIVE,0,10.86,3.5,350746,66.1,71.2
ENT_IN_20924,Rajesh Sharma,728,2.98,1,0,UDYAM-MH-03-8947014,ACTIVE,1,21.0,4.7,221812,73.9,82.8
ENT_IN_20925,Pooja Banerjee,769,9.1,1,1,NOT_REGISTERED,ACTIVE,1,34.65,4.2,120155,66.1,90.7
ENT_IN_20926,Seema Sheikh,0,20.74,1,1,UDYAM-PB-03-9221805,NOT_APPLICABLE,1,10.96,8.7,223214,43.3,56.3
ENT_IN_20927,Karan Gupta,0,16.72,1,1,UDYAM-MH-03-9902738,NOT_APPLICABLE,0,8.02,0.2,193354,57.8,49.8
ENT_IN_20928,Prakash Rao,0,10.91,1,1,UDYAM-UP-03-5481117,ACTIVE,1,20.97,9.8,377777,68.8,71.9
ENT_IN_20929,Karan Gowda,783,3.62,1,1,NOT_REGISTERED,NOT_APPLICABLE,1,29.87,10.1,236752,98.0,92.5
ENT_IN_20930,Gurpreet Patel,0,13.34,0,1,UDYAM-UP-03-7792514,UNREGISTERED,1,8.46,4.3,216452,43.1,49.1
ENT_IN_20931,Sunil Nair,0,4.37,1,1,UDYAM-MH-03-8881104,ACTIVE,0,0.5,5.6,48867,96.7,59.0
ENT_IN_20932,Lakshmi Rao,659,15.97,1,1,UDYAM-UP-03-3742579,NOT_APPLICABLE,1,14.76,11.5,382724,78.2,85.2
ENT_IN_20933,Rahul Rao,832,4.9,1,1,UDYAM-GJ-03-1532136,NOT_APPLICABLE,1,36.1,0.4,264411,74.1,94.2
ENT_IN_20934,Kavita Yadav,778,22.77,1,1,UDYAM-UP-03-7088876,ACTIVE,0,21.88,0.8,382450,64.1,89.0
ENT_IN_20935,Shweta Banerjee,739,16.88,1,1,UDYAM-MH-03-2620083,ACTIVE,1,9.1,1.9,36418,50.1,80.3
ENT_IN_20936,Rajesh Chatterjee,0,4.2,1,1,NOT_REGISTERED,NOT_APPLICABLE,1,30.09,5.8,198580,77.3,57.2
ENT_IN_20937,Pooja Kulkarni,551,6.52,1,1,NOT_REGISTERED,NOT_APPLICABLE,1,4.95,3.8,295304,81.3,71.8
ENT_IN_20938,Rekha Kulkarni,663,11.74,1,1,UDYAM-KA-03-2742332,NOT_APPLICABLE,0,17.85,3.4,230004,83.1,80.7
ENT_IN_20939,Rajesh Joshi,712,16.07,1,1,NOT_REGISTERED,ACTIVE,1,41.75,5.0,195809,56.6,78.3
ENT_IN_20940,Deepika Mehta,623,19.55,1,1,UDYAM-UP-03-6614605,NOT_APPLICABLE,1,41.17,8.1,149622,83.9,76.6
ENT_IN_20941,Anita Banerjee,831,3.42,1,1,UDYAM-TN-03-5148872,ACTIVE,1,12.47,5.3,424087,48.8,97.8
ENT_IN_20942,Sunita Sharma,702,24.06,1,1,UDYAM-TN-03-7444975,NOT_APPLICABLE,1,30.07,7.7,238374,96.3,92.3
ENT_IN_20943,Rahul Sharma,0,24.17,1,1,NOT_REGISTERED,NOT_APPLICABLE,1,6.58,8.1,244532,66.3,55.9
ENT_IN_20944,Sanjay Banerjee,759,7.36,1,1,NOT_REGISTERED,NOT_APPLICABLE,1,39.45,8.9,33220,90.9,81.1
ENT_IN_20945,Bhavna Kumar,774,11.21,1,1,UDYAM-PB-03-6482611,ACTIVE,1,24.06,6.1,36932,54.5,92.9
ENT_IN_20946,Sanjay Gupta,568,9.41,1,0,UDYAM-PB-03-6043833,NOT_APPLICABLE,1,12.09,2.7,205749,76.7,70.0
ENT_IN_20947,Deepika Patel,703,11.98,1,1,UDYAM-GJ-03-9939373,ACTIVE,1,38.27,11.9,419276,85.5,95.0
ENT_IN_20948,Ananya Joshi,809,21.22,1,1,UDYAM-GJ-03-2318717,UNREGISTERED,1,5.51,11.5,175122,78.5,94.2
ENT_IN_20949,Vijay Mehta,686,16.7,1,0,UDYAM-KA-03-9279341,ACTIVE,0,23.82,2.1,212410,78.7,74.5
ENT_IN_20950,Bhavna Mehta,592,15.07,1,1,UDYAM-MH-03-1172737,NOT_APPLICABLE,1,9.32,0.2,365970,71.5,75.4
ENT_IN_20951,Arjun Deshmukh,735,5.4,1,1,UDYAM-KA-03-2421273,UNREGISTERED,1,26.59,1.1,160442,53.4,77.6
ENT_IN_20952,Simran Gupta,588,4.91,0,1,UDYAM-PB-03-2229048,UNREGISTERED,1,28.76,4.4,91337,36.6,54.6
ENT_IN_20953,Rajesh Kumar,556,21.49,0,1,NOT_REGISTERED,NOT_APPLICABLE,1,27.47,9.0,170276,68.4,53.5
ENT_IN_20954,Anil Gupta,837,6.27,1,1,UDYAM-PB-03-7967708,NOT_APPLICABLE,1,18.76,11.7,323722,91.8,100.0
ENT_IN_20955,Rekha Singh,780,18.42,1,1,NOT_REGISTERED,NOT_APPLICABLE,0,10.43,11.1,150281,82.9,79.6
ENT_IN_20956,Savita Khan,793,6.28,1,1,UDYAM-KA-03-3535755,ACTIVE,1,23.04,1.3,424513,36.4,94.6
ENT_IN_20957,Rahul Singh,800,16.08,1,1,UDYAM-KA-03-9521837,ACTIVE,1,36.84,8.0,339549,39.4,92.5
ENT_IN_20958,Arjun Singh,830,12.62,1,1,UDYAM-GJ-03-7460962,NOT_APPLICABLE,1,41.35,10.9,44332,51.3,81.1
ENT_IN_20959,Shweta Banerjee,592,17.51,1,1,UDYAM-KA-03-3022987,NOT_APPLICABLE,1,29.39,8.7,20150,59.2,61.3
ENT_IN_20960,Rahul Chatterjee,600,24.62,1,0,UDYAM-KA-03-2624911,ACTIVE,1,23.34,4.1,37442,54.8,65.7
ENT_IN_20961,Priya Kumar,781,20.01,1,0,NOT_REGISTERED,UNREGISTERED,1,14.57,9.4,368302,43.6,73.2
ENT_IN_20962,Ananya Shah,748,20.97,1,1,UDYAM-UP-03-5808165,ACTIVE,1,5.25,0.5,209880,74.2,93.8
ENT_IN_20963,Kiran Chaudhary,645,16.26,1,1,UDYAM-UP-03-5757480,ACTIVE,0,4.71,10.6,218803,43.0,62.7
ENT_IN_20964,Ashok Sharma,662,16.56,1,1,UDYAM-MH-03-3981412,NOT_APPLICABLE,1,25.5,3.5,312649,59.7,83.9
ENT_IN_20965,Savita Deshmukh,569,11.88,0,1,NOT_REGISTERED,ACTIVE,1,15.75,2.2,411420,89.6,69.5
ENT_IN_20966,Rohan Mishra,714,7.41,1,1,UDYAM-MH-03-2457054,ACTIVE,0,21.82,8.9,252840,56.2,76.9
ENT_IN_20967,Mamta Reddy,838,12.73,1,1,NOT_REGISTERED,ACTIVE,1,22.6,10.2,66257,88.5,93.5
ENT_IN_20968,Mahesh Sharma,602,22.69,1,1,UDYAM-UP-03-4389229,ACTIVE,0,8.29,7.2,134259,58.5,62.5
ENT_IN_20969,Arjun Sheikh,826,0.17,1,0,NOT_REGISTERED,NOT_APPLICABLE,0,37.73,1.3,306615,96.8,74.9
ENT_IN_20970,Shweta Sharma,706,23.23,1,1,NOT_REGISTERED,UNREGISTERED,1,25.54,10.2,106953,92.8,76.1
ENT_IN_20971,Amit Reddy,600,4.37,1,0,UDYAM-KA-03-7301152,NOT_APPLICABLE,0,20.2,9.5,55902,76.8,51.8
ENT_IN_20972,Anita Khan,0,22.66,1,1,UDYAM-KA-03-9917173,ACTIVE,1,38.95,3.5,310457,60.4,72.9
ENT_IN_20973,Sunita Shah,0,7.38,1,1,UDYAM-TN-03-2541092,ACTIVE,0,4.37,9.4,350695,71.3,61.8
ENT_IN_20974,Shweta Gupta,621,13.02,1,1,UDYAM-GJ-03-5810256,NOT_APPLICABLE,1,39.19,11.0,355805,56.3,71.5
ENT_IN_20975,Tariq Banerjee,711,17.04,1,1,NOT_REGISTERED,ACTIVE,1,14.43,11.0,380122,87.5,88.5
ENT_IN_20976,Lakshmi Mehta,651,8.08,1,1,UDYAM-UP-03-6244241,ACTIVE,0,26.95,2.2,281789,72.4,85.7
ENT_IN_20977,Ayesha Gowda,601,23.25,1,1,NOT_REGISTERED,NOT_APPLICABLE,1,3.3,2.7,216988,39.4,58.0
ENT_IN_20978,Suresh Kaur,724,7.15,1,1,UDYAM-TN-03-3068120,NOT_APPLICABLE,1,2.6,2.1,411986,97.3,89.5
ENT_IN_20979,Rohan Singh,836,0.14,1,1,UDYAM-KA-03-5739258,ACTIVE,1,37.33,11.7,41062,93.3,100.0
ENT_IN_20980,Ashok Sheikh,791,24.55,1,0,UDYAM-UP-03-4807233,NOT_APPLICABLE,1,44.65,6.7,332256,72.5,89.3
ENT_IN_20981,Ganesh Rao,0,4.88,1,1,NOT_REGISTERED,NOT_APPLICABLE,1,11.96,7.5,59849,84.6,52.2
ENT_IN_20982,Dinesh Sharma,565,19.75,1,1,UDYAM-MH-03-2596082,ACTIVE,1,4.75,5.1,155418,75.3,78.1
ENT_IN_20983,Arjun Rao,0,0.1,1,1,UDYAM-GJ-03-5528870,NOT_APPLICABLE,1,15.09,11.1,117044,62.1,59.7
ENT_IN_20984,Ramesh Patel,818,21.58,1,0,UDYAM-MH-03-9210744,ACTIVE,0,26.8,4.9,122729,67.0,78.0
ENT_IN_20985,Vikram Deshmukh,713,12.56,1,1,NOT_REGISTERED,ACTIVE,1,30.79,2.3,190352,70.7,80.6
ENT_IN_20986,Rahul Sharma,576,7.18,1,1,UDYAM-TN-03-3347089,UNREGISTERED,1,43.2,10.2,400629,69.2,75.5
ENT_IN_20987,Vijay Rao,0,22.8,1,1,UDYAM-KA-03-3699821,NOT_APPLICABLE,0,16.13,2.4,320134,51.9,52.8
ENT_IN_20988,Tariq Das,0,24.84,1,1,NOT_REGISTERED,NOT_APPLICABLE,1,3.75,10.2,263878,44.3,49.9
ENT_IN_20989,Vijay Sheikh,845,12.47,1,1,NOT_REGISTERED,NOT_APPLICABLE,1,27.86,4.5,386209,75.5,88.7
ENT_IN_20990,Kiran Yadav,679,23.14,1,1,NOT_REGISTERED,ACTIVE,1,7.68,9.4,82056,91.3,82.7
ENT_IN_20991,Deepak Patil,605,16.01,1,1,NOT_REGISTERED,ACTIVE,1,33.66,4.3,138545,51.8,67.5
ENT_IN_20992,Sujata Gowda,787,5.36,1,1,NOT_REGISTERED,ACTIVE,1,11.93,2.0,369879,99.7,100.0
ENT_IN_20993,Priya Reddy,0,9.01,1,1,UDYAM-PB-03-1505539,NOT_APPLICABLE,0,29.58,2.3,173926,83.6,55.0
ENT_IN_20994,Tariq Khan,0,17.43,1,1,UDYAM-TN-03-3777476,ACTIVE,1,25.89,11.8,413061,44.6,66.8
ENT_IN_20995,Deepak Singh,663,8.62,1,1,UDYAM-UP-03-8796553,UNREGISTERED,1,42.73,5.6,313583,61.1,84.6
ENT_IN_20996,Geeta Deshmukh,0,4.37,1,1,NOT_REGISTERED,NOT_APPLICABLE,1,2.51,7.3,117827,85.8,54.5
ENT_IN_20997,Sanjay Shah,680,18.35,1,0,UDYAM-PB-03-8702321,ACTIVE,1,39.9,8.0,69748,76.1,82.2
ENT_IN_20998,Priya Reddy,702,18.16,1,1,UDYAM-MH-03-4522701,NOT_APPLICABLE,1,9.84,5.2,43758,71.3,80.3
ENT_IN_20999,Sangeeta Reddy,741,6.08,1,1,UDYAM-MH-03-1905391,NOT_APPLICABLE,0,31.83,9.8,90802,99.7,76.0
ENT_IN_21000,Arjun Patel,578,14.19,1,1,NOT_REGISTERED,ACTIVE,1,14.46,10.4,362619,52.5,73.1
ENT_IN_21001,Pradeep Nair,642,9.2,1,1,UDYAM-UP-03-4369943,ACTIVE,0,4.35,3.5,154137,39.6,59.5
ENT_IN_21002,Manoj Rao,835,23.89,1,1,UDYAM-UP-03-2603758,NOT_APPLICABLE,1,41.55,11.0,341592,81.4,99.5
ENT_IN_21003,Ananya Chatterjee,650,11.04,1,1,UDYAM-MH-03-7152930,UNREGISTERED,1,18.94,3.6,196034,68.1,82.0
ENT_IN_21004,Pradeep Patil,746,14.03,1,1,NOT_REGISTERED,ACTIVE,1,18.53,2.9,289735,50.5,78.4
ENT_IN_21005,Manoj Das,579,10.17,1,1,UDYAM-MH-03-9637035,UNREGISTERED,0,44.04,10.0,135434,96.6,66.7
ENT_IN_21006,Sunil Sheikh,827,0.63,1,1,UDYAM-GJ-03-5062395,ACTIVE,1,1.06,0.0,319722,66.3,100.0
ENT_IN_21007,Mamta Shah,718,14.58,1,1,NOT_REGISTERED,NOT_APPLICABLE,1,1.51,6.7,66007,83.9,70.8
ENT_IN_21008,Deepika Shah,678,11.62,1,0,NOT_REGISTERED,ACTIVE,1,29.25,11.9,108188,98.2,79.6
ENT_IN_21009,Preeti Nair,713,0.04,1,1,UDYAM-TN-03-7221139,ACTIVE,0,15.44,10.7,18022,52.6,68.6
ENT_IN_21010,Rahul Nair,813,8.96,1,1,UDYAM-KA-03-6129322,ACTIVE,0,11.74,6.2,59972,59.8,80.9
ENT_IN_21011,Harpreet Sheikh,727,13.79,1,1,NOT_REGISTERED,NOT_APPLICABLE,1,4.9,10.8,142615,71.8,73.0
ENT_IN_21012,Rajesh Patil,618,16.71,1,1,NOT_REGISTERED,ACTIVE,1,13.75,9.9,161660,82.4,74.6
ENT_IN_21013,Karan Verma,587,12.98,1,1,UDYAM-KA-03-9567086,ACTIVE,1,7.38,1.6,415423,51.7,78.4
ENT_IN_21014,Pradeep Patel,637,18.04,1,1,NOT_REGISTERED,ACTIVE,1,12.5,0.9,137393,51.1,62.9
ENT_IN_21015,Amit Deshmukh,553,11.63,1,0,UDYAM-UP-03-6370205,ACTIVE,1,21.97,8.5,41178,56.4,63.6
ENT_IN_21016,Radha Gupta,0,19.25,1,1,UDYAM-KA-03-4700378,NOT_APPLICABLE,1,4.56,3.0,275869,40.6,61.1
ENT_IN_21017,Sangeeta Joshi,735,1.92,1,1,UDYAM-GJ-03-2569973,ACTIVE,1,1.93,11.2,158307,41.3,79.6
ENT_IN_21018,Ganesh Gupta,572,9.52,0,1,UDYAM-UP-03-2152219,ACTIVE,1,39.6,0.1,348442,52.5,67.6
ENT_IN_21019,Bhavna Kumar,667,11.74,1,1,UDYAM-MH-03-6247595,ACTIVE,1,28.29,5.9,250223,38.2,84.8
ENT_IN_21020,Ashok Yadav,846,1.31,1,1,UDYAM-PB-03-3298485,NOT_APPLICABLE,1,36.52,11.1,394745,51.7,93.3
ENT_IN_21021,Deepika Gupta,0,13.45,1,1,UDYAM-PB-03-4218424,UNREGISTERED,1,2.84,2.0,402779,88.1,67.9
ENT_IN_21022,Gurpreet Shah,800,10.53,1,1,NOT_REGISTERED,NOT_APPLICABLE,1,8.17,0.7,365399,53.8,85.1
ENT_IN_21023,Deepak Singh,831,8.32,1,1,UDYAM-GJ-03-3393240,UNREGISTERED,1,9.84,10.8,429011,61.2,91.8
ENT_IN_21024,Geeta Nair,633,8.87,1,1,UDYAM-UP-03-5873981,NOT_APPLICABLE,1,25.48,9.4,142395,80.6,75.0
ENT_IN_21025,Seema Sheikh,845,14.76,1,1,NOT_REGISTERED,ACTIVE,0,21.4,6.9,49294,77.4,81.1
ENT_IN_21026,Sunita Reddy,0,7.86,1,1,UDYAM-TN-03-3503311,NOT_APPLICABLE,1,20.98,3.6,100379,61.5,59.7
ENT_IN_21027,Ashok Verma,631,22.25,1,1,UDYAM-GJ-03-9534646,NOT_APPLICABLE,1,33.53,10.6,386506,45.5,72.1
ENT_IN_21028,Kavita Patil,655,11.21,1,1,NOT_REGISTERED,NOT_APPLICABLE,1,6.1,5.1,300770,91.5,81.5
ENT_IN_21029,Mohammed Gowda,623,11.0,1,1,UDYAM-MH-03-6797174,ACTIVE,1,33.63,9.1,85509,43.7,70.6
ENT_IN_21030,Geeta Kaur,0,3.03,1,1,UDYAM-MH-03-2728273,ACTIVE,1,17.27,0.9,262700,78.5,73.4
ENT_IN_21031,Seema Mishra,597,1.92,1,1,UDYAM-KA-03-1673359,NOT_APPLICABLE,1,19.96,1.4,279365,53.8,70.5
ENT_IN_21032,Sanjay Patel,0,10.11,1,1,UDYAM-KA-03-1999679,UNREGISTERED,1,6.3,1.4,112660,72.9,63.1
ENT_IN_21033,Rohan Gowda,806,21.06,1,1,UDYAM-KA-03-8345920,ACTIVE,1,15.65,11.6,334830,86.4,100.0
ENT_IN_21034,Prakash Banerjee,594,15.61,1,1,UDYAM-MH-03-3915278,ACTIVE,1,32.49,2.8,291734,95.0,89.9
ENT_IN_21035,Ashok Chatterjee,0,9.52,1,1,NOT_REGISTERED,NOT_APPLICABLE,1,29.9,10.0,236604,55.0,50.9
ENT_IN_21036,Manoj Reddy,0,20.77,1,0,UDYAM-UP-03-2651248,NOT_APPLICABLE,1,23.81,8.0,166393,92.3,61.6
ENT_IN_21037,Amit Deshmukh,823,3.66,1,0,UDYAM-TN-03-7969290,ACTIVE,1,36.57,6.0,69852,65.8,85.8
ENT_IN_21038,Rajesh Mehta,555,16.49,1,1,UDYAM-PB-03-5312232,ACTIVE,1,37.08,5.0,209107,71.9,80.2
ENT_IN_21039,Tariq Chaudhary,643,16.24,1,1,UDYAM-MH-03-4132203,ACTIVE,1,29.85,10.4,313351,38.9,77.4
ENT_IN_21040,Vikram Deshmukh,694,1.99,1,1,UDYAM-GJ-03-4928020,UNREGISTERED,1,37.9,9.6,255464,39.5,80.0
ENT_IN_21041,Fatima Gupta,579,9.52,1,1,UDYAM-GJ-03-1123242,ACTIVE,1,9.04,4.2,35073,78.9,73.8
ENT_IN_21042,Neha Rao,566,0.35,1,1,UDYAM-MH-03-9372113,ACTIVE,0,1.42,9.2,393502,51.3,68.3
ENT_IN_21043,Rajesh Sharma,765,11.95,0,1,UDYAM-GJ-03-1838414,NOT_APPLICABLE,1,13.44,9.4,53022,57.8,75.1
ENT_IN_21044,Pooja Khan,651,23.79,1,1,NOT_REGISTERED,NOT_APPLICABLE,1,35.65,0.6,20580,85.8,71.4
ENT_IN_21045,Vikram Yadav,847,4.26,1,1,UDYAM-UP-03-3499901,NOT_APPLICABLE,1,20.0,0.5,238468,48.9,89.1
ENT_IN_21046,Ramesh Sheikh,737,9.72,1,1,UDYAM-PB-03-4257394,UNREGISTERED,0,15.87,9.1,239170,52.0,69.0
ENT_IN_21047,Amit Banerjee,678,7.9,1,1,UDYAM-MH-03-3408413,ACTIVE,0,33.12,10.9,318812,64.3,82.5
ENT_IN_21048,Geeta Yadav,808,23.61,1,1,UDYAM-UP-03-9118170,NOT_APPLICABLE,1,21.05,0.7,142276,62.6,88.5
ENT_IN_21049,Pooja Gupta,781,18.98,1,1,NOT_REGISTERED,NOT_APPLICABLE,1,42.87,6.9,47180,72.7,81.7
ENT_IN_21050,Mahesh Verma,809,19.87,1,1,UDYAM-TN-03-6888765,ACTIVE,0,36.05,10.6,357274,36.8,86.6
ENT_IN_21051,Sujata Kumar,726,17.42,1,1,UDYAM-TN-03-4137336,NOT_APPLICABLE,1,33.96,11.9,396785,97.8,91.5
ENT_IN_21052,Suresh Banerjee,698,19.85,1,1,UDYAM-UP-03-9896924,NOT_APPLICABLE,1,26.21,3.7,431386,98.9,95.0
ENT_IN_21053,Fatima Banerjee,666,21.33,1,0,UDYAM-GJ-03-5880125,UNREGISTERED,1,14.33,2.3,443930,72.6,80.4
ENT_IN_21054,Mahesh Singh,636,6.54,1,1,UDYAM-PB-03-9270215,NOT_APPLICABLE,1,1.34,1.4,394007,70.5,73.8
ENT_IN_21055,Vikram Mishra,678,4.85,0,1,UDYAM-GJ-03-7285314,ACTIVE,0,26.16,8.5,183619,35.3,61.1
ENT_IN_21056,Sujata Kulkarni,741,22.75,1,1,NOT_REGISTERED,NOT_APPLICABLE,1,33.21,1.8,448520,62.9,73.7
ENT_IN_21057,Mahesh Nair,0,4.92,1,1,UDYAM-GJ-03-4669322,UNREGISTERED,1,10.29,4.8,161348,36.9,55.8
ENT_IN_21058,Geeta Deshmukh,682,17.19,1,1,NOT_REGISTERED,ACTIVE,1,39.62,8.0,198146,39.5,77.1
ENT_IN_21059,Rahul Sheikh,631,10.18,1,1,UDYAM-UP-03-8758483,ACTIVE,1,10.07,2.4,62086,50.0,67.8
ENT_IN_21060,Fatima Banerjee,607,6.36,1,1,UDYAM-UP-03-1664792,NOT_APPLICABLE,1,11.66,10.3,102284,53.7,65.8
ENT_IN_21061,Karan Patil,649,13.88,1,1,NOT_REGISTERED,ACTIVE,0,42.18,7.1,252465,73.1,68.1
ENT_IN_21062,Kavita Khan,802,16.23,1,1,UDYAM-TN-03-1198450,ACTIVE,0,16.77,8.0,433001,98.5,100.0
ENT_IN_21063,Mahesh Chaudhary,694,12.3,1,1,UDYAM-KA-03-6834006,NOT_APPLICABLE,1,40.94,0.7,281878,67.2,86.8
ENT_IN_21064,Rohan Singh,747,20.33,1,1,NOT_REGISTERED,NOT_APPLICABLE,1,32.05,2.7,293644,63.9,74.3
ENT_IN_21065,Prakash Sheikh,792,14.95,1,1,UDYAM-TN-03-5627855,ACTIVE,1,19.92,6.6,130276,55.8,97.0
ENT_IN_21066,Pradeep Sheikh,0,16.59,1,1,UDYAM-UP-03-4472542,NOT_APPLICABLE,1,12.38,10.2,323890,93.8,73.3
ENT_IN_21067,Karan Joshi,660,13.9,1,1,UDYAM-UP-03-2481164,NOT_APPLICABLE,1,9.68,3.0,123037,53.4,74.5
ENT_IN_21068,Ananya Das,564,0.84,1,1,UDYAM-GJ-03-2542126,ACTIVE,1,42.03,0.4,322837,98.2,88.1
ENT_IN_21069,Rekha Nair,828,4.36,1,1,UDYAM-KA-03-6336977,NOT_APPLICABLE,1,23.51,0.8,269015,40.1,87.1
ENT_IN_21070,Manoj Patil,806,4.41,1,0,NOT_REGISTERED,UNREGISTERED,1,3.44,8.7,365216,90.8,85.9
ENT_IN_21071,Prakash Nair,0,21.05,1,1,NOT_REGISTERED,ACTIVE,0,18.14,0.2,42281,98.4,56.2
ENT_IN_21072,Dinesh Patil,693,4.32,1,1,UDYAM-GJ-03-7928852,NOT_APPLICABLE,0,24.89,8.4,308670,70.1,75.8
ENT_IN_21073,Harpreet Patel,809,14.95,1,1,NOT_REGISTERED,ACTIVE,1,41.05,8.2,168848,81.9,93.5
ENT_IN_21074,Ganesh Chatterjee,642,18.32,1,1,UDYAM-UP-03-8604931,ACTIVE,1,13.7,11.0,53207,46.4,67.8
ENT_IN_21075,Mamta Sharma,564,24.89,1,1,UDYAM-MH-03-8069364,NOT_APPLICABLE,1,5.73,1.8,388014,94.3,81.7
ENT_IN_21076,Sunita Das,738,22.02,1,0,UDYAM-GJ-03-9353905,ACTIVE,1,13.06,5.4,390747,54.1,80.5
ENT_IN_21077,Mahesh Kaur,766,9.82,1,1,UDYAM-MH-03-3916803,ACTIVE,1,42.07,0.7,372607,82.6,100.0
ENT_IN_21078,Sunil Reddy,693,5.41,1,1,UDYAM-MH-03-2085927,ACTIVE,1,3.81,5.0,325806,95.4,98.9
ENT_IN_21079,Deepak Chatterjee,614,4.57,1,1,UDYAM-PB-03-4550187,NOT_APPLICABLE,0,22.56,6.1,273223,78.6,69.4
ENT_IN_21080,Sunita Gowda,583,18.07,1,1,UDYAM-TN-03-2883685,ACTIVE,1,1.29,1.4,56555,55.4,69.5
ENT_IN_21081,Priya Rao,560,5.65,1,1,UDYAM-UP-03-3953083,ACTIVE,0,3.48,11.9,349838,95.5,80.3
ENT_IN_21082,Arjun Chaudhary,693,10.02,1,0,NOT_REGISTERED,NOT_APPLICABLE,1,30.54,10.1,42733,89.2,69.9
ENT_IN_21083,Manoj Yadav,811,12.84,1,1,UDYAM-TN-03-9980707,NOT_APPLICABLE,1,11.36,6.6,278982,41.1,86.1
ENT_IN_21084,Sangeeta Gupta,600,4.17,1,1,UDYAM-PB-03-2093840,UNREGISTERED,1,16.22,0.8,199745,81.2,78.4
ENT_IN_21085,Rohan Kaur,565,0.66,1,1,UDYAM-UP-03-3862404,ACTIVE,1,17.25,12.0,442868,70.9,80.1
ENT_IN_21086,Radha Deshmukh,826,0.53,1,0,UDYAM-UP-03-7444239,ACTIVE,1,15.63,8.8,253705,64.1,95.4
ENT_IN_21087,Ayesha Shah,564,14.76,1,1,UDYAM-PB-03-9396585,UNREGISTERED,1,36.94,0.5,361866,36.7,67.7
ENT_IN_21088,Karan Chaudhary,749,21.7,1,1,UDYAM-TN-03-1949630,UNREGISTERED,0,16.26,9.4,193715,44.4,67.2
ENT_IN_21089,Sanjay Sharma,705,5.84,0,1,NOT_REGISTERED,NOT_APPLICABLE,1,12.42,10.3,85458,64.4,59.8
ENT_IN_21090,Deepika Shah,666,1.87,1,1,NOT_REGISTERED,NOT_APPLICABLE,1,31.41,6.6,152533,92.4,80.3
ENT_IN_21091,Sujata Gupta,759,6.76,1,1,NOT_REGISTERED,ACTIVE,1,5.82,11.0,255868,54.1,90.0
ENT_IN_21092,Arjun Chaudhary,827,10.27,1,1,UDYAM-UP-03-1821030,ACTIVE,1,34.29,11.1,125108,84.8,100.0
ENT_IN_21093,Sangeeta Verma,814,19.49,1,1,UDYAM-GJ-03-4219263,NOT_APPLICABLE,1,1.42,1.0,76551,64.9,85.6
ENT_IN_21094,Lakshmi Shah,581,0.57,1,1,UDYAM-MH-03-2775634,ACTIVE,1,30.83,7.3,265807,82.0,87.7
ENT_IN_21095,Neha Banerjee,0,18.63,1,1,UDYAM-GJ-03-9035058,NOT_APPLICABLE,1,22.98,10.3,199945,59.6,61.6
ENT_IN_21096,Tariq Kumar,843,6.66,1,1,UDYAM-GJ-03-6333092,ACTIVE,0,24.25,3.6,43741,67.8,82.1
ENT_IN_21097,Arjun Kaur,590,17.9,1,1,UDYAM-MH-03-7985486,NOT_APPLICABLE,0,11.86,1.6,316357,63.7,62.0
ENT_IN_21098,Bhavna Nair,605,9.82,1,1,UDYAM-TN-03-1935949,ACTIVE,1,36.27,7.1,220678,48.1,77.2
ENT_IN_21099,Seema Khan,728,1.48,1,1,UDYAM-UP-03-1496318,ACTIVE,1,26.42,0.2,193134,42.9,82.1
ENT_IN_21100,Amit Nair,0,10.31,1,0,NOT_REGISTERED,UNREGISTERED,1,39.07,2.4,28161,94.8,49.8
ENT_IN_21101,Kavita Kumar,735,9.84,1,1,UDYAM-UP-03-3345068,NOT_APPLICABLE,1,0.04,9.9,113339,35.3,71.6
ENT_IN_21102,Anita Sheikh,685,9.22,1,1,UDYAM-KA-03-9412260,ACTIVE,0,42.79,1.6,84639,87.7,82.3
ENT_IN_21103,Fatima Patel,778,0.88,1,1,NOT_REGISTERED,ACTIVE,1,12.98,4.7,299238,74.6,96.7
ENT_IN_21104,Geeta Rao,596,14.47,1,1,NOT_REGISTERED,NOT_APPLICABLE,0,25.99,1.1,214955,94.6,63.6
ENT_IN_21105,Sunil Kumar,741,10.52,1,1,UDYAM-KA-03-6347960,NOT_APPLICABLE,1,41.34,1.1,150254,69.6,79.8
ENT_IN_21106,Dinesh Kumar,0,9.11,1,1,UDYAM-UP-03-3906130,NOT_APPLICABLE,1,4.14,12.0,299542,37.3,59.8
ENT_IN_21107,Pooja Patel,724,6.29,1,0,NOT_REGISTERED,UNREGISTERED,0,37.55,11.2,370868,48.3,53.9
ENT_IN_21108,Ganesh Patel,844,19.93,1,1,UDYAM-GJ-03-7703853,NOT_APPLICABLE,0,11.56,0.4,208663,48.4,81.1
ENT_IN_21109,Neha Banerjee,795,3.81,1,1,NOT_REGISTERED,ACTIVE,1,9.03,9.9,65326,78.8,91.9
ENT_IN_21110,Ramesh Joshi,770,7.27,1,1,UDYAM-TN-03-3390369,NOT_APPLICABLE,1,3.84,4.1,371633,53.2,94.1
ENT_IN_21111,Rohan Shah,789,11.52,1,1,UDYAM-GJ-03-3553477,NOT_APPLICABLE,1,6.46,7.2,146045,98.7,99.2
ENT_IN_21112,Arjun Nair,0,8.36,1,1,NOT_REGISTERED,NOT_APPLICABLE,1,33.8,4.8,356508,94.0,63.9
ENT_IN_21113,Ashok Patil,727,19.62,1,1,UDYAM-UP-03-2232854,NOT_APPLICABLE,1,18.41,10.0,337883,62.4,85.4
ENT_IN_21114,Gurpreet Reddy,650,23.76,1,1,UDYAM-KA-03-4852252,UNREGISTERED,1,14.85,11.1,158146,46.9,77.1
ENT_IN_21115,Ramesh Gowda,799,4.88,0,1,UDYAM-TN-03-8707567,ACTIVE,1,28.28,8.8,411032,80.4,94.8
ENT_IN_21116,Simran Nair,718,1.99,1,1,UDYAM-MH-03-2836111,NOT_APPLICABLE,1,43.52,8.6,428733,61.9,83.1
ENT_IN_21117,Shweta Khan,822,12.78,1,1,UDYAM-KA-03-6159276,ACTIVE,1,20.85,10.1,59188,81.5,100.0
ENT_IN_21118,Vijay Kaur,744,15.8,1,1,UDYAM-MH-03-4271401,NOT_APPLICABLE,1,41.65,0.0,141605,74.8,79.9
ENT_IN_21119,Savita Chaudhary,579,7.19,0,1,UDYAM-GJ-03-4780881,ACTIVE,1,36.7,2.2,382054,57.2,69.9
ENT_IN_21120,Ganesh Chatterjee,761,18.63,1,1,UDYAM-GJ-03-1396632,ACTIVE,0,31.69,1.1,226167,95.7,100.0
ENT_IN_21121,Lakshmi Patil,589,1.33,1,0,UDYAM-TN-03-5140498,NOT_APPLICABLE,0,28.68,0.9,94453,71.3,53.9
ENT_IN_21122,Lakshmi Yadav,0,17.25,1,1,UDYAM-TN-03-9059667,NOT_APPLICABLE,1,19.59,7.9,166403,72.8,61.4
ENT_IN_21123,Anita Mehta,658,24.59,1,1,NOT_REGISTERED,ACTIVE,1,30.77,11.2,41486,65.1,73.8
ENT_IN_21124,Geeta Joshi,777,0.26,1,1,UDYAM-TN-03-4825761,NOT_APPLICABLE,1,32.8,6.7,220625,55.0,93.0
ENT_IN_21125,Preeti Patel,807,7.95,1,1,UDYAM-PB-03-1689258,ACTIVE,1,18.89,4.1,274144,35.7,95.0
ENT_IN_21126,Mahesh Gowda,727,20.22,1,1,UDYAM-UP-03-2934749,NOT_APPLICABLE,1,2.12,1.8,447522,43.9,79.8
ENT_IN_21127,Manoj Verma,0,17.07,1,1,NOT_REGISTERED,NOT_APPLICABLE,1,40.59,2.5,206403,55.9,53.1
ENT_IN_21128,Kavita Joshi,784,4.91,1,1,UDYAM-TN-03-7967409,ACTIVE,0,34.25,10.4,432215,51.3,88.4
ENT_IN_21129,Arjun Deshmukh,565,6.17,1,1,UDYAM-MH-03-3514990,NOT_APPLICABLE,1,20.26,8.1,172709,52.6,65.2
ENT_IN_21130,Fatima Kaur,605,15.63,1,1,UDYAM-TN-03-6069657,ACTIVE,1,35.0,4.1,383406,84.7,85.0
ENT_IN_21131,Tariq Shah,823,14.5,1,1,UDYAM-UP-03-9880104,UNREGISTERED,1,3.9,9.5,338928,35.5,88.7
ENT_IN_21132,Mohammed Gowda,0,24.17,1,1,UDYAM-TN-03-1839657,NOT_APPLICABLE,0,6.78,9.7,435607,38.9,45.4
ENT_IN_21133,Rahul Verma,654,19.0,1,1,UDYAM-PB-03-7386748,ACTIVE,1,7.87,4.8,82975,53.4,84.0
ENT_IN_21134,Deepak Verma,564,8.9,1,0,UDYAM-KA-03-9274483,NOT_APPLICABLE,1,29.43,1.3,257243,85.4,72.9
ENT_IN_21135,Rohan Reddy,822,15.08,1,1,NOT_REGISTERED,NOT_APPLICABLE,1,16.02,7.5,146148,72.8,82.2
ENT_IN_21136,Harpreet Gowda,835,0.81,1,1,UDYAM-UP-03-7428147,UNREGISTERED,1,16.48,4.3,398333,83.6,96.6
ENT_IN_21137,Rohan Sharma,838,14.05,1,1,UDYAM-PB-03-9115541,UNREGISTERED,0,15.08,5.5,83477,86.2,85.9
ENT_IN_21138,Bhavna Gupta,828,3.69,1,1,UDYAM-TN-03-3282251,NOT_APPLICABLE,0,43.13,3.7,129139,58.8,80.5
ENT_IN_21139,Tariq Mishra,714,20.49,1,1,NOT_REGISTERED,NOT_APPLICABLE,1,14.81,7.3,253554,59.1,71.9
ENT_IN_21140,Rohan Chaudhary,682,19.88,1,1,NOT_REGISTERED,NOT_APPLICABLE,1,6.18,10.8,214097,90.7,81.5
ENT_IN_21141,Mahesh Chaudhary,773,2.52,1,1,NOT_REGISTERED,ACTIVE,1,39.73,0.6,279536,63.4,95.4
ENT_IN_21142,Seema Mehta,728,20.78,1,1,UDYAM-GJ-03-6792033,ACTIVE,1,5.33,10.2,339046,36.0,84.5
ENT_IN_21143,Rahul Das,830,23.78,1,1,UDYAM-KA-03-6040665,NOT_APPLICABLE,1,37.68,11.3,82613,77.3,90.5
ENT_IN_21144,Sunil Kulkarni,0,4.1,1,1,UDYAM-MH-03-4454994,NOT_APPLICABLE,1,2.31,6.7,373206,56.6,61.4
ENT_IN_21145,Bhavna Gupta,668,6.67,1,1,UDYAM-UP-03-1000730,NOT_APPLICABLE,1,17.58,1.7,403519,94.1,89.2
ENT_IN_21146,Radha Deshmukh,0,3.73,1,1,UDYAM-TN-03-9744281,ACTIVE,1,18.09,3.1,369237,59.4,67.3
ENT_IN_21147,Amit Mehta,612,4.93,1,1,UDYAM-TN-03-9917425,ACTIVE,0,39.91,11.3,211645,99.6,77.2
ENT_IN_21148,Dinesh Nair,594,16.59,1,1,UDYAM-TN-03-2898033,ACTIVE,1,7.49,11.6,356023,36.2,75.4
ENT_IN_21149,Harpreet Sheikh,774,21.42,1,1,UDYAM-GJ-03-3264976,ACTIVE,0,1.57,2.7,432112,69.3,89.4
ENT_IN_21150,Tariq Sharma,551,0.1,1,1,UDYAM-MH-03-1228203,NOT_APPLICABLE,0,24.29,2.1,127433,39.5,55.6
ENT_IN_21151,Amit Kaur,661,6.12,1,1,NOT_REGISTERED,ACTIVE,1,9.66,4.9,448982,76.1,88.0
ENT_IN_21152,Ayesha Kaur,822,9.45,1,0,UDYAM-MH-03-3027799,ACTIVE,1,15.14,2.6,239655,77.8,96.2
ENT_IN_21153,Kavita Mehta,623,10.98,1,1,UDYAM-TN-03-1771348,ACTIVE,0,18.79,9.5,398514,40.3,68.0
ENT_IN_21154,Anil Khan,679,24.04,1,1,UDYAM-UP-03-6645564,UNREGISTERED,1,44.41,2.7,244742,70.8,83.0
ENT_IN_21155,Rohan Reddy,780,13.66,1,1,UDYAM-KA-03-9256818,ACTIVE,0,37.58,8.9,82751,38.1,76.6
ENT_IN_21156,Vikram Patel,836,17.04,1,1,UDYAM-GJ-03-8565919,ACTIVE,1,17.1,4.8,302475,83.2,100.0
ENT_IN_21157,Anita Deshmukh,559,1.0,1,1,NOT_REGISTERED,NOT_APPLICABLE,1,6.1,5.0,22388,88.9,62.6
ENT_IN_21158,Mohammed Patil,790,15.82,1,1,UDYAM-UP-03-5566292,NOT_APPLICABLE,1,11.07,2.2,426122,55.2,92.1
ENT_IN_21159,Kiran Singh,0,7.31,1,1,UDYAM-TN-03-2831210,ACTIVE,1,28.63,4.9,103549,97.7,73.9
ENT_IN_21160,Ayesha Gupta,551,3.25,1,1,UDYAM-TN-03-4759974,NOT_APPLICABLE,1,4.4,7.0,195134,55.8,71.1
ENT_IN_21161,Sujata Nair,778,0.06,1,0,UDYAM-PB-03-2634323,NOT_APPLICABLE,1,13.91,11.4,189379,78.2,90.4
ENT_IN_21162,Tariq Mishra,752,23.19,1,1,NOT_REGISTERED,ACTIVE,0,9.31,6.6,383195,46.4,76.6
ENT_IN_21163,Anita Rao,726,20.65,1,1,UDYAM-UP-03-3781846,ACTIVE,1,11.51,5.2,138197,74.5,92.1
ENT_IN_21164,Amit Das,659,11.0,1,1,NOT_REGISTERED,ACTIVE,1,14.78,5.7,41302,59.5,72.7
ENT_IN_21165,Gurpreet Gupta,691,17.28,1,1,NOT_REGISTERED,ACTIVE,1,4.79,6.4,368640,79.2,89.0
ENT_IN_21166,Sunita Banerjee,721,24.08,1,1,UDYAM-TN-03-6562786,ACTIVE,0,29.95,8.9,432626,85.0,89.2
ENT_IN_21167,Sujata Patel,824,8.04,1,1,UDYAM-PB-03-5753805,ACTIVE,1,18.83,5.9,182504,82.4,100.0
ENT_IN_21168,Shweta Joshi,0,22.65,1,1,UDYAM-GJ-03-6685519,NOT_APPLICABLE,1,43.09,2.8,56410,55.3,52.3
ENT_IN_21169,Meena Sheikh,576,2.1,1,1,UDYAM-GJ-03-2561019,ACTIVE,1,16.62,5.9,121101,63.5,75.7
ENT_IN_21170,Simran Banerjee,654,11.63,1,1,UDYAM-GJ-03-3325572,UNREGISTERED,1,38.11,7.5,180749,71.0,84.0
ENT_IN_21171,Ayesha Mehta,849,19.92,0,1,NOT_REGISTERED,ACTIVE,1,22.74,5.7,429380,77.8,87.9
ENT_IN_21172,Anita Khan,838,1.25,1,1,UDYAM-TN-03-3627380,UNREGISTERED,1,11.24,4.0,67711,59.9,84.7
ENT_IN_21173,Kiran Kumar,771,1.01,1,1,UDYAM-PB-03-1929785,NOT_APPLICABLE,1,17.88,5.5,15022,63.3,84.6
ENT_IN_21174,Sujata Reddy,742,8.72,1,1,UDYAM-MH-03-1377320,ACTIVE,1,31.31,6.1,49816,90.8,89.2
ENT_IN_21175,Shweta Singh,566,0.04,1,1,UDYAM-MH-03-5043331,UNREGISTERED,1,36.92,2.4,353302,73.4,75.7
ENT_IN_21176,Arjun Khan,0,23.92,1,0,UDYAM-TN-03-3985608,UNREGISTERED,1,20.77,4.4,110815,39.6,48.3
ENT_IN_21177,Karan Kaur,669,17.75,1,1,NOT_REGISTERED,NOT_APPLICABLE,1,38.91,2.4,225646,55.2,75.2
ENT_IN_21178,Dinesh Kumar,0,3.4,1,0,NOT_REGISTERED,ACTIVE,1,16.71,1.9,152267,90.2,56.8
ENT_IN_21179,Priya Kaur,779,13.83,1,0,UDYAM-UP-03-5724245,NOT_APPLICABLE,1,38.69,5.8,72758,77.7,80.7
ENT_IN_21180,Mamta Mishra,804,1.74,0,1,NOT_REGISTERED,ACTIVE,1,36.29,11.6,444605,98.1,91.8
ENT_IN_21181,Meena Patil,0,8.35,1,1,UDYAM-MH-03-4441050,NOT_APPLICABLE,1,6.78,3.4,410139,61.2,64.7
ENT_IN_21182,Sujata Rao,807,16.5,1,0,NOT_REGISTERED,NOT_APPLICABLE,0,41.08,9.1,197894,94.6,73.0
ENT_IN_21183,Kiran Kulkarni,698,1.83,1,1,UDYAM-KA-03-8434411,ACTIVE,1,40.02,9.4,299361,72.5,94.0
ENT_IN_21184,Mamta Sheikh,0,9.81,1,1,UDYAM-MH-03-8797573,NOT_APPLICABLE,1,6.15,7.9,124951,68.2,63.0
ENT_IN_21185,Neha Gowda,755,0.57,0,0,NOT_REGISTERED,ACTIVE,1,30.54,9.6,411012,55.8,76.7
ENT_IN_21186,Lakshmi Kaur,734,24.34,1,1,UDYAM-MH-03-7995086,NOT_APPLICABLE,1,11.44,10.6,23641,77.6,78.1
ENT_IN_21187,Sunil Gupta,0,2.23,1,1,UDYAM-UP-03-1721730,ACTIVE,1,41.44,2.8,299335,61.7,70.5
ENT_IN_21188,Vijay Deshmukh,0,8.13,1,1,NOT_REGISTERED,ACTIVE,0,11.76,1.0,239710,69.6,56.9
ENT_IN_21189,Radha Khan,594,17.94,1,1,NOT_REGISTERED,NOT_APPLICABLE,1,3.77,9.6,387593,39.0,62.1
ENT_IN_21190,Tariq Gupta,648,18.01,1,1,NOT_REGISTERED,UNREGISTERED,0,10.46,8.9,273745,79.9,58.0
ENT_IN_21191,Harpreet Nair,635,0.05,1,1,UDYAM-KA-03-8487856,ACTIVE,1,36.88,0.2,331105,98.6,91.1
ENT_IN_21192,Pooja Joshi,686,0.38,1,1,UDYAM-PB-03-2501721,UNREGISTERED,1,24.93,11.7,158010,75.4,85.4
ENT_IN_21193,Sujata Singh,637,24.15,1,1,NOT_REGISTERED,NOT_APPLICABLE,1,17.51,9.0,101530,91.3,69.8
ENT_IN_21194,Seema Deshmukh,631,3.09,1,1,UDYAM-MH-03-6745253,NOT_APPLICABLE,1,37.39,9.9,304618,67.5,76.7
ENT_IN_21195,Vikram Sharma,737,24.82,1,1,UDYAM-TN-03-2133820,ACTIVE,1,19.84,1.1,398061,58.8,88.9
ENT_IN_21196,Fatima Das,767,24.31,1,1,NOT_REGISTERED,ACTIVE,0,25.54,8.0,372113,35.4,78.7
ENT_IN_21197,Vijay Chaudhary,612,24.28,1,1,UDYAM-UP-03-4783585,ACTIVE,1,31.09,6.7,437285,48.6,79.7
ENT_IN_21198,Suresh Nair,727,6.91,1,1,NOT_REGISTERED,UNREGISTERED,1,10.02,0.7,259057,68.4,78.6
ENT_IN_21199,Geeta Gowda,593,8.41,1,0,NOT_REGISTERED,ACTIVE,1,36.21,2.4,245782,54.8,61.8
ENT_IN_21200,Vijay Kaur,755,14.17,1,0,NOT_REGISTERED,NOT_APPLICABLE,1,9.5,3.6,371960,99.8,88.9
ENT_IN_21201,Lakshmi Joshi,836,21.6,0,1,UDYAM-PB-03-4731799,NOT_APPLICABLE,1,29.23,0.2,447612,45.2,81.8
ENT_IN_21202,Anita Gupta,658,14.58,1,1,UDYAM-PB-03-3044690,ACTIVE,1,38.68,11.7,109576,68.2,84.1
ENT_IN_21203,Priya Das,654,19.17,0,1,NOT_REGISTERED,ACTIVE,1,34.71,10.1,261894,70.2,76.8
ENT_IN_21204,Kiran Verma,683,14.6,1,1,UDYAM-UP-03-8456143,NOT_APPLICABLE,1,8.25,8.5,250925,44.5,78.7
ENT_IN_21205,Seema Deshmukh,0,16.34,1,1,UDYAM-UP-03-6685972,NOT_APPLICABLE,1,34.83,6.7,31867,43.8,49.6
ENT_IN_21206,Ananya Yadav,847,10.91,1,1,NOT_REGISTERED,NOT_APPLICABLE,1,6.29,4.0,229575,93.5,91.8
ENT_IN_21207,Sunita Sharma,783,12.09,0,1,UDYAM-MH-03-1079288,ACTIVE,1,43.2,9.4,278128,99.2,100.0
ENT_IN_21208,Deepika Chatterjee,620,21.77,0,1,UDYAM-UP-03-2573518,NOT_APPLICABLE,1,39.5,8.2,444998,39.4,62.2
ENT_IN_21209,Amit Kumar,617,24.62,1,1,NOT_REGISTERED,UNREGISTERED,1,3.77,6.5,57218,96.1,68.9
ENT_IN_21210,Ananya Mehta,797,18.4,1,1,UDYAM-MH-03-5203071,UNREGISTERED,0,33.11,0.2,357263,37.5,77.8
ENT_IN_21211,Bhavna Khan,0,12.89,1,0,NOT_REGISTERED,NOT_APPLICABLE,1,18.55,11.5,63336,56.3,40.6
ENT_IN_21212,Mahesh Chaudhary,814,14.88,1,1,UDYAM-TN-03-4679219,ACTIVE,1,18.66,9.6,70507,52.0,89.9
ENT_IN_21213,Ananya Das,612,6.1,1,0,UDYAM-UP-03-7659793,NOT_APPLICABLE,0,13.45,11.5,317520,59.2,53.1
ENT_IN_21214,Sunil Gupta,758,17.53,1,1,NOT_REGISTERED,UNREGISTERED,1,16.78,2.6,133686,79.1,82.7
ENT_IN_21215,Amit Sharma,555,16.89,1,0,UDYAM-UP-03-3511739,ACTIVE,0,15.06,10.8,240539,48.7,57.0
ENT_IN_21216,Dinesh Verma,570,3.03,1,1,NOT_REGISTERED,ACTIVE,0,29.05,6.0,77035,40.9,48.0
ENT_IN_21217,Fatima Khan,710,6.89,1,1,UDYAM-PB-03-2250534,NOT_APPLICABLE,1,2.05,0.6,157423,50.5,79.9
ENT_IN_21218,Priya Deshmukh,642,18.36,1,1,UDYAM-TN-03-9872942,ACTIVE,1,13.64,1.4,18344,69.5,74.8
ENT_IN_21219,Karan Kaur,836,20.94,1,1,UDYAM-MH-03-6915359,NOT_APPLICABLE,1,38.26,10.1,260388,45.2,92.3
ENT_IN_21220,Suresh Reddy,0,14.12,1,1,UDYAM-MH-03-2216635,ACTIVE,1,34.07,7.1,87554,56.8,61.8
ENT_IN_21221,Savita Deshmukh,647,24.99,1,1,UDYAM-GJ-03-7695120,NOT_APPLICABLE,1,43.24,11.0,413644,82.7,77.0
ENT_IN_21222,Lakshmi Shah,744,16.16,1,1,UDYAM-MH-03-4420144,ACTIVE,1,35.71,11.6,100188,84.7,90.2
ENT_IN_21223,Vikram Sheikh,691,23.82,1,1,UDYAM-PB-03-1067655,ACTIVE,1,24.61,4.5,74003,81.2,85.6
ENT_IN_21224,Fatima Joshi,850,19.17,1,1,UDYAM-GJ-03-8959770,NOT_APPLICABLE,1,1.15,4.2,126656,70.8,88.6
ENT_IN_21225,Manoj Das,750,2.38,1,1,UDYAM-PB-03-6142902,UNREGISTERED,1,38.67,0.2,223756,68.2,92.5
ENT_IN_21226,Meena Chaudhary,619,3.29,1,1,NOT_REGISTERED,NOT_APPLICABLE,1,13.93,3.3,18204,95.8,64.7
ENT_IN_21227,Shweta Yadav,643,13.04,1,1,UDYAM-PB-03-3048110,NOT_APPLICABLE,1,34.71,0.8,418699,67.0,74.2
ENT_IN_21228,Harpreet Khan,653,20.49,1,1,UDYAM-KA-03-8427726,ACTIVE,0,41.9,3.3,165556,84.6,80.4
ENT_IN_21229,Prakash Chaudhary,842,20.72,1,1,UDYAM-UP-03-9050251,NOT_APPLICABLE,1,10.72,7.0,394346,75.3,97.6
ENT_IN_21230,Meena Verma,712,10.59,1,1,UDYAM-KA-03-3519750,UNREGISTERED,0,35.91,7.7,397947,91.6,79.5
ENT_IN_21231,Lakshmi Verma,754,17.27,1,1,UDYAM-UP-03-9143996,ACTIVE,1,31.74,9.4,135816,96.1,100.0
ENT_IN_21232,Manoj Singh,606,9.77,1,1,NOT_REGISTERED,ACTIVE,1,0.52,1.3,281119,94.8,77.7
ENT_IN_21233,Tariq Rao,582,19.8,1,1,NOT_REGISTERED,ACTIVE,1,12.87,6.8,47943,77.6,70.6
ENT_IN_21234,Mahesh Reddy,0,23.33,0,1,UDYAM-UP-03-7382164,ACTIVE,1,7.18,1.3,351062,75.2,66.6
ENT_IN_21235,Neha Mehta,0,19.76,1,0,UDYAM-TN-03-2713143,ACTIVE,0,30.9,9.4,261730,39.2,48.5
ENT_IN_21236,Priya Sharma,747,14.36,1,1,UDYAM-KA-03-7309117,ACTIVE,1,38.84,1.2,296602,73.8,92.1
ENT_IN_21237,Harpreet Kumar,583,17.97,1,1,UDYAM-KA-03-4245341,ACTIVE,1,28.2,5.0,300584,96.8,87.8
ENT_IN_21238,Pooja Shah,602,23.51,1,1,UDYAM-TN-03-9918995,UNREGISTERED,1,40.89,2.5,128218,89.7,73.7
ENT_IN_21239,Sunita Joshi,610,2.35,1,1,NOT_REGISTERED,UNREGISTERED,0,27.26,1.9,166046,56.2,50.2
ENT_IN_21240,Radha Verma,603,24.69,1,0,UDYAM-TN-03-5621445,ACTIVE,1,19.21,6.0,114546,94.1,75.5
ENT_IN_21241,Rahul Nair,818,18.4,1,1,UDYAM-KA-03-7863899,ACTIVE,1,31.41,4.8,303200,82.8,100.0
ENT_IN_21242,Rahul Gowda,663,0.83,1,1,UDYAM-UP-03-7530924,NOT_APPLICABLE,0,23.58,10.4,33224,79.3,69.4
ENT_IN_21243,Geeta Kulkarni,573,1.64,1,1,UDYAM-UP-03-8028176,ACTIVE,1,39.83,3.7,320907,76.3,81.1
ENT_IN_21244,Simran Sheikh,582,18.18,1,0,NOT_REGISTERED,ACTIVE,1,35.43,2.7,340914,42.7,60.1
ENT_IN_21245,Rohan Patel,723,1.9,1,1,UDYAM-PB-03-2257802,NOT_APPLICABLE,1,5.07,1.4,152570,78.1,85.3
ENT_IN_21246,Geeta Gowda,575,14.14,1,1,NOT_REGISTERED,NOT_APPLICABLE,1,21.37,7.4,327726,45.6,63.3
ENT_IN_21247,Mahesh Reddy,820,10.43,1,1,UDYAM-TN-03-4443287,ACTIVE,1,38.67,1.6,94828,83.9,97.8
ENT_IN_21248,Anita Patil,672,10.01,1,1,UDYAM-UP-03-1511142,ACTIVE,0,35.89,10.6,256630,61.5,80.7
ENT_IN_21249,Kavita Kulkarni,0,18.78,1,0,NOT_REGISTERED,ACTIVE,0,39.95,0.2,415439,96.9,51.9
ENT_IN_21250,Suresh Deshmukh,0,13.5,1,1,NOT_REGISTERED,ACTIVE,0,12.11,6.5,15272,77.8,49.7
ENT_IN_21251,Sujata Gowda,698,24.84,1,0,NOT_REGISTERED,ACTIVE,1,38.17,10.3,412143,41.2,68.1
ENT_IN_21252,Prakash Gupta,818,8.85,1,0,UDYAM-UP-03-2259341,NOT_APPLICABLE,1,8.9,9.6,182428,40.3,80.2
ENT_IN_21253,Ayesha Verma,652,8.89,1,1,UDYAM-KA-03-9425292,ACTIVE,1,9.09,6.6,38574,72.9,82.8
ENT_IN_21254,Pooja Mehta,768,14.78,1,1,UDYAM-MH-03-7847685,ACTIVE,0,21.28,4.2,162324,85.4,93.2
ENT_IN_21255,Mahesh Das,708,15.98,1,1,UDYAM-MH-03-9748696,NOT_APPLICABLE,1,5.47,1.6,51174,92.4,81.7
ENT_IN_21256,Rohan Joshi,685,7.69,1,1,NOT_REGISTERED,NOT_APPLICABLE,1,14.86,5.2,430325,40.4,70.5
ENT_IN_21257,Dinesh Joshi,0,3.84,1,1,UDYAM-UP-03-5466891,NOT_APPLICABLE,1,36.6,4.0,380874,44.0,56.1
ENT_IN_21258,Priya Khan,734,14.53,1,1,UDYAM-GJ-03-8191523,UNREGISTERED,1,10.59,0.0,431469,62.1,85.7
ENT_IN_21259,Dinesh Khan,690,7.49,1,1,UDYAM-KA-03-7116506,ACTIVE,1,3.82,8.8,321559,72.8,94.2
ENT_IN_21260,Pradeep Patil,618,19.69,1,1,UDYAM-KA-03-8116151,ACTIVE,1,23.0,9.8,237036,49.6,75.1
ENT_IN_21261,Seema Kumar,779,10.17,1,0,NOT_REGISTERED,NOT_APPLICABLE,1,2.67,5.0,408317,74.3,83.3
ENT_IN_21262,Suresh Patil,807,23.33,1,1,UDYAM-GJ-03-3129372,ACTIVE,1,30.74,11.0,170732,55.3,96.6
ENT_IN_21263,Sunita Sharma,0,8.8,1,1,UDYAM-UP-03-5777173,ACTIVE,1,7.87,10.5,180805,90.8,73.5
ENT_IN_21264,Pooja Gowda,845,6.75,1,0,NOT_REGISTERED,NOT_APPLICABLE,1,34.56,8.5,296184,91.2,86.5
ENT_IN_21265,Sunita Nair,787,7.04,1,1,UDYAM-MH-03-4491372,NOT_APPLICABLE,1,33.72,3.2,37568,39.9,80.8
ENT_IN_21266,Rajesh Banerjee,847,13.42,1,1,UDYAM-UP-03-8124907,UNREGISTERED,0,26.85,9.1,324602,93.6,92.9
ENT_IN_21267,Vikram Yadav,0,19.99,0,1,UDYAM-PB-03-1804253,ACTIVE,0,44.4,7.6,220846,37.7,46.6
ENT_IN_21268,Sunita Kaur,619,18.52,1,1,UDYAM-GJ-03-2167964,ACTIVE,1,13.53,4.8,219596,68.8,79.2
ENT_IN_21269,Pooja Singh,779,20.51,1,1,NOT_REGISTERED,ACTIVE,1,43.18,11.2,303049,47.1,86.2
ENT_IN_21270,Sujata Sheikh,735,8.79,1,1,UDYAM-GJ-03-8552673,NOT_APPLICABLE,1,34.27,3.1,208075,83.2,88.5
ENT_IN_21271,Harpreet Yadav,739,4.24,1,1,UDYAM-MH-03-1813934,NOT_APPLICABLE,1,43.93,6.0,393838,54.5,81.9
ENT_IN_21272,Neha Sheikh,706,20.04,1,1,UDYAM-MH-03-4725849,NOT_APPLICABLE,1,16.02,8.2,287577,45.3,81.6
ENT_IN_21273,Manoj Kulkarni,668,7.7,0,1,UDYAM-MH-03-3638108,NOT_APPLICABLE,1,6.97,10.7,345461,91.4,81.5
ENT_IN_21274,Radha Das,819,3.14,1,1,UDYAM-KA-03-1827091,NOT_APPLICABLE,0,29.29,11.7,306730,62.3,80.8
ENT_IN_21275,Ashok Banerjee,0,15.31,1,1,UDYAM-MH-03-2352859,ACTIVE,1,25.86,0.2,52423,78.4,69.0
ENT_IN_21276,Arjun Joshi,0,2.12,1,1,UDYAM-PB-03-5890231,NOT_APPLICABLE,1,41.6,5.9,128523,75.3,62.7
ENT_IN_21277,Geeta Sharma,794,5.56,0,1,UDYAM-GJ-03-5040798,NOT_APPLICABLE,1,28.77,3.5,17351,50.2,75.6
ENT_IN_21278,Meena Gupta,662,3.8,1,1,UDYAM-MH-03-4458933,ACTIVE,1,33.69,10.9,298189,62.7,92.6
ENT_IN_21279,Simran Gowda,631,1.36,1,1,NOT_REGISTERED,NOT_APPLICABLE,1,33.16,10.9,389288,50.6,60.2
ENT_IN_21280,Deepika Kulkarni,848,11.63,1,1,UDYAM-MH-03-5272491,UNREGISTERED,1,34.45,10.5,193738,66.1,93.6
ENT_IN_21281,Rahul Das,631,24.71,1,1,UDYAM-TN-03-5824386,NOT_APPLICABLE,1,44.65,1.5,381382,62.3,75.7
ENT_IN_21282,Lakshmi Banerjee,762,5.1,1,1,UDYAM-UP-03-3305776,ACTIVE,1,5.95,4.9,312900,92.8,100.0
ENT_IN_21283,Arjun Verma,754,13.96,1,0,UDYAM-KA-03-8749506,ACTIVE,0,15.18,4.7,177806,54.4,81.5
ENT_IN_21284,Sunil Verma,577,19.92,1,1,NOT_REGISTERED,ACTIVE,1,2.48,9.7,305306,60.1,72.0
ENT_IN_21285,Anita Deshmukh,593,15.81,1,1,UDYAM-GJ-03-1813883,UNREGISTERED,1,29.05,12.0,78265,69.1,67.9
ENT_IN_21286,Deepak Gowda,616,5.26,1,1,UDYAM-KA-03-6896957,NOT_APPLICABLE,1,29.94,6.5,300664,82.4,80.1
ENT_IN_21287,Suresh Reddy,775,24.98,1,1,UDYAM-MH-03-1309195,NOT_APPLICABLE,1,39.84,11.9,27279,37.6,77.3
ENT_IN_21288,Kiran Kulkarni,608,1.87,1,1,NOT_REGISTERED,ACTIVE,1,24.41,4.6,18224,50.9,62.7
ENT_IN_21289,Anil Joshi,635,8.57,1,1,UDYAM-KA-03-3546956,ACTIVE,1,33.58,4.1,334426,79.2,85.7
ENT_IN_21290,Arjun Kulkarni,824,19.5,1,0,UDYAM-KA-03-6353593,NOT_APPLICABLE,1,42.91,5.5,178625,76.2,87.3
ENT_IN_21291,Vijay Reddy,812,21.41,1,1,UDYAM-KA-03-2823109,ACTIVE,0,41.29,9.8,122490,70.8,86.3
ENT_IN_21292,Mahesh Sharma,832,13.22,1,1,UDYAM-MH-03-1543873,ACTIVE,1,17.26,0.2,346682,53.4,100.0
ENT_IN_21293,Dinesh Chaudhary,726,21.18,1,0,UDYAM-UP-03-8498056,NOT_APPLICABLE,1,44.26,8.6,126707,37.3,63.2
ENT_IN_21294,Kiran Mehta,555,13.2,1,1,UDYAM-TN-03-1101090,NOT_APPLICABLE,1,8.72,8.2,224749,68.5,75.8
ENT_IN_21295,Tariq Kaur,0,0.18,1,1,NOT_REGISTERED,NOT_APPLICABLE,1,4.46,7.5,329587,95.2,63.8
ENT_IN_21296,Manoj Nair,748,15.91,1,0,UDYAM-KA-03-6648548,ACTIVE,1,13.41,2.1,41359,39.2,67.2
ENT_IN_21297,Lakshmi Rao,648,23.81,1,1,UDYAM-UP-03-4880406,ACTIVE,1,23.41,3.4,19382,64.2,70.6
ENT_IN_21298,Anita Kumar,0,18.66,1,0,UDYAM-GJ-03-7562215,NOT_APPLICABLE,1,31.72,0.6,391546,80.9,58.9
ENT_IN_21299,Savita Verma,675,2.41,1,1,NOT_REGISTERED,NOT_APPLICABLE,1,3.62,10.1,213410,94.1,84.5
ENT_IN_21300,Rahul Shah,667,16.82,1,0,NOT_REGISTERED,ACTIVE,1,34.03,2.8,375890,69.5,79.1
ENT_IN_21301,Mamta Banerjee,581,0.16,1,0,UDYAM-KA-03-9153404,NOT_APPLICABLE,0,21.03,3.8,219124,56.2,55.5
ENT_IN_21302,Karan Kumar,607,20.86,1,1,UDYAM-TN-03-1712432,ACTIVE,0,31.05,10.0,314154,88.6,77.4
ENT_IN_21303,Sangeeta Mehta,745,14.13,1,1,NOT_REGISTERED,ACTIVE,1,8.76,10.6,253871,68.6,86.4
ENT_IN_21304,Ramesh Verma,762,4.18,1,1,UDYAM-UP-03-6718618,NOT_APPLICABLE,1,21.2,1.6,74150,92.0,93.5
ENT_IN_21305,Gurpreet Chatterjee,708,16.82,1,1,NOT_REGISTERED,ACTIVE,1,22.71,11.4,349957,88.7,88.1
ENT_IN_21306,Geeta Singh,569,3.22,1,0,NOT_REGISTERED,ACTIVE,0,40.32,6.7,435183,67.5,57.5
ENT_IN_21307,Meena Chatterjee,0,10.3,1,1,UDYAM-UP-03-7535754,ACTIVE,1,2.0,9.2,228964,70.2,73.3
ENT_IN_21308,Mahesh Reddy,848,4.06,1,0,NOT_REGISTERED,ACTIVE,1,39.87,1.1,176824,90.0,87.1
ENT_IN_21309,Ganesh Sharma,721,3.0,1,1,UDYAM-TN-03-3690145,NOT_APPLICABLE,1,17.09,2.7,168646,62.8,83.0
ENT_IN_21310,Ayesha Khan,833,8.14,1,1,NOT_REGISTERED,NOT_APPLICABLE,1,14.26,7.7,210668,57.2,82.1
ENT_IN_21311,Rajesh Singh,683,3.92,1,1,UDYAM-TN-03-3690498,UNREGISTERED,0,35.82,0.9,227896,98.5,79.9
ENT_IN_21312,Priya Gowda,683,14.95,1,1,UDYAM-GJ-03-5172827,ACTIVE,1,11.75,6.2,279512,50.0,90.1
ENT_IN_21313,Sunita Rao,578,22.66,1,1,NOT_REGISTERED,NOT_APPLICABLE,1,44.59,0.8,394809,76.2,71.8
ENT_IN_21314,Geeta Khan,742,6.4,1,1,UDYAM-TN-03-8692493,ACTIVE,1,26.43,4.3,336200,52.2,86.9
ENT_IN_21315,Priya Nair,751,11.58,1,1,UDYAM-UP-03-7560645,NOT_APPLICABLE,1,29.66,1.6,412023,40.6,90.0
ENT_IN_21316,Vikram Sheikh,838,2.99,1,1,UDYAM-MH-03-7170650,ACTIVE,1,8.14,6.4,236342,86.7,100.0
ENT_IN_21317,Preeti Rao,682,23.26,1,1,NOT_REGISTERED,NOT_APPLICABLE,0,33.07,4.5,251581,57.4,66.0
ENT_IN_21318,Rekha Reddy,791,4.7,1,1,UDYAM-KA-03-8792437,ACTIVE,1,19.02,8.9,261245,69.3,100.0
ENT_IN_21319,Simran Mishra,710,3.59,1,1,NOT_REGISTERED,NOT_APPLICABLE,1,21.31,1.2,182656,94.1,78.1
ENT_IN_21320,Savita Mehta,826,10.69,1,1,UDYAM-UP-03-1321703,ACTIVE,1,25.6,1.1,325215,37.2,97.2
ENT_IN_21321,Ashok Yadav,673,24.32,1,1,UDYAM-KA-03-1130977,ACTIVE,1,12.66,11.6,52749,48.4,79.3
ENT_IN_21322,Lakshmi Patil,737,21.68,1,0,UDYAM-TN-03-5946803,ACTIVE,1,14.16,8.5,371527,58.8,84.0
ENT_IN_21323,Amit Sharma,560,8.99,1,1,UDYAM-TN-03-3469916,ACTIVE,1,15.21,5.7,439324,54.3,79.9
ENT_IN_21324,Mohammed Rao,599,11.81,1,1,UDYAM-PB-03-5342450,NOT_APPLICABLE,1,27.59,5.9,221581,78.5,74.8
ENT_IN_21325,Kavita Reddy,0,4.95,1,1,UDYAM-GJ-03-2202122,NOT_APPLICABLE,1,30.12,3.1,189707,48.4,56.7
ENT_IN_21326,Gurpreet Singh,849,14.11,1,0,NOT_REGISTERED,NOT_APPLICABLE,1,37.51,3.0,369873,58.5,76.3
ENT_IN_21327,Sunil Joshi,579,13.58,1,1,UDYAM-TN-03-8175715,NOT_APPLICABLE,0,43.61,1.2,301043,42.8,58.6
ENT_IN_21328,Deepika Patel,584,24.98,1,1,NOT_REGISTERED,NOT_APPLICABLE,1,42.21,8.2,15783,71.2,59.6
ENT_IN_21329,Anil Das,812,15.55,1,1,UDYAM-UP-03-5649268,UNREGISTERED,1,0.09,0.4,234794,82.6,95.2
ENT_IN_21330,Arjun Patel,699,20.32,1,0,UDYAM-GJ-03-6223239,NOT_APPLICABLE,1,30.74,11.5,31624,83.8,70.9
ENT_IN_21331,Kavita Banerjee,0,10.36,1,1,UDYAM-TN-03-9352089,NOT_APPLICABLE,1,18.77,8.1,257886,75.1,63.8
ENT_IN_21332,Suresh Mehta,576,6.08,1,1,UDYAM-MH-03-3610338,NOT_APPLICABLE,1,0.74,2.1,126690,76.3,69.3
ENT_IN_21333,Geeta Shah,0,3.04,1,1,UDYAM-GJ-03-5973357,NOT_APPLICABLE,1,40.61,1.7,148963,66.7,61.7
ENT_IN_21334,Kiran Rao,570,1.45,1,1,UDYAM-TN-03-6146016,UNREGISTERED,1,14.71,3.0,180236,80.3,74.6
ENT_IN_21335,Karan Chaudhary,599,0.38,1,1,UDYAM-UP-03-5638941,ACTIVE,1,10.3,7.6,449743,44.1,75.6
ENT_IN_21336,Ayesha Das,627,24.55,1,1,NOT_REGISTERED,NOT_APPLICABLE,1,18.14,9.5,203701,81.3,69.4
ENT_IN_21337,Fatima Nair,576,21.17,1,0,UDYAM-UP-03-2895914,NOT_APPLICABLE,1,13.14,9.2,307387,90.1,72.5
ENT_IN_21338,Harpreet Reddy,685,19.89,1,1,UDYAM-MH-03-8507866,NOT_APPLICABLE,1,9.14,8.5,201930,95.0,92.3
ENT_IN_21339,Karan Sharma,615,4.18,1,1,UDYAM-KA-03-4126269,UNREGISTERED,1,10.39,0.2,194444,75.9,72.7
ENT_IN_21340,Kiran Chatterjee,625,12.03,1,1,UDYAM-TN-03-3261123,UNREGISTERED,0,4.53,10.4,258268,39.7,60.5
ENT_IN_21341,Bhavna Deshmukh,642,9.48,1,1,UDYAM-UP-03-5788158,ACTIVE,1,22.07,4.8,332381,60.5,81.5
ENT_IN_21342,Ramesh Shah,777,6.03,1,1,NOT_REGISTERED,ACTIVE,1,6.85,4.5,107438,54.2,83.5
ENT_IN_21343,Shweta Chatterjee,578,22.57,1,0,UDYAM-UP-03-2020585,NOT_APPLICABLE,0,4.89,7.1,162549,52.9,52.8
ENT_IN_21344,Lakshmi Sheikh,551,0.89,1,1,UDYAM-GJ-03-5919855,ACTIVE,1,2.85,7.7,61417,40.4,69.6
ENT_IN_21345,Seema Yadav,710,9.91,0,1,UDYAM-KA-03-2369428,NOT_APPLICABLE,1,25.58,7.4,109471,68.2,73.9
ENT_IN_21346,Mohammed Kulkarni,840,13.0,1,1,UDYAM-KA-03-6267108,NOT_APPLICABLE,1,30.5,11.2,211992,71.1,96.3
ENT_IN_21347,Sanjay Patel,805,19.09,1,0,UDYAM-GJ-03-6982030,ACTIVE,0,20.01,2.4,96962,37.3,73.3
ENT_IN_21348,Ganesh Joshi,674,17.76,1,1,UDYAM-GJ-03-8161159,ACTIVE,1,23.33,3.9,243814,48.6,85.1
ENT_IN_21349,Gurpreet Reddy,845,20.42,0,1,NOT_REGISTERED,ACTIVE,1,16.22,3.5,101008,54.8,77.2
ENT_IN_21350,Deepika Banerjee,703,2.88,1,1,UDYAM-PB-03-3436331,NOT_APPLICABLE,1,44.6,8.2,216878,43.0,79.0
ENT_IN_21351,Vijay Rao,748,20.1,1,1,NOT_REGISTERED,ACTIVE,1,27.93,5.4,24314,47.5,69.6
ENT_IN_21352,Mohammed Chatterjee,713,24.47,1,1,NOT_REGISTERED,ACTIVE,1,6.58,6.3,118883,63.3,78.0
ENT_IN_21353,Savita Verma,0,5.39,1,1,UDYAM-TN-03-1638709,ACTIVE,1,43.15,4.2,140789,44.1,62.7
ENT_IN_21354,Deepika Banerjee,702,6.55,1,1,UDYAM-PB-03-4484468,NOT_APPLICABLE,0,27.74,5.3,371421,53.5,68.6
ENT_IN_21355,Sujata Shah,598,5.11,1,1,UDYAM-MH-03-3572394,ACTIVE,1,34.48,11.6,399904,43.8,76.4
ENT_IN_21356,Seema Verma,613,9.11,1,1,NOT_REGISTERED,NOT_APPLICABLE,0,1.94,7.8,378772,58.0,54.1
ENT_IN_21357,Priya Das,592,21.05,1,1,UDYAM-GJ-03-3355342,ACTIVE,1,14.22,1.4,97736,39.5,67.6
ENT_IN_21358,Arjun Sharma,805,4.64,1,1,UDYAM-PB-03-2704000,ACTIVE,0,21.37,5.6,41912,93.5,87.8
ENT_IN_21359,Shweta Reddy,592,22.46,0,1,NOT_REGISTERED,NOT_APPLICABLE,1,26.15,8.3,141535,81.2,58.4
ENT_IN_21360,Gurpreet Kumar,793,16.61,1,1,UDYAM-PB-03-2544070,NOT_APPLICABLE,1,10.96,5.8,362437,63.2,96.1
ENT_IN_21361,Simran Gupta,614,5.83,1,0,UDYAM-KA-03-1395372,NOT_APPLICABLE,1,12.28,0.6,384562,82.1,69.7
ENT_IN_21362,Simran Yadav,552,2.6,1,1,UDYAM-KA-03-5410909,NOT_APPLICABLE,0,3.75,9.6,338792,47.9,59.9
ENT_IN_21363,Mamta Mishra,836,9.84,1,1,NOT_REGISTERED,ACTIVE,1,40.51,11.3,144034,91.5,94.7
ENT_IN_21364,Rekha Rao,624,13.9,1,1,UDYAM-PB-03-4423357,ACTIVE,1,3.73,11.5,432291,83.4,87.4
ENT_IN_21365,Deepak Kaur,747,23.99,1,1,UDYAM-PB-03-6122607,ACTIVE,1,43.09,5.4,25425,42.2,78.8
ENT_IN_21366,Sangeeta Sharma,781,22.18,1,1,UDYAM-GJ-03-3170536,ACTIVE,1,29.03,9.1,77124,70.4,95.6
ENT_IN_21367,Tariq Gupta,791,9.06,0,1,UDYAM-KA-03-5894029,ACTIVE,1,21.57,2.7,102615,41.1,78.9
ENT_IN_21368,Geeta Gupta,0,24.41,1,1,UDYAM-GJ-03-4614336,ACTIVE,1,28.46,8.9,47996,76.2,66.0
ENT_IN_21369,Prakash Mishra,0,6.04,1,0,NOT_REGISTERED,NOT_APPLICABLE,1,25.55,5.0,273420,99.7,60.6
ENT_IN_21370,Priya Joshi,616,14.34,1,1,UDYAM-KA-03-4466095,UNREGISTERED,1,37.96,8.7,278736,90.3,83.3
ENT_IN_21371,Savita Kulkarni,723,6.28,1,1,UDYAM-GJ-03-5637859,UNREGISTERED,0,43.57,0.1,355088,37.3,67.1
ENT_IN_21372,Anil Patil,0,13.03,1,1,UDYAM-TN-03-9665076,NOT_APPLICABLE,1,18.61,8.5,306126,43.2,56.0
ENT_IN_21373,Sujata Kumar,822,9.59,0,1,UDYAM-TN-03-2048027,ACTIVE,1,8.11,7.2,199660,72.2,94.0
ENT_IN_21374,Mahesh Mishra,573,8.76,1,1,UDYAM-GJ-03-7962603,NOT_APPLICABLE,1,38.19,8.7,372253,97.4,79.8
ENT_IN_21375,Vikram Sharma,826,3.14,1,1,NOT_REGISTERED,ACTIVE,1,4.03,11.8,323898,86.7,99.5
ENT_IN_21376,Simran Deshmukh,680,12.34,1,0,UDYAM-MH-03-3344992,UNREGISTERED,1,33.38,5.1,288132,44.1,74.5
ENT_IN_21377,Seema Singh,843,20.21,1,1,NOT_REGISTERED,ACTIVE,1,30.24,10.0,105742,83.6,90.2
ENT_IN_21378,Ananya Mishra,812,9.91,1,1,NOT_REGISTERED,UNREGISTERED,1,42.86,5.0,189717,81.2,90.7
ENT_IN_21379,Mohammed Deshmukh,810,10.63,1,1,NOT_REGISTERED,ACTIVE,1,40.7,8.8,289247,98.3,100.0
ENT_IN_21380,Ganesh Sharma,632,6.32,1,1,UDYAM-MH-03-3184197,ACTIVE,1,29.54,2.1,79787,52.0,73.1
ENT_IN_21381,Amit Chatterjee,0,12.29,1,1,NOT_REGISTERED,NOT_APPLICABLE,1,8.34,6.9,168478,38.5,48.2
ENT_IN_21382,Seema Kumar,804,1.26,1,1,UDYAM-PB-03-6591185,ACTIVE,1,15.29,3.7,172191,78.2,100.0
ENT_IN_21383,Vikram Sharma,669,1.48,1,1,UDYAM-GJ-03-7506386,NOT_APPLICABLE,1,10.41,8.3,306170,70.9,86.6
ENT_IN_21384,Deepak Mehta,652,22.45,1,1,NOT_REGISTERED,ACTIVE,1,44.68,3.2,111880,72.1,78.1
ENT_IN_21385,Sanjay Shah,0,17.18,1,1,UDYAM-TN-03-5183205,NOT_APPLICABLE,1,34.52,6.0,111653,85.1,63.2
ENT_IN_21386,Karan Shah,664,13.73,1,1,NOT_REGISTERED,UNREGISTERED,1,0.74,0.8,171372,71.2,74.6
ENT_IN_21387,Neha Sheikh,739,12.6,1,1,NOT_REGISTERED,NOT_APPLICABLE,0,2.12,9.0,72427,64.9,60.6
ENT_IN_21388,Sujata Yadav,829,12.78,1,1,UDYAM-PB-03-7042802,NOT_APPLICABLE,1,18.65,3.6,341931,63.0,96.6
ENT_IN_21389,Sujata Gupta,779,24.59,1,1,NOT_REGISTERED,NOT_APPLICABLE,1,5.55,4.5,442283,75.8,90.0
ENT_IN_21390,Shweta Mehta,681,14.35,1,1,UDYAM-PB-03-5464086,ACTIVE,0,25.15,4.7,20723,67.7,75.7
ENT_IN_21391,Pradeep Mehta,0,16.1,1,0,UDYAM-GJ-03-8272438,UNREGISTERED,1,23.9,6.6,29933,62.7,47.3
ENT_IN_21392,Prakash Banerjee,578,20.68,1,1,UDYAM-TN-03-3570190,UNREGISTERED,1,4.86,2.9,173108,82.6,75.1
ENT_IN_21393,Deepika Verma,585,11.49,1,1,UDYAM-TN-03-5342399,UNREGISTERED,1,25.74,0.7,199544,71.7,76.9
ENT_IN_21394,Savita Kulkarni,849,18.92,1,1,UDYAM-UP-03-3480460,ACTIVE,0,8.6,5.6,197687,95.8,94.4
ENT_IN_21395,Kiran Chatterjee,762,24.36,1,1,UDYAM-PB-03-2835418,ACTIVE,1,13.44,4.3,87358,72.2,98.3
ENT_IN_21396,Ayesha Gupta,625,7.51,1,1,UDYAM-UP-03-7336276,NOT_APPLICABLE,1,5.58,5.3,122578,53.8,63.6
ENT_IN_21397,Harpreet Rao,608,1.38,1,1,NOT_REGISTERED,ACTIVE,1,5.0,3.6,232237,71.0,76.1
ENT_IN_21398,Ganesh Gowda,559,13.96,1,1,NOT_REGISTERED,ACTIVE,0,15.43,8.4,278498,61.6,61.4
ENT_IN_21399,Preeti Sharma,703,10.23,1,1,UDYAM-TN-03-1654273,ACTIVE,1,40.41,7.4,314107,75.2,92.9
ENT_IN_21400,Fatima Reddy,667,23.6,1,1,UDYAM-MH-03-5878805,NOT_APPLICABLE,1,21.72,5.8,273266,69.9,83.9
ENT_IN_21401,Kiran Chaudhary,827,17.47,1,1,NOT_REGISTERED,ACTIVE,1,18.11,1.9,288133,98.1,100.0
ENT_IN_21402,Gurpreet Gupta,0,4.39,1,1,NOT_REGISTERED,ACTIVE,1,7.12,10.3,347828,91.8,69.7
ENT_IN_21403,Simran Banerjee,0,10.49,1,1,NOT_REGISTERED,UNREGISTERED,0,37.69,5.2,32074,59.8,36.5
ENT_IN_21404,Prakash Kaur,585,9.45,1,1,UDYAM-UP-03-5967285,NOT_APPLICABLE,1,39.56,4.1,346613,51.1,70.8
ENT_IN_21405,Preeti Deshmukh,748,0.8,1,1,UDYAM-KA-03-1420550,NOT_APPLICABLE,0,43.7,5.9,231612,35.2,65.9
ENT_IN_21406,Deepika Chaudhary,764,5.59,1,1,UDYAM-PB-03-6899536,NOT_APPLICABLE,1,29.13,3.3,70730,52.7,83.5
ENT_IN_21407,Tariq Khan,786,17.96,1,1,UDYAM-KA-03-2329658,ACTIVE,1,0.87,0.8,226263,91.3,100.0
ENT_IN_21408,Kiran Gupta,638,11.35,1,1,UDYAM-PB-03-4113016,ACTIVE,1,28.53,7.5,15689,44.2,68.3
ENT_IN_21409,Ayesha Shah,598,18.99,1,1,UDYAM-PB-03-9369457,UNREGISTERED,0,4.13,7.2,329573,52.2,63.9
ENT_IN_21410,Lakshmi Das,586,17.23,1,1,UDYAM-MH-03-2901557,NOT_APPLICABLE,1,6.64,6.7,308553,37.0,68.6
ENT_IN_21411,Shweta Gupta,564,5.07,1,1,UDYAM-TN-03-1562442,ACTIVE,1,16.3,2.0,292806,97.6,91.5
ENT_IN_21412,Manoj Mehta,591,16.51,1,1,UDYAM-MH-03-1308732,NOT_APPLICABLE,1,32.83,4.4,384150,80.9,80.4
ENT_IN_21413,Gurpreet Kulkarni,809,14.37,1,1,NOT_REGISTERED,NOT_APPLICABLE,1,44.37,7.2,221024,49.6,82.2
ENT_IN_21414,Ganesh Chaudhary,652,9.1,1,1,UDYAM-MH-03-1512606,NOT_APPLICABLE,1,20.06,5.4,221743,89.0,89.2
ENT_IN_21415,Savita Patil,781,6.05,1,1,NOT_REGISTERED,UNREGISTERED,1,11.2,7.9,384090,63.9,86.6
ENT_IN_21416,Karan Sharma,713,5.24,1,0,UDYAM-PB-03-6176958,NOT_APPLICABLE,0,14.75,7.3,293945,42.7,64.3
ENT_IN_21417,Rohan Kaur,818,23.78,1,1,NOT_REGISTERED,ACTIVE,1,32.02,3.2,337950,57.6,93.9
ENT_IN_21418,Rajesh Das,850,14.11,1,1,UDYAM-PB-03-6460729,ACTIVE,1,8.25,6.1,169114,67.6,97.0
ENT_IN_21419,Karan Chaudhary,618,2.9,1,1,UDYAM-KA-03-8055904,ACTIVE,1,6.42,1.6,259258,46.6,76.3
ENT_IN_21420,Ananya Sharma,648,18.0,1,1,UDYAM-TN-03-1019306,NOT_APPLICABLE,0,7.13,5.1,323661,65.0,62.2
ENT_IN_21421,Sujata Deshmukh,569,18.03,1,1,UDYAM-KA-03-9971654,ACTIVE,1,35.14,5.0,294162,48.6,76.5
ENT_IN_21422,Fatima Singh,649,10.89,1,1,UDYAM-PB-03-8541838,ACTIVE,1,8.33,4.2,223620,47.2,72.9
ENT_IN_21423,Shweta Mehta,734,22.47,1,0,NOT_REGISTERED,ACTIVE,1,31.45,2.6,171876,56.3,73.6
ENT_IN_21424,Deepak Gowda,804,22.18,1,1,UDYAM-TN-03-6654820,ACTIVE,1,31.82,6.6,272467,57.9,99.7
ENT_IN_21425,Ramesh Banerjee,819,10.92,1,1,UDYAM-PB-03-6255889,NOT_APPLICABLE,0,16.78,3.9,92925,41.0,69.8
ENT_IN_21426,Vijay Gowda,556,15.71,1,1,UDYAM-TN-03-1774638,NOT_APPLICABLE,1,1.46,1.9,46736,57.0,62.8
ENT_IN_21427,Lakshmi Nair,788,12.3,1,0,UDYAM-KA-03-1381940,ACTIVE,1,21.8,5.4,115372,81.2,91.3
ENT_IN_21428,Rahul Sheikh,593,16.37,1,1,NOT_REGISTERED,NOT_APPLICABLE,1,33.19,5.8,249850,61.2,64.7
ENT_IN_21429,Sanjay Das,731,11.06,1,1,UDYAM-KA-03-6777586,ACTIVE,1,27.4,6.5,435925,88.8,96.7
ENT_IN_21430,Rajesh Sharma,705,11.85,0,1,NOT_REGISTERED,ACTIVE,1,18.73,3.1,22287,63.8,67.3
ENT_IN_21431,Fatima Chatterjee,558,24.21,1,1,NOT_REGISTERED,ACTIVE,1,2.35,2.2,311503,98.2,82.1
ENT_IN_21432,Meena Verma,664,20.66,1,1,NOT_REGISTERED,UNREGISTERED,1,30.34,2.3,412626,66.3,78.8
ENT_IN_21433,Bhavna Kulkarni,703,6.54,1,1,UDYAM-TN-03-2760988,NOT_APPLICABLE,1,27.21,5.0,353406,72.6,84.1
ENT_IN_21434,Rajesh Singh,812,13.68,0,1,UDYAM-GJ-03-6361483,NOT_APPLICABLE,1,25.3,3.9,251920,44.0,81.2
ENT_IN_21435,Anita Shah,794,1.65,1,1,UDYAM-MH-03-7092448,NOT_APPLICABLE,1,3.66,1.4,182693,46.0,86.0
ENT_IN_21436,Rajesh Yadav,0,7.7,1,1,UDYAM-KA-03-6078588,ACTIVE,1,24.56,0.4,24524,84.0,65.0
ENT_IN_21437,Ashok Kaur,746,15.86,1,1,UDYAM-MH-03-1168461,ACTIVE,1,2.83,0.5,73379,51.4,78.7
ENT_IN_21438,Pooja Mehta,0,13.07,1,1,NOT_REGISTERED,ACTIVE,1,33.37,4.0,204211,79.3,63.3
ENT_IN_21439,Gurpreet Singh,797,2.38,1,1,NOT_REGISTERED,ACTIVE,1,36.51,11.4,156519,85.0,97.4
ENT_IN_21440,Manoj Chatterjee,699,19.44,1,1,UDYAM-MH-03-7857352,ACTIVE,1,23.2,7.3,206079,66.4,92.0
ENT_IN_21441,Vijay Patil,656,9.55,1,1,UDYAM-KA-03-5141405,NOT_APPLICABLE,1,11.91,6.4,146449,62.4,78.6
ENT_IN_21442,Kavita Patil,614,19.23,1,1,NOT_REGISTERED,ACTIVE,1,36.47,7.0,153122,60.0,70.9
ENT_IN_21443,Rohan Mehta,714,5.84,1,1,UDYAM-MH-03-3284784,NOT_APPLICABLE,1,30.19,7.5,116942,49.2,74.6
ENT_IN_21444,Amit Shah,786,24.31,1,1,NOT_REGISTERED,ACTIVE,1,44.33,9.7,443285,68.2,93.6
ENT_IN_21445,Rohan Das,648,4.86,1,1,UDYAM-UP-03-7415450,NOT_APPLICABLE,1,20.19,1.6,31388,85.8,71.9
ENT_IN_21446,Seema Khan,778,24.32,1,1,UDYAM-KA-03-2921182,ACTIVE,1,26.48,6.3,218401,85.4,100.0
ENT_IN_21447,Anil Singh,724,23.67,1,1,UDYAM-GJ-03-8421797,NOT_APPLICABLE,1,2.62,3.7,342983,85.1,86.6
ENT_IN_21448,Rohan Das,827,24.52,0,1,UDYAM-MH-03-4146074,NOT_APPLICABLE,0,43.31,9.3,385822,66.8,74.4
ENT_IN_21449,Rohan Mehta,0,20.21,0,0,UDYAM-KA-03-4795261,ACTIVE,1,16.58,1.7,222907,65.4,53.6
ENT_IN_21450,Simran Gowda,635,3.45,1,1,NOT_REGISTERED,ACTIVE,0,37.34,2.2,277617,73.8,65.7
ENT_IN_21451,Mahesh Joshi,829,5.44,1,1,UDYAM-MH-03-5267612,NOT_APPLICABLE,1,20.17,1.3,359295,91.3,99.5
ENT_IN_21452,Sunita Singh,654,5.01,1,1,NOT_REGISTERED,NOT_APPLICABLE,1,12.92,1.1,288558,46.6,73.3
ENT_IN_21453,Simran Rao,567,22.38,1,1,UDYAM-UP-03-4525527,UNREGISTERED,1,37.43,2.1,174859,53.5,70.5
ENT_IN_21454,Kiran Mehta,567,19.48,1,1,UDYAM-GJ-03-2464523,ACTIVE,1,27.21,3.1,78460,69.7,73.1
ENT_IN_21455,Rekha Rao,569,21.77,1,0,UDYAM-PB-03-4520519,NOT_APPLICABLE,1,37.3,10.9,421852,91.3,74.2
ENT_IN_21456,Savita Rao,550,15.58,1,1,UDYAM-MH-03-5024027,ACTIVE,1,40.64,4.3,244322,95.9,86.8
ENT_IN_21457,Kavita Chatterjee,760,9.58,0,1,UDYAM-GJ-03-3491519,ACTIVE,1,9.1,8.0,21694,36.2,74.1
ENT_IN_21458,Bhavna Sheikh,625,19.26,0,1,UDYAM-UP-03-7739478,ACTIVE,1,23.71,8.7,296574,88.7,79.6
ENT_IN_21459,Dinesh Reddy,801,20.89,0,1,UDYAM-PB-03-9505380,UNREGISTERED,0,17.23,2.2,44804,47.5,65.5
ENT_IN_21460,Dinesh Patel,641,1.29,1,1,NOT_REGISTERED,ACTIVE,1,24.71,6.8,343125,85.1,76.2
ENT_IN_21461,Rohan Shah,664,7.4,0,1,UDYAM-GJ-03-7069627,ACTIVE,1,20.89,0.3,203903,49.2,74.9
ENT_IN_21462,Rahul Kulkarni,665,22.92,1,1,UDYAM-GJ-03-9938547,UNREGISTERED,0,7.63,1.8,251954,65.9,73.0
ENT_IN_21463,Mamta Verma,788,23.89,1,1,NOT_REGISTERED,UNREGISTERED,1,23.64,5.0,316488,54.9,83.6
ENT_IN_21464,Shweta Nair,798,2.2,1,1,UDYAM-UP-03-9466787,UNREGISTERED,1,36.38,5.5,85591,95.8,93.4
ENT_IN_21465,Sunil Gowda,599,7.91,1,1,UDYAM-KA-03-7271922,NOT_APPLICABLE,0,4.62,7.9,387107,91.8,70.5
ENT_IN_21466,Ananya Nair,752,22.29,1,1,UDYAM-TN-03-3198994,ACTIVE,1,2.86,8.3,215193,95.4,100.0
ENT_IN_21467,Gurpreet Verma,593,16.6,1,0,NOT_REGISTERED,ACTIVE,1,7.53,7.4,254922,53.6,63.0
ENT_IN_21468,Deepika Chatterjee,578,14.21,1,1,UDYAM-UP-03-7145646,UNREGISTERED,1,39.94,4.9,164912,49.2,67.5
ENT_IN_21469,Rekha Mehta,576,0.76,1,1,UDYAM-GJ-03-2263915,ACTIVE,1,4.48,6.1,396952,49.9,78.5
ENT_IN_21470,Shweta Verma,587,6.46,1,1,UDYAM-MH-03-2622178,NOT_APPLICABLE,0,22.5,8.7,363145,36.4,57.9
ENT_IN_21471,Radha Nair,715,7.13,1,1,UDYAM-GJ-03-6149043,NOT_APPLICABLE,1,37.12,4.8,62126,68.8,79.1
ENT_IN_21472,Kavita Deshmukh,842,13.9,1,1,UDYAM-UP-03-3690701,NOT_APPLICABLE,1,4.63,4.3,66879,92.1,95.6
ENT_IN_21473,Ashok Patil,691,18.23,1,1,UDYAM-KA-03-5857544,ACTIVE,1,12.43,9.6,26912,56.3,79.6
ENT_IN_21474,Ganesh Patel,630,6.78,1,1,UDYAM-PB-03-4728742,ACTIVE,1,42.05,2.3,128666,61.9,74.2
ENT_IN_21475,Sunil Rao,848,2.24,1,1,UDYAM-KA-03-5497227,ACTIVE,1,5.84,11.8,335353,59.0,98.4
ENT_IN_21476,Arjun Deshmukh,757,7.78,1,1,NOT_REGISTERED,UNREGISTERED,1,34.07,1.5,130976,97.9,88.4
ENT_IN_21477,Seema Mishra,568,5.92,1,1,UDYAM-TN-03-9241261,ACTIVE,1,43.26,2.4,183178,48.8,72.7
ENT_IN_21478,Ananya Joshi,820,23.2,1,1,UDYAM-UP-03-5396881,UNREGISTERED,1,14.51,9.6,441856,38.9,89.2
ENT_IN_21479,Deepika Patil,796,15.11,1,1,UDYAM-GJ-03-7855432,NOT_APPLICABLE,0,17.33,6.6,231285,89.8,87.8
ENT_IN_21480,Priya Mishra,761,22.24,1,1,UDYAM-MH-03-8290114,NOT_APPLICABLE,1,27.3,1.2,308492,87.0,97.4
ENT_IN_21481,Tariq Khan,0,22.8,1,1,UDYAM-GJ-03-9877795,NOT_APPLICABLE,1,32.92,6.6,302314,76.1,67.4
ENT_IN_21482,Geeta Patel,619,20.62,1,1,NOT_REGISTERED,NOT_APPLICABLE,1,34.18,0.9,204865,50.7,61.4
ENT_IN_21483,Meena Gupta,801,7.21,1,1,UDYAM-MH-03-9500984,NOT_APPLICABLE,1,32.74,2.3,354610,83.4,96.3
ENT_IN_21484,Sunita Kumar,841,4.92,1,1,NOT_REGISTERED,NOT_APPLICABLE,1,28.5,2.4,147856,42.2,76.6
ENT_IN_21485,Radha Rao,698,6.81,1,1,NOT_REGISTERED,NOT_APPLICABLE,0,26.19,11.6,385258,52.9,60.5
ENT_IN_21486,Lakshmi Rao,648,6.48,0,1,NOT_REGISTERED,ACTIVE,1,19.98,7.2,147907,56.4,59.5
ENT_IN_21487,Harpreet Gupta,684,19.4,1,1,NOT_REGISTERED,NOT_APPLICABLE,1,3.4,2.5,200158,93.8,84.1
ENT_IN_21488,Manoj Patel,698,13.68,1,1,NOT_REGISTERED,UNREGISTERED,1,36.17,10.5,32586,63.8,69.4
ENT_IN_21489,Manoj Rao,781,13.42,0,1,UDYAM-KA-03-6579032,ACTIVE,0,28.26,11.0,212342,87.8,88.2
ENT_IN_21490,Anil Chatterjee,602,7.24,1,1,UDYAM-UP-03-1096542,NOT_APPLICABLE,1,19.02,2.6,364920,74.3,74.1
ENT_IN_21491,Sunita Deshmukh,843,6.09,1,1,UDYAM-TN-03-7179153,UNREGISTERED,0,29.37,9.4,138792,56.4,74.7
ENT_IN_21492,Sunil Mishra,582,11.13,1,1,UDYAM-PB-03-3957089,ACTIVE,0,1.37,3.4,161597,76.8,72.1
ENT_IN_21493,Pradeep Patil,594,19.59,1,1,UDYAM-MH-03-7350910,NOT_APPLICABLE,1,18.07,11.5,226564,66.8,70.9
ENT_IN_21494,Sunita Mehta,723,6.95,1,1,UDYAM-TN-03-2775522,ACTIVE,1,13.77,11.7,428612,68.1,91.7
ENT_IN_21495,Sanjay Chatterjee,718,8.22,1,1,NOT_REGISTERED,ACTIVE,0,1.6,0.6,408884,99.2,80.1
ENT_IN_21496,Harpreet Sharma,660,5.71,1,1,NOT_REGISTERED,ACTIVE,0,15.17,8.0,426882,85.5,78.8
ENT_IN_21497,Rahul Shah,699,19.57,1,1,NOT_REGISTERED,NOT_APPLICABLE,1,10.87,3.6,234442,83.1,77.2
ENT_IN_21498,Sunil Patel,645,16.22,1,1,NOT_REGISTERED,ACTIVE,1,30.35,11.9,440435,75.1,75.1
ENT_IN_21499,Ganesh Sharma,755,12.67,1,0,UDYAM-MH-03-4915261,NOT_APPLICABLE,1,6.0,4.7,437567,56.7,83.2
ENT_IN_21500,Anil Deshmukh,561,2.22,1,1,UDYAM-KA-03-2919648,ACTIVE,1,38.62,9.9,270140,94.6,91.6
ENT_IN_21501,Preeti Kulkarni,707,13.19,1,1,UDYAM-GJ-03-5759538,NOT_APPLICABLE,1,15.75,4.8,162693,58.8,82.0
ENT_IN_21502,Ramesh Banerjee,612,23.76,1,1,NOT_REGISTERED,ACTIVE,1,16.0,3.7,42208,49.4,63.1
ENT_IN_21503,Bhavna Sharma,801,8.17,1,1,UDYAM-PB-03-2992651,UNREGISTERED,1,29.86,2.7,168516,46.0,85.2
ENT_IN_21504,Sanjay Mehta,710,23.84,1,1,UDYAM-MH-03-1914200,NOT_APPLICABLE,1,22.46,5.2,350253,92.3,93.4
ENT_IN_21505,Anil Singh,616,14.99,1,1,NOT_REGISTERED,ACTIVE,0,35.22,9.5,277303,60.5,62.0
ENT_IN_21506,Gurpreet Shah,718,13.61,1,1,UDYAM-PB-03-8305842,NOT_APPLICABLE,1,15.84,3.7,281604,74.4,89.3
ENT_IN_21507,Anita Shah,0,7.31,0,1,UDYAM-MH-03-3253910,NOT_APPLICABLE,1,11.84,10.1,435781,86.7,63.5
ENT_IN_21508,Ramesh Sheikh,659,12.73,1,1,UDYAM-TN-03-3507209,ACTIVE,1,24.05,5.0,71735,98.8,93.1
ENT_IN_21509,Vijay Rao,742,9.97,1,1,UDYAM-GJ-03-7520585,NOT_APPLICABLE,0,4.5,10.6,112577,59.0,64.9
ENT_IN_21510,Manoj Mehta,0,0.92,1,1,UDYAM-TN-03-2945254,NOT_APPLICABLE,1,24.78,6.3,55729,78.9,58.6
ENT_IN_21511,Gurpreet Verma,0,15.38,1,1,UDYAM-TN-03-3308815,ACTIVE,1,21.87,1.1,310391,96.7,79.5
ENT_IN_21512,Anita Yadav,564,16.46,1,1,NOT_REGISTERED,NOT_APPLICABLE,1,32.78,5.3,395061,59.6,65.4
ENT_IN_21513,Tariq Sharma,691,12.08,1,1,UDYAM-GJ-03-3605926,NOT_APPLICABLE,1,2.36,10.2,159908,58.6,78.8
ENT_IN_21514,Mamta Deshmukh,795,6.66,1,0,NOT_REGISTERED,NOT_APPLICABLE,1,0.4,1.3,186761,49.2,72.2
ENT_IN_21515,Rajesh Gowda,750,0.12,1,0,UDYAM-GJ-03-1472944,NOT_APPLICABLE,1,32.54,8.4,176860,61.7,82.1
ENT_IN_21516,Savita Kaur,723,6.27,1,1,UDYAM-UP-03-9566858,ACTIVE,1,7.94,9.5,196429,37.4,80.1
ENT_IN_21517,Mohammed Singh,641,13.92,1,1,UDYAM-PB-03-6084093,ACTIVE,1,33.8,7.5,37280,51.8,72.1
ENT_IN_21518,Suresh Gowda,704,16.46,1,1,UDYAM-TN-03-8624718,NOT_APPLICABLE,1,18.04,1.9,125854,97.2,85.4
ENT_IN_21519,Meena Shah,0,8.79,1,1,NOT_REGISTERED,NOT_APPLICABLE,1,29.58,0.9,133062,86.4,56.6
ENT_IN_21520,Tariq Deshmukh,775,17.62,1,1,UDYAM-MH-03-2544258,NOT_APPLICABLE,1,34.58,2.0,155996,60.3,88.1
ENT_IN_21521,Suresh Deshmukh,668,1.66,1,1,UDYAM-KA-03-6070970,UNREGISTERED,0,33.23,7.0,98294,73.3,67.8
ENT_IN_21522,Arjun Mishra,741,19.39,1,1,NOT_REGISTERED,NOT_APPLICABLE,1,26.11,3.9,262687,57.1,72.6
ENT_IN_21523,Vikram Gupta,638,13.47,1,1,UDYAM-PB-03-6565625,ACTIVE,1,16.24,7.7,433424,43.5,76.3
ENT_IN_21524,Dinesh Kulkarni,773,14.76,1,1,UDYAM-TN-03-6806341,ACTIVE,0,31.57,5.4,235507,59.4,89.8
ENT_IN_21525,Vijay Khan,819,14.84,1,1,NOT_REGISTERED,ACTIVE,1,12.03,0.5,57280,55.1,80.4
ENT_IN_21526,Neha Shah,688,16.23,1,1,UDYAM-MH-03-3223761,ACTIVE,1,41.71,4.1,198788,77.3,92.2
ENT_IN_21527,Bhavna Kulkarni,670,18.82,1,1,NOT_REGISTERED,ACTIVE,1,6.9,7.9,259494,41.8,74.8
ENT_IN_21528,Harpreet Chaudhary,0,6.34,1,1,UDYAM-MH-03-5601371,NOT_APPLICABLE,1,44.53,5.3,85319,42.2,49.9
ENT_IN_21529,Vijay Patel,664,14.81,1,1,UDYAM-PB-03-6766039,NOT_APPLICABLE,1,14.95,3.3,61767,47.2,69.8
ENT_IN_21530,Kavita Banerjee,657,3.54,1,1,NOT_REGISTERED,ACTIVE,1,33.75,11.8,152817,45.4,73.4
ENT_IN_21531,Dinesh Das,0,5.97,1,1,UDYAM-GJ-03-7277771,NOT_APPLICABLE,1,9.46,4.6,104413,70.3,58.8
ENT_IN_21532,Rahul Kaur,578,12.15,1,1,NOT_REGISTERED,NOT_APPLICABLE,1,1.17,2.4,305348,57.7,66.3
ENT_IN_21533,Ananya Joshi,592,1.38,1,0,UDYAM-PB-03-6189323,NOT_APPLICABLE,1,12.97,1.2,328690,99.8,77.5
ENT_IN_21534,Vijay Deshmukh,788,15.12,1,1,UDYAM-MH-03-4598888,NOT_APPLICABLE,0,42.91,11.0,83543,59.1,78.0
ENT_IN_21535,Shweta Patel,564,12.1,0,1,UDYAM-MH-03-1858251,NOT_APPLICABLE,1,8.76,2.7,406538,75.7,69.0
ENT_IN_21536,Savita Mehta,822,5.98,1,1,NOT_REGISTERED,NOT_APPLICABLE,0,17.65,4.0,346804,96.6,85.5
ENT_IN_21537,Ashok Verma,750,24.39,1,1,UDYAM-UP-03-9683403,NOT_APPLICABLE,1,2.88,5.4,418044,68.9,96.2
ENT_IN_21538,Seema Sharma,774,21.4,1,1,UDYAM-MH-03-3557362,NOT_APPLICABLE,1,3.46,8.7,391172,82.5,99.6
ENT_IN_21539,Shweta Patil,578,12.14,1,1,UDYAM-MH-03-2997842,ACTIVE,0,9.42,10.7,352202,97.2,81.9
ENT_IN_21540,Geeta Sharma,584,17.07,1,1,UDYAM-TN-03-6639752,ACTIVE,0,32.82,0.4,32512,80.5,64.8
ENT_IN_21541,Sanjay Chatterjee,756,15.11,1,0,UDYAM-MH-03-9747136,NOT_APPLICABLE,1,12.25,10.1,391815,89.9,91.2
ENT_IN_21542,Preeti Gupta,761,15.24,1,1,NOT_REGISTERED,ACTIVE,1,0.63,11.6,101072,85.5,91.7
ENT_IN_21543,Gurpreet Chatterjee,788,24.09,1,1,NOT_REGISTERED,NOT_APPLICABLE,1,35.85,5.2,84111,60.3,79.3
ENT_IN_21544,Rohan Patil,730,10.98,1,1,UDYAM-GJ-03-6567966,NOT_APPLICABLE,1,12.06,0.7,281367,47.3,81.4
ENT_IN_21545,Mohammed Chatterjee,776,5.73,1,1,UDYAM-TN-03-5680220,UNREGISTERED,0,18.62,3.3,94055,63.1,75.9
ENT_IN_21546,Kavita Banerjee,708,23.1,1,1,UDYAM-MH-03-6132328,NOT_APPLICABLE,1,3.21,2.9,432160,79.8,87.4
ENT_IN_21547,Fatima Chaudhary,710,9.74,1,1,UDYAM-PB-03-4722145,UNREGISTERED,0,19.08,11.9,300558,54.4,72.1
ENT_IN_21548,Rajesh Shah,0,3.8,1,1,UDYAM-TN-03-7853049,UNREGISTERED,0,24.07,7.2,311368,60.8,55.9
ENT_IN_21549,Mohammed Rao,626,21.43,1,1,NOT_REGISTERED,NOT_APPLICABLE,1,5.81,0.1,326853,65.2,68.6
ENT_IN_21550,Mahesh Khan,819,9.56,1,1,NOT_REGISTERED,ACTIVE,0,26.23,4.5,171587,80.2,82.4
ENT_IN_21551,Rahul Sheikh,0,0.26,0,1,UDYAM-TN-03-8332180,NOT_APPLICABLE,0,5.92,11.7,43784,79.0,41.3
ENT_IN_21552,Prakash Kumar,614,9.99,1,1,NOT_REGISTERED,NOT_APPLICABLE,1,4.85,6.4,283023,68.0,68.9
ENT_IN_21553,Vikram Chaudhary,632,22.72,1,1,UDYAM-TN-03-4234642,UNREGISTERED,1,6.72,5.8,273301,78.1,79.2
ENT_IN_21554,Kavita Kumar,708,22.63,1,1,UDYAM-UP-03-7393689,NOT_APPLICABLE,1,29.79,2.1,20057,46.5,73.4
ENT_IN_21555,Kavita Kaur,692,22.03,1,1,NOT_REGISTERED,UNREGISTERED,1,9.78,7.6,49467,57.2,66.8
ENT_IN_21556,Savita Kulkarni,610,8.79,0,1,UDYAM-PB-03-8065573,UNREGISTERED,1,8.19,4.3,189773,41.5,57.4
ENT_IN_21557,Mohammed Sheikh,0,5.88,1,1,UDYAM-TN-03-8107101,NOT_APPLICABLE,0,39.76,12.0,53214,44.3,38.9
ENT_IN_21558,Manoj Shah,668,21.3,1,1,UDYAM-UP-03-5991231,UNREGISTERED,1,9.22,9.4,329394,66.4,85.3
ENT_IN_21559,Shweta Kumar,761,10.67,0,1,UDYAM-GJ-03-1432472,ACTIVE,1,27.95,0.5,284990,91.1,97.5
ENT_IN_21560,Suresh Deshmukh,0,12.54,1,1,NOT_REGISTERED,ACTIVE,1,21.94,7.6,384241,98.6,73.9
ENT_IN_21561,Meena Rao,826,3.49,1,1,UDYAM-GJ-03-3958470,NOT_APPLICABLE,1,33.61,4.6,150312,94.6,97.0
ENT_IN_21562,Rajesh Khan,846,13.14,1,1,UDYAM-GJ-03-1547719,NOT_APPLICABLE,1,11.69,3.9,71476,40.3,81.1
ENT_IN_21563,Ayesha Chatterjee,787,2.16,1,1,UDYAM-KA-03-6587447,NOT_APPLICABLE,1,30.21,2.9,225975,75.6,95.7
ENT_IN_21564,Deepika Verma,642,1.94,1,1,NOT_REGISTERED,NOT_APPLICABLE,1,24.41,3.7,140704,89.0,68.3
ENT_IN_21565,Tariq Verma,819,18.64,1,1,UDYAM-TN-03-6982701,NOT_APPLICABLE,0,8.16,8.9,94756,72.6,82.0
ENT_IN_21566,Mamta Shah,641,0.84,1,1,NOT_REGISTERED,UNREGISTERED,1,42.89,9.7,408791,59.3,64.7
ENT_IN_21567,Mahesh Verma,0,12.12,1,0,NOT_REGISTERED,ACTIVE,0,0.01,1.3,298740,96.9,55.3
ENT_IN_21568,Vikram Shah,826,2.53,1,1,UDYAM-GJ-03-4976854,NOT_APPLICABLE,0,10.07,2.9,24862,83.9,79.3
ENT_IN_21569,Prakash Verma,734,20.01,1,1,NOT_REGISTERED,NOT_APPLICABLE,1,27.34,8.3,177091,53.0,68.1
ENT_IN_21570,Suresh Chaudhary,621,19.98,1,1,UDYAM-KA-03-4772643,ACTIVE,1,4.87,9.4,274404,84.5,85.7
ENT_IN_21571,Shweta Rao,803,23.67,1,0,UDYAM-KA-03-9138375,ACTIVE,1,14.89,3.8,138841,46.0,87.6
ENT_IN_21572,Bhavna Sheikh,598,13.88,1,1,NOT_REGISTERED,NOT_APPLICABLE,1,31.06,3.9,257916,64.5,67.2
ENT_IN_21573,Mamta Joshi,624,5.36,1,1,UDYAM-PB-03-2676789,NOT_APPLICABLE,1,12.57,4.9,112965,78.3,70.8
ENT_IN_21574,Kiran Deshmukh,774,7.75,0,1,UDYAM-PB-03-9228213,NOT_APPLICABLE,1,20.93,1.2,149157,70.6,84.4
ENT_IN_21575,Sanjay Nair,751,1.25,1,1,NOT_REGISTERED,NOT_APPLICABLE,1,40.24,10.9,64550,39.4,75.2
ENT_IN_21576,Priya Singh,775,15.86,1,0,UDYAM-PB-03-1402553,NOT_APPLICABLE,1,3.72,3.5,190567,43.8,80.6
ENT_IN_21577,Radha Joshi,0,4.72,1,1,UDYAM-UP-03-2512589,NOT_APPLICABLE,1,31.57,10.0,100365,99.0,67.3
ENT_IN_21578,Vikram Patil,0,7.3,1,1,UDYAM-GJ-03-5891191,ACTIVE,0,10.8,11.4,66758,68.4,54.4
ENT_IN_21579,Shweta Rao,831,8.32,1,1,NOT_REGISTERED,NOT_APPLICABLE,1,34.05,1.0,400168,69.6,90.2
ENT_IN_21580,Ramesh Kulkarni,756,14.13,1,1,NOT_REGISTERED,ACTIVE,1,39.44,9.8,440806,81.2,95.9
ENT_IN_21581,Pradeep Yadav,648,21.82,1,1,NOT_REGISTERED,ACTIVE,0,30.91,1.0,238093,84.0,70.0
ENT_IN_21582,Neha Das,0,4.98,1,1,NOT_REGISTERED,ACTIVE,1,36.96,7.6,210436,55.9,61.0
ENT_IN_21583,Karan Kaur,776,14.45,1,1,NOT_REGISTERED,NOT_APPLICABLE,1,4.12,8.6,119866,82.4,86.2
ENT_IN_21584,Karan Das,582,7.53,1,1,NOT_REGISTERED,NOT_APPLICABLE,1,12.41,1.0,43389,70.9,60.4
ENT_IN_21585,Ayesha Gupta,595,0.34,1,1,NOT_REGISTERED,ACTIVE,1,42.64,9.3,444623,40.1,67.8
ENT_IN_21586,Neha Khan,606,22.77,1,1,NOT_REGISTERED,UNREGISTERED,0,13.74,1.3,426023,45.8,53.0
ENT_IN_21587,Savita Reddy,758,17.92,1,0,UDYAM-GJ-03-5155540,ACTIVE,1,0.2,9.8,439797,98.2,100.0
ENT_IN_21588,Shweta Chaudhary,726,6.19,1,1,UDYAM-TN-03-1490306,NOT_APPLICABLE,0,28.65,11.8,269777,88.8,79.6
ENT_IN_21589,Vijay Singh,0,23.77,1,1,UDYAM-MH-03-9504520,NOT_APPLICABLE,1,33.53,1.5,440248,39.3,57.5
ENT_IN_21590,Ganesh Sheikh,610,3.87,1,1,NOT_REGISTERED,ACTIVE,1,10.06,2.2,157839,69.1,71.9
ENT_IN_21591,Geeta Mehta,616,5.63,1,1,NOT_REGISTERED,NOT_APPLICABLE,1,1.71,10.0,109516,61.8,59.3
ENT_IN_21592,Ramesh Sharma,736,1.76,1,1,UDYAM-TN-03-6136537,ACTIVE,1,43.98,1.3,223515,95.2,97.2
ENT_IN_21593,Sunita Chatterjee,581,18.24,1,1,NOT_REGISTERED,NOT_APPLICABLE,1,26.37,6.1,157845,55.0,61.5
ENT_IN_21594,Harpreet Reddy,563,7.35,1,1,NOT_REGISTERED,NOT_APPLICABLE,1,3.3,11.6,251998,62.0,67.5
ENT_IN_21595,Sangeeta Joshi,832,1.14,1,1,UDYAM-TN-03-3225195,ACTIVE,1,43.86,11.8,353550,89.2,100.0
ENT_IN_21596,Rohan Singh,804,2.19,1,1,UDYAM-UP-03-7828032,ACTIVE,1,38.1,8.8,65258,82.6,97.1
ENT_IN_21597,Radha Kulkarni,645,6.37,1,1,UDYAM-GJ-03-8938288,NOT_APPLICABLE,1,9.72,0.0,318772,92.7,83.3
ENT_IN_21598,Suresh Sharma,804,2.02,1,1,NOT_REGISTERED,UNREGISTERED,1,29.21,4.1,269820,83.3,88.0
ENT_IN_21599,Mamta Patel,844,8.38,1,1,UDYAM-UP-03-4978742,NOT_APPLICABLE,1,38.36,7.7,383916,58.8,90.2
ENT_IN_21600,Rohan Mehta,734,11.23,0,1,NOT_REGISTERED,UNREGISTERED,1,42.0,6.0,317978,68.7,69.9
ENT_IN_21601,Sangeeta Patil,595,0.65,1,1,NOT_REGISTERED,ACTIVE,1,35.73,0.4,441226,72.7,74.3
ENT_IN_21602,Gurpreet Rao,763,16.89,1,1,UDYAM-UP-03-6142386,ACTIVE,1,17.15,5.8,107152,77.7,100.0
ENT_IN_21603,Mamta Mehta,791,3.6,1,1,NOT_REGISTERED,ACTIVE,1,28.11,7.4,390878,81.9,97.9
ENT_IN_21604,Neha Rao,646,12.26,1,1,UDYAM-GJ-03-6221362,NOT_APPLICABLE,1,29.75,11.8,88400,52.7,64.9
ENT_IN_21605,Gurpreet Rao,567,13.9,1,1,UDYAM-UP-03-5468500,NOT_APPLICABLE,1,21.27,3.4,271802,73.7,76.6
ENT_IN_21606,Sangeeta Deshmukh,610,4.99,1,1,UDYAM-KA-03-4112648,ACTIVE,1,28.71,10.8,60543,48.3,71.6
ENT_IN_21607,Ganesh Rao,571,9.31,1,1,UDYAM-PB-03-8931463,ACTIVE,1,30.03,6.8,195936,92.7,86.3
ENT_IN_21608,Savita Patel,671,1.6,1,1,UDYAM-KA-03-8636189,ACTIVE,1,43.39,9.5,28087,36.7,76.1
ENT_IN_21609,Pradeep Yadav,621,5.23,1,1,UDYAM-MH-03-8118173,ACTIVE,1,41.71,6.4,315603,42.1,74.2
ENT_IN_21610,Anita Das,553,18.91,1,0,UDYAM-GJ-03-7210712,NOT_APPLICABLE,1,8.69,2.3,295692,47.7,63.3
ENT_IN_21611,Amit Das,761,5.17,1,1,NOT_REGISTERED,UNREGISTERED,1,31.86,11.8,225772,87.4,93.2
ENT_IN_21612,Ganesh Khan,642,19.77,1,1,UDYAM-TN-03-2620234,ACTIVE,0,8.42,2.6,130877,65.5,68.3
ENT_IN_21613,Neha Banerjee,742,12.71,1,1,UDYAM-MH-03-7531211,NOT_APPLICABLE,0,18.28,2.1,66722,48.5,63.9
ENT_IN_21614,Ananya Mehta,582,15.66,1,1,UDYAM-PB-03-1463720,UNREGISTERED,1,20.28,11.6,86192,53.4,63.4
ENT_IN_21615,Simran Patil,583,11.22,0,1,UDYAM-KA-03-6406027,NOT_APPLICABLE,1,23.56,7.4,279761,55.9,66.3
ENT_IN_21616,Karan Patel,808,16.54,1,1,UDYAM-UP-03-2203581,NOT_APPLICABLE,1,24.19,11.8,108358,53.9,86.4
ENT_IN_21617,Mamta Kulkarni,0,0.44,1,1,UDYAM-UP-03-3585511,ACTIVE,1,24.84,1.1,204904,86.3,72.7
ENT_IN_21618,Prakash Gupta,757,12.7,1,1,NOT_REGISTERED,ACTIVE,1,1.08,10.1,100241,46.2,85.5
ENT_IN_21619,Sujata Rao,766,4.6,1,1,UDYAM-PB-03-2824311,NOT_APPLICABLE,0,27.59,8.1,239789,57.5,82.5
ENT_IN_21620,Mahesh Joshi,746,11.37,1,1,UDYAM-KA-03-4604744,NOT_APPLICABLE,0,42.95,11.3,159465,60.6,71.5
ENT_IN_21621,Mohammed Yadav,0,12.49,1,1,UDYAM-MH-03-3045474,ACTIVE,1,25.25,1.9,296728,92.3,78.3
ENT_IN_21622,Rohan Mishra,626,5.51,1,1,UDYAM-TN-03-1830839,NOT_APPLICABLE,1,18.38,6.9,306166,98.1,84.7
ENT_IN_21623,Mahesh Deshmukh,701,9.89,1,1,NOT_REGISTERED,ACTIVE,1,37.78,5.5,17084,42.5,65.5
ENT_IN_21624,Amit Patil,707,9.72,1,1,UDYAM-UP-03-8916904,NOT_APPLICABLE,1,25.84,10.7,83509,44.5,74.6
ENT_IN_21625,Pradeep Chatterjee,726,21.87,1,1,UDYAM-GJ-03-2494303,ACTIVE,1,5.31,8.5,404466,96.4,100.0
ENT_IN_21626,Meena Kumar,657,17.47,1,0,UDYAM-GJ-03-9530985,ACTIVE,1,6.56,0.9,136836,95.1,85.7
ENT_IN_21627,Amit Patel,808,1.75,1,1,UDYAM-KA-03-9023051,NOT_APPLICABLE,1,24.02,1.5,132566,76.3,93.3
ENT_IN_21628,Karan Yadav,589,13.43,1,1,UDYAM-KA-03-1282297,ACTIVE,1,36.97,2.6,336431,63.9,82.6
ENT_IN_21629,Harpreet Joshi,703,2.85,1,1,UDYAM-KA-03-5996000,ACTIVE,1,23.32,5.5,31909,59.8,83.0
ENT_IN_21630,Ashok Shah,0,0.47,1,0,UDYAM-MH-03-2201302,NOT_APPLICABLE,0,4.57,10.4,25361,97.5,46.1
ENT_IN_21631,Deepika Gupta,566,16.55,0,0,UDYAM-KA-03-4883611,NOT_APPLICABLE,1,28.96,0.3,314534,60.6,55.9
ENT_IN_21632,Prakash Nair,617,14.25,1,1,NOT_REGISTERED,NOT_APPLICABLE,1,42.54,5.8,36471,73.7,59.1
ENT_IN_21633,Sunita Singh,581,11.06,1,1,NOT_REGISTERED,ACTIVE,1,30.03,6.5,423447,64.1,70.2
ENT_IN_21634,Sanjay Sheikh,660,7.51,1,1,UDYAM-PB-03-6304505,UNREGISTERED,1,11.37,6.8,130886,38.2,75.6
ENT_IN_21635,Deepak Patel,780,20.51,1,1,UDYAM-UP-03-5576576,NOT_APPLICABLE,1,19.52,3.1,125867,83.4,93.8
ENT_IN_21636,Meena Reddy,748,1.97,1,1,UDYAM-KA-03-2868152,NOT_APPLICABLE,0,25.74,7.7,285913,59.9,74.0
ENT_IN_21637,Tariq Sheikh,671,5.16,0,1,NOT_REGISTERED,ACTIVE,1,19.71,0.9,317182,57.9,71.6
ENT_IN_21638,Karan Reddy,595,18.02,1,1,UDYAM-KA-03-9268937,ACTIVE,1,10.52,1.6,32332,73.3,75.5
ENT_IN_21639,Savita Deshmukh,627,14.4,1,1,UDYAM-MH-03-4254169,NOT_APPLICABLE,1,26.57,5.3,346818,90.7,77.8
ENT_IN_21640,Rahul Gowda,673,14.19,1,1,UDYAM-GJ-03-1822320,NOT_APPLICABLE,1,4.74,6.2,157190,40.1,77.1
ENT_IN_21641,Sunil Joshi,605,9.57,1,1,UDYAM-TN-03-6231494,ACTIVE,1,30.22,0.1,249800,60.8,78.6
ENT_IN_21642,Prakash Verma,0,24.44,1,1,UDYAM-MH-03-8794779,ACTIVE,1,31.52,1.4,212016,62.0,70.8
ENT_IN_21643,Ananya Singh,674,23.42,0,1,NOT_REGISTERED,NOT_APPLICABLE,0,9.43,11.1,412894,45.3,56.1
ENT_IN_21644,Vijay Das,833,4.76,1,1,UDYAM-GJ-03-8903680,ACTIVE,1,5.49,10.6,213520,59.5,96.0
ENT_IN_21645,Prakash Kulkarni,600,24.26,1,1,UDYAM-PB-03-5928149,ACTIVE,1,38.05,9.1,59987,83.0,76.9
ENT_IN_21646,Meena Joshi,759,18.45,1,1,NOT_REGISTERED,NOT_APPLICABLE,1,23.93,2.6,232839,59.1,82.7
ENT_IN_21647,Fatima Khan,618,20.49,0,1,NOT_REGISTERED,UNREGISTERED,1,24.3,1.9,365129,75.6,61.9
ENT_IN_21648,Mamta Patil,617,3.23,1,0,UDYAM-UP-03-7969542,NOT_APPLICABLE,1,3.16,6.8,449437,42.1,62.8
ENT_IN_21649,Harpreet Das,604,13.3,1,1,UDYAM-TN-03-4218646,NOT_APPLICABLE,1,41.62,0.9,418651,98.3,80.1
ENT_IN_21650,Dinesh Joshi,608,3.3,1,1,UDYAM-PB-03-8827150,UNREGISTERED,1,10.81,5.6,275654,40.1,67.9
ENT_IN_21651,Vijay Kumar,555,0.4,1,0,NOT_REGISTERED,NOT_APPLICABLE,0,11.14,2.9,193182,66.7,49.6
ENT_IN_21652,Arjun Sheikh,728,13.78,1,0,UDYAM-MH-03-1241454,ACTIVE,1,17.05,7.5,221330,99.5,89.9
ENT_IN_21653,Fatima Shah,848,6.56,1,1,UDYAM-UP-03-2678064,ACTIVE,1,43.57,7.5,405906,87.7,100.0
ENT_IN_21654,Arjun Kulkarni,764,0.93,1,1,UDYAM-GJ-03-1233051,NOT_APPLICABLE,1,40.34,10.1,403285,94.2,100.0
ENT_IN_21655,Ayesha Chaudhary,622,0.7,0,1,UDYAM-GJ-03-5872930,NOT_APPLICABLE,1,33.42,8.9,357685,81.9,69.3
ENT_IN_21656,Preeti Patil,632,12.45,1,1,NOT_REGISTERED,ACTIVE,1,35.08,3.2,287379,69.3,72.5
ENT_IN_21657,Savita Banerjee,790,24.38,1,1,UDYAM-PB-03-6734037,NOT_APPLICABLE,0,18.28,5.7,442795,90.3,88.6
ENT_IN_21658,Radha Reddy,574,2.67,1,1,NOT_REGISTERED,UNREGISTERED,1,28.66,0.9,347547,90.5,70.8
ENT_IN_21659,Pradeep Sharma,0,4.03,1,1,NOT_REGISTERED,ACTIVE,1,37.58,11.0,433244,40.1,57.4
ENT_IN_21660,Mamta Banerjee,770,14.85,1,1,NOT_REGISTERED,NOT_APPLICABLE,1,32.03,1.4,69709,62.2,75.6
ENT_IN_21661,Sanjay Sheikh,0,4.65,0,0,UDYAM-PB-03-7337589,NOT_APPLICABLE,1,20.61,1.8,273148,37.4,40.2
ENT_IN_21662,Pradeep Singh,795,18.77,1,1,UDYAM-TN-03-4555544,UNREGISTERED,1,11.13,0.1,259602,49.7,89.9
ENT_IN_21663,Suresh Kumar,611,14.84,1,1,UDYAM-GJ-03-1046029,ACTIVE,1,32.42,1.7,35421,55.1,68.1
ENT_IN_21664,Simran Gupta,802,1.38,1,1,NOT_REGISTERED,NOT_APPLICABLE,0,19.63,1.8,298891,58.4,75.6
ENT_IN_21665,Rohan Patel,661,1.31,1,1,NOT_REGISTERED,NOT_APPLICABLE,1,43.72,8.7,280800,62.3,75.1
ENT_IN_21666,Dinesh Gupta,0,17.03,1,1,UDYAM-KA-03-3860839,ACTIVE,1,42.67,11.8,35713,63.0,60.5
ENT_IN_21667,Harpreet Chatterjee,691,10.25,1,1,UDYAM-MH-03-1029540,NOT_APPLICABLE,0,44.22,6.8,89328,47.0,65.6
ENT_IN_21668,Sujata Chatterjee,795,5.26,1,1,NOT_REGISTERED,NOT_APPLICABLE,1,22.34,11.7,147876,76.1,87.8
ENT_IN_21669,Deepika Joshi,571,13.06,1,1,UDYAM-KA-03-7351607,UNREGISTERED,1,22.19,4.5,28673,77.3,65.5
ENT_IN_21670,Ramesh Singh,668,1.6,1,1,UDYAM-GJ-03-7599993,NOT_APPLICABLE,1,26.99,10.1,376381,46.6,80.3
ENT_IN_21671,Tariq Gowda,610,8.97,1,1,UDYAM-PB-03-1189193,NOT_APPLICABLE,1,39.31,1.9,46901,76.3,67.1
ENT_IN_21672,Ayesha Sheikh,680,13.1,0,1,UDYAM-PB-03-3732808,ACTIVE,1,9.92,9.2,433573,55.3,81.4
ENT_IN_21673,Simran Yadav,836,15.8,1,1,UDYAM-UP-03-9677018,ACTIVE,1,18.58,10.5,202878,95.1,100.0
ENT_IN_21674,Pooja Mehta,732,20.36,1,0,NOT_REGISTERED,ACTIVE,1,17.95,10.1,73914,74.9,73.8
ENT_IN_21675,Lakshmi Patel,569,8.86,1,1,UDYAM-KA-03-4288361,ACTIVE,1,18.76,5.0,341311,35.3,71.8
ENT_IN_21676,Mahesh Sharma,704,18.95,1,1,NOT_REGISTERED,NOT_APPLICABLE,0,42.91,8.5,443123,85.4,72.7
ENT_IN_21677,Mahesh Kulkarni,686,19.67,1,1,UDYAM-GJ-03-2225959,ACTIVE,1,7.32,6.3,268908,73.4,91.0
ENT_IN_21678,Radha Kaur,668,22.49,1,0,NOT_REGISTERED,UNREGISTERED,1,28.01,2.9,49361,50.8,55.8
ENT_IN_21679,Tariq Gupta,0,0.64,1,1,UDYAM-MH-03-1328348,ACTIVE,1,41.06,2.3,211093,86.9,77.0
ENT_IN_21680,Vikram Mishra,653,20.97,1,1,NOT_REGISTERED,NOT_APPLICABLE,1,34.86,4.0,149723,52.4,71.5
ENT_IN_21681,Rahul Khan,0,4.35,1,1,UDYAM-KA-03-6750444,NOT_APPLICABLE,1,1.04,5.0,332596,96.8,72.0
ENT_IN_21682,Sanjay Kumar,662,5.43,1,1,NOT_REGISTERED,ACTIVE,1,21.22,2.6,384544,99.0,92.9
ENT_IN_21683,Savita Sheikh,586,0.85,1,1,NOT_REGISTERED,ACTIVE,1,36.65,11.5,374509,84.1,75.4
ENT_IN_21684,Simran Mehta,687,10.51,1,1,UDYAM-TN-03-9018617,ACTIVE,1,17.42,9.2,192388,82.3,95.0
ENT_IN_21685,Sangeeta Khan,787,23.18,1,1,UDYAM-TN-03-5843460,UNREGISTERED,1,31.49,9.2,330908,36.3,87.4
ENT_IN_21686,Shweta Banerjee,570,25.0,1,1,NOT_REGISTERED,ACTIVE,0,17.07,4.0,449189,67.5,61.8
ENT_IN_21687,Tariq Kumar,662,18.72,1,1,UDYAM-UP-03-5490928,UNREGISTERED,1,32.54,7.6,74622,79.9,82.9
ENT_IN_21688,Karan Nair,835,7.04,0,1,NOT_REGISTERED,ACTIVE,0,33.92,9.6,417420,96.8,84.9
ENT_IN_21689,Deepak Sheikh,741,7.26,1,1,UDYAM-KA-03-7080102,NOT_APPLICABLE,1,9.78,3.0,328536,72.8,86.6
ENT_IN_21690,Rajesh Joshi,763,6.7,1,1,UDYAM-TN-03-5573837,NOT_APPLICABLE,0,43.96,10.3,217665,70.3,84.1
ENT_IN_21691,Seema Deshmukh,797,16.41,1,0,NOT_REGISTERED,UNREGISTERED,1,23.72,6.3,335527,60.0,80.3
ENT_IN_21692,Rekha Sharma,713,6.87,0,1,NOT_REGISTERED,ACTIVE,0,43.26,9.3,175240,92.5,71.3
ENT_IN_21693,Sanjay Sheikh,0,19.87,1,1,NOT_REGISTERED,NOT_APPLICABLE,1,28.3,6.5,405357,81.8,62.0
ENT_IN_21694,Anita Reddy,747,20.02,0,0,UDYAM-TN-03-8442706,ACTIVE,1,21.49,11.0,29462,36.8,59.9
ENT_IN_21695,Deepak Joshi,660,17.12,1,1,NOT_REGISTERED,UNREGISTERED,1,30.38,8.2,211351,50.3,69.9
ENT_IN_21696,Vikram Kaur,682,10.76,1,1,UDYAM-MH-03-7939020,NOT_APPLICABLE,0,6.25,5.3,199582,69.3,71.8
ENT_IN_21697,Neha Verma,712,16.76,1,1,UDYAM-PB-03-6043698,ACTIVE,1,29.6,6.5,312590,53.1,87.2
ENT_IN_21698,Prakash Gowda,725,9.7,1,1,UDYAM-KA-03-4188325,NOT_APPLICABLE,1,28.62,9.9,139709,77.5,83.8
ENT_IN_21699,Fatima Chaudhary,792,16.62,1,1,UDYAM-GJ-03-2511735,NOT_APPLICABLE,1,25.3,2.8,220888,40.2,84.0
ENT_IN_21700,Anil Shah,806,18.91,1,1,NOT_REGISTERED,NOT_APPLICABLE,0,41.51,7.7,263838,59.9,73.8
ENT_IN_21701,Karan Reddy,0,14.06,1,1,UDYAM-UP-03-7882914,NOT_APPLICABLE,1,22.26,11.7,134247,98.8,67.2
ENT_IN_21702,Simran Banerjee,599,14.16,0,1,UDYAM-MH-03-2646632,UNREGISTERED,0,13.56,0.5,254937,47.9,54.2
ENT_IN_21703,Neha Reddy,596,16.76,1,0,NOT_REGISTERED,ACTIVE,0,19.68,2.9,177166,96.9,59.6
ENT_IN_21704,Ashok Sharma,640,10.19,1,1,UDYAM-TN-03-2455422,NOT_APPLICABLE,1,28.46,3.2,258603,44.9,66.9
ENT_IN_21705,Mamta Gowda,816,23.11,1,1,UDYAM-MH-03-9322955,ACTIVE,1,18.66,9.2,411013,47.5,99.7
ENT_IN_21706,Ashok Kulkarni,736,22.48,1,1,UDYAM-GJ-03-1037964,ACTIVE,1,12.29,3.5,97742,49.1,79.7
ENT_IN_21707,Fatima Das,766,24.7,1,1,UDYAM-KA-03-1830559,NOT_APPLICABLE,1,17.52,10.8,84264,44.8,85.5
ENT_IN_21708,Rahul Khan,817,22.41,1,1,NOT_REGISTERED,UNREGISTERED,1,17.14,2.2,144467,85.2,87.8
ENT_IN_21709,Dinesh Patel,695,12.55,1,1,NOT_REGISTERED,NOT_APPLICABLE,1,32.39,0.5,347195,54.3,75.8
ENT_IN_21710,Ayesha Rao,752,4.51,0,1,UDYAM-UP-03-6187641,NOT_APPLICABLE,1,35.21,10.7,405181,82.5,90.4
ENT_IN_21711,Simran Chaudhary,837,18.15,1,1,UDYAM-TN-03-7517570,NOT_APPLICABLE,1,21.99,7.6,423626,84.2,96.4
ENT_IN_21712,Pradeep Patil,753,9.22,1,1,UDYAM-KA-03-4103825,ACTIVE,0,14.58,9.8,133906,78.6,88.7
ENT_IN_21713,Dinesh Reddy,616,8.18,1,1,UDYAM-PB-03-4204989,ACTIVE,1,42.42,0.4,383842,40.5,73.1
ENT_IN_21714,Rajesh Rao,680,21.56,1,1,UDYAM-KA-03-8788900,ACTIVE,1,13.51,8.6,249998,99.4,98.4
ENT_IN_21715,Seema Yadav,708,22.83,1,1,NOT_REGISTERED,ACTIVE,1,32.42,7.0,117982,68.4,76.4
ENT_IN_21716,Harpreet Das,580,20.84,1,1,UDYAM-MH-03-3214565,NOT_APPLICABLE,1,16.92,8.2,440098,38.3,67.1
ENT_IN_21717,Savita Nair,0,22.52,1,1,UDYAM-MH-03-5520253,ACTIVE,1,2.84,10.8,449797,94.6,76.5
ENT_IN_21718,Priya Sharma,583,17.03,1,1,NOT_REGISTERED,UNREGISTERED,1,20.87,11.2,195330,41.9,58.4
ENT_IN_21719,Arjun Patel,839,7.57,1,1,NOT_REGISTERED,NOT_APPLICABLE,1,15.53,0.8,206147,50.5,78.3
ENT_IN_21720,Simran Rao,727,21.9,1,1,UDYAM-MH-03-4148039,NOT_APPLICABLE,1,20.27,11.5,100726,49.7,71.7
ENT_IN_21721,Amit Singh,797,12.43,1,1,UDYAM-TN-03-6480809,ACTIVE,1,35.97,10.0,321687,62.7,98.8
ENT_IN_21722,Gurpreet Chaudhary,607,2.26,1,1,UDYAM-UP-03-1845122,ACTIVE,1,33.83,3.5,246359,43.0,73.0
ENT_IN_21723,Meena Patil,832,11.51,1,1,NOT_REGISTERED,NOT_APPLICABLE,1,29.3,6.6,124519,95.5,91.2
ENT_IN_21724,Ramesh Sheikh,769,2.55,1,1,UDYAM-MH-03-4064138,NOT_APPLICABLE,1,19.71,1.2,244928,42.9,90.9
ENT_IN_21725,Anita Patil,786,16.61,1,1,UDYAM-PB-03-7021275,ACTIVE,1,41.02,1.5,100414,70.6,98.6
ENT_IN_21726,Manoj Patel,764,17.3,1,1,UDYAM-UP-03-8844653,NOT_APPLICABLE,1,22.7,5.1,145290,55.3,90.6
ENT_IN_21727,Pradeep Chaudhary,582,6.04,1,1,NOT_REGISTERED,ACTIVE,1,27.09,3.1,349005,36.1,65.1
ENT_IN_21728,Amit Verma,699,7.65,0,1,NOT_REGISTERED,NOT_APPLICABLE,1,42.5,6.2,109746,50.0,57.2
ENT_IN_21729,Rekha Shah,728,20.79,1,1,UDYAM-UP-03-3249686,NOT_APPLICABLE,1,11.16,5.2,109724,51.4,73.7
ENT_IN_21730,Mamta Joshi,624,9.65,1,1,NOT_REGISTERED,NOT_APPLICABLE,1,39.02,5.4,402515,96.4,72.3
ENT_IN_21731,Pooja Verma,568,22.81,1,1,UDYAM-KA-03-7013487,ACTIVE,1,9.55,7.8,442816,38.3,77.5
ENT_IN_21732,Sunil Reddy,683,10.13,1,1,UDYAM-TN-03-7963128,NOT_APPLICABLE,0,34.08,1.1,428558,86.0,82.5
ENT_IN_21733,Simran Nair,588,14.57,1,1,NOT_REGISTERED,ACTIVE,0,27.42,4.0,204664,54.5,57.0
ENT_IN_21734,Mohammed Das,551,22.38,1,0,UDYAM-PB-03-5968164,NOT_APPLICABLE,1,10.88,5.5,28328,86.9,63.5
ENT_IN_21735,Rahul Mehta,685,7.4,1,1,UDYAM-PB-03-3523334,NOT_APPLICABLE,1,34.58,0.1,152758,96.9,88.5
ENT_IN_21736,Suresh Kaur,664,24.65,1,0,UDYAM-GJ-03-6152671,UNREGISTERED,1,10.42,6.7,101100,49.3,65.5
ENT_IN_21737,Ananya Gupta,614,9.62,1,1,NOT_REGISTERED,UNREGISTERED,1,3.82,8.6,111367,52.3,55.8
ENT_IN_21738,Shweta Reddy,571,2.66,1,1,UDYAM-PB-03-5591012,ACTIVE,1,21.95,8.1,115739,39.2,70.1
ENT_IN_21739,Sanjay Patil,704,2.43,1,1,NOT_REGISTERED,ACTIVE,0,1.94,10.2,434515,61.2,72.6
ENT_IN_21740,Deepak Verma,782,1.77,1,1,NOT_REGISTERED,UNREGISTERED,1,34.55,9.9,280887,63.4,85.8
ENT_IN_21741,Rajesh Joshi,567,5.52,1,1,UDYAM-UP-03-5422219,ACTIVE,1,22.15,4.3,412970,54.1,79.7
ENT_IN_21742,Sangeeta Chaudhary,689,19.78,1,1,UDYAM-UP-03-1491606,NOT_APPLICABLE,1,24.44,1.2,377017,74.6,89.6
ENT_IN_21743,Sangeeta Reddy,785,7.36,1,1,UDYAM-UP-03-7117821,UNREGISTERED,0,37.57,7.5,227495,55.7,78.3
ENT_IN_21744,Vikram Das,694,4.21,1,0,UDYAM-TN-03-6354381,NOT_APPLICABLE,0,10.55,10.2,24240,97.0,65.3
ENT_IN_21745,Gurpreet Patel,746,7.67,1,1,UDYAM-MH-03-3615024,ACTIVE,0,20.84,10.4,183542,96.4,86.8
ENT_IN_21746,Savita Khan,671,22.53,0,0,UDYAM-KA-03-2743382,UNREGISTERED,1,11.33,4.5,150697,64.4,66.6
ENT_IN_21747,Deepika Gupta,789,10.37,1,1,NOT_REGISTERED,NOT_APPLICABLE,1,7.07,8.0,349516,85.9,90.7
ENT_IN_21748,Anil Verma,605,16.1,1,1,UDYAM-MH-03-1554453,NOT_APPLICABLE,1,21.86,10.6,172719,87.2,79.7
ENT_IN_21749,Meena Rao,757,16.17,0,1,UDYAM-TN-03-3993843,NOT_APPLICABLE,1,33.08,7.1,35223,61.1,74.1
ENT_IN_21750,Dinesh Sheikh,595,9.15,1,1,UDYAM-KA-03-5585797,ACTIVE,1,14.97,6.8,337002,40.0,75.2
ENT_IN_21751,Mamta Reddy,705,17.69,1,0,UDYAM-PB-03-3772733,NOT_APPLICABLE,1,5.56,5.9,108331,74.0,71.4
ENT_IN_21752,Deepak Kulkarni,551,1.69,1,1,UDYAM-GJ-03-4323778,ACTIVE,1,1.4,5.6,289130,92.5,90.4
ENT_IN_21753,Rahul Deshmukh,712,7.55,1,1,UDYAM-UP-03-1736103,ACTIVE,1,16.98,7.9,140929,73.0,88.2
ENT_IN_21754,Kiran Banerjee,846,11.35,1,1,NOT_REGISTERED,NOT_APPLICABLE,1,29.63,11.1,427199,62.6,87.0
ENT_IN_21755,Radha Shah,798,10.1,1,1,UDYAM-GJ-03-3580358,NOT_APPLICABLE,0,16.5,2.9,320655,53.5,81.6
ENT_IN_21756,Dinesh Sharma,786,6.43,1,1,UDYAM-UP-03-2213445,ACTIVE,0,6.33,11.5,117382,42.1,79.5
ENT_IN_21757,Ashok Chatterjee,616,15.13,1,1,UDYAM-KA-03-6204643,NOT_APPLICABLE,1,31.2,6.3,36784,74.2,65.9
ENT_IN_21758,Tariq Reddy,812,21.56,1,1,UDYAM-TN-03-1844988,ACTIVE,1,41.33,4.9,196668,69.9,100.0
ENT_IN_21759,Kiran Joshi,774,15.93,1,1,UDYAM-MH-03-7056015,ACTIVE,1,10.86,0.1,402168,43.9,96.6
ENT_IN_21760,Anil Mishra,560,8.88,1,1,UDYAM-KA-03-9838861,ACTIVE,0,15.4,7.8,35952,49.5,59.6
ENT_IN_21761,Geeta Chatterjee,801,5.91,1,1,NOT_REGISTERED,ACTIVE,1,22.04,8.7,131416,40.0,83.0
ENT_IN_21762,Seema Mehta,735,18.83,1,0,UDYAM-MH-03-4803856,UNREGISTERED,1,22.04,1.3,411239,96.3,82.2
ENT_IN_21763,Amit Khan,615,1.97,1,0,UDYAM-PB-03-9285153,NOT_APPLICABLE,0,1.05,0.5,317723,96.4,65.9
ENT_IN_21764,Sujata Singh,570,16.32,1,0,UDYAM-GJ-03-6932697,NOT_APPLICABLE,1,34.21,3.1,333568,87.3,74.8
ENT_IN_21765,Savita Kumar,701,1.74,1,1,UDYAM-GJ-03-7967590,ACTIVE,1,23.12,0.7,122492,57.7,87.3
ENT_IN_21766,Rohan Sheikh,660,15.32,1,1,UDYAM-GJ-03-9062586,NOT_APPLICABLE,1,27.25,2.0,340931,51.2,79.4
ENT_IN_21767,Rajesh Kumar,574,0.46,1,1,UDYAM-TN-03-1674076,ACTIVE,1,24.3,7.5,264024,61.3,77.7
ENT_IN_21768,Sanjay Das,667,15.91,1,1,UDYAM-GJ-03-8295013,ACTIVE,1,7.15,3.0,251724,50.3,88.7
ENT_IN_21769,Sunil Das,660,20.42,1,0,UDYAM-MH-03-6235358,ACTIVE,1,38.43,5.8,186709,92.8,86.1
ENT_IN_21770,Priya Banerjee,590,6.15,1,1,UDYAM-TN-03-8038901,ACTIVE,1,28.11,2.8,350264,94.7,90.3
ENT_IN_21771,Mahesh Verma,599,14.41,1,1,NOT_REGISTERED,UNREGISTERED,1,30.89,8.0,401352,36.3,58.8
ENT_IN_21772,Sanjay Singh,813,20.87,0,0,UDYAM-PB-03-6267078,UNREGISTERED,1,44.67,9.1,60411,95.1,78.3
ENT_IN_21773,Sanjay Khan,828,24.59,1,1,NOT_REGISTERED,ACTIVE,1,35.39,10.9,27504,68.6,86.2
ENT_IN_21774,Geeta Khan,0,11.47,1,1,NOT_REGISTERED,ACTIVE,1,14.73,12.0,289856,73.1,64.6
ENT_IN_21775,Karan Mehta,760,15.39,1,1,UDYAM-KA-03-3761017,ACTIVE,1,39.36,11.0,180695,53.8,96.7
ENT_IN_21776,Deepak Singh,661,4.43,1,1,UDYAM-GJ-03-8276130,ACTIVE,0,41.58,10.9,170200,44.7,71.4
ENT_IN_21777,Prakash Mehta,797,7.05,1,1,UDYAM-KA-03-9788024,ACTIVE,1,2.44,1.6,125972,62.6,95.0
ENT_IN_21778,Manoj Mishra,721,6.37,1,0,UDYAM-TN-03-2043866,ACTIVE,1,41.63,5.8,219097,88.7,87.8
ENT_IN_21779,Anil Kaur,738,2.48,1,0,UDYAM-GJ-03-3773128,ACTIVE,1,20.58,6.7,435982,43.1,77.5
ENT_IN_21780,Priya Das,838,5.94,1,1,UDYAM-KA-03-9747228,ACTIVE,1,37.4,0.8,199843,81.6,100.0
ENT_IN_21781,Neha Mishra,680,0.72,1,1,UDYAM-UP-03-9839360,NOT_APPLICABLE,1,42.63,6.6,328574,37.2,80.2
ENT_IN_21782,Ashok Sheikh,556,10.72,1,1,UDYAM-TN-03-4122711,NOT_APPLICABLE,1,0.85,1.5,180003,69.3,71.1
ENT_IN_21783,Ananya Deshmukh,610,21.42,1,1,UDYAM-KA-03-4713778,ACTIVE,1,28.1,4.5,246877,74.7,83.5
ENT_IN_21784,Ganesh Mehta,840,0.62,1,1,NOT_REGISTERED,ACTIVE,1,6.48,2.8,252556,92.5,100.0
ENT_IN_21785,Priya Khan,613,7.01,1,1,UDYAM-UP-03-2429497,UNREGISTERED,1,23.6,6.5,253913,50.1,69.9
ENT_IN_21786,Bhavna Kumar,633,11.51,1,1,UDYAM-TN-03-2799569,ACTIVE,1,35.84,11.8,111672,73.3,78.7
ENT_IN_21787,Manoj Kulkarni,762,16.3,1,1,UDYAM-PB-03-1786115,NOT_APPLICABLE,1,26.16,5.9,369150,93.7,100.0
ENT_IN_21788,Seema Khan,712,5.9,1,1,UDYAM-UP-03-6842863,NOT_APPLICABLE,1,2.12,8.7,345729,81.9,87.5
ENT_IN_21789,Kavita Deshmukh,580,11.78,1,1,UDYAM-KA-03-1887468,NOT_APPLICABLE,1,26.55,2.5,271942,80.2,78.1
ENT_IN_21790,Seema Sharma,0,24.61,1,1,NOT_REGISTERED,NOT_APPLICABLE,1,15.81,7.2,223643,36.9,45.8
ENT_IN_21791,Rahul Verma,850,14.73,1,1,UDYAM-MH-03-1107275,NOT_APPLICABLE,1,18.83,7.7,144588,69.3,88.6
ENT_IN_21792,Fatima Mishra,658,5.16,1,1,UDYAM-GJ-03-9504224,ACTIVE,0,43.87,10.5,196116,61.5,80.7
ENT_IN_21793,Meena Gowda,726,12.96,1,1,NOT_REGISTERED,NOT_APPLICABLE,1,18.06,10.7,164244,64.6,75.3
ENT_IN_21794,Deepak Gupta,768,12.72,1,0,UDYAM-MH-03-5946035,NOT_APPLICABLE,1,4.85,6.3,433299,81.1,93.7
ENT_IN_21795,Arjun Das,839,6.56,1,0,UDYAM-KA-03-7541079,ACTIVE,0,29.41,4.0,63056,66.3,77.5
ENT_IN_21796,Arjun Sheikh,811,13.1,1,1,NOT_REGISTERED,ACTIVE,1,39.54,4.9,387491,80.4,95.6
ENT_IN_21797,Tariq Kaur,791,6.33,1,1,NOT_REGISTERED,NOT_APPLICABLE,0,5.49,4.6,36011,83.4,73.4
ENT_IN_21798,Ashok Rao,765,3.27,1,1,UDYAM-PB-03-5586181,NOT_APPLICABLE,1,25.53,1.8,230171,91.7,97.6
ENT_IN_21799,Deepika Chatterjee,672,11.18,1,0,UDYAM-KA-03-1860776,NOT_APPLICABLE,1,14.24,7.6,218626,75.8,78.3
ENT_IN_21800,Ananya Kulkarni,757,1.19,1,1,NOT_REGISTERED,UNREGISTERED,1,35.83,1.1,304943,76.4,90.2
ENT_IN_21801,Anil Nair,621,12.75,0,1,NOT_REGISTERED,NOT_APPLICABLE,0,1.35,2.5,180609,90.1,54.4
ENT_IN_21802,Kavita Kaur,813,11.08,1,1,UDYAM-GJ-03-7081413,ACTIVE,0,9.12,5.2,449758,48.3,89.8
ENT_IN_21803,Sunita Das,563,14.88,1,1,UDYAM-KA-03-9326474,ACTIVE,1,26.01,9.7,417062,50.9,80.1
ENT_IN_21804,Ganesh Verma,562,4.15,1,1,NOT_REGISTERED,NOT_APPLICABLE,1,9.38,11.6,335696,49.9,61.4
ENT_IN_21805,Shweta Reddy,800,14.32,1,1,NOT_REGISTERED,ACTIVE,1,34.15,9.9,41512,94.6,90.2
ENT_IN_21806,Bhavna Singh,763,2.26,1,1,UDYAM-MH-03-6947286,NOT_APPLICABLE,1,12.05,3.6,32788,92.1,91.0
ENT_IN_21807,Kavita Das,0,2.46,1,1,UDYAM-UP-03-7392140,NOT_APPLICABLE,1,21.11,6.8,239089,45.3,60.0
ENT_IN_21808,Karan Nair,603,11.16,1,1,UDYAM-KA-03-7505493,NOT_APPLICABLE,1,18.0,8.0,337211,56.1,70.5
ENT_IN_21809,Harpreet Reddy,561,19.58,1,0,UDYAM-PB-03-6894684,ACTIVE,1,1.32,0.1,319665,82.7,80.2
ENT_IN_21810,Suresh Kulkarni,723,0.51,1,1,UDYAM-UP-03-3622111,ACTIVE,1,25.52,1.5,435705,72.3,92.9
ENT_IN_21811,Deepika Das,730,3.82,1,1,UDYAM-TN-03-7871532,NOT_APPLICABLE,1,6.03,8.6,272790,60.9,84.3
ENT_IN_21812,Kiran Nair,760,6.03,1,0,NOT_REGISTERED,ACTIVE,1,1.45,5.1,335014,55.9,86.0
ENT_IN_21813,Preeti Sharma,0,18.41,1,1,UDYAM-GJ-03-3710185,UNREGISTERED,1,39.65,0.1,427484,88.1,67.9
ENT_IN_21814,Pooja Das,820,0.5,1,1,UDYAM-UP-03-8323550,NOT_APPLICABLE,1,10.7,7.9,165380,89.4,98.5
ENT_IN_21815,Pradeep Mishra,0,11.32,1,1,UDYAM-UP-03-1242735,NOT_APPLICABLE,1,30.37,8.0,70167,39.7,52.6
ENT_IN_21816,Seema Banerjee,704,8.76,1,1,UDYAM-PB-03-8126009,NOT_APPLICABLE,1,14.91,8.3,271797,77.4,89.5
ENT_IN_21817,Suresh Chaudhary,764,12.18,0,1,UDYAM-PB-03-7829969,UNREGISTERED,1,2.4,4.3,351123,36.5,77.8
ENT_IN_21818,Rajesh Banerjee,754,13.28,1,1,UDYAM-TN-03-9362003,UNREGISTERED,1,5.63,1.5,167819,70.7,92.8
ENT_IN_21819,Ganesh Mehta,666,9.07,1,1,UDYAM-TN-03-2404540,NOT_APPLICABLE,0,42.42,0.0,31247,81.2,69.3
ENT_IN_21820,Pooja Mishra,828,0.48,1,1,UDYAM-TN-03-6989386,NOT_APPLICABLE,1,23.78,11.5,429318,83.8,97.7
ENT_IN_21821,Anil Shah,699,0.51,1,1,UDYAM-UP-03-5357788,ACTIVE,1,38.73,8.0,225177,64.5,92.0
ENT_IN_21822,Radha Das,735,16.25,1,1,UDYAM-KA-03-7973625,NOT_APPLICABLE,1,35.25,6.0,290975,83.1,88.8
ENT_IN_21823,Arjun Nair,648,0.86,1,1,NOT_REGISTERED,ACTIVE,1,21.33,7.6,306333,69.0,71.7
ENT_IN_21824,Kavita Chaudhary,665,20.69,1,1,UDYAM-TN-03-8605896,NOT_APPLICABLE,0,7.13,8.1,318387,63.8,74.4
ENT_IN_21825,Simran Verma,789,15.51,1,1,UDYAM-UP-03-6654486,ACTIVE,1,27.64,8.1,364027,65.6,100.0
ENT_IN_21826,Simran Reddy,552,15.76,1,1,UDYAM-GJ-03-8031616,ACTIVE,1,36.24,9.4,282274,47.3,75.9
ENT_IN_21827,Sangeeta Yadav,690,10.73,1,1,UDYAM-PB-03-2136344,ACTIVE,1,26.75,2.9,241633,65.3,92.4
ENT_IN_21828,Gurpreet Das,746,20.43,1,1,UDYAM-MH-03-7070532,UNREGISTERED,1,34.62,11.0,422027,57.2,84.0
ENT_IN_21829,Ganesh Kaur,589,22.0,1,1,UDYAM-GJ-03-2905454,NOT_APPLICABLE,1,40.52,11.0,28669,68.7,65.7
ENT_IN_21830,Anil Verma,559,0.46,1,1,UDYAM-KA-03-7639239,NOT_APPLICABLE,1,27.58,5.9,66963,67.6,68.8
ENT_IN_21831,Lakshmi Kaur,799,8.99,1,1,UDYAM-TN-03-8963051,NOT_APPLICABLE,0,20.77,9.3,130888,70.1,83.2
ENT_IN_21832,Arjun Sharma,645,20.66,1,0,UDYAM-TN-03-5996251,NOT_APPLICABLE,1,17.14,10.0,180762,47.5,61.7
ENT_IN_21833,Mohammed Sharma,720,12.41,1,1,UDYAM-UP-03-1102607,ACTIVE,1,39.91,1.3,301197,37.7,84.0
ENT_IN_21834,Anil Mishra,820,6.71,1,1,NOT_REGISTERED,NOT_APPLICABLE,1,22.34,8.0,435720,97.7,96.1
ENT_IN_21835,Amit Banerjee,820,15.41,0,1,UDYAM-PB-03-6459294,ACTIVE,1,35.14,6.5,87875,78.3,90.1
ENT_IN_21836,Ananya Chatterjee,711,5.42,1,0,UDYAM-MH-03-6600962,ACTIVE,1,28.61,6.3,417442,38.6,77.9
ENT_IN_21837,Kiran Sharma,570,3.02,0,1,NOT_REGISTERED,ACTIVE,1,11.86,3.1,427863,70.9,68.5
ENT_IN_21838,Fatima Kaur,844,2.81,1,1,UDYAM-PB-03-6383487,NOT_APPLICABLE,1,37.93,3.5,54729,35.2,79.5
ENT_IN_21839,Meena Gowda,729,12.47,1,1,UDYAM-GJ-03-6086784,ACTIVE,0,12.64,10.0,156896,35.6,67.4
ENT_IN_21840,Seema Gupta,766,23.86,1,1,UDYAM-PB-03-2514067,ACTIVE,0,31.38,8.2,356309,83.7,96.4
ENT_IN_21841,Pooja Yadav,596,4.91,1,1,UDYAM-GJ-03-8061495,UNREGISTERED,1,15.43,1.2,316442,94.9,84.7
ENT_IN_21842,Geeta Kaur,715,20.01,1,1,UDYAM-PB-03-5959290,ACTIVE,1,33.26,10.0,153763,94.7,97.0
ENT_IN_21843,Priya Das,679,15.32,1,1,NOT_REGISTERED,ACTIVE,1,30.46,7.7,15284,96.4,83.7
ENT_IN_21844,Ayesha Mehta,662,20.06,1,1,NOT_REGISTERED,ACTIVE,1,43.8,6.2,120276,60.9,77.2
ENT_IN_21845,Seema Yadav,716,21.17,1,1,UDYAM-MH-03-6760762,ACTIVE,1,39.36,4.5,426409,63.1,89.9
ENT_IN_21846,Meena Nair,0,11.9,0,1,UDYAM-GJ-03-9716990,UNREGISTERED,1,4.59,1.8,404866,37.5,51.8
ENT_IN_21847,Ayesha Yadav,0,11.51,1,1,UDYAM-TN-03-3504901,ACTIVE,1,19.3,0.2,252856,85.3,73.6
ENT_IN_21848,Ananya Banerjee,843,1.06,1,0,UDYAM-TN-03-5628264,NOT_APPLICABLE,1,43.03,5.7,83267,41.7,71.8
ENT_IN_21849,Sangeeta Sharma,576,22.8,1,1,UDYAM-KA-03-9970543,ACTIVE,1,24.89,8.7,406266,49.1,77.1
ENT_IN_21850,Savita Kumar,803,6.64,1,1,UDYAM-KA-03-6174007,NOT_APPLICABLE,1,43.84,3.9,316196,57.1,90.9
ENT_IN_21851,Rajesh Singh,610,2.2,1,1,UDYAM-KA-03-3507888,ACTIVE,1,23.53,2.2,183156,88.4,86.3
ENT_IN_21852,Tariq Kumar,849,20.38,1,1,UDYAM-MH-03-5263230,NOT_APPLICABLE,1,16.74,9.2,103706,38.4,80.6
ENT_IN_21853,Geeta Patel,735,0.13,1,0,UDYAM-MH-03-5336032,NOT_APPLICABLE,1,19.15,8.6,282235,99.4,87.7
ENT_IN_21854,Kiran Joshi,595,22.02,1,1,UDYAM-PB-03-2967119,UNREGISTERED,1,2.28,9.1,299364,67.0,71.9
ENT_IN_21855,Dinesh Sheikh,581,23.28,1,1,UDYAM-GJ-03-5746447,NOT_APPLICABLE,1,37.4,8.4,143370,54.9,66.3
ENT_IN_21856,Savita Shah,565,23.17,1,1,NOT_REGISTERED,NOT_APPLICABLE,0,26.54,1.2,250766,62.7,58.0
ENT_IN_21857,Anita Khan,825,5.35,1,1,UDYAM-MH-03-3607124,ACTIVE,1,3.38,9.5,273378,36.3,95.3
ENT_IN_21858,Savita Yadav,633,10.83,1,1,NOT_REGISTERED,ACTIVE,1,28.45,8.9,330761,42.1,69.7
ENT_IN_21859,Ganesh Kumar,716,9.75,0,1,NOT_REGISTERED,NOT_APPLICABLE,1,26.9,3.6,90442,54.9,61.1
ENT_IN_21860,Mamta Kumar,686,0.93,1,0,UDYAM-TN-03-2754042,ACTIVE,0,8.18,1.3,21971,38.0,56.4
ENT_IN_21861,Pooja Nair,849,20.33,1,1,NOT_REGISTERED,ACTIVE,1,23.55,3.8,241354,51.5,87.9
ENT_IN_21862,Ayesha Khan,728,7.14,1,1,UDYAM-GJ-03-4293305,ACTIVE,1,16.22,11.8,338977,64.4,92.4
ENT_IN_21863,Sunil Chaudhary,671,20.53,1,1,UDYAM-KA-03-8754180,NOT_APPLICABLE,1,31.9,11.9,431172,43.6,80.3
ENT_IN_21864,Mamta Joshi,813,13.94,1,1,UDYAM-MH-03-4066281,NOT_APPLICABLE,1,5.67,7.1,64711,58.8,85.1
ENT_IN_21865,Rahul Singh,620,10.84,1,0,NOT_REGISTERED,ACTIVE,1,18.12,4.8,243893,61.2,63.0
ENT_IN_21866,Priya Banerjee,580,22.51,1,1,UDYAM-MH-03-1924617,ACTIVE,1,37.7,9.9,54599,46.4,69.4
ENT_IN_21867,Kavita Kulkarni,600,21.07,1,1,UDYAM-GJ-03-4086836,NOT_APPLICABLE,1,42.96,1.2,168696,77.7,73.7
ENT_IN_21868,Fatima Sharma,750,17.17,1,0,UDYAM-GJ-03-6027977,UNREGISTERED,0,37.94,1.3,272235,79.7,78.6
ENT_IN_21869,Tariq Kumar,653,13.3,1,1,UDYAM-TN-03-8353280,ACTIVE,0,35.1,1.7,78134,92.4,83.2
ENT_IN_21870,Preeti Chaudhary,0,3.4,1,1,UDYAM-MH-03-1630981,ACTIVE,1,14.2,6.2,17804,85.0,68.8
ENT_IN_21871,Ashok Patel,0,7.83,1,1,UDYAM-KA-03-1193896,ACTIVE,1,3.62,10.6,424543,58.8,70.8
ENT_IN_21872,Simran Kulkarni,760,22.64,1,1,UDYAM-MH-03-1291362,ACTIVE,1,3.28,8.9,352663,60.0,98.4
ENT_IN_21873,Anita Deshmukh,824,13.28,1,0,UDYAM-GJ-03-5101967,UNREGISTERED,1,40.87,2.3,416276,91.8,92.9
ENT_IN_21874,Simran Shah,712,17.76,1,1,UDYAM-GJ-03-5933555,NOT_APPLICABLE,1,43.94,3.1,294195,99.6,95.0
ENT_IN_21875,Neha Kumar,791,20.41,1,0,UDYAM-KA-03-6196341,ACTIVE,1,15.12,2.4,172224,42.1,84.0
ENT_IN_21876,Seema Yadav,707,12.68,1,0,UDYAM-PB-03-9429197,ACTIVE,1,33.02,5.5,149296,72.6,81.3
ENT_IN_21877,Anil Mehta,700,16.03,0,0,NOT_REGISTERED,NOT_APPLICABLE,1,30.91,1.2,54028,59.8,50.7
ENT_IN_21878,Arjun Khan,602,20.57,1,1,UDYAM-PB-03-8244590,NOT_APPLICABLE,0,42.73,7.5,359902,96.1,71.7
ENT_IN_21879,Savita Yadav,671,20.91,1,1,NOT_REGISTERED,NOT_APPLICABLE,1,18.2,10.6,96703,44.1,66.5
ENT_IN_21880,Suresh Mishra,742,8.04,1,1,UDYAM-PB-03-4075522,ACTIVE,1,14.74,4.9,75228,56.4,84.6
ENT_IN_21881,Deepika Das,603,11.29,1,1,UDYAM-PB-03-6404988,ACTIVE,0,21.07,2.4,202940,45.2,67.1
ENT_IN_21882,Ashok Kumar,678,11.14,1,1,UDYAM-UP-03-2522131,UNREGISTERED,0,19.89,8.8,31140,49.0,62.1
ENT_IN_21883,Neha Chatterjee,601,5.94,1,0,NOT_REGISTERED,NOT_APPLICABLE,1,28.17,2.7,419725,48.2,57.2
ENT_IN_21884,Geeta Mishra,687,13.18,1,1,UDYAM-TN-03-5339127,ACTIVE,1,1.25,6.8,247639,54.4,86.4
ENT_IN_21885,Sanjay Reddy,552,15.71,1,1,UDYAM-GJ-03-2123494,NOT_APPLICABLE,1,12.75,10.4,42550,99.5,71.7
ENT_IN_21886,Fatima Rao,761,13.71,1,1,UDYAM-KA-03-2838858,ACTIVE,1,37.82,5.3,421679,62.6,98.7
ENT_IN_21887,Ayesha Verma,650,19.34,1,1,NOT_REGISTERED,NOT_APPLICABLE,1,28.83,2.7,232088,94.5,81.8
ENT_IN_21888,Mohammed Banerjee,581,23.6,1,1,UDYAM-TN-03-9835546,ACTIVE,1,17.98,10.7,215566,66.5,77.9
ENT_IN_21889,Rekha Shah,703,21.23,1,1,UDYAM-UP-03-3859177,NOT_APPLICABLE,1,2.71,3.5,289066,37.5,79.8
ENT_IN_21890,Kavita Yadav,0,5.47,1,1,UDYAM-TN-03-5283476,ACTIVE,1,17.62,9.0,220966,49.6,65.4
ENT_IN_21891,Kavita Das,0,9.45,1,1,NOT_REGISTERED,NOT_APPLICABLE,1,26.74,2.1,16341,84.9,51.8
ENT_IN_21892,Preeti Sheikh,737,0.85,1,1,UDYAM-GJ-03-4889728,ACTIVE,1,21.73,1.3,170293,74.7,90.5
ENT_IN_21893,Mahesh Joshi,589,1.96,1,1,UDYAM-UP-03-4237377,NOT_APPLICABLE,1,37.66,0.4,384227,42.1,69.1
ENT_IN_21894,Simran Khan,760,11.47,0,1,NOT_REGISTERED,UNREGISTERED,0,27.23,5.4,341643,90.5,77.4
ENT_IN_21895,Vijay Reddy,653,13.95,1,0,NOT_REGISTERED,NOT_APPLICABLE,1,41.91,11.6,132760,75.8,67.8
ENT_IN_21896,Anil Chaudhary,820,2.27,1,1,UDYAM-UP-03-5037295,NOT_APPLICABLE,1,28.55,8.1,238593,74.9,98.0
ENT_IN_21897,Harpreet Chatterjee,621,16.85,1,0,NOT_REGISTERED,NOT_APPLICABLE,1,6.56,3.5,341568,46.5,52.2
ENT_IN_21898,Deepak Chatterjee,722,2.15,1,1,UDYAM-TN-03-2549202,UNREGISTERED,1,13.37,7.6,210745,84.5,86.2
ENT_IN_21899,Mohammed Gowda,709,13.25,1,1,UDYAM-UP-03-2316681,UNREGISTERED,1,7.56,0.2,178924,96.5,89.9
ENT_IN_21900,Rekha Deshmukh,610,7.22,1,1,NOT_REGISTERED,ACTIVE,0,19.31,5.1,22198,64.4,54.2
ENT_IN_21901,Prakash Mehta,812,1.43,1,1,NOT_REGISTERED,NOT_APPLICABLE,0,11.98,4.5,343807,35.4,69.0
ENT_IN_21902,Ramesh Banerjee,654,24.43,1,1,UDYAM-GJ-03-3901224,NOT_APPLICABLE,1,14.92,5.6,113049,42.3,76.0
ENT_IN_21903,Meena Kumar,681,12.77,1,0,UDYAM-GJ-03-1560305,NOT_APPLICABLE,1,34.69,10.9,199771,57.3,73.9
ENT_IN_21904,Kiran Khan,650,7.05,1,1,UDYAM-KA-03-8797760,NOT_APPLICABLE,0,7.07,8.5,208440,86.8,75.2
ENT_IN_21905,Preeti Kumar,713,18.09,1,1,NOT_REGISTERED,ACTIVE,1,41.3,11.0,336458,55.5,81.6
ENT_IN_21906,Geeta Khan,590,21.24,1,0,NOT_REGISTERED,ACTIVE,1,17.21,5.2,137638,85.5,65.5
ENT_IN_21907,Dinesh Yadav,808,0.54,1,0,NOT_REGISTERED,NOT_APPLICABLE,0,22.21,5.9,230858,74.7,73.5
ENT_IN_21908,Sujata Patil,557,11.65,1,1,UDYAM-TN-03-7738463,NOT_APPLICABLE,1,12.73,10.9,128321,67.9,70.4
ENT_IN_21909,Karan Rao,0,19.71,1,1,NOT_REGISTERED,NOT_APPLICABLE,1,19.91,1.0,226666,73.5,56.7
ENT_IN_21910,Sunil Patil,651,2.87,1,1,NOT_REGISTERED,ACTIVE,1,39.59,11.6,123361,98.6,85.7
ENT_IN_21911,Karan Patil,657,23.08,1,1,UDYAM-MH-03-2781586,UNREGISTERED,0,41.07,11.6,91218,99.7,76.1
ENT_IN_21912,Sunita Joshi,630,14.41,1,1,UDYAM-KA-03-2939283,UNREGISTERED,1,44.25,0.4,428782,99.7,84.8
ENT_IN_21913,Seema Patil,710,21.08,1,1,UDYAM-PB-03-2380282,NOT_APPLICABLE,1,39.93,6.7,380303,72.8,83.6
ENT_IN_21914,Seema Singh,683,5.75,1,1,UDYAM-TN-03-1640953,ACTIVE,1,7.51,5.1,334912,43.4,86.8
ENT_IN_21915,Kiran Patel,668,9.12,1,1,NOT_REGISTERED,ACTIVE,1,24.51,9.7,255011,79.0,87.7
ENT_IN_21916,Gurpreet Deshmukh,734,11.76,1,1,NOT_REGISTERED,UNREGISTERED,1,37.98,7.7,189568,97.6,80.9
ENT_IN_21917,Deepika Patel,664,17.5,1,0,NOT_REGISTERED,ACTIVE,0,5.57,7.7,290382,59.4,63.1
ENT_IN_21918,Prakash Gupta,592,4.44,1,1,UDYAM-UP-03-6424472,UNREGISTERED,1,27.8,1.2,281119,49.5,68.7
ENT_IN_21919,Meena Das,778,20.74,1,1,NOT_REGISTERED,NOT_APPLICABLE,1,23.1,10.4,241659,84.1,90.1
ENT_IN_21920,Sangeeta Joshi,0,5.6,1,1,UDYAM-KA-03-3769076,NOT_APPLICABLE,1,32.7,2.8,325067,57.3,65.1
ENT_IN_21921,Pooja Chatterjee,567,0.43,1,1,UDYAM-PB-03-9935634,ACTIVE,1,1.28,1.4,318550,59.8,77.8
ENT_IN_21922,Suresh Shah,710,6.62,1,1,NOT_REGISTERED,ACTIVE,1,41.98,2.3,105288,69.5,75.7
ENT_IN_21923,Preeti Chaudhary,704,4.98,1,1,NOT_REGISTERED,UNREGISTERED,1,23.51,3.7,363342,77.7,81.7
ENT_IN_21924,Shweta Verma,560,19.31,1,1,NOT_REGISTERED,NOT_APPLICABLE,1,9.58,2.5,70621,63.4,56.4
ENT_IN_21925,Sanjay Khan,766,3.26,1,0,UDYAM-KA-03-4346687,ACTIVE,1,35.4,2.8,292048,54.6,91.9
ENT_IN_21926,Rajesh Yadav,0,5.42,1,1,UDYAM-PB-03-4904047,ACTIVE,1,3.25,2.8,255311,63.1,70.3
ENT_IN_21927,Manoj Patil,818,12.89,1,1,UDYAM-MH-03-6329783,ACTIVE,1,16.73,2.4,30633,82.5,99.8
ENT_IN_21928,Mamta Patel,796,16.25,1,1,NOT_REGISTERED,NOT_APPLICABLE,0,20.43,3.4,393216,99.2,85.8
ENT_IN_21929,Vijay Rao,592,13.11,1,0,NOT_REGISTERED,ACTIVE,1,12.5,2.1,421423,83.8,73.5
ENT_IN_21930,Deepika Deshmukh,578,18.59,1,1,UDYAM-GJ-03-8820800,NOT_APPLICABLE,1,28.21,4.1,390464,62.4,72.2
ENT_IN_21931,Shweta Gupta,612,12.13,1,1,UDYAM-TN-03-8378012,NOT_APPLICABLE,1,9.85,4.6,389857,36.1,64.6
ENT_IN_21932,Kiran Yadav,723,7.76,1,0,UDYAM-UP-03-4117226,NOT_APPLICABLE,0,44.19,6.0,66619,84.8,64.2
ENT_IN_21933,Ramesh Kaur,807,1.48,1,1,UDYAM-GJ-03-6994481,ACTIVE,1,24.33,2.4,116808,84.0,100.0
ENT_IN_21934,Manoj Khan,607,10.19,1,1,NOT_REGISTERED,ACTIVE,1,24.3,5.1,284025,98.0,83.5
ENT_IN_21935,Geeta Khan,584,23.24,1,1,UDYAM-TN-03-1340183,NOT_APPLICABLE,1,10.33,4.0,106454,86.3,73.1
ENT_IN_21936,Vijay Rao,733,7.39,1,1,UDYAM-GJ-03-3862987,NOT_APPLICABLE,0,15.65,7.4,25094,52.0,64.3
ENT_IN_21937,Karan Mehta,695,16.01,1,1,NOT_REGISTERED,ACTIVE,1,31.44,0.5,359883,66.6,84.9
ENT_IN_21938,Preeti Gowda,705,17.54,1,0,UDYAM-PB-03-9735303,NOT_APPLICABLE,1,5.1,8.5,264058,92.9,84.0
ENT_IN_21939,Vijay Sheikh,833,11.51,1,1,UDYAM-GJ-03-2749192,ACTIVE,1,29.66,7.0,364602,39.1,92.6
ENT_IN_21940,Sunita Mehta,665,3.58,1,0,NOT_REGISTERED,ACTIVE,1,43.06,7.1,297563,55.7,74.2
ENT_IN_21941,Neha Rao,790,16.26,0,1,UDYAM-PB-03-7770600,NOT_APPLICABLE,1,26.44,2.0,439922,37.9,77.4
ENT_IN_21942,Kiran Deshmukh,836,16.16,1,1,UDYAM-TN-03-4456180,ACTIVE,1,27.87,3.9,330259,66.2,99.7
ENT_IN_21943,Geeta Banerjee,665,14.99,1,1,NOT_REGISTERED,ACTIVE,1,7.57,0.3,31772,99.3,82.5
ENT_IN_21944,Ayesha Deshmukh,0,10.47,1,1,NOT_REGISTERED,UNREGISTERED,1,19.49,2.5,320326,64.8,59.0
ENT_IN_21945,Meena Patel,804,9.24,1,0,UDYAM-GJ-03-5435319,NOT_APPLICABLE,1,28.32,0.2,213243,55.6,85.8
ENT_IN_21946,Rajesh Mishra,790,6.24,1,1,NOT_REGISTERED,ACTIVE,1,28.25,6.5,336762,95.1,99.6
ENT_IN_21947,Sunil Sheikh,686,24.8,1,1,UDYAM-KA-03-5720264,NOT_APPLICABLE,1,44.2,6.6,278471,78.1,88.0
ENT_IN_21948,Pooja Kumar,668,12.94,1,1,UDYAM-GJ-03-6760433,NOT_APPLICABLE,1,23.2,1.7,132630,78.5,83.0
ENT_IN_21949,Gurpreet Kaur,691,18.14,1,1,NOT_REGISTERED,ACTIVE,1,0.02,7.0,215383,53.2,80.9
ENT_IN_21950,Ramesh Kulkarni,687,8.27,1,0,UDYAM-TN-03-4719994,NOT_APPLICABLE,1,33.96,1.1,262484,64.5,76.1
ENT_IN_21951,Fatima Patil,573,1.97,1,1,NOT_REGISTERED,NOT_APPLICABLE,1,45.0,2.0,144228,48.2,55.5
ENT_IN_21952,Ashok Patil,751,18.94,1,1,UDYAM-UP-03-2269749,ACTIVE,1,39.92,3.5,19799,44.3,84.7
ENT_IN_21953,Rohan Sharma,733,19.32,1,1,UDYAM-GJ-03-2956309,NOT_APPLICABLE,1,20.94,6.1,23013,99.2,82.0
ENT_IN_21954,Bhavna Mehta,689,12.96,1,1,NOT_REGISTERED,NOT_APPLICABLE,1,22.72,8.0,320413,61.2,77.3
ENT_IN_21955,Rahul Gowda,692,0.47,1,1,NOT_REGISTERED,NOT_APPLICABLE,1,12.35,4.3,46076,49.0,66.5
ENT_IN_21956,Neha Kaur,673,21.52,1,1,UDYAM-MH-03-4390433,NOT_APPLICABLE,1,27.1,3.8,168377,95.4,91.0
ENT_IN_21957,Deepika Gupta,643,16.08,1,1,UDYAM-KA-03-8653913,ACTIVE,1,31.55,9.5,232513,37.8,75.1
ENT_IN_21958,Rekha Joshi,813,4.95,1,1,UDYAM-GJ-03-4619300,NOT_APPLICABLE,1,1.18,9.5,267910,47.2,90.1
ENT_IN_21959,Priya Das,815,17.93,1,0,NOT_REGISTERED,ACTIVE,1,33.82,5.1,311651,84.6,89.6
ENT_IN_21960,Tariq Kaur,686,15.55,1,1,UDYAM-KA-03-2091758,ACTIVE,0,36.58,6.3,70118,52.2,71.3
ENT_IN_21961,Sangeeta Deshmukh,0,23.85,1,1,UDYAM-UP-03-2878739,NOT_APPLICABLE,1,3.81,6.9,154772,73.3,65.0
ENT_IN_21962,Shweta Banerjee,562,11.52,1,1,UDYAM-PB-03-6005957,NOT_APPLICABLE,1,17.69,4.7,62760,46.9,64.9
ENT_IN_21963,Seema Joshi,794,14.55,1,1,UDYAM-KA-03-6873312,ACTIVE,1,39.04,6.6,216422,41.6,93.5
ENT_IN_21964,Lakshmi Deshmukh,555,0.63,1,1,UDYAM-GJ-03-8699950,NOT_APPLICABLE,1,23.79,4.5,88063,61.9,67.0
ENT_IN_21965,Ananya Chaudhary,730,5.29,1,1,UDYAM-MH-03-8376021,ACTIVE,0,28.57,3.2,77273,48.8,73.2
ENT_IN_21966,Sanjay Khan,708,11.06,1,1,NOT_REGISTERED,ACTIVE,1,9.07,2.0,96876,55.9,75.6
ENT_IN_21967,Prakash Gupta,0,10.75,1,0,NOT_REGISTERED,ACTIVE,1,9.68,1.6,303535,89.4,63.8
ENT_IN_21968,Ayesha Nair,0,22.36,1,1,NOT_REGISTERED,ACTIVE,1,38.4,7.4,217319,37.6,57.1
ENT_IN_21969,Meena Mehta,754,19.6,0,1,UDYAM-PB-03-3926221,ACTIVE,0,24.12,1.8,174211,49.7,73.5
ENT_IN_21970,Deepika Singh,846,10.09,1,1,UDYAM-GJ-03-2962833,ACTIVE,1,37.45,3.4,318308,93.7,100.0
ENT_IN_21971,Tariq Patil,839,14.12,1,1,UDYAM-PB-03-2556320,ACTIVE,1,18.79,1.8,225373,66.1,100.0
ENT_IN_21972,Karan Das,821,19.65,1,1,UDYAM-PB-03-9837098,NOT_APPLICABLE,1,29.71,6.5,201717,77.7,93.4
ENT_IN_21973,Ramesh Verma,680,2.34,0,1,NOT_REGISTERED,ACTIVE,1,23.48,0.0,356797,58.2,72.5
ENT_IN_21974,Deepika Chatterjee,621,11.68,1,1,NOT_REGISTERED,ACTIVE,1,34.29,7.2,62394,37.8,57.0
ENT_IN_21975,Karan Khan,717,19.85,1,1,UDYAM-TN-03-1042066,ACTIVE,1,37.92,10.1,175111,56.7,88.7
ENT_IN_21976,Anil Kumar,589,20.04,1,1,UDYAM-KA-03-7536497,NOT_APPLICABLE,1,10.38,1.7,265136,44.5,71.4
ENT_IN_21977,Mahesh Chaudhary,840,19.81,0,1,NOT_REGISTERED,NOT_APPLICABLE,1,25.05,10.7,395057,60.7,75.3
ENT_IN_21978,Shweta Mehta,663,18.7,1,1,UDYAM-UP-03-9797663,ACTIVE,1,27.56,5.1,283871,93.3,96.7
ENT_IN_21979,Geeta Yadav,698,11.18,1,1,UDYAM-MH-03-4400516,ACTIVE,0,32.88,8.0,260888,39.0,75.6
ENT_IN_21980,Seema Kulkarni,563,21.68,1,1,NOT_REGISTERED,ACTIVE,0,16.37,4.9,55620,49.1,52.5
ENT_IN_21981,Sanjay Verma,577,6.2,1,1,NOT_REGISTERED,ACTIVE,1,34.65,2.4,377882,58.0,68.9
ENT_IN_21982,Radha Yadav,568,9.05,1,0,UDYAM-MH-03-1632151,UNREGISTERED,0,32.37,6.6,330120,64.4,58.9
ENT_IN_21983,Preeti Mishra,722,22.82,1,1,UDYAM-TN-03-3572454,ACTIVE,1,6.55,10.5,276878,50.6,87.7
ENT_IN_21984,Gurpreet Reddy,663,17.23,1,1,UDYAM-GJ-03-2914691,UNREGISTERED,1,22.18,3.0,268276,80.5,86.3
ENT_IN_21985,Pooja Patel,618,3.9,1,1,UDYAM-UP-03-2089027,ACTIVE,0,17.93,10.4,193249,96.8,77.4
ENT_IN_21986,Arjun Chaudhary,0,13.07,1,1,UDYAM-MH-03-3908958,NOT_APPLICABLE,1,9.35,4.8,46041,61.2,56.8
ENT_IN_21987,Vikram Banerjee,585,5.39,1,1,UDYAM-MH-03-2419509,ACTIVE,1,27.56,7.9,69777,86.2,78.7
ENT_IN_21988,Ashok Singh,699,21.91,0,1,UDYAM-UP-03-9939516,UNREGISTERED,1,0.94,2.8,275014,74.8,78.2
ENT_IN_21989,Rohan Kumar,599,1.56,1,1,UDYAM-PB-03-4099931,UNREGISTERED,1,14.03,0.0,301654,75.1,75.6
ENT_IN_21990,Rekha Sharma,0,5.63,1,1,UDYAM-UP-03-4900107,ACTIVE,1,6.23,3.4,208275,98.7,80.4
ENT_IN_21991,Kavita Singh,760,22.88,1,1,UDYAM-GJ-03-3009613,UNREGISTERED,1,28.78,10.2,56009,78.2,92.1
ENT_IN_21992,Ananya Nair,789,1.74,1,1,UDYAM-KA-03-4836932,ACTIVE,1,12.52,6.2,367751,58.6,100.0
ENT_IN_21993,Karan Patel,590,2.75,0,1,NOT_REGISTERED,NOT_APPLICABLE,1,23.58,11.7,41336,42.8,43.1
ENT_IN_21994,Prakash Kulkarni,638,6.7,1,1,UDYAM-KA-03-5213592,ACTIVE,1,1.12,6.0,151641,81.2,82.6
ENT_IN_21995,Arjun Nair,639,21.91,1,0,UDYAM-GJ-03-5241022,ACTIVE,0,20.74,3.2,443869,71.3,65.5
ENT_IN_21996,Rohan Nair,597,7.38,1,1,NOT_REGISTERED,UNREGISTERED,1,34.4,10.8,439093,86.5,73.6
ENT_IN_21997,Manoj Kaur,759,10.69,1,1,UDYAM-UP-03-9572275,NOT_APPLICABLE,1,18.44,2.6,407710,59.6,95.6
ENT_IN_21998,Rajesh Shah,832,6.17,1,1,UDYAM-MH-03-8351005,NOT_APPLICABLE,0,36.31,4.1,30442,69.1,77.0
ENT_IN_21999,Priya Khan,683,15.04,1,1,NOT_REGISTERED,ACTIVE,0,2.9,10.1,379385,84.6,79.3
ENT_IN_22000,Ayesha Das,806,2.97,1,0,UDYAM-MH-03-4225393,NOT_APPLICABLE,0,4.22,0.5,76340,52.9,68.4
ENT_IN_22001,Arjun Singh,756,14.84,1,0,UDYAM-UP-03-6211641,NOT_APPLICABLE,1,25.67,7.8,201985,36.0,77.0
ENT_IN_22002,Anil Gupta,798,14.75,1,1,UDYAM-GJ-03-8718559,NOT_APPLICABLE,1,9.71,10.4,173117,41.4,82.9
ENT_IN_22003,Sangeeta Kaur,0,22.89,1,1,UDYAM-GJ-03-6332811,UNREGISTERED,0,12.95,11.9,192055,85.5,54.4
ENT_IN_22004,Bhavna Das,662,12.64,1,1,UDYAM-MH-03-3210753,UNREGISTERED,0,18.63,1.2,61445,99.0,76.4
ENT_IN_22005,Manoj Chatterjee,617,4.87,1,0,NOT_REGISTERED,UNREGISTERED,0,21.59,5.2,305801,39.1,43.4
ENT_IN_22006,Arjun Sheikh,0,20.85,0,1,UDYAM-KA-03-6671535,NOT_APPLICABLE,1,5.11,5.7,400322,58.0,56.8
ENT_IN_22007,Amit Kulkarni,825,23.35,1,1,UDYAM-KA-03-7718885,NOT_APPLICABLE,1,38.31,8.5,262101,39.1,90.1
ENT_IN_22008,Seema Chatterjee,730,13.41,1,1,NOT_REGISTERED,ACTIVE,1,10.03,0.7,321504,45.8,77.6
ENT_IN_22009,Sanjay Rao,721,11.99,1,1,NOT_REGISTERED,NOT_APPLICABLE,1,10.82,5.4,366888,50.6,73.5
ENT_IN_22010,Sujata Kaur,0,11.7,1,0,NOT_REGISTERED,ACTIVE,1,15.27,6.8,446085,52.8,56.0
ENT_IN_22011,Rohan Kumar,694,24.54,1,1,UDYAM-MH-03-4950878,NOT_APPLICABLE,1,9.37,0.5,387284,67.1,84.2
ENT_IN_22012,Ayesha Sharma,736,17.62,1,1,UDYAM-MH-03-1796474,NOT_APPLICABLE,1,20.17,10.0,310969,49.1,79.6
ENT_IN_22013,Shweta Kumar,786,12.66,1,0,UDYAM-TN-03-4385922,UNREGISTERED,0,5.19,4.7,69611,57.8,70.7
ENT_IN_22014,Neha Banerjee,559,11.95,1,1,NOT_REGISTERED,NOT_APPLICABLE,0,12.48,3.9,60104,61.4,48.7
ENT_IN_22015,Mohammed Mishra,585,1.64,1,1,UDYAM-GJ-03-5771799,NOT_APPLICABLE,1,10.84,1.9,204106,40.0,68.2
ENT_IN_22016,Preeti Kulkarni,822,0.93,1,1,UDYAM-KA-03-6626044,UNREGISTERED,1,0.73,11.5,317304,65.7,94.7
ENT_IN_22017,Mamta Shah,840,23.79,1,1,UDYAM-GJ-03-4090847,NOT_APPLICABLE,1,9.47,4.0,446348,41.6,86.2
ENT_IN_22018,Geeta Patel,624,19.12,1,1,NOT_REGISTERED,UNREGISTERED,1,6.44,1.8,187539,42.8,59.3
ENT_IN_22019,Mohammed Kulkarni,819,20.64,1,1,NOT_REGISTERED,ACTIVE,1,1.5,8.0,308773,55.8,88.2
ENT_IN_22020,Sanjay Mehta,677,11.04,1,1,UDYAM-GJ-03-4851503,ACTIVE,1,36.22,6.7,37622,65.5,84.7
ENT_IN_22021,Suresh Patil,801,15.68,1,1,UDYAM-UP-03-6142502,ACTIVE,1,15.95,9.9,307897,83.1,100.0
ENT_IN_22022,Vijay Rao,733,21.42,1,1,NOT_REGISTERED,ACTIVE,0,21.76,7.9,366619,90.1,80.0
ENT_IN_22023,Shweta Deshmukh,765,5.03,1,1,UDYAM-MH-03-2907919,ACTIVE,1,14.99,1.9,220252,73.1,100.0
ENT_IN_22024,Sujata Das,756,13.17,1,1,UDYAM-PB-03-6774937,ACTIVE,1,28.77,4.9,407260,91.2,100.0
ENT_IN_22025,Neha Yadav,0,15.02,1,0,UDYAM-KA-03-3989421,ACTIVE,0,12.59,9.2,295968,35.6,44.0
ENT_IN_22026,Bhavna Das,763,2.99,1,1,UDYAM-UP-03-2666045,ACTIVE,1,6.2,2.9,278481,47.9,99.6
ENT_IN_22027,Harpreet Mehta,562,21.54,1,1,UDYAM-TN-03-6218067,NOT_APPLICABLE,1,27.28,4.4,160517,35.5,61.9
ENT_IN_22028,Anita Kaur,810,15.27,1,1,UDYAM-UP-03-6590070,NOT_APPLICABLE,1,6.43,7.5,277776,62.2,95.1
ENT_IN_22029,Tariq Kumar,0,20.35,1,1,UDYAM-KA-03-5702176,ACTIVE,1,20.1,3.8,185008,37.6,59.1
ENT_IN_22030,Mohammed Reddy,0,22.47,1,1,UDYAM-TN-03-1771263,NOT_APPLICABLE,0,18.62,9.7,19742,54.9,42.2
ENT_IN_22031,Sanjay Joshi,806,6.37,1,0,UDYAM-GJ-03-8965307,UNREGISTERED,1,32.9,0.7,375817,70.2,88.2
ENT_IN_22032,Radha Shah,839,0.59,1,1,UDYAM-TN-03-5935572,ACTIVE,1,4.2,11.4,61176,63.0,92.4
ENT_IN_22033,Preeti Patel,0,12.47,1,1,UDYAM-UP-03-6106648,NOT_APPLICABLE,1,41.27,11.4,180303,93.7,66.5
ENT_IN_22034,Deepika Yadav,0,5.14,1,1,UDYAM-GJ-03-1600981,UNREGISTERED,1,43.28,6.0,41260,77.9,61.5
ENT_IN_22035,Pradeep Sheikh,718,5.92,1,1,UDYAM-TN-03-8844802,NOT_APPLICABLE,1,23.1,6.1,327558,81.4,88.4
ENT_IN_22036,Pooja Sharma,551,14.01,1,0,UDYAM-PB-03-5018660,ACTIVE,0,19.02,2.1,331921,77.0,64.5
ENT_IN_22037,Fatima Shah,602,11.69,0,1,UDYAM-KA-03-7575603,ACTIVE,1,29.15,5.2,223303,76.3,75.2
ENT_IN_22038,Dinesh Khan,675,1.51,1,1,UDYAM-TN-03-6683718,NOT_APPLICABLE,0,20.82,0.6,29793,55.6,64.0
ENT_IN_22039,Vijay Kulkarni,786,6.24,0,1,UDYAM-KA-03-7792536,UNREGISTERED,1,10.34,2.5,320499,75.0,90.7
ENT_IN_22040,Mahesh Sharma,589,24.97,1,1,UDYAM-TN-03-6632085,ACTIVE,1,27.61,0.6,365930,36.2,74.5
ENT_IN_22041,Lakshmi Chatterjee,699,12.28,1,1,NOT_REGISTERED,NOT_APPLICABLE,1,16.81,3.5,109802,91.6,79.1
ENT_IN_22042,Rekha Kulkarni,624,2.88,1,1,NOT_REGISTERED,NOT_APPLICABLE,1,39.88,11.6,439876,76.2,69.8
ENT_IN_22043,Simran Rao,744,10.02,0,1,UDYAM-TN-03-3602690,UNREGISTERED,1,21.19,11.8,200573,58.6,72.2
ENT_IN_22044,Vijay Patel,807,7.35,1,1,UDYAM-GJ-03-6516135,UNREGISTERED,1,33.64,1.1,239498,97.3,100.0
ENT_IN_22045,Bhavna Kulkarni,769,21.64,1,1,UDYAM-GJ-03-1340659,NOT_APPLICABLE,1,30.51,3.4,282231,45.1,89.5
ENT_IN_22046,Tariq Gupta,700,11.3,1,1,UDYAM-UP-03-2285569,ACTIVE,1,0.89,4.0,108174,74.1,89.9
ENT_IN_22047,Bhavna Kumar,568,6.02,0,1,UDYAM-GJ-03-5657912,UNREGISTERED,1,3.33,7.8,322302,49.2,62.2
ENT_IN_22048,Rohan Mishra,0,19.24,1,0,UDYAM-UP-03-8571361,NOT_APPLICABLE,1,10.58,9.4,423410,52.6,53.9
ENT_IN_22049,Rahul Sharma,715,6.77,1,1,NOT_REGISTERED,ACTIVE,1,3.62,6.7,439666,80.0,85.7
ENT_IN_22050,Ananya Deshmukh,715,6.44,1,1,UDYAM-KA-03-6186329,ACTIVE,1,16.48,2.5,195500,78.6,93.5
ENT_IN_22051,Savita Gupta,575,1.38,1,0,UDYAM-GJ-03-3199627,NOT_APPLICABLE,1,16.06,11.8,94156,69.9,61.5
ENT_IN_22052,Simran Joshi,677,2.15,1,1,NOT_REGISTERED,ACTIVE,1,43.9,1.4,244465,66.2,85.5
ENT_IN_22053,Rekha Rao,792,0.24,0,1,NOT_REGISTERED,ACTIVE,1,39.87,4.0,326355,35.8,76.4
ENT_IN_22054,Pradeep Reddy,627,22.96,1,0,UDYAM-PB-03-1316952,ACTIVE,1,36.85,4.1,130527,99.2,77.1
ENT_IN_22055,Seema Deshmukh,0,12.9,1,1,NOT_REGISTERED,NOT_APPLICABLE,0,25.92,3.2,306896,73.8,49.0
ENT_IN_22056,Pradeep Gowda,732,4.08,1,1,NOT_REGISTERED,NOT_APPLICABLE,1,38.07,8.9,380428,97.8,83.7
ENT_IN_22057,Mohammed Gupta,702,12.2,1,1,UDYAM-MH-03-1941478,NOT_APPLICABLE,1,16.2,1.4,178671,85.2,88.7
ENT_IN_22058,Mamta Rao,650,10.24,1,1,NOT_REGISTERED,NOT_APPLICABLE,1,0.51,5.7,119707,97.7,76.2
ENT_IN_22059,Simran Patil,637,11.95,1,1,UDYAM-TN-03-9586622,ACTIVE,0,21.79,7.4,401043,62.4,72.6
ENT_IN_22060,Suresh Patel,695,2.18,1,1,UDYAM-PB-03-2863588,NOT_APPLICABLE,1,5.69,9.3,258791,86.1,90.2
ENT_IN_22061,Radha Shah,774,10.71,1,1,UDYAM-GJ-03-2093203,UNREGISTERED,1,29.45,1.9,25883,69.0,88.2
ENT_IN_22062,Seema Khan,769,9.95,0,1,UDYAM-UP-03-4325568,NOT_APPLICABLE,0,11.44,4.5,358565,46.8,73.6
ENT_IN_22063,Arjun Banerjee,684,7.49,1,1,UDYAM-GJ-03-7366446,ACTIVE,1,43.39,3.5,139030,65.6,86.8
ENT_IN_22064,Tariq Shah,601,15.21,1,1,NOT_REGISTERED,ACTIVE,1,21.77,7.5,99064,37.2,63.0
ENT_IN_22065,Gurpreet Rao,667,3.0,1,1,NOT_REGISTERED,UNREGISTERED,1,5.67,4.7,352985,83.9,83.2
ENT_IN_22066,Fatima Patil,581,23.05,1,1,UDYAM-UP-03-9777139,NOT_APPLICABLE,1,6.37,3.1,69140,60.0,67.6
ENT_IN_22067,Bhavna Kaur,636,13.77,1,1,NOT_REGISTERED,ACTIVE,1,14.5,1.0,126694,39.0,60.5
ENT_IN_22068,Rahul Mehta,627,0.44,1,1,NOT_REGISTERED,ACTIVE,1,32.61,9.4,356322,46.5,69.1
ENT_IN_22069,Sangeeta Sheikh,631,24.47,1,0,UDYAM-UP-03-2238180,ACTIVE,1,39.68,1.1,156830,41.2,66.0
ENT_IN_22070,Ashok Sheikh,612,9.64,1,0,UDYAM-PB-03-8770610,NOT_APPLICABLE,1,29.54,8.8,266341,81.9,69.1
ENT_IN_22071,Neha Gupta,588,21.4,1,1,UDYAM-MH-03-8679889,NOT_APPLICABLE,1,26.29,10.6,387565,91.4,82.8
ENT_IN_22072,Lakshmi Deshmukh,600,15.76,1,1,UDYAM-TN-03-9561878,UNREGISTERED,1,20.57,4.0,224705,82.8,75.7
ENT_IN_22073,Meena Kaur,620,14.85,0,1,NOT_REGISTERED,NOT_APPLICABLE,1,1.44,0.2,355712,51.1,52.5
ENT_IN_22074,Gurpreet Patel,608,4.83,1,1,NOT_REGISTERED,NOT_APPLICABLE,1,39.98,11.0,238066,48.5,59.7
ENT_IN_22075,Sangeeta Yadav,839,6.39,1,1,UDYAM-TN-03-2135274,ACTIVE,0,7.84,5.0,383592,35.1,82.9
ENT_IN_22076,Rekha Reddy,609,21.88,1,1,NOT_REGISTERED,NOT_APPLICABLE,1,21.93,0.7,60161,96.9,67.1
ENT_IN_22077,Rahul Yadav,0,11.15,1,1,NOT_REGISTERED,ACTIVE,1,41.68,5.9,433358,83.6,69.3
ENT_IN_22078,Sunil Kumar,819,6.15,1,0,NOT_REGISTERED,UNREGISTERED,0,3.59,8.6,98129,44.4,56.6
ENT_IN_22079,Deepika Gupta,709,2.04,1,1,NOT_REGISTERED,NOT_APPLICABLE,0,18.14,1.4,58306,59.5,59.1
ENT_IN_22080,Tariq Chatterjee,663,22.16,1,1,UDYAM-MH-03-8640261,ACTIVE,1,23.48,3.0,108723,58.6,81.9
ENT_IN_22081,Harpreet Joshi,687,11.81,1,1,UDYAM-UP-03-2798027,ACTIVE,0,31.06,3.7,49503,44.4,67.3
ENT_IN_22082,Suresh Verma,621,13.8,1,0,UDYAM-TN-03-7694457,NOT_APPLICABLE,0,12.73,5.2,79240,49.2,47.3
ENT_IN_22083,Rohan Das,706,16.92,1,1,UDYAM-TN-03-2308600,UNREGISTERED,0,31.99,7.1,171266,78.9,77.3
ENT_IN_22084,Simran Nair,783,3.36,1,0,UDYAM-MH-03-1490141,NOT_APPLICABLE,0,25.12,0.6,186726,39.0,68.9
ENT_IN_22085,Preeti Kumar,714,6.31,1,0,UDYAM-MH-03-2607085,NOT_APPLICABLE,1,18.85,12.0,447004,45.2,72.2
ENT_IN_22086,Suresh Deshmukh,572,0.9,1,1,NOT_REGISTERED,UNREGISTERED,1,11.01,5.6,256935,39.6,57.9
ENT_IN_22087,Pradeep Sharma,792,19.78,1,0,NOT_REGISTERED,ACTIVE,1,30.38,0.5,168415,78.0,85.7
ENT_IN_22088,Mamta Yadav,578,13.26,1,1,NOT_REGISTERED,ACTIVE,1,6.41,11.7,325088,82.5,79.0
ENT_IN_22089,Rajesh Joshi,650,21.85,1,1,UDYAM-PB-03-6736351,ACTIVE,1,31.09,2.0,242078,93.1,97.7
ENT_IN_22090,Lakshmi Patel,632,16.82,1,1,UDYAM-PB-03-4466566,ACTIVE,1,30.0,2.3,429717,78.3,86.1
ENT_IN_22091,Ananya Kumar,809,0.33,1,1,UDYAM-UP-03-7649780,ACTIVE,0,28.09,2.3,241399,88.9,99.3
ENT_IN_22092,Sunil Das,656,1.67,1,1,NOT_REGISTERED,NOT_APPLICABLE,1,30.96,7.8,138128,85.5,74.1
ENT_IN_22093,Meena Gowda,652,2.52,1,1,UDYAM-UP-03-1833214,ACTIVE,1,23.37,9.4,144313,52.3,82.3
ENT_IN_22094,Harpreet Joshi,750,24.1,1,0,UDYAM-MH-03-5158594,NOT_APPLICABLE,1,9.05,10.5,239690,40.0,82.9
ENT_IN_22095,Suresh Verma,770,20.02,1,1,UDYAM-KA-03-6087115,NOT_APPLICABLE,1,1.06,1.4,309879,77.9,94.5
ENT_IN_22096,Fatima Sheikh,551,3.34,1,1,NOT_REGISTERED,UNREGISTERED,1,17.35,6.8,123503,57.9,61.8
ENT_IN_22097,Geeta Rao,670,2.65,1,1,UDYAM-MH-03-5620552,NOT_APPLICABLE,1,37.36,0.0,166691,44.1,77.0
ENT_IN_22098,Mamta Patil,0,4.57,1,1,NOT_REGISTERED,ACTIVE,1,20.7,5.9,95426,68.3,57.6
ENT_IN_22099,Prakash Kulkarni,765,1.3,1,1,UDYAM-PB-03-2340468,NOT_APPLICABLE,0,16.45,9.9,63401,79.3,81.8
ENT_IN_22100,Pradeep Kaur,805,11.63,1,1,NOT_REGISTERED,NOT_APPLICABLE,1,16.95,11.5,48954,94.4,85.4
ENT_IN_22101,Ananya Gowda,795,8.39,1,1,NOT_REGISTERED,NOT_APPLICABLE,0,38.12,11.3,298436,76.4,76.7
ENT_IN_22102,Ayesha Banerjee,611,17.71,1,0,UDYAM-PB-03-6124075,NOT_APPLICABLE,1,34.06,6.1,78274,56.2,57.5
ENT_IN_22103,Ashok Sheikh,0,22.43,1,1,UDYAM-MH-03-5538634,ACTIVE,1,4.3,2.5,71713,71.4,68.4
ENT_IN_22104,Rahul Rao,804,1.7,1,1,UDYAM-KA-03-9328326,UNREGISTERED,0,15.16,4.0,258144,76.3,86.2
ENT_IN_22105,Pooja Yadav,683,14.23,1,1,UDYAM-MH-03-8582197,NOT_APPLICABLE,1,38.91,3.0,219659,80.5,87.3
ENT_IN_22106,Mohammed Chatterjee,694,21.0,1,1,UDYAM-UP-03-5409211,ACTIVE,1,23.22,7.1,355557,47.4,87.2
ENT_IN_22107,Sanjay Banerjee,816,6.04,1,1,UDYAM-UP-03-8749571,ACTIVE,1,16.96,2.0,148026,65.6,94.6
ENT_IN_22108,Priya Kaur,593,6.53,1,1,UDYAM-PB-03-6299045,ACTIVE,1,11.68,8.9,26616,55.6,69.1
ENT_IN_22109,Arjun Deshmukh,583,17.97,1,0,UDYAM-GJ-03-1583838,NOT_APPLICABLE,1,20.84,9.1,393150,97.5,78.2
ENT_IN_22110,Manoj Shah,780,16.65,1,1,UDYAM-KA-03-1150462,NOT_APPLICABLE,1,41.11,9.4,401266,42.8,86.7
ENT_IN_22111,Geeta Chaudhary,627,16.12,1,1,UDYAM-UP-03-3047693,NOT_APPLICABLE,1,18.88,0.1,385183,86.3,80.8
ENT_IN_22112,Sanjay Patel,570,2.32,1,1,NOT_REGISTERED,NOT_APPLICABLE,1,28.2,10.0,80653,67.4,63.0
ENT_IN_22113,Sangeeta Kulkarni,0,20.27,1,1,NOT_REGISTERED,ACTIVE,1,12.41,4.9,241118,91.4,67.4
ENT_IN_22114,Fatima Mehta,738,14.64,1,1,UDYAM-KA-03-8608797,NOT_APPLICABLE,0,39.98,9.7,146470,35.7,63.9
ENT_IN_22115,Preeti Singh,716,13.82,1,0,UDYAM-KA-03-4054403,NOT_APPLICABLE,0,14.1,8.2,107045,93.2,69.2
ENT_IN_22116,Seema Singh,625,16.51,1,1,UDYAM-MH-03-7602675,NOT_APPLICABLE,1,43.58,4.2,354111,69.7,76.8
ENT_IN_22117,Rajesh Joshi,697,18.71,1,1,UDYAM-TN-03-3398530,NOT_APPLICABLE,1,29.93,10.8,358996,76.5,85.3
ENT_IN_22118,Mahesh Sheikh,774,20.5,1,1,UDYAM-MH-03-3332433,ACTIVE,1,34.45,7.0,271732,45.7,95.9
ENT_IN_22119,Geeta Kulkarni,645,12.9,1,1,UDYAM-UP-03-2241154,NOT_APPLICABLE,0,17.04,7.7,144373,54.4,58.1
ENT_IN_22120,Simran Yadav,673,1.79,0,1,NOT_REGISTERED,UNREGISTERED,0,25.65,11.2,159498,64.5,53.4
ENT_IN_22121,Sunita Nair,0,13.03,1,1,UDYAM-KA-03-1375975,ACTIVE,0,42.89,3.2,135455,82.2,58.9
ENT_IN_22122,Prakash Kumar,634,6.13,1,1,UDYAM-PB-03-2392031,UNREGISTERED,1,31.96,10.4,171296,55.9,67.9
ENT_IN_22123,Bhavna Rao,788,9.15,1,1,UDYAM-PB-03-2616238,ACTIVE,0,24.28,4.2,287131,72.8,95.8
ENT_IN_22124,Ananya Sharma,0,24.82,1,1,UDYAM-UP-03-2233054,NOT_APPLICABLE,1,42.13,9.4,419360,84.7,71.2
ENT_IN_22125,Vikram Deshmukh,646,7.56,1,1,UDYAM-UP-03-6915822,NOT_APPLICABLE,1,8.21,0.8,318426,47.9,72.8
ENT_IN_22126,Rajesh Kaur,0,20.73,1,0,UDYAM-TN-03-8578760,NOT_APPLICABLE,1,18.28,12.0,135585,82.9,59.0
ENT_IN_22127,Ganesh Gupta,684,4.45,1,1,UDYAM-KA-03-9651060,NOT_APPLICABLE,1,6.86,4.6,78659,84.6,82.8
ENT_IN_22128,Savita Deshmukh,682,8.01,1,1,UDYAM-UP-03-8140952,ACTIVE,1,38.91,11.2,226361,76.0,94.3
ENT_IN_22129,Priya Singh,785,9.72,1,0,UDYAM-KA-03-9569061,ACTIVE,1,20.38,2.3,332467,94.6,100.0
ENT_IN_22130,Ganesh Mehta,830,7.76,1,0,NOT_REGISTERED,NOT_APPLICABLE,1,28.09,10.5,229471,75.8,82.5
ENT_IN_22131,Meena Deshmukh,739,19.16,1,0,NOT_REGISTERED,NOT_APPLICABLE,1,37.39,11.8,46215,62.7,61.3
ENT_IN_22132,Shweta Verma,638,15.83,1,1,UDYAM-PB-03-6370375,NOT_APPLICABLE,1,33.75,8.0,72407,64.4,64.1
ENT_IN_22133,Pradeep Gupta,616,3.81,1,1,UDYAM-UP-03-6654966,ACTIVE,0,13.41,0.1,378642,89.0,79.6
ENT_IN_22134,Anil Kumar,558,11.95,1,1,UDYAM-UP-03-7889661,NOT_APPLICABLE,1,14.57,8.1,167138,49.5,64.8
ENT_IN_22135,Meena Patel,744,19.63,1,1,UDYAM-UP-03-1984357,NOT_APPLICABLE,1,1.07,0.8,116881,83.8,85.1
ENT_IN_22136,Karan Deshmukh,685,2.9,1,0,NOT_REGISTERED,NOT_APPLICABLE,1,44.46,1.0,429848,77.0,73.5
ENT_IN_22137,Fatima Kaur,655,19.56,1,1,UDYAM-KA-03-8407943,NOT_APPLICABLE,1,36.91,7.7,249114,57.3,81.5
ENT_IN_22138,Gurpreet Kulkarni,733,14.08,1,1,UDYAM-KA-03-9668942,ACTIVE,1,39.62,7.4,42076,92.2,88.7
ENT_IN_22139,Anita Patil,711,13.07,1,0,NOT_REGISTERED,NOT_APPLICABLE,1,13.48,1.8,198525,72.0,71.2
ENT_IN_22140,Sanjay Deshmukh,739,23.43,1,1,UDYAM-TN-03-1951506,UNREGISTERED,1,44.88,11.8,293028,97.4,91.4
ENT_IN_22141,Preeti Khan,626,16.21,1,1,NOT_REGISTERED,UNREGISTERED,0,43.49,6.8,242537,94.0,65.5
ENT_IN_22142,Gurpreet Kaur,691,19.56,1,1,NOT_REGISTERED,NOT_APPLICABLE,1,19.97,1.4,34697,42.5,64.3
ENT_IN_22143,Bhavna Banerjee,767,0.34,1,1,UDYAM-TN-03-9648366,ACTIVE,1,5.44,10.8,440105,93.5,100.0
ENT_IN_22144,Mohammed Kumar,778,22.45,1,1,UDYAM-TN-03-2961732,ACTIVE,0,23.97,4.3,36658,98.2,93.5
ENT_IN_22145,Ashok Chaudhary,570,16.52,1,1,UDYAM-PB-03-3138262,NOT_APPLICABLE,1,7.4,2.6,233222,95.4,79.5
ENT_IN_22146,Neha Gowda,721,4.17,0,1,UDYAM-PB-03-1738271,NOT_APPLICABLE,1,3.81,1.0,49955,60.3,65.0
ENT_IN_22147,Mahesh Chaudhary,822,18.75,1,1,NOT_REGISTERED,ACTIVE,1,12.07,7.1,145720,69.0,89.1
ENT_IN_22148,Anita Verma,0,21.6,1,1,UDYAM-TN-03-5893851,NOT_APPLICABLE,0,33.03,2.4,299860,63.7,56.5
ENT_IN_22149,Shweta Verma,735,7.84,1,1,UDYAM-PB-03-5176758,NOT_APPLICABLE,0,33.15,4.7,412912,72.3,78.4
ENT_IN_22150,Rekha Rao,719,11.73,1,1,NOT_REGISTERED,ACTIVE,0,3.11,3.2,420302,56.9,73.4
ENT_IN_22151,Simran Nair,798,6.91,1,1,UDYAM-UP-03-6141974,ACTIVE,0,8.9,10.8,138078,54.0,81.6
ENT_IN_22152,Vikram Mishra,824,7.43,1,1,NOT_REGISTERED,ACTIVE,1,20.8,5.0,70711,76.7,90.0
ENT_IN_22153,Geeta Kumar,728,9.63,1,1,UDYAM-MH-03-1616764,ACTIVE,1,5.36,6.4,361707,49.5,89.4
ENT_IN_22154,Seema Gowda,564,15.61,1,0,UDYAM-GJ-03-2605141,UNREGISTERED,0,2.31,6.6,160681,62.3,52.9
ENT_IN_22155,Pradeep Chaudhary,792,21.84,1,1,NOT_REGISTERED,ACTIVE,1,9.62,7.0,442491,46.9,89.2
ENT_IN_22156,Rahul Nair,764,12.66,1,0,UDYAM-GJ-03-2086436,ACTIVE,1,7.93,8.0,319828,93.7,100.0
ENT_IN_22157,Deepak Gowda,649,17.41,1,1,UDYAM-GJ-03-9960585,ACTIVE,1,42.49,6.7,114610,58.5,73.8
ENT_IN_22158,Pradeep Sheikh,0,9.45,1,1,UDYAM-UP-03-3117426,NOT_APPLICABLE,0,29.55,2.5,91550,95.2,55.9
ENT_IN_22159,Pradeep Banerjee,766,9.68,1,1,UDYAM-UP-03-2687525,ACTIVE,1,2.84,9.1,247341,55.7,96.1
ENT_IN_22160,Rahul Yadav,559,4.27,1,1,UDYAM-UP-03-8679440,ACTIVE,0,11.86,8.7,72412,55.9,61.2
ENT_IN_22161,Ananya Kumar,802,21.89,1,1,UDYAM-UP-03-3777325,NOT_APPLICABLE,1,16.69,3.8,77458,56.3,84.9
ENT_IN_22162,Deepak Mishra,565,23.93,1,1,NOT_REGISTERED,NOT_APPLICABLE,0,24.26,9.2,139490,74.8,57.2
ENT_IN_22163,Deepak Patel,654,24.5,1,1,UDYAM-GJ-03-9109291,UNREGISTERED,1,8.97,5.1,364957,41.8,78.2
ENT_IN_22164,Sangeeta Kulkarni,735,7.76,1,1,UDYAM-KA-03-8009278,ACTIVE,1,18.66,7.4,83298,74.0,89.0
ENT_IN_22165,Meena Banerjee,674,23.87,1,0,NOT_REGISTERED,ACTIVE,1,23.68,6.0,340806,57.6,76.3
ENT_IN_22166,Fatima Singh,816,5.68,1,1,UDYAM-TN-03-9309797,ACTIVE,1,43.15,6.5,27001,68.8,94.7
ENT_IN_22167,Sanjay Reddy,582,12.61,1,1,UDYAM-UP-03-5496495,ACTIVE,1,0.45,8.6,396768,49.8,77.1
ENT_IN_22168,Neha Kumar,745,17.94,1,1,UDYAM-UP-03-2179554,UNREGISTERED,1,0.7,7.7,190197,64.5,80.1
ENT_IN_22169,Suresh Chaudhary,776,16.24,1,1,UDYAM-PB-03-1545310,NOT_APPLICABLE,0,22.19,1.2,292258,94.8,89.7
ENT_IN_22170,Ganesh Shah,649,23.21,0,1,UDYAM-PB-03-4952936,ACTIVE,1,40.87,3.8,371501,57.1,70.0
ENT_IN_22171,Tariq Verma,641,9.35,1,1,UDYAM-KA-03-5059076,NOT_APPLICABLE,1,38.52,6.7,397500,64.3,77.0
ENT_IN_22172,Rohan Patel,659,0.36,1,1,UDYAM-TN-03-4405405,NOT_APPLICABLE,0,34.85,3.9,408128,45.9,69.4
ENT_IN_22173,Sanjay Kulkarni,604,9.57,1,1,UDYAM-GJ-03-9192337,UNREGISTERED,1,20.14,6.5,369450,59.4,74.8
ENT_IN_22174,Mamta Gowda,833,0.78,1,1,UDYAM-KA-03-2314939,ACTIVE,1,33.02,3.6,151602,44.5,92.9
ENT_IN_22175,Mohammed Gowda,0,14.62,0,1,UDYAM-TN-03-5029960,UNREGISTERED,1,14.24,5.7,228109,77.3,56.6
ENT_IN_22176,Vikram Chaudhary,720,21.28,1,0,UDYAM-TN-03-1281211,UNREGISTERED,1,16.13,2.8,148982,52.6,72.4
ENT_IN_22177,Sangeeta Joshi,597,10.3,1,1,UDYAM-PB-03-5331389,ACTIVE,1,26.12,9.2,245424,63.9,82.0
ENT_IN_22178,Pooja Banerjee,631,24.04,1,1,UDYAM-GJ-03-4051211,UNREGISTERED,1,41.17,1.0,328589,98.5,82.6
ENT_IN_22179,Sangeeta Yadav,646,10.0,1,1,UDYAM-GJ-03-7985458,NOT_APPLICABLE,1,8.07,7.1,122342,45.2,66.9
ENT_IN_22180,Kiran Rao,566,7.24,1,1,NOT_REGISTERED,ACTIVE,1,11.62,9.6,325701,51.8,67.5
ENT_IN_22181,Shweta Kumar,761,13.61,1,1,NOT_REGISTERED,NOT_APPLICABLE,1,22.42,5.4,214350,39.9,80.3
ENT_IN_22182,Rahul Patel,729,5.62,1,1,NOT_REGISTERED,NOT_APPLICABLE,0,21.97,8.6,350760,96.1,75.0
ENT_IN_22183,Harpreet Banerjee,822,6.48,1,1,NOT_REGISTERED,NOT_APPLICABLE,0,8.76,2.4,392879,43.4,70.8
ENT_IN_22184,Kavita Sharma,821,13.95,1,1,UDYAM-GJ-03-8521418,ACTIVE,1,18.89,4.2,56773,76.4,94.4
ENT_IN_22185,Simran Reddy,626,19.69,1,0,NOT_REGISTERED,ACTIVE,1,44.86,6.7,328160,91.1,70.0
ENT_IN_22186,Tariq Deshmukh,640,6.14,1,1,UDYAM-MH-03-8874812,NOT_APPLICABLE,1,43.6,11.4,361210,96.7,84.3
ENT_IN_22187,Deepak Deshmukh,768,17.95,1,1,NOT_REGISTERED,ACTIVE,0,14.91,7.8,421482,70.9,83.2
ENT_IN_22188,Kiran Singh,575,13.38,1,1,UDYAM-TN-03-2196057,NOT_APPLICABLE,1,12.69,0.7,401674,56.7,70.9
ENT_IN_22189,Ganesh Rao,0,15.58,1,1,NOT_REGISTERED,ACTIVE,1,29.98,0.8,149142,38.1,53.7
ENT_IN_22190,Ananya Kaur,842,21.37,1,0,UDYAM-MH-03-2207468,ACTIVE,1,33.16,8.0,247767,53.4,90.1
ENT_IN_22191,Manoj Das,716,21.25,1,1,NOT_REGISTERED,NOT_APPLICABLE,1,1.29,10.3,190754,81.1,76.2
ENT_IN_22192,Fatima Mehta,611,12.89,1,1,UDYAM-UP-03-7896376,NOT_APPLICABLE,1,28.07,2.7,281347,88.4,78.3
ENT_IN_22193,Ananya Rao,761,6.6,1,1,UDYAM-PB-03-1859957,ACTIVE,1,20.82,4.1,411354,39.7,96.8
ENT_IN_22194,Ananya Kumar,705,7.67,1,1,UDYAM-PB-03-5793826,ACTIVE,0,28.16,8.1,260787,89.3,84.9
ENT_IN_22195,Neha Khan,0,0.8,1,1,NOT_REGISTERED,NOT_APPLICABLE,1,40.25,5.9,264261,53.3,53.6
ENT_IN_22196,Shweta Mishra,850,1.88,1,0,NOT_REGISTERED,NOT_APPLICABLE,1,44.67,0.3,180576,46.3,74.1
ENT_IN_22197,Amit Shah,812,15.71,1,1,UDYAM-MH-03-2451510,NOT_APPLICABLE,1,40.33,11.2,287187,94.3,100.0
ENT_IN_22198,Mamta Kumar,618,2.07,1,1,NOT_REGISTERED,UNREGISTERED,1,16.07,5.6,58355,92.3,68.3
ENT_IN_22199,Vikram Verma,844,7.44,1,1,UDYAM-MH-03-5284668,ACTIVE,1,41.69,0.2,89954,53.7,91.0
ENT_IN_22200,Ramesh Deshmukh,759,6.21,1,1,UDYAM-GJ-03-6214947,NOT_APPLICABLE,1,5.28,9.4,249657,48.1,89.3
ENT_IN_22201,Sujata Gupta,733,7.86,1,1,UDYAM-PB-03-5611325,NOT_APPLICABLE,0,30.57,5.3,116804,62.4,70.8
ENT_IN_22202,Vikram Patel,581,2.53,1,1,NOT_REGISTERED,ACTIVE,0,17.6,9.9,222933,89.6,67.7
ENT_IN_22203,Vijay Joshi,745,17.32,1,1,NOT_REGISTERED,ACTIVE,0,16.37,1.2,336274,53.5,68.1
ENT_IN_22204,Simran Nair,670,11.75,1,1,UDYAM-TN-03-7677530,ACTIVE,1,4.79,5.1,96402,71.0,87.1
ENT_IN_22205,Suresh Gupta,840,7.36,1,0,UDYAM-TN-03-5158738,ACTIVE,1,17.53,3.4,34932,94.8,91.3
ENT_IN_22206,Deepika Chaudhary,726,12.02,1,1,NOT_REGISTERED,NOT_APPLICABLE,1,18.58,8.2,34295,96.0,73.6
ENT_IN_22207,Ashok Shah,748,14.36,1,1,UDYAM-PB-03-5024610,NOT_APPLICABLE,1,11.17,10.5,266143,63.5,81.5
ENT_IN_22208,Mahesh Kulkarni,815,13.69,1,1,UDYAM-GJ-03-5790790,NOT_APPLICABLE,0,25.76,2.0,423141,91.0,88.3
ENT_IN_22209,Ashok Gupta,816,0.18,1,1,UDYAM-MH-03-7000748,ACTIVE,1,14.73,5.6,52551,67.8,94.9
ENT_IN_22210,Sujata Shah,586,20.21,1,1,UDYAM-GJ-03-3612246,UNREGISTERED,1,33.65,0.5,55555,35.7,57.5
ENT_IN_22211,Karan Khan,663,13.66,1,1,NOT_REGISTERED,ACTIVE,1,28.04,8.0,219459,37.6,77.0
ENT_IN_22212,Karan Patel,803,21.55,1,1,UDYAM-TN-03-7516561,UNREGISTERED,1,15.71,5.5,340472,44.9,87.3
ENT_IN_22213,Gurpreet Patel,830,12.11,1,1,NOT_REGISTERED,ACTIVE,1,23.09,1.3,110910,63.4,86.0
ENT_IN_22214,Sunil Shah,737,23.06,1,1,UDYAM-KA-03-9188414,ACTIVE,1,44.02,10.6,210305,59.8,88.0
ENT_IN_22215,Karan Chaudhary,702,16.11,1,1,UDYAM-UP-03-7603386,UNREGISTERED,1,30.21,4.7,291209,52.3,81.3
ENT_IN_22216,Ayesha Patel,630,1.9,1,1,UDYAM-GJ-03-9951592,NOT_APPLICABLE,0,13.68,4.1,279524,90.0,70.9
ENT_IN_22217,Rajesh Kaur,811,19.54,1,1,UDYAM-UP-03-1298555,NOT_APPLICABLE,1,24.76,8.3,435334,62.0,96.0
ENT_IN_22218,Prakash Sheikh,792,0.59,1,1,NOT_REGISTERED,ACTIVE,0,35.91,8.6,187443,94.3,89.0
ENT_IN_22219,Preeti Sharma,625,10.75,0,1,UDYAM-TN-03-5777176,NOT_APPLICABLE,1,14.7,9.3,68393,70.5,57.8
ENT_IN_22220,Manoj Joshi,643,15.13,1,1,NOT_REGISTERED,ACTIVE,1,22.69,0.4,322887,92.7,79.1
ENT_IN_22221,Anita Verma,838,13.87,1,1,UDYAM-UP-03-5937834,ACTIVE,1,9.64,2.3,197837,37.1,90.8
ENT_IN_22222,Kiran Gupta,721,2.8,0,1,UDYAM-UP-03-6801127,NOT_APPLICABLE,1,35.51,6.6,298457,74.5,76.0
ENT_IN_22223,Tariq Kumar,673,11.71,0,1,UDYAM-KA-03-9904514,ACTIVE,1,5.82,8.9,136296,90.4,85.5
ENT_IN_22224,Vikram Reddy,697,0.83,1,1,UDYAM-TN-03-6281439,NOT_APPLICABLE,0,16.11,5.2,94255,51.2,63.5
ENT_IN_22225,Kavita Joshi,640,15.64,1,1,UDYAM-GJ-03-9913206,ACTIVE,1,37.38,6.1,164431,45.1,71.3
ENT_IN_22226,Ananya Sharma,815,8.31,1,1,NOT_REGISTERED,ACTIVE,1,29.22,9.8,55794,61.4,83.7
ENT_IN_22227,Mamta Mehta,786,21.78,1,1,UDYAM-TN-03-5441559,NOT_APPLICABLE,1,2.31,7.4,121298,64.1,86.2
ENT_IN_22228,Shweta Kaur,827,23.98,1,1,UDYAM-GJ-03-4434816,NOT_APPLICABLE,1,42.1,10.4,232050,78.5,96.7
ENT_IN_22229,Sanjay Sheikh,0,21.3,1,1,NOT_REGISTERED,NOT_APPLICABLE,1,8.87,5.7,316720,45.4,49.2
ENT_IN_22230,Neha Gupta,803,24.42,0,1,NOT_REGISTERED,UNREGISTERED,1,43.12,7.2,163585,78.1,75.6
ENT_IN_22231,Sunita Sheikh,655,10.81,1,1,UDYAM-PB-03-9158188,NOT_APPLICABLE,1,18.34,4.7,295950,74.0,89.2
ENT_IN_22232,Mamta Gupta,668,0.07,1,1,UDYAM-KA-03-8570177,NOT_APPLICABLE,1,24.3,3.3,151067,77.0,80.7
ENT_IN_22233,Vijay Shah,704,12.71,1,1,NOT_REGISTERED,ACTIVE,1,42.2,6.9,361175,61.9,83.7
ENT_IN_22234,Sangeeta Mehta,687,13.4,1,1,UDYAM-UP-03-6385965,ACTIVE,1,36.22,7.1,365009,65.6,91.0
ENT_IN_22235,Priya Das,620,3.91,1,1,UDYAM-PB-03-2595217,NOT_APPLICABLE,1,34.5,11.1,371085,72.6,78.7
ENT_IN_22236,Rohan Patil,0,15.2,1,0,UDYAM-PB-03-1451360,ACTIVE,1,3.84,10.2,326463,54.5,64.5
ENT_IN_22237,Pradeep Mehta,779,21.75,1,1,UDYAM-MH-03-1271456,NOT_APPLICABLE,1,0.85,7.7,439474,71.9,94.8
ENT_IN_22238,Shweta Patil,832,14.04,1,1,UDYAM-UP-03-4090875,NOT_APPLICABLE,0,2.66,8.1,25312,65.3,74.8
ENT_IN_22239,Simran Deshmukh,572,0.63,1,0,UDYAM-PB-03-2792038,ACTIVE,1,38.04,11.5,427233,54.3,70.9
ENT_IN_22240,Priya Khan,703,24.86,1,0,NOT_REGISTERED,NOT_APPLICABLE,1,13.85,8.1,272169,78.1,74.0
ENT_IN_22241,Deepak Das,726,16.92,1,1,UDYAM-MH-03-3363158,NOT_APPLICABLE,1,16.44,3.9,166068,42.0,73.0
ENT_IN_22242,Radha Kulkarni,849,10.21,1,1,UDYAM-UP-03-5943621,NOT_APPLICABLE,0,40.85,5.5,15964,97.2,85.0
ENT_IN_22243,Amit Kumar,655,17.46,1,1,UDYAM-KA-03-8238487,UNREGISTERED,1,40.53,3.7,128501,69.8,80.9
ENT_IN_22244,Vikram Yadav,656,23.71,0,1,NOT_REGISTERED,NOT_APPLICABLE,0,18.77,1.7,106217,82.4,55.8
ENT_IN_22245,Rekha Yadav,740,15.08,1,1,NOT_REGISTERED,ACTIVE,1,33.2,3.1,278556,97.3,90.6
ENT_IN_22246,Mohammed Reddy,568,4.53,1,1,UDYAM-UP-03-6427348,NOT_APPLICABLE,0,19.2,5.4,188989,81.3,68.4
ENT_IN_22247,Anil Chaudhary,763,8.28,1,0,UDYAM-GJ-03-2491066,ACTIVE,1,10.16,8.1,125970,63.0,85.9
ENT_IN_22248,Karan Sheikh,720,2.6,1,1,UDYAM-KA-03-8165979,NOT_APPLICABLE,1,39.19,1.6,350704,92.5,90.8
ENT_IN_22249,Preeti Kulkarni,823,21.15,1,1,UDYAM-UP-03-4669060,ACTIVE,1,44.33,3.1,436249,97.7,100.0
ENT_IN_22250,Suresh Sharma,708,17.66,1,1,NOT_REGISTERED,NOT_APPLICABLE,1,11.94,11.7,322106,47.9,71.6
ENT_IN_22251,Preeti Rao,665,1.05,1,1,UDYAM-UP-03-8154566,ACTIVE,1,12.01,0.8,138418,44.1,80.8
ENT_IN_22252,Anil Chaudhary,0,21.33,1,1,UDYAM-GJ-03-8994089,UNREGISTERED,1,10.33,4.3,258212,78.9,67.8
ENT_IN_22253,Deepak Gowda,604,6.97,1,1,UDYAM-UP-03-3685712,ACTIVE,0,42.14,2.0,96047,45.9,62.0
ENT_IN_22254,Lakshmi Reddy,750,1.36,1,0,UDYAM-PB-03-7844454,UNREGISTERED,1,44.86,4.8,281954,53.5,85.1
ENT_IN_22255,Radha Patel,821,11.38,1,1,UDYAM-TN-03-3750534,UNREGISTERED,1,10.45,9.1,254497,46.0,92.5
ENT_IN_22256,Deepika Nair,690,19.98,1,1,UDYAM-KA-03-4047479,NOT_APPLICABLE,1,9.87,8.2,201669,59.9,82.1
ENT_IN_22257,Manoj Singh,658,16.61,0,1,UDYAM-MH-03-4291604,UNREGISTERED,1,42.9,9.8,355711,43.5,73.5
ENT_IN_22258,Neha Rao,611,3.49,1,0,UDYAM-TN-03-1621045,NOT_APPLICABLE,1,4.86,1.5,197679,50.0,60.3
ENT_IN_22259,Arjun Kaur,775,17.8,1,1,UDYAM-KA-03-4992315,ACTIVE,1,43.07,8.5,242459,49.1,98.8
ENT_IN_22260,Manoj Khan,566,24.68,1,1,NOT_REGISTERED,NOT_APPLICABLE,1,7.88,9.3,385682,90.5,75.5
ENT_IN_22261,Harpreet Yadav,772,13.82,0,1,NOT_REGISTERED,UNREGISTERED,1,40.34,11.0,262434,40.7,71.4
ENT_IN_22262,Harpreet Rao,722,8.86,1,1,NOT_REGISTERED,ACTIVE,0,18.14,0.4,351743,49.5,69.2
ENT_IN_22263,Mamta Nair,792,4.8,1,1,NOT_REGISTERED,NOT_APPLICABLE,0,38.35,6.0,353163,55.2,72.5
ENT_IN_22264,Rekha Singh,693,6.55,1,1,NOT_REGISTERED,ACTIVE,1,7.85,2.9,229491,43.3,76.2
ENT_IN_22265,Anita Khan,589,0.84,1,1,NOT_REGISTERED,NOT_APPLICABLE,1,30.26,1.7,157381,73.6,64.6
ENT_IN_22266,Fatima Khan,616,17.2,1,0,NOT_REGISTERED,NOT_APPLICABLE,1,28.92,9.4,362583,46.6,53.0
ENT_IN_22267,Mohammed Shah,650,1.05,0,1,UDYAM-UP-03-9176307,ACTIVE,0,27.96,6.3,69606,70.5,64.5
ENT_IN_22268,Meena Deshmukh,829,7.7,1,0,UDYAM-MH-03-6015934,UNREGISTERED,1,31.39,9.1,238008,99.3,93.5
ENT_IN_22269,Mahesh Patel,792,18.52,1,1,NOT_REGISTERED,NOT_APPLICABLE,1,22.22,4.0,121613,93.8,90.1
ENT_IN_22270,Sanjay Nair,558,12.01,0,1,UDYAM-TN-03-6865273,ACTIVE,0,21.71,3.9,396221,82.8,67.1
ENT_IN_22271,Mamta Yadav,690,6.15,1,1,UDYAM-TN-03-3343826,NOT_APPLICABLE,1,18.02,12.0,322713,93.4,91.0
ENT_IN_22272,Ashok Khan,564,9.52,1,1,NOT_REGISTERED,NOT_APPLICABLE,1,34.78,7.3,83394,39.0,54.6
ENT_IN_22273,Mohammed Joshi,827,2.48,1,1,UDYAM-GJ-03-1260723,UNREGISTERED,1,3.26,9.8,327040,47.3,87.4
ENT_IN_22274,Suresh Das,0,6.45,1,1,NOT_REGISTERED,NOT_APPLICABLE,1,40.51,7.4,401911,58.7,54.0
ENT_IN_22275,Deepika Shah,754,1.01,1,1,UDYAM-TN-03-7743030,ACTIVE,0,43.08,6.2,81505,47.2,80.3
ENT_IN_22276,Rekha Yadav,848,0.12,1,1,UDYAM-PB-03-9164198,ACTIVE,0,26.35,3.1,76107,40.6,79.1
ENT_IN_22277,Sujata Gupta,562,2.43,0,1,UDYAM-KA-03-3663120,ACTIVE,1,27.38,4.1,198678,42.8,63.4
ENT_IN_22278,Vijay Yadav,826,22.38,1,1,NOT_REGISTERED,UNREGISTERED,1,38.25,9.0,194485,95.9,91.9
ENT_IN_22279,Suresh Kulkarni,644,13.32,1,1,UDYAM-UP-03-4824768,UNREGISTERED,1,31.69,8.2,353483,43.6,67.9
ENT_IN_22280,Anita Joshi,671,23.14,1,1,NOT_REGISTERED,UNREGISTERED,1,41.04,7.3,365913,95.2,85.0
ENT_IN_22281,Pradeep Gupta,752,18.01,1,1,UDYAM-TN-03-1959366,UNREGISTERED,1,15.13,4.0,82503,43.3,84.8
ENT_IN_22282,Sunita Chatterjee,780,2.52,1,1,NOT_REGISTERED,NOT_APPLICABLE,1,42.17,1.3,243392,38.6,80.0
ENT_IN_22283,Deepak Banerjee,576,5.4,1,1,UDYAM-MH-03-7476368,NOT_APPLICABLE,1,37.74,8.5,17686,61.3,63.0
ENT_IN_22284,Ramesh Khan,0,22.2,1,1,UDYAM-UP-03-9744172,ACTIVE,1,27.01,5.3,73405,37.6,59.1
ENT_IN_22285,Dinesh Kumar,602,2.23,1,1,UDYAM-PB-03-6426459,ACTIVE,1,19.63,1.7,238124,92.9,86.3
ENT_IN_22286,Mohammed Rao,670,24.04,1,1,UDYAM-GJ-03-7819632,ACTIVE,1,12.28,0.0,188559,88.8,93.9
ENT_IN_22287,Deepika Verma,552,6.52,1,1,UDYAM-UP-03-5674807,NOT_APPLICABLE,1,28.82,5.7,151515,55.4,65.3
ENT_IN_22288,Ramesh Kulkarni,0,7.32,1,1,UDYAM-MH-03-1917958,ACTIVE,1,41.72,5.6,20551,93.8,68.0
ENT_IN_22289,Prakash Gowda,578,21.64,1,1,UDYAM-GJ-03-5060918,ACTIVE,0,39.69,4.1,30380,35.5,53.6
ENT_IN_22290,Dinesh Singh,804,20.74,1,1,UDYAM-TN-03-6538720,NOT_APPLICABLE,1,6.88,8.4,358285,86.5,97.5
ENT_IN_22291,Rahul Gupta,0,19.64,1,1,UDYAM-KA-03-1455105,ACTIVE,1,11.42,1.0,258105,82.9,76.6
ENT_IN_22292,Ananya Khan,629,17.21,1,1,NOT_REGISTERED,NOT_APPLICABLE,1,28.45,8.6,270938,60.2,65.7
ENT_IN_22293,Rajesh Rao,696,21.26,1,1,NOT_REGISTERED,ACTIVE,1,42.07,11.4,28859,55.8,71.5
ENT_IN_22294,Anita Das,840,15.44,1,1,UDYAM-TN-03-6967854,ACTIVE,1,6.14,4.3,165072,77.2,100.0
ENT_IN_22295,Kavita Mishra,788,23.78,1,1,NOT_REGISTERED,NOT_APPLICABLE,1,13.51,9.4,79631,53.6,74.9
ENT_IN_22296,Meena Kumar,712,3.37,0,1,UDYAM-GJ-03-2684319,NOT_APPLICABLE,0,33.63,0.9,357603,77.1,69.8
ENT_IN_22297,Vijay Gowda,712,6.02,1,1,UDYAM-GJ-03-8509157,ACTIVE,1,31.88,1.4,326498,51.8,87.4
ENT_IN_22298,Harpreet Verma,790,14.61,1,1,UDYAM-MH-03-5894448,ACTIVE,0,16.07,8.0,156070,73.4,87.8
ENT_IN_22299,Sunil Das,662,12.55,1,1,UDYAM-KA-03-1461448,ACTIVE,0,40.9,8.0,186709,73.6,83.0
ENT_IN_22300,Deepika Kulkarni,659,16.22,1,1,UDYAM-GJ-03-9668299,NOT_APPLICABLE,1,26.32,4.1,386966,39.0,79.2
ENT_IN_22301,Neha Chatterjee,0,12.94,1,1,UDYAM-PB-03-5783963,NOT_APPLICABLE,1,1.51,8.3,381649,74.9,68.2
ENT_IN_22302,Geeta Khan,693,8.2,1,1,UDYAM-MH-03-3640036,NOT_APPLICABLE,0,43.93,11.4,226396,35.4,68.3
ENT_IN_22303,Geeta Singh,617,20.93,1,1,UDYAM-KA-03-2270807,UNREGISTERED,1,29.53,7.7,108556,49.2,66.1
ENT_IN_22304,Sangeeta Joshi,788,14.25,1,1,UDYAM-MH-03-5313180,ACTIVE,1,6.1,3.0,216826,58.6,97.5
ENT_IN_22305,Karan Mehta,668,17.04,1,1,UDYAM-KA-03-8548234,UNREGISTERED,1,9.61,6.8,291091,81.4,90.7
ENT_IN_22306,Simran Patel,0,8.72,1,1,NOT_REGISTERED,NOT_APPLICABLE,1,19.75,5.7,446479,42.5,49.9
ENT_IN_22307,Tariq Gupta,761,10.56,1,1,UDYAM-PB-03-7877642,NOT_APPLICABLE,1,23.78,3.8,201465,62.7,93.6
ENT_IN_22308,Geeta Kulkarni,720,0.31,1,1,NOT_REGISTERED,UNREGISTERED,0,43.61,4.2,121356,90.6,66.6
ENT_IN_22309,Deepika Chatterjee,839,14.2,1,1,UDYAM-TN-03-2249839,UNREGISTERED,1,15.51,11.3,439312,36.0,88.9
ENT_IN_22310,Anil Kulkarni,0,13.04,1,1,UDYAM-UP-03-3056047,NOT_APPLICABLE,0,42.89,2.0,335309,35.4,44.4
ENT_IN_22311,Kiran Sheikh,0,2.96,1,1,UDYAM-MH-03-9835545,NOT_APPLICABLE,1,0.88,9.5,254807,56.3,63.4
ENT_IN_22312,Karan Reddy,833,11.43,1,1,UDYAM-KA-03-8840570,ACTIVE,0,16.31,0.3,355410,82.4,97.9
ENT_IN_22313,Kiran Verma,577,9.31,1,0,UDYAM-UP-03-9360362,ACTIVE,1,11.85,5.1,148867,90.0,76.6
ENT_IN_22314,Preeti Reddy,791,7.26,1,1,UDYAM-TN-03-8620372,NOT_APPLICABLE,1,10.36,7.9,422158,75.0,95.2
ENT_IN_22315,Mohammed Kulkarni,750,2.89,1,1,UDYAM-MH-03-8974418,ACTIVE,0,2.5,8.5,40594,46.1,77.7
ENT_IN_22316,Anil Sheikh,702,6.48,0,1,UDYAM-UP-03-6744325,NOT_APPLICABLE,0,27.85,11.3,159473,83.2,64.5
ENT_IN_22317,Suresh Sharma,828,16.35,1,1,UDYAM-TN-03-5936325,ACTIVE,0,16.12,9.9,151760,72.3,90.3
ENT_IN_22318,Anita Banerjee,814,19.8,1,1,UDYAM-PB-03-8446233,NOT_APPLICABLE,1,24.35,1.3,89962,75.6,93.3
ENT_IN_22319,Savita Chaudhary,783,16.29,1,1,UDYAM-GJ-03-9989020,NOT_APPLICABLE,1,23.61,10.5,89192,49.7,81.2
ENT_IN_22320,Karan Kulkarni,656,7.77,1,1,NOT_REGISTERED,ACTIVE,1,35.97,8.8,306971,80.4,86.1
ENT_IN_22321,Radha Kulkarni,663,10.4,1,1,NOT_REGISTERED,ACTIVE,1,10.32,1.2,409310,83.6,89.6
ENT_IN_22322,Mohammed Verma,660,17.07,1,1,NOT_REGISTERED,UNREGISTERED,1,18.61,0.5,295876,93.2,80.5
ENT_IN_22323,Dinesh Mehta,693,13.83,1,0,UDYAM-TN-03-6074650,ACTIVE,0,28.88,5.1,270894,58.1,74.7
ENT_IN_22324,Geeta Shah,658,21.23,1,1,UDYAM-MH-03-9491837,NOT_APPLICABLE,1,31.03,9.9,142704,51.6,77.8
ENT_IN_22325,Fatima Joshi,747,4.86,1,0,UDYAM-GJ-03-1157398,ACTIVE,1,4.33,0.4,399186,82.8,90.1
ENT_IN_22326,Savita Kumar,763,2.84,1,1,UDYAM-PB-03-6899114,ACTIVE,1,18.67,9.4,321388,53.8,100.0
ENT_IN_22327,Pradeep Das,743,10.73,1,1,UDYAM-MH-03-9667860,ACTIVE,0,34.06,6.3,416750,80.2,82.1
ENT_IN_22328,Manoj Kumar,635,0.04,1,1,UDYAM-PB-03-1341823,NOT_APPLICABLE,1,23.74,7.9,263840,65.9,74.5
ENT_IN_22329,Lakshmi Patel,665,4.17,1,1,UDYAM-KA-03-4078123,NOT_APPLICABLE,1,0.78,7.0,369390,90.5,89.7
ENT_IN_22330,Kiran Chatterjee,738,0.63,1,1,UDYAM-TN-03-3231658,NOT_APPLICABLE,1,5.03,8.9,136235,55.3,75.0
ENT_IN_22331,Neha Verma,755,1.54,1,1,UDYAM-MH-03-3429205,ACTIVE,1,16.04,8.9,176713,95.0,100.0
ENT_IN_22332,Suresh Kulkarni,830,9.45,1,1,UDYAM-MH-03-7952505,ACTIVE,1,43.92,6.5,32018,53.2,90.0
ENT_IN_22333,Sujata Joshi,626,3.37,1,1,UDYAM-KA-03-6742236,ACTIVE,1,44.74,6.1,59383,79.0,75.1
ENT_IN_22334,Geeta Mishra,847,21.53,1,1,UDYAM-UP-03-9206400,UNREGISTERED,1,33.4,4.8,104586,60.1,88.3
ENT_IN_22335,Rohan Yadav,762,4.33,1,1,UDYAM-UP-03-7023233,ACTIVE,1,18.39,0.5,74052,92.5,99.8
ENT_IN_22336,Amit Sharma,814,12.64,1,1,UDYAM-MH-03-7125945,UNREGISTERED,1,12.97,1.2,105795,54.5,86.2
ENT_IN_22337,Simran Chaudhary,832,20.02,1,1,UDYAM-GJ-03-7709118,ACTIVE,1,6.27,9.7,277910,73.7,100.0
ENT_IN_22338,Rohan Mishra,795,22.4,1,1,UDYAM-MH-03-5074117,NOT_APPLICABLE,1,6.24,2.3,122263,36.5,84.7
ENT_IN_22339,Fatima Kaur,598,24.51,1,1,UDYAM-MH-03-1584458,NOT_APPLICABLE,1,38.05,9.2,386550,55.2,73.2
ENT_IN_22340,Karan Singh,770,12.38,1,1,NOT_REGISTERED,NOT_APPLICABLE,1,21.46,8.8,307026,39.2,80.1
ENT_IN_22341,Ayesha Patil,621,5.67,1,0,UDYAM-KA-03-9692679,NOT_APPLICABLE,1,6.87,6.1,98406,69.1,61.3
ENT_IN_22342,Manoj Gowda,775,6.15,1,1,UDYAM-MH-03-1908440,ACTIVE,1,2.65,8.9,320611,96.3,100.0
ENT_IN_22343,Pooja Banerjee,814,6.86,1,0,UDYAM-MH-03-9567558,ACTIVE,1,12.86,1.5,370100,85.3,99.5
ENT_IN_22344,Lakshmi Kumar,802,8.72,1,1,UDYAM-TN-03-2274828,UNREGISTERED,1,35.81,5.0,338162,97.2,100.0
ENT_IN_22345,Ananya Gupta,661,15.85,1,1,UDYAM-MH-03-2229282,UNREGISTERED,1,16.83,0.1,235864,80.8,89.7
ENT_IN_22346,Seema Singh,0,22.87,1,1,UDYAM-GJ-03-2197332,ACTIVE,0,32.4,9.6,189286,58.8,59.3
ENT_IN_22347,Meena Rao,714,10.34,1,1,UDYAM-MH-03-6476356,ACTIVE,1,12.16,9.1,203058,98.5,97.8
ENT_IN_22348,Fatima Sheikh,737,12.45,1,1,UDYAM-MH-03-2672129,ACTIVE,1,17.53,6.7,391271,58.4,88.4
ENT_IN_22349,Fatima Patel,710,7.98,0,1,UDYAM-PB-03-6589007,NOT_APPLICABLE,1,24.19,1.0,76252,75.8,71.7
ENT_IN_22350,Ananya Nair,591,23.99,1,1,NOT_REGISTERED,ACTIVE,1,40.87,0.4,393458,98.5,81.9
ENT_IN_22351,Mohammed Gupta,824,20.63,0,1,NOT_REGISTERED,NOT_APPLICABLE,0,26.97,7.9,160260,50.3,61.3
ENT_IN_22352,Geeta Singh,607,15.93,0,0,NOT_REGISTERED,NOT_APPLICABLE,1,36.31,2.4,377050,42.5,45.6
ENT_IN_22353,Sunil Sharma,571,13.86,1,0,UDYAM-PB-03-3989914,NOT_APPLICABLE,1,36.81,11.7,357077,81.9,71.8
ENT_IN_22354,Dinesh Joshi,667,6.57,1,1,UDYAM-UP-03-6832230,ACTIVE,1,4.51,9.3,50567,42.5,76.8
ENT_IN_22355,Deepak Reddy,0,1.63,1,1,UDYAM-MH-03-1247504,NOT_APPLICABLE,1,40.23,6.1,398084,39.1,60.4
ENT_IN_22356,Harpreet Khan,799,22.24,0,1,UDYAM-GJ-03-9749473,NOT_APPLICABLE,1,12.57,0.4,243821,80.1,87.6
ENT_IN_22357,Sujata Verma,0,4.72,1,1,NOT_REGISTERED,NOT_APPLICABLE,1,19.39,10.1,17308,97.6,53.1
ENT_IN_22358,Tariq Singh,771,17.55,1,1,UDYAM-KA-03-2784629,NOT_APPLICABLE,0,38.1,4.0,47479,65.2,77.4
ENT_IN_22359,Rohan Khan,0,17.06,1,1,UDYAM-PB-03-9221285,NOT_APPLICABLE,1,0.54,6.4,317783,46.5,61.6
ENT_IN_22360,Mahesh Yadav,0,11.46,1,1,UDYAM-UP-03-7433590,ACTIVE,1,19.88,10.6,318971,52.0,70.2
ENT_IN_22361,Vikram Reddy,797,10.84,1,1,NOT_REGISTERED,NOT_APPLICABLE,0,9.68,11.5,48283,75.7,72.1
ENT_IN_22362,Ayesha Mehta,748,24.2,1,0,UDYAM-KA-03-1238746,ACTIVE,1,31.03,8.8,157180,41.9,76.1
ENT_IN_22363,Sujata Mishra,725,21.63,1,1,UDYAM-KA-03-8453137,NOT_APPLICABLE,1,38.33,8.3,196339,61.5,79.9
ENT_IN_22364,Karan Das,758,6.69,1,1,UDYAM-MH-03-7138713,ACTIVE,0,30.56,11.9,37568,66.4,83.0
ENT_IN_22365,Sangeeta Rao,0,0.05,1,1,UDYAM-KA-03-4147596,ACTIVE,0,28.97,0.2,220947,44.2,52.1
ENT_IN_22366,Mohammed Sheikh,638,9.43,1,1,UDYAM-UP-03-3433321,NOT_APPLICABLE,1,5.79,4.7,266661,47.5,69.9
ENT_IN_22367,Vijay Khan,660,14.99,1,1,UDYAM-UP-03-9726056,ACTIVE,1,7.13,10.2,173279,44.6,81.7
ENT_IN_22368,Rahul Sharma,0,20.73,1,1,UDYAM-PB-03-1607557,ACTIVE,0,10.32,9.6,190134,84.2,66.1
ENT_IN_22369,Rahul Sharma,785,7.61,1,1,NOT_REGISTERED,UNREGISTERED,1,35.02,2.1,291632,60.5,82.2
ENT_IN_22370,Deepak Sharma,648,1.64,1,1,UDYAM-MH-03-2597664,ACTIVE,1,29.16,4.2,376859,74.1,83.2
ENT_IN_22371,Vijay Yadav,736,0.28,1,1,UDYAM-KA-03-4099253,ACTIVE,1,2.87,11.6,240756,44.7,83.6
ENT_IN_22372,Rahul Joshi,624,8.94,1,1,NOT_REGISTERED,ACTIVE,0,36.72,1.9,341932,50.4,57.9
ENT_IN_22373,Sanjay Chaudhary,628,15.32,1,0,UDYAM-TN-03-1614259,UNREGISTERED,1,16.39,4.0,420690,40.3,60.3
ENT_IN_22374,Anil Patil,830,23.03,1,1,UDYAM-MH-03-1268290,NOT_APPLICABLE,1,38.46,2.4,400252,65.6,94.9
ENT_IN_22375,Ramesh Mehta,839,23.1,1,1,NOT_REGISTERED,NOT_APPLICABLE,1,28.74,3.8,140541,61.4,78.1
ENT_IN_22376,Ramesh Sheikh,606,3.66,1,1,UDYAM-KA-03-9421145,NOT_APPLICABLE,0,9.78,1.3,272516,83.0,68.2
ENT_IN_22377,Anita Sharma,832,19.39,1,1,NOT_REGISTERED,ACTIVE,1,28.81,4.0,320833,60.5,91.8
ENT_IN_22378,Rekha Mehta,674,4.35,1,1,NOT_REGISTERED,NOT_APPLICABLE,1,12.09,10.1,442808,66.9,78.8
ENT_IN_22379,Gurpreet Mehta,570,18.71,1,1,UDYAM-TN-03-8427464,ACTIVE,1,34.17,8.9,197258,36.0,73.4
ENT_IN_22380,Vijay Patel,602,10.83,0,1,NOT_REGISTERED,UNREGISTERED,1,28.63,7.2,402384,83.4,63.5
ENT_IN_22381,Fatima Mehta,722,9.77,1,1,UDYAM-KA-03-9691254,ACTIVE,1,9.79,6.5,303689,70.3,95.2
ENT_IN_22382,Savita Nair,752,3.32,0,1,NOT_REGISTERED,NOT_APPLICABLE,0,6.04,7.3,402730,75.1,70.5
ENT_IN_22383,Manoj Nair,655,1.22,1,1,UDYAM-PB-03-6668792,NOT_APPLICABLE,1,29.05,0.7,181103,65.1,82.5
ENT_IN_22384,Tariq Rao,721,16.4,1,1,UDYAM-PB-03-3507434,NOT_APPLICABLE,1,10.58,3.6,250131,67.4,84.0
ENT_IN_22385,Savita Verma,714,1.59,1,1,NOT_REGISTERED,NOT_APPLICABLE,1,43.66,10.8,193926,99.9,79.9
ENT_IN_22386,Seema Verma,708,13.57,1,1,UDYAM-GJ-03-5109113,NOT_APPLICABLE,1,7.2,6.3,129467,43.6,76.1
ENT_IN_22387,Ayesha Chatterjee,753,3.83,1,1,NOT_REGISTERED,NOT_APPLICABLE,1,25.9,8.1,435688,97.1,95.8
ENT_IN_22388,Deepika Verma,683,11.19,1,1,UDYAM-MH-03-3820044,NOT_APPLICABLE,0,40.37,7.7,284884,61.9,73.2
ENT_IN_22389,Anil Patil,0,6.62,1,1,UDYAM-MH-03-3079171,NOT_APPLICABLE,1,40.88,5.2,394384,80.2,68.9
ENT_IN_22390,Savita Joshi,691,17.05,1,1,UDYAM-GJ-03-9842122,NOT_APPLICABLE,1,39.0,8.5,256263,94.3,94.2
ENT_IN_22391,Fatima Gowda,0,13.69,1,1,UDYAM-TN-03-4211678,NOT_APPLICABLE,1,0.66,11.1,238802,83.8,71.0
ENT_IN_22392,Dinesh Chatterjee,593,0.67,1,1,UDYAM-GJ-03-7976194,UNREGISTERED,0,36.27,2.7,178299,77.6,66.1
ENT_IN_22393,Sunil Nair,801,24.66,1,1,NOT_REGISTERED,NOT_APPLICABLE,1,42.2,6.8,447441,70.9,86.6
ENT_IN_22394,Kiran Banerjee,828,21.45,0,1,UDYAM-MH-03-9392187,UNREGISTERED,1,13.14,8.3,132284,69.2,83.7
ENT_IN_22395,Ganesh Reddy,819,12.89,1,1,NOT_REGISTERED,ACTIVE,0,4.08,8.1,313801,67.6,86.3
ENT_IN_22396,Simran Singh,639,22.27,1,1,UDYAM-KA-03-5437632,ACTIVE,0,19.62,4.4,202278,90.0,76.0
ENT_IN_22397,Tariq Mishra,635,14.76,1,1,UDYAM-KA-03-3265291,UNREGISTERED,0,15.52,2.1,260576,38.0,59.9
ENT_IN_22398,Sangeeta Kumar,764,1.66,1,1,NOT_REGISTERED,NOT_APPLICABLE,1,40.15,12.0,60058,46.0,75.1
ENT_IN_22399,Savita Sheikh,0,5.44,1,1,NOT_REGISTERED,ACTIVE,0,42.11,8.1,96198,62.8,45.3
ENT_IN_22400,Mohammed Gowda,811,2.53,1,1,NOT_REGISTERED,ACTIVE,1,27.74,5.5,362156,46.8,90.7
ENT_IN_22401,Sunil Kaur,704,13.26,1,1,UDYAM-UP-03-6302454,NOT_APPLICABLE,1,27.49,8.2,433698,97.4,92.0
ENT_IN_22402,Manoj Joshi,669,21.1,0,0,UDYAM-MH-03-5324961,NOT_APPLICABLE,1,17.3,6.6,421439,71.1,68.0
ENT_IN_22403,Seema Reddy,603,10.62,1,1,NOT_REGISTERED,NOT_APPLICABLE,1,44.68,11.4,345726,73.1,68.9
ENT_IN_22404,Seema Verma,664,19.24,1,0,UDYAM-UP-03-6873349,NOT_APPLICABLE,1,9.8,4.2,299775,80.1,82.5
ENT_IN_22405,Manoj Kulkarni,822,4.21,1,1,NOT_REGISTERED,NOT_APPLICABLE,1,7.4,5.7,161473,81.4,86.4
ENT_IN_22406,Savita Sheikh,713,2.01,1,1,UDYAM-GJ-03-7463786,UNREGISTERED,1,4.78,8.4,33490,91.7,84.8
ENT_IN_22407,Ayesha Deshmukh,0,2.3,0,1,UDYAM-UP-03-1883893,NOT_APPLICABLE,1,18.57,3.6,317246,79.5,58.0
ENT_IN_22408,Sangeeta Das,692,9.08,1,0,UDYAM-MH-03-2336242,UNREGISTERED,1,23.95,3.1,33653,43.4,60.7
ENT_IN_22409,Sujata Verma,741,6.4,1,1,UDYAM-TN-03-8170425,ACTIVE,1,11.92,0.2,376611,91.4,95.3
ENT_IN_22410,Radha Rao,561,3.57,1,1,UDYAM-MH-03-5861252,ACTIVE,1,15.24,10.3,161543,35.6,71.1
ENT_IN_22411,Sanjay Reddy,714,8.03,1,1,UDYAM-TN-03-7035859,NOT_APPLICABLE,1,30.03,5.6,226635,50.7,80.1
ENT_IN_22412,Lakshmi Joshi,831,5.0,1,1,UDYAM-PB-03-2689191,NOT_APPLICABLE,1,7.57,2.7,427212,76.4,94.9
ENT_IN_22413,Sangeeta Kulkarni,0,9.28,1,1,UDYAM-MH-03-8446479,NOT_APPLICABLE,1,1.77,11.7,101865,58.1,54.4
ENT_IN_22414,Suresh Khan,765,2.03,0,0,NOT_REGISTERED,ACTIVE,1,13.03,9.1,169122,84.7,81.4
ENT_IN_22415,Mahesh Sharma,781,17.7,1,1,UDYAM-UP-03-6635301,ACTIVE,1,40.81,8.5,307516,36.8,96.4
ENT_IN_22416,Tariq Deshmukh,557,21.93,1,1,UDYAM-MH-03-8094139,NOT_APPLICABLE,1,41.72,4.3,271723,77.0,74.5
ENT_IN_22417,Kavita Patel,823,0.48,1,1,UDYAM-UP-03-2477519,NOT_APPLICABLE,1,24.8,2.2,298010,48.8,88.8
ENT_IN_22418,Savita Joshi,0,4.67,1,1,UDYAM-KA-03-1195208,NOT_APPLICABLE,0,0.1,4.7,29016,37.8,40.2
ENT_IN_22419,Tariq Chaudhary,0,7.8,1,0,UDYAM-KA-03-8227307,UNREGISTERED,0,4.4,10.6,37451,94.6,45.0
ENT_IN_22420,Ananya Sheikh,740,15.5,1,1,UDYAM-PB-03-1406908,ACTIVE,0,28.82,4.3,385474,41.6,77.2
ENT_IN_22421,Anil Reddy,804,17.09,1,1,UDYAM-MH-03-7458119,NOT_APPLICABLE,1,44.26,8.7,205664,88.6,98.5
ENT_IN_22422,Bhavna Kumar,615,0.31,1,1,UDYAM-MH-03-2384707,NOT_APPLICABLE,1,42.34,1.4,422978,87.4,82.2
ENT_IN_22423,Preeti Gupta,789,13.65,1,1,UDYAM-KA-03-2795171,NOT_APPLICABLE,1,15.82,8.6,83325,77.2,92.6
ENT_IN_22424,Sujata Patil,687,1.82,1,1,UDYAM-UP-03-8417386,ACTIVE,0,43.92,4.1,33099,98.1,78.5
ENT_IN_22425,Pooja Das,604,15.19,1,1,UDYAM-MH-03-4724970,NOT_APPLICABLE,1,15.45,0.4,190549,50.6,65.8
ENT_IN_22426,Manoj Verma,716,15.28,1,1,UDYAM-PB-03-7761640,NOT_APPLICABLE,1,39.18,2.6,200226,58.5,82.2
ENT_IN_22427,Sanjay Gupta,627,6.02,1,1,UDYAM-MH-03-1160012,ACTIVE,1,24.53,4.9,446599,71.7,81.8
ENT_IN_22428,Ganesh Rao,593,20.73,1,1,NOT_REGISTERED,NOT_APPLICABLE,1,44.6,10.5,300001,45.2,58.7
ENT_IN_22429,Ayesha Chatterjee,668,19.36,1,1,NOT_REGISTERED,NOT_APPLICABLE,1,23.11,2.7,432185,55.2,73.5
ENT_IN_22430,Ashok Gupta,731,14.62,1,0,UDYAM-UP-03-3132965,NOT_APPLICABLE,1,20.3,10.4,182602,37.9,67.5
ENT_IN_22431,Harpreet Shah,654,18.05,1,1,NOT_REGISTERED,NOT_APPLICABLE,1,15.56,6.0,100700,80.2,76.0
ENT_IN_22432,Ananya Sharma,829,8.3,1,1,UDYAM-MH-03-9959844,UNREGISTERED,1,20.87,3.5,372347,78.8,98.1
ENT_IN_22433,Simran Banerjee,839,5.25,1,1,NOT_REGISTERED,UNREGISTERED,1,7.88,10.1,163222,57.2,78.8
ENT_IN_22434,Sunita Gowda,621,23.61,1,1,UDYAM-TN-03-2001299,UNREGISTERED,0,23.38,2.8,327056,36.2,55.6
ENT_IN_22435,Rohan Patel,655,9.58,0,1,NOT_REGISTERED,NOT_APPLICABLE,1,10.72,9.2,15343,98.7,69.6
ENT_IN_22436,Sunil Gowda,714,19.37,0,1,NOT_REGISTERED,NOT_APPLICABLE,1,22.64,11.0,98220,57.3,57.8
ENT_IN_22437,Sunil Chaudhary,568,15.63,1,1,NOT_REGISTERED,NOT_APPLICABLE,1,27.56,2.2,376624,46.3,61.9
ENT_IN_22438,Anita Patel,564,1.89,1,1,UDYAM-MH-03-3517383,NOT_APPLICABLE,1,35.73,1.8,350375,43.8,68.1
ENT_IN_22439,Rajesh Gupta,0,7.48,1,1,UDYAM-GJ-03-1152969,NOT_APPLICABLE,1,22.96,8.5,390076,44.9,59.1
ENT_IN_22440,Savita Das,720,10.43,1,1,NOT_REGISTERED,NOT_APPLICABLE,1,43.98,6.9,128457,83.2,74.5
ENT_IN_22441,Suresh Singh,742,9.04,1,1,UDYAM-TN-03-7862198,NOT_APPLICABLE,1,29.73,7.2,169930,76.6,84.1
ENT_IN_22442,Geeta Gowda,593,19.05,1,1,UDYAM-KA-03-9160630,ACTIVE,0,31.14,6.2,360134,56.2,67.5
ENT_IN_22443,Anita Singh,753,3.87,1,1,NOT_REGISTERED,ACTIVE,1,22.87,2.4,175301,63.0,90.0
ENT_IN_22444,Deepika Joshi,609,12.97,1,1,UDYAM-UP-03-2119981,UNREGISTERED,1,17.37,9.4,57805,95.1,73.9
ENT_IN_22445,Sujata Gupta,739,17.57,1,1,UDYAM-PB-03-9178423,ACTIVE,1,32.34,3.5,37231,65.4,80.4
ENT_IN_22446,Anil Banerjee,578,21.05,0,1,UDYAM-MH-03-8827146,ACTIVE,1,22.97,5.1,338216,94.8,82.6
ENT_IN_22447,Neha Gupta,763,4.31,1,1,NOT_REGISTERED,ACTIVE,0,34.85,10.8,429806,64.7,85.0
ENT_IN_22448,Vikram Kaur,786,6.1,1,1,NOT_REGISTERED,NOT_APPLICABLE,1,31.74,7.8,221789,84.9,92.1
ENT_IN_22449,Arjun Shah,0,11.19,1,1,NOT_REGISTERED,NOT_APPLICABLE,0,13.76,11.2,113284,42.0,33.4
ENT_IN_22450,Simran Patil,609,23.47,1,1,UDYAM-GJ-03-3422530,UNREGISTERED,0,29.9,0.3,252790,61.2,65.5
ENT_IN_22451,Ganesh Das,823,20.17,1,1,UDYAM-GJ-03-2306283,ACTIVE,1,39.53,8.7,315729,83.6,100.0
ENT_IN_22452,Rahul Chatterjee,768,7.53,1,1,UDYAM-KA-03-6404333,NOT_APPLICABLE,0,3.4,10.5,189765,79.2,86.8
ENT_IN_22453,Pradeep Reddy,789,18.43,1,1,UDYAM-TN-03-5212382,NOT_APPLICABLE,1,14.82,7.8,260576,78.0,97.5
ENT_IN_22454,Harpreet Mishra,0,4.64,1,1,UDYAM-KA-03-6833360,NOT_APPLICABLE,1,0.36,2.5,385274,47.3,62.7
ENT_IN_22455,Sujata Joshi,563,3.08,1,0,UDYAM-TN-03-6135250,NOT_APPLICABLE,1,0.54,10.7,276207,84.8,72.4
ENT_IN_22456,Sunil Gupta,846,17.44,1,1,NOT_REGISTERED,UNREGISTERED,0,5.28,1.4,64820,78.8,72.3
ENT_IN_22457,Savita Nair,0,20.01,1,1,UDYAM-UP-03-8627788,ACTIVE,1,44.52,11.9,363818,57.0,67.0
ENT_IN_22458,Ananya Mishra,590,14.85,1,1,UDYAM-UP-03-3047788,NOT_APPLICABLE,1,33.02,6.5,172808,83.5,72.9
ENT_IN_22459,Seema Patel,835,18.64,1,0,NOT_REGISTERED,ACTIVE,0,20.87,4.9,313268,44.3,69.2
ENT_IN_22460,Ganesh Kumar,605,19.13,1,1,NOT_REGISTERED,ACTIVE,0,6.52,0.3,413283,52.3,62.5
ENT_IN_22461,Seema Das,826,21.55,1,1,UDYAM-MH-03-4981475,NOT_APPLICABLE,1,10.76,5.6,128808,68.6,89.3
ENT_IN_22462,Dinesh Khan,752,11.01,1,0,NOT_REGISTERED,ACTIVE,1,29.87,3.4,66700,38.5,74.6
ENT_IN_22463,Manoj Mehta,0,15.67,1,1,UDYAM-UP-03-6790119,NOT_APPLICABLE,1,18.92,7.2,393530,76.0,66.9
ENT_IN_22464,Rajesh Yadav,722,9.99,0,1,NOT_REGISTERED,NOT_APPLICABLE,1,5.84,5.6,219903,49.3,65.2
ENT_IN_22465,Radha Sharma,642,6.65,1,1,NOT_REGISTERED,ACTIVE,0,14.03,11.4,189002,58.6,62.2
ENT_IN_22466,Neha Patil,834,9.91,1,1,NOT_REGISTERED,NOT_APPLICABLE,0,12.02,2.5,36478,48.3,66.0
ENT_IN_22467,Suresh Patel,805,13.54,1,1,UDYAM-TN-03-1658894,NOT_APPLICABLE,0,5.94,8.9,110853,85.7,84.3
ENT_IN_22468,Pooja Sharma,646,7.7,1,1,NOT_REGISTERED,ACTIVE,1,8.8,0.3,217757,40.2,68.6
ENT_IN_22469,Fatima Das,0,3.33,1,1,UDYAM-MH-03-2960066,ACTIVE,0,6.69,1.8,48232,40.4,44.8
ENT_IN_22470,Sangeeta Yadav,669,23.9,0,1,UDYAM-TN-03-7369003,NOT_APPLICABLE,1,42.47,7.6,414233,89.2,83.6
ENT_IN_22471,Ramesh Mishra,0,14.6,1,1,UDYAM-GJ-03-7208519,NOT_APPLICABLE,1,16.04,6.6,257993,95.1,73.8
ENT_IN_22472,Savita Rao,572,23.96,1,1,UDYAM-MH-03-3774691,ACTIVE,1,27.16,9.5,105691,56.0,74.4
ENT_IN_22473,Rajesh Yadav,794,1.18,1,1,UDYAM-KA-03-8806741,UNREGISTERED,0,4.39,9.9,401966,52.0,82.6
ENT_IN_22474,Harpreet Mehta,598,17.91,1,1,UDYAM-UP-03-8401597,ACTIVE,1,24.53,7.0,167412,66.1,78.7
ENT_IN_22475,Ashok Yadav,614,12.67,1,1,UDYAM-KA-03-3544893,UNREGISTERED,1,4.47,5.4,446054,80.9,77.7
ENT_IN_22476,Manoj Shah,679,6.59,1,1,UDYAM-TN-03-6217972,ACTIVE,1,23.14,4.8,118077,41.7,83.1
ENT_IN_22477,Shweta Sharma,820,5.49,1,1,UDYAM-MH-03-7902151,ACTIVE,1,36.75,9.0,234638,66.3,100.0
ENT_IN_22478,Rekha Patel,776,21.1,1,1,NOT_REGISTERED,ACTIVE,1,40.59,7.0,109221,78.1,91.7
ENT_IN_22479,Harpreet Kaur,755,4.55,1,1,UDYAM-UP-03-4044289,ACTIVE,1,39.47,1.9,137701,82.1,100.0
ENT_IN_22480,Sunil Banerjee,768,8.83,1,1,NOT_REGISTERED,ACTIVE,1,30.22,6.4,250046,36.5,88.2
ENT_IN_22481,Mohammed Verma,716,2.49,1,1,NOT_REGISTERED,NOT_APPLICABLE,0,26.33,0.6,244231,77.4,69.8
ENT_IN_22482,Sunita Yadav,553,6.0,1,1,UDYAM-GJ-03-8213822,NOT_APPLICABLE,1,31.89,3.0,321052,95.9,83.8
ENT_IN_22483,Rajesh Gupta,558,10.83,1,0,UDYAM-GJ-03-3170029,UNREGISTERED,0,28.0,8.4,133263,65.3,50.8
ENT_IN_22484,Mahesh Patil,763,0.09,1,1,UDYAM-PB-03-1165389,NOT_APPLICABLE,0,10.54,9.3,347680,35.6,78.6
ENT_IN_22485,Radha Deshmukh,588,5.47,1,1,UDYAM-UP-03-2641884,ACTIVE,1,32.88,6.8,300250,66.1,79.7
ENT_IN_22486,Dinesh Kulkarni,837,2.65,1,1,UDYAM-GJ-03-2677020,NOT_APPLICABLE,0,9.27,4.0,94476,95.0,87.5
ENT_IN_22487,Lakshmi Gupta,770,24.35,1,1,UDYAM-UP-03-8499769,ACTIVE,1,7.51,9.4,173817,85.9,100.0
ENT_IN_22488,Seema Das,560,12.26,1,1,NOT_REGISTERED,ACTIVE,0,30.59,4.8,311316,59.1,60.5
ENT_IN_22489,Mahesh Deshmukh,811,1.57,1,1,UDYAM-KA-03-9245865,UNREGISTERED,1,21.35,2.0,307405,73.8,94.2
ENT_IN_22490,Rekha Deshmukh,641,13.97,1,0,UDYAM-PB-03-2540309,UNREGISTERED,1,0.87,6.1,155924,55.2,60.3
ENT_IN_22491,Prakash Joshi,566,9.73,1,1,NOT_REGISTERED,NOT_APPLICABLE,1,37.25,2.3,242465,41.0,60.9
ENT_IN_22492,Sanjay Sheikh,675,12.73,1,1,UDYAM-UP-03-2862061,NOT_APPLICABLE,1,1.15,8.2,91092,98.1,85.1
ENT_IN_22493,Rajesh Reddy,628,11.55,1,1,UDYAM-KA-03-1726085,ACTIVE,0,6.57,10.4,174420,62.0,67.5
ENT_IN_22494,Neha Patil,662,23.96,1,1,NOT_REGISTERED,ACTIVE,1,44.89,10.7,264315,94.0,90.8
ENT_IN_22495,Anil Mehta,839,11.09,1,1,UDYAM-TN-03-8623277,ACTIVE,1,23.01,2.0,22311,50.7,89.7
ENT_IN_22496,Amit Nair,821,12.68,1,1,UDYAM-MH-03-3767052,UNREGISTERED,1,25.61,0.7,409525,38.7,90.3
ENT_IN_22497,Kavita Deshmukh,582,24.12,0,1,UDYAM-TN-03-2232527,NOT_APPLICABLE,1,20.34,2.3,29782,61.9,53.9
ENT_IN_22498,Priya Shah,845,6.24,1,1,UDYAM-TN-03-5503781,UNREGISTERED,1,20.99,3.4,328465,60.2,92.1
ENT_IN_22499,Kavita Kumar,643,0.85,0,0,UDYAM-PB-03-8962890,UNREGISTERED,1,33.23,3.8,43995,66.3,51.4
ENT_IN_22500,Ramesh Gupta,560,7.79,1,1,NOT_REGISTERED,NOT_APPLICABLE,0,12.69,11.0,93409,70.4,52.3
ENT_IN_22501,Suresh Sharma,567,4.21,1,0,NOT_REGISTERED,NOT_APPLICABLE,1,38.09,11.8,109799,65.8,55.5
ENT_IN_22502,Fatima Kumar,819,4.87,1,1,UDYAM-GJ-03-6717012,UNREGISTERED,1,3.35,3.7,196772,93.0,96.9
ENT_IN_22503,Vikram Gowda,810,19.68,1,1,UDYAM-GJ-03-6611749,ACTIVE,1,0.89,5.1,407961,64.5,100.0
ENT_IN_22504,Deepika Singh,755,17.62,1,1,UDYAM-TN-03-7094514,ACTIVE,1,3.22,2.2,39601,68.7,96.5
ENT_IN_22505,Sujata Shah,732,15.59,1,1,UDYAM-KA-03-6291737,ACTIVE,1,42.15,8.9,401403,96.2,100.0
ENT_IN_22506,Amit Gowda,633,8.08,1,1,NOT_REGISTERED,NOT_APPLICABLE,1,25.02,8.5,377254,89.9,71.4
ENT_IN_22507,Rajesh Gowda,751,4.72,1,1,NOT_REGISTERED,ACTIVE,1,43.24,4.1,90515,40.1,79.4
ENT_IN_22508,Mahesh Chatterjee,0,6.51,1,1,UDYAM-KA-03-4427299,ACTIVE,1,32.66,6.9,340488,65.0,72.3
ENT_IN_22509,Radha Gowda,745,17.38,1,0,NOT_REGISTERED,NOT_APPLICABLE,1,14.31,9.9,303088,94.3,74.7
ENT_IN_22510,Kiran Chatterjee,782,2.58,1,1,NOT_REGISTERED,ACTIVE,1,23.96,4.3,403588,97.5,100.0
ENT_IN_22511,Radha Gupta,691,13.14,1,1,NOT_REGISTERED,NOT_APPLICABLE,1,23.18,1.6,340560,50.2,69.8
ENT_IN_22512,Ganesh Deshmukh,770,2.42,1,1,UDYAM-MH-03-3788096,ACTIVE,1,21.18,9.3,32254,79.9,96.6
ENT_IN_22513,Kiran Khan,683,21.26,1,1,UDYAM-UP-03-8171952,ACTIVE,1,11.46,2.9,44334,45.4,79.7
ENT_IN_22514,Shweta Chatterjee,630,23.18,1,1,UDYAM-PB-03-9070038,NOT_APPLICABLE,1,22.42,7.6,178946,56.6,66.8
ENT_IN_22515,Simran Deshmukh,811,12.36,1,1,UDYAM-TN-03-6028823,NOT_APPLICABLE,1,20.42,3.1,365123,54.7,91.4
ENT_IN_22516,Anita Yadav,614,11.45,1,1,UDYAM-MH-03-2361428,UNREGISTERED,1,14.31,3.5,110487,60.7,66.4
ENT_IN_22517,Anita Shah,788,19.44,1,0,UDYAM-PB-03-9183705,ACTIVE,1,14.12,1.5,23932,44.0,82.2
ENT_IN_22518,Pooja Kumar,724,19.59,1,1,UDYAM-MH-03-2209613,ACTIVE,1,18.91,8.3,313499,78.8,95.2
ENT_IN_22519,Rajesh Mehta,623,16.43,1,1,UDYAM-MH-03-1618475,ACTIVE,0,6.59,7.3,60654,69.5,63.5
ENT_IN_22520,Ramesh Mehta,784,3.79,1,1,UDYAM-UP-03-2266732,NOT_APPLICABLE,1,40.62,5.7,113230,95.4,95.6
ENT_IN_22521,Simran Chaudhary,0,1.9,1,1,UDYAM-KA-03-2504559,ACTIVE,0,9.34,9.3,104332,97.9,60.7
ENT_IN_22522,Suresh Gupta,614,11.41,1,1,UDYAM-PB-03-2076156,NOT_APPLICABLE,1,5.71,4.7,324723,45.6,67.0
ENT_IN_22523,Vikram Kumar,839,16.12,1,1,NOT_REGISTERED,NOT_APPLICABLE,1,23.65,2.0,269448,41.3,80.2
ENT_IN_22524,Harpreet Chatterjee,701,11.26,1,1,UDYAM-PB-03-2565312,UNREGISTERED,1,34.43,1.3,56564,86.9,80.8
ENT_IN_22525,Mamta Patel,719,1.96,1,1,UDYAM-GJ-03-9312427,ACTIVE,1,20.69,12.0,256583,54.6,89.3
ENT_IN_22526,Priya Patel,0,19.8,1,0,NOT_REGISTERED,NOT_APPLICABLE,1,24.64,2.4,281444,89.3,54.3
ENT_IN_22527,Sunita Das,0,23.65,1,1,UDYAM-PB-03-8061072,ACTIVE,1,8.11,9.6,435774,96.1,78.8
ENT_IN_22528,Vijay Gowda,646,5.78,1,1,NOT_REGISTERED,ACTIVE,1,36.98,3.1,110318,82.2,73.9
ENT_IN_22529,Amit Kulkarni,719,14.44,0,1,NOT_REGISTERED,ACTIVE,1,16.59,0.4,76094,66.2,69.5
ENT_IN_22530,Anil Singh,780,15.07,1,1,UDYAM-PB-03-7497598,NOT_APPLICABLE,0,5.69,8.0,442670,97.4,94.5
ENT_IN_22531,Vijay Kulkarni,636,9.56,1,1,UDYAM-UP-03-4825454,NOT_APPLICABLE,1,31.78,11.3,175923,70.3,74.2
ENT_IN_22532,Bhavna Patil,597,16.71,1,1,UDYAM-TN-03-8412304,NOT_APPLICABLE,1,42.4,5.4,108320,74.5,72.1
ENT_IN_22533,Pradeep Joshi,834,11.3,1,1,UDYAM-MH-03-2610192,ACTIVE,1,1.6,2.4,298268,74.6,100.0
ENT_IN_22534,Ramesh Chatterjee,589,0.48,1,1,UDYAM-PB-03-4121265,ACTIVE,1,19.42,5.4,291906,95.7,88.4
ENT_IN_22535,Savita Sheikh,804,24.9,1,1,NOT_REGISTERED,UNREGISTERED,1,18.77,9.8,287160,45.2,81.5
ENT_IN_22536,Sanjay Rao,674,1.88,1,1,UDYAM-TN-03-7405764,NOT_APPLICABLE,0,42.06,4.6,372548,41.9,71.4
ENT_IN_22537,Mamta Kumar,666,5.2,1,1,NOT_REGISTERED,ACTIVE,1,19.35,10.4,123096,90.4,83.5
ENT_IN_22538,Manoj Reddy,647,11.68,1,1,NOT_REGISTERED,ACTIVE,1,13.21,3.9,332709,62.9,72.0
ENT_IN_22539,Sujata Kaur,647,12.49,1,0,UDYAM-GJ-03-1310642,ACTIVE,1,39.31,0.2,108272,93.8,77.1
ENT_IN_22540,Priya Gupta,817,12.97,1,1,UDYAM-KA-03-7141838,NOT_APPLICABLE,1,1.09,3.4,355638,44.4,88.8
ENT_IN_22541,Vikram Kumar,693,16.76,0,1,NOT_REGISTERED,ACTIVE,1,1.5,10.7,295351,63.2,75.1
ENT_IN_22542,Mamta Chaudhary,850,22.6,1,1,UDYAM-KA-03-7915290,NOT_APPLICABLE,1,32.84,8.7,79866,76.2,90.8
ENT_IN_22543,Rahul Reddy,767,12.3,1,1,NOT_REGISTERED,ACTIVE,1,42.81,6.5,19407,93.1,89.0
ENT_IN_22544,Deepak Reddy,576,8.63,1,0,UDYAM-PB-03-1062260,ACTIVE,1,10.06,5.2,130725,84.9,73.1
ENT_IN_22545,Rohan Kaur,557,19.31,1,1,UDYAM-UP-03-1902619,NOT_APPLICABLE,1,26.06,9.0,17434,91.5,70.5
ENT_IN_22546,Suresh Sharma,556,21.83,1,1,UDYAM-KA-03-9970714,UNREGISTERED,1,1.01,4.8,37000,73.7,67.3
ENT_IN_22547,Pradeep Singh,556,12.7,1,1,UDYAM-TN-03-4342390,NOT_APPLICABLE,1,0.36,10.3,178663,69.3,72.1
ENT_IN_22548,Ramesh Deshmukh,742,11.43,1,1,NOT_REGISTERED,NOT_APPLICABLE,1,44.32,0.0,279414,45.7,68.5
ENT_IN_22549,Kiran Chaudhary,749,6.31,1,1,UDYAM-GJ-03-7700136,ACTIVE,1,43.13,1.0,75464,57.5,84.1
ENT_IN_22550,Gurpreet Yadav,585,8.01,1,1,UDYAM-TN-03-4833849,NOT_APPLICABLE,0,0.64,11.8,194440,68.5,64.0
ENT_IN_22551,Sujata Kulkarni,848,13.45,1,1,UDYAM-GJ-03-2001734,NOT_APPLICABLE,1,38.98,6.1,349561,83.5,100.0
ENT_IN_22552,Pradeep Verma,657,24.29,1,1,UDYAM-PB-03-7961819,UNREGISTERED,1,5.55,0.6,30661,67.8,76.8
ENT_IN_22553,Harpreet Patil,0,19.81,1,1,UDYAM-PB-03-9357273,ACTIVE,1,17.37,10.8,345892,95.4,78.3
ENT_IN_22554,Lakshmi Nair,761,7.15,1,1,UDYAM-GJ-03-3405103,NOT_APPLICABLE,1,20.58,5.5,446934,44.0,89.0
ENT_IN_22555,Priya Deshmukh,608,18.19,1,0,UDYAM-TN-03-3697178,UNREGISTERED,1,42.76,0.3,176069,89.5,71.6
ENT_IN_22556,Deepika Gupta,584,12.01,1,1,UDYAM-KA-03-1958174,NOT_APPLICABLE,1,32.64,3.2,357164,99.5,82.8
ENT_IN_22557,Kiran Mehta,764,17.59,1,1,UDYAM-TN-03-9397738,ACTIVE,1,12.41,7.6,306836,50.2,94.6
ENT_IN_22558,Mamta Chaudhary,640,23.6,1,1,UDYAM-PB-03-5636373,UNREGISTERED,1,10.21,11.1,443825,55.4,69.4
ENT_IN_22559,Mahesh Sheikh,583,8.86,1,1,UDYAM-TN-03-5425548,UNREGISTERED,1,40.73,11.0,235987,90.3,80.9
ENT_IN_22560,Anil Singh,572,19.3,0,1,UDYAM-PB-03-9482013,UNREGISTERED,1,42.15,6.7,83366,90.1,64.9
ENT_IN_22561,Mohammed Mishra,622,4.27,1,1,NOT_REGISTERED,ACTIVE,0,7.59,10.6,255765,53.1,58.1
ENT_IN_22562,Rahul Singh,662,21.57,1,1,UDYAM-KA-03-8024289,NOT_APPLICABLE,1,32.7,9.0,140851,44.7,72.2
ENT_IN_22563,Fatima Rao,582,23.21,1,1,NOT_REGISTERED,ACTIVE,1,31.71,9.9,359809,88.5,77.6
ENT_IN_22564,Geeta Kaur,799,9.98,1,1,UDYAM-MH-03-8667214,UNREGISTERED,1,2.59,1.5,231825,49.3,88.0
ENT_IN_22565,Shweta Mehta,611,14.8,1,0,NOT_REGISTERED,UNREGISTERED,0,32.73,9.4,336094,53.6,48.9
ENT_IN_22566,Arjun Patil,736,18.77,1,1,NOT_REGISTERED,NOT_APPLICABLE,1,16.17,0.8,323636,40.3,69.9
ENT_IN_22567,Fatima Kulkarni,612,21.28,1,0,UDYAM-UP-03-9827532,NOT_APPLICABLE,1,5.97,3.5,335635,42.0,62.8
ENT_IN_22568,Simran Kaur,629,12.69,0,1,UDYAM-UP-03-7804210,ACTIVE,1,31.29,11.5,347874,78.9,75.5
ENT_IN_22569,Bhavna Sharma,681,23.27,1,0,UDYAM-UP-03-6766937,ACTIVE,0,29.23,3.6,196105,63.3,70.6
ENT_IN_22570,Suresh Kaur,775,15.9,1,1,UDYAM-KA-03-5832742,UNREGISTERED,1,41.62,6.0,332628,83.7,99.2
ENT_IN_22571,Rekha Khan,576,19.12,1,1,UDYAM-MH-03-4836267,UNREGISTERED,1,19.72,8.6,328918,53.9,72.8
ENT_IN_22572,Seema Deshmukh,0,0.42,1,1,UDYAM-UP-03-4339640,UNREGISTERED,0,19.53,5.4,410637,91.7,59.4
ENT_IN_22573,Ganesh Mehta,599,20.57,1,1,UDYAM-KA-03-9884077,ACTIVE,1,43.03,5.2,282907,85.5,84.6
ENT_IN_22574,Ashok Singh,596,7.91,1,1,NOT_REGISTERED,NOT_APPLICABLE,1,25.27,8.4,202249,77.2,64.4
ENT_IN_22575,Anil Rao,612,17.82,0,1,UDYAM-UP-03-2693474,NOT_APPLICABLE,1,21.09,1.6,167933,94.9,71.3
ENT_IN_22576,Rahul Shah,565,21.09,1,1,UDYAM-TN-03-6255291,UNREGISTERED,0,33.02,11.1,205031,50.2,61.4
ENT_IN_22577,Bhavna Verma,772,4.18,1,1,UDYAM-GJ-03-9002812,NOT_APPLICABLE,1,24.06,8.8,315087,99.0,100.0
ENT_IN_22578,Sujata Joshi,591,10.39,1,1,NOT_REGISTERED,NOT_APPLICABLE,1,13.29,7.4,322327,37.0,58.5
ENT_IN_22579,Mamta Chaudhary,709,15.6,1,1,UDYAM-PB-03-5499244,ACTIVE,1,4.23,5.0,281793,96.8,96.9
ENT_IN_22580,Mohammed Nair,0,11.2,1,1,UDYAM-UP-03-9056045,ACTIVE,1,43.65,6.7,416328,78.5,77.0
ENT_IN_22581,Arjun Shah,707,21.76,1,1,UDYAM-GJ-03-4586764,ACTIVE,1,40.1,5.3,311153,75.0,95.3
ENT_IN_22582,Vijay Das,813,24.53,1,1,UDYAM-TN-03-1416976,ACTIVE,0,17.77,11.7,438306,77.4,94.4
ENT_IN_22583,Harpreet Kumar,0,24.25,1,0,NOT_REGISTERED,ACTIVE,1,16.27,4.3,320019,46.9,50.2
ENT_IN_22584,Sanjay Nair,776,1.38,1,1,UDYAM-PB-03-9681206,NOT_APPLICABLE,1,13.99,5.6,191866,82.0,95.3
ENT_IN_22585,Pradeep Kaur,725,24.71,1,1,NOT_REGISTERED,UNREGISTERED,0,23.72,2.5,442245,50.8,64.4
ENT_IN_22586,Mamta Singh,566,11.92,1,1,UDYAM-UP-03-1693683,UNREGISTERED,1,32.33,6.5,199385,84.9,76.6
ENT_IN_22587,Sanjay Patil,820,5.58,0,1,NOT_REGISTERED,UNREGISTERED,1,24.39,5.8,414586,83.4,85.8
ENT_IN_22588,Mohammed Kaur,655,4.53,1,1,NOT_REGISTERED,ACTIVE,1,20.85,3.7,298420,92.6,88.1
ENT_IN_22589,Shweta Patil,608,23.96,0,1,UDYAM-PB-03-3424662,NOT_APPLICABLE,1,40.3,2.6,134645,74.1,61.2
ENT_IN_22590,Fatima Nair,657,2.4,1,0,NOT_REGISTERED,ACTIVE,1,16.71,3.4,277737,87.6,81.2
ENT_IN_22591,Sujata Patel,755,2.01,1,1,UDYAM-UP-03-8995608,ACTIVE,1,39.03,0.4,147910,79.2,99.5
ENT_IN_22592,Karan Sharma,802,1.5,1,1,NOT_REGISTERED,ACTIVE,1,15.42,6.4,325006,92.0,97.9
ENT_IN_22593,Vijay Patel,783,2.41,1,1,UDYAM-PB-03-1458297,NOT_APPLICABLE,1,26.44,11.8,107065,66.9,89.9
ENT_IN_22594,Arjun Shah,703,15.45,1,1,UDYAM-KA-03-1724454,NOT_APPLICABLE,1,31.97,1.8,351053,80.0,90.2
ENT_IN_22595,Kavita Kulkarni,802,19.76,1,1,UDYAM-PB-03-9114474,ACTIVE,1,42.58,6.4,121866,94.6,100.0
ENT_IN_22596,Ananya Khan,569,13.63,1,1,NOT_REGISTERED,NOT_APPLICABLE,0,39.87,10.5,152955,95.4,62.1
ENT_IN_22597,Lakshmi Kaur,601,24.95,1,1,UDYAM-UP-03-8939363,UNREGISTERED,1,23.27,7.6,106999,39.9,62.0
ENT_IN_22598,Pooja Chaudhary,842,17.61,1,1,UDYAM-PB-03-6519178,NOT_APPLICABLE,1,0.93,8.0,448425,72.6,95.3
ENT_IN_22599,Rekha Mishra,778,15.88,1,1,UDYAM-PB-03-2338326,ACTIVE,1,6.27,3.3,157831,76.9,99.8
ENT_IN_22600,Rahul Sheikh,717,16.35,1,1,UDYAM-GJ-03-6371379,ACTIVE,1,7.38,3.1,331480,55.6,91.3
ENT_IN_22601,Prakash Sheikh,0,19.91,1,1,NOT_REGISTERED,NOT_APPLICABLE,1,27.97,8.3,171352,47.9,50.2
ENT_IN_22602,Priya Nair,623,24.12,1,1,UDYAM-TN-03-7601639,NOT_APPLICABLE,1,37.75,5.4,385711,98.3,83.9
ENT_IN_22603,Vikram Khan,721,23.06,1,1,NOT_REGISTERED,NOT_APPLICABLE,1,11.64,5.9,293576,66.9,79.5
ENT_IN_22604,Savita Nair,624,7.5,0,1,UDYAM-MH-03-2038783,ACTIVE,1,25.58,8.6,438648,51.8,70.1
ENT_IN_22605,Sunil Khan,576,1.93,1,0,NOT_REGISTERED,ACTIVE,1,42.26,7.7,422903,68.3,64.7
ENT_IN_22606,Arjun Khan,722,4.91,1,1,NOT_REGISTERED,NOT_APPLICABLE,1,35.13,5.1,219736,60.0,71.8
ENT_IN_22607,Savita Patil,763,8.52,1,0,NOT_REGISTERED,ACTIVE,1,41.12,5.7,407869,36.2,78.3
ENT_IN_22608,Manoj Sharma,691,20.49,1,0,NOT_REGISTERED,UNREGISTERED,1,17.04,11.7,441654,50.4,65.5
ENT_IN_22609,Preeti Patil,0,11.99,1,0,NOT_REGISTERED,ACTIVE,1,31.95,5.8,233217,50.7,53.2
ENT_IN_22610,Pradeep Khan,583,1.02,1,1,UDYAM-TN-03-2108942,NOT_APPLICABLE,1,25.73,7.8,30342,40.4,59.6
ENT_IN_22611,Sunil Khan,757,24.78,1,1,NOT_REGISTERED,ACTIVE,1,31.49,3.3,417458,93.1,100.0
ENT_IN_22612,Suresh Patil,590,1.58,1,1,NOT_REGISTERED,NOT_APPLICABLE,1,34.45,7.9,259584,67.2,66.1
ENT_IN_22613,Sunil Joshi,623,21.59,1,1,NOT_REGISTERED,ACTIVE,1,34.27,2.4,200498,52.6,70.6
ENT_IN_22614,Suresh Reddy,781,14.18,1,1,UDYAM-PB-03-8762179,NOT_APPLICABLE,0,44.89,0.5,353383,56.7,82.4
ENT_IN_22615,Kiran Kaur,696,8.78,1,1,UDYAM-MH-03-2773172,NOT_APPLICABLE,1,41.56,6.5,143900,56.9,78.4
ENT_IN_22616,Lakshmi Kulkarni,768,8.45,1,1,UDYAM-MH-03-6032929,NOT_APPLICABLE,1,4.3,3.8,363746,76.0,94.2
ENT_IN_22617,Sanjay Deshmukh,784,15.24,1,1,UDYAM-MH-03-8089225,UNREGISTERED,1,8.39,4.6,116757,54.9,89.0
ENT_IN_22618,Amit Patil,0,6.87,1,1,NOT_REGISTERED,ACTIVE,1,37.47,10.6,54130,47.1,52.4
ENT_IN_22619,Pooja Joshi,823,22.54,1,1,UDYAM-UP-03-7912834,ACTIVE,1,41.89,0.6,431933,88.7,100.0
ENT_IN_22620,Rekha Kulkarni,558,3.33,1,1,UDYAM-UP-03-9919869,ACTIVE,1,44.17,11.1,128447,62.6,77.2
ENT_IN_22621,Deepak Khan,655,0.87,0,1,UDYAM-PB-03-2067736,NOT_APPLICABLE,0,28.59,0.4,330532,60.1,65.6
ENT_IN_22622,Geeta Verma,672,7.6,1,1,NOT_REGISTERED,ACTIVE,1,34.55,0.3,97894,57.0,73.7
ENT_IN_22623,Rekha Patil,701,7.65,0,1,UDYAM-GJ-03-9115065,UNREGISTERED,1,39.88,8.2,52966,96.6,73.7
ENT_IN_22624,Harpreet Gowda,772,24.48,1,0,UDYAM-GJ-03-2781873,ACTIVE,1,27.51,2.0,225587,35.7,88.0
ENT_IN_22625,Rahul Banerjee,581,18.33,1,1,NOT_REGISTERED,NOT_APPLICABLE,1,43.94,5.5,286438,83.9,69.7
ENT_IN_22626,Anil Nair,772,10.77,1,0,UDYAM-PB-03-1472872,ACTIVE,1,2.84,7.3,382524,77.6,100.0
ENT_IN_22627,Suresh Gowda,701,23.19,0,1,UDYAM-KA-03-4358739,NOT_APPLICABLE,1,43.34,5.3,32977,66.8,69.4
ENT_IN_22628,Vijay Mehta,832,6.56,1,1,UDYAM-KA-03-1390326,UNREGISTERED,1,13.54,6.7,249210,70.5,93.1
ENT_IN_22629,Savita Kumar,550,14.46,1,1,UDYAM-UP-03-1458110,UNREGISTERED,1,41.17,5.0,135639,75.1,72.5
ENT_IN_22630,Prakash Chaudhary,767,8.23,1,1,UDYAM-PB-03-3303101,ACTIVE,1,2.03,3.6,437793,45.3,98.5
ENT_IN_22631,Pradeep Nair,787,12.97,1,1,UDYAM-MH-03-8552733,NOT_APPLICABLE,1,7.93,4.1,288615,43.6,86.5
ENT_IN_22632,Ramesh Verma,0,19.15,1,1,NOT_REGISTERED,NOT_APPLICABLE,0,20.77,8.4,341239,89.3,50.4
ENT_IN_22633,Sangeeta Gowda,702,0.39,1,1,NOT_REGISTERED,UNREGISTERED,0,24.96,3.8,388157,87.7,72.0
ENT_IN_22634,Rajesh Sheikh,591,13.07,1,1,NOT_REGISTERED,NOT_APPLICABLE,0,21.02,10.7,305826,87.9,60.7
ENT_IN_22635,Deepika Kulkarni,564,6.71,1,0,UDYAM-TN-03-3121344,UNREGISTERED,0,23.36,0.6,102177,96.8,61.1
ENT_IN_22636,Rohan Reddy,808,0.44,1,1,UDYAM-KA-03-4472331,ACTIVE,1,34.75,2.9,332770,82.3,100.0
ENT_IN_22637,Pradeep Yadav,617,20.12,1,0,UDYAM-PB-03-7034616,UNREGISTERED,0,0.46,5.8,361784,59.6,54.4
ENT_IN_22638,Lakshmi Patil,585,10.13,1,1,UDYAM-PB-03-7958628,ACTIVE,1,37.89,7.4,221573,64.7,77.1
ENT_IN_22639,Dinesh Singh,0,23.99,1,1,UDYAM-UP-03-2882449,NOT_APPLICABLE,1,0.9,2.0,370546,56.4,60.5
ENT_IN_22640,Mohammed Patel,565,2.42,1,1,UDYAM-GJ-03-9860956,UNREGISTERED,1,39.3,3.0,441066,75.0,78.3
ENT_IN_22641,Meena Kulkarni,0,4.64,1,0,UDYAM-GJ-03-8563092,UNREGISTERED,0,27.05,8.1,76646,42.2,34.2
ENT_IN_22642,Vikram Deshmukh,693,24.83,1,1,UDYAM-PB-03-3639128,UNREGISTERED,0,0.84,9.2,82645,43.7,60.4
ENT_IN_22643,Radha Chaudhary,637,22.66,1,1,NOT_REGISTERED,NOT_APPLICABLE,0,33.11,8.4,28079,74.9,47.9
ENT_IN_22644,Mahesh Mishra,797,18.74,1,1,UDYAM-KA-03-8353956,UNREGISTERED,1,26.4,2.5,107143,85.0,95.6
ENT_IN_22645,Manoj Rao,590,2.98,1,1,UDYAM-MH-03-8485099,ACTIVE,1,2.53,3.3,285045,51.8,76.7
ENT_IN_22646,Kavita Kulkarni,659,23.68,1,1,UDYAM-GJ-03-7889404,NOT_APPLICABLE,1,23.31,3.3,22587,80.9,80.7
ENT_IN_22647,Savita Reddy,572,1.5,1,1,NOT_REGISTERED,ACTIVE,1,37.13,4.7,89222,43.9,64.0
ENT_IN_22648,Mamta Sheikh,793,15.69,0,1,NOT_REGISTERED,UNREGISTERED,1,23.23,7.6,383096,76.1,78.8
ENT_IN_22649,Rahul Khan,0,6.04,1,0,NOT_REGISTERED,NOT_APPLICABLE,0,22.33,4.7,210852,60.0,36.7
ENT_IN_22650,Ganesh Yadav,720,13.46,1,1,UDYAM-GJ-03-6796977,NOT_APPLICABLE,0,26.75,9.7,70682,71.3,66.7
ENT_IN_22651,Rajesh Deshmukh,648,15.59,1,1,UDYAM-GJ-03-7952671,NOT_APPLICABLE,1,12.21,11.4,61798,98.4,73.4
ENT_IN_22652,Savita Gupta,819,7.2,0,1,UDYAM-GJ-03-1173867,NOT_APPLICABLE,0,22.07,0.5,235996,83.4,81.6
ENT_IN_22653,Fatima Sharma,724,1.95,1,1,UDYAM-GJ-03-2247734,NOT_APPLICABLE,1,20.7,11.4,69366,53.7,74.6
ENT_IN_22654,Rohan Gowda,742,24.63,0,1,NOT_REGISTERED,ACTIVE,1,11.27,10.9,292572,53.5,72.6
ENT_IN_22655,Sanjay Gowda,783,24.61,1,1,UDYAM-KA-03-7339527,ACTIVE,1,13.13,5.0,225076,56.1,95.5
ENT_IN_22656,Rahul Chatterjee,645,20.31,1,1,UDYAM-UP-03-8485863,UNREGISTERED,1,23.47,8.3,370030,70.5,77.5
ENT_IN_22657,Sujata Yadav,777,8.33,1,1,UDYAM-KA-03-2704973,NOT_APPLICABLE,1,22.22,1.2,132312,85.8,95.7
ENT_IN_22658,Deepak Kulkarni,741,23.39,1,1,NOT_REGISTERED,ACTIVE,1,23.1,2.8,183095,56.1,78.8
ENT_IN_22659,Shweta Gupta,740,5.19,1,1,NOT_REGISTERED,ACTIVE,0,11.64,3.4,256153,61.5,70.5
ENT_IN_22660,Rajesh Sharma,592,7.86,0,1,UDYAM-GJ-03-1641544,ACTIVE,1,42.92,1.4,342763,48.8,70.6
ENT_IN_22661,Rahul Banerjee,0,5.46,1,1,UDYAM-PB-03-5344567,NOT_APPLICABLE,0,41.65,11.6,351550,81.7,61.0
ENT_IN_22662,Vijay Reddy,793,2.65,1,1,UDYAM-PB-03-1530501,NOT_APPLICABLE,0,41.23,5.1,320974,49.9,79.7
ENT_IN_22663,Pradeep Banerjee,0,18.7,1,1,UDYAM-TN-03-5254417,ACTIVE,1,33.57,10.0,217604,47.5,66.7
ENT_IN_22664,Radha Gowda,614,17.37,1,0,NOT_REGISTERED,ACTIVE,1,14.7,4.3,230436,46.8,58.0
ENT_IN_22665,Rahul Verma,810,2.67,1,1,NOT_REGISTERED,NOT_APPLICABLE,1,11.16,9.7,65069,43.7,71.2
ENT_IN_22666,Anita Kaur,647,6.84,0,1,UDYAM-PB-03-7935480,ACTIVE,1,42.65,1.3,61837,70.2,66.0
ENT_IN_22667,Suresh Nair,728,1.21,1,1,UDYAM-KA-03-5659174,NOT_APPLICABLE,1,31.26,0.4,362820,47.7,82.8
ENT_IN_22668,Vikram Khan,747,1.7,1,1,UDYAM-MH-03-3632220,NOT_APPLICABLE,0,15.34,9.2,341600,72.0,77.9
ENT_IN_22669,Rohan Verma,585,13.64,1,1,UDYAM-TN-03-5416959,NOT_APPLICABLE,1,30.32,8.2,247118,94.0,81.3
ENT_IN_22670,Preeti Mishra,0,19.8,0,1,NOT_REGISTERED,ACTIVE,1,29.17,11.6,399464,96.0,62.9
ENT_IN_22671,Seema Chaudhary,712,12.05,1,1,NOT_REGISTERED,NOT_APPLICABLE,1,8.35,7.3,352025,88.4,80.7
ENT_IN_22672,Rekha Mehta,582,18.59,1,1,UDYAM-PB-03-1966598,UNREGISTERED,0,39.68,7.2,432158,47.9,58.7
ENT_IN_22673,Dinesh Mishra,0,15.56,0,1,UDYAM-MH-03-3176458,NOT_APPLICABLE,1,18.66,10.3,339752,79.0,58.2
ENT_IN_22674,Geeta Joshi,731,7.91,1,0,UDYAM-PB-03-7436013,NOT_APPLICABLE,0,13.69,9.4,113217,52.2,56.1
ENT_IN_22675,Anil Mehta,655,15.94,1,1,NOT_REGISTERED,UNREGISTERED,0,0.68,8.2,290110,86.0,70.8
ENT_IN_22676,Mamta Sharma,0,21.91,1,0,UDYAM-UP-03-7854088,ACTIVE,1,9.28,6.6,119774,87.7,64.2
ENT_IN_22677,Priya Reddy,0,21.67,1,1,UDYAM-PB-03-9802755,NOT_APPLICABLE,1,21.96,8.2,50871,39.9,52.6
ENT_IN_22678,Radha Kaur,708,3.07,1,1,UDYAM-GJ-03-5176686,ACTIVE,1,34.0,4.0,74100,46.2,79.6
ENT_IN_22679,Ashok Kulkarni,636,14.84,1,0,UDYAM-KA-03-4256141,UNREGISTERED,1,44.92,7.6,81730,92.7,65.7
ENT_IN_22680,Vikram Reddy,551,23.24,1,1,NOT_REGISTERED,NOT_APPLICABLE,0,37.29,7.8,331339,49.5,50.3
ENT_IN_22681,Sangeeta Patil,793,2.35,1,1,NOT_REGISTERED,NOT_APPLICABLE,1,9.87,3.3,307033,35.0,78.0
ENT_IN_22682,Neha Gowda,692,1.41,1,1,UDYAM-GJ-03-8075775,NOT_APPLICABLE,0,26.56,7.2,136866,97.8,78.8
ENT_IN_22683,Ramesh Das,0,8.17,0,1,UDYAM-KA-03-9180521,ACTIVE,0,29.62,9.1,264547,72.4,53.2
ENT_IN_22684,Neha Mishra,814,10.38,1,0,NOT_REGISTERED,NOT_APPLICABLE,1,16.29,8.5,193991,88.5,80.9
ENT_IN_22685,Anil Das,0,8.9,1,1,UDYAM-TN-03-4538886,ACTIVE,1,23.0,2.1,269532,81.2,76.1
ENT_IN_22686,Manoj Kulkarni,0,11.13,1,1,NOT_REGISTERED,UNREGISTERED,0,23.44,4.9,282444,68.8,47.1
ENT_IN_22687,Sangeeta Reddy,550,1.93,1,1,UDYAM-PB-03-5495133,ACTIVE,1,42.8,10.2,248902,48.6,75.7
ENT_IN_22688,Bhavna Reddy,576,4.92,1,1,UDYAM-GJ-03-6784982,ACTIVE,1,33.71,8.3,182586,64.5,78.5
ENT_IN_22689,Lakshmi Joshi,553,21.74,1,1,UDYAM-MH-03-9341737,NOT_APPLICABLE,0,19.71,11.9,57682,96.5,65.4
ENT_IN_22690,Manoj Nair,611,3.96,1,1,NOT_REGISTERED,ACTIVE,1,12.58,7.5,288669,46.8,69.8
ENT_IN_22691,Karan Gowda,669,2.86,1,1,UDYAM-UP-03-9137423,NOT_APPLICABLE,1,12.58,1.4,127176,37.2,72.0
ENT_IN_22692,Radha Das,0,10.9,1,1,UDYAM-GJ-03-4412902,NOT_APPLICABLE,1,31.66,3.9,208001,39.6,59.0
ENT_IN_22693,Kiran Singh,793,20.06,1,1,UDYAM-UP-03-2255469,ACTIVE,1,16.38,2.1,226543,49.0,98.8
ENT_IN_22694,Sunita Khan,0,10.95,1,1,NOT_REGISTERED,NOT_APPLICABLE,1,5.47,8.8,332542,43.8,48.8
ENT_IN_22695,Bhavna Rao,665,2.5,1,1,UDYAM-KA-03-2065667,ACTIVE,1,44.05,10.4,426961,41.4,82.8
ENT_IN_22696,Preeti Mishra,574,19.99,1,1,UDYAM-GJ-03-8390943,NOT_APPLICABLE,1,17.8,8.2,403222,89.2,78.8
ENT_IN_22697,Mohammed Patil,701,9.49,1,1,NOT_REGISTERED,ACTIVE,0,7.67,5.3,48161,96.9,71.6
ENT_IN_22698,Gurpreet Mishra,768,1.64,1,1,UDYAM-UP-03-1258949,ACTIVE,1,33.55,5.6,259092,45.2,97.7
ENT_IN_22699,Deepika Patil,688,18.98,1,1,UDYAM-MH-03-2004044,NOT_APPLICABLE,1,20.28,11.4,282613,68.4,83.5
ENT_IN_22700,Deepika Yadav,571,23.45,1,1,UDYAM-UP-03-5132626,UNREGISTERED,1,22.06,0.2,95950,74.8,68.9
ENT_IN_22701,Kiran Patel,717,9.14,1,1,UDYAM-PB-03-9145651,NOT_APPLICABLE,1,17.44,0.7,27807,36.5,66.6
ENT_IN_22702,Kiran Gowda,755,6.56,1,1,UDYAM-UP-03-5373658,ACTIVE,1,44.83,11.3,345197,41.7,98.0
ENT_IN_22703,Ananya Singh,0,24.16,0,0,NOT_REGISTERED,NOT_APPLICABLE,0,39.17,8.3,277327,55.6,30.6
ENT_IN_22704,Karan Verma,583,19.61,1,0,UDYAM-MH-03-9304954,ACTIVE,1,5.54,3.2,151612,40.0,61.7
ENT_IN_22705,Rajesh Deshmukh,589,8.85,1,1,NOT_REGISTERED,NOT_APPLICABLE,1,8.83,8.5,90302,91.0,66.8
ENT_IN_22706,Ayesha Shah,708,0.84,1,1,UDYAM-MH-03-1299249,ACTIVE,1,22.17,8.9,313421,85.9,97.8
ENT_IN_22707,Ashok Patel,812,24.28,1,1,UDYAM-KA-03-9700365,NOT_APPLICABLE,1,1.0,7.0,216321,96.8,100.0
ENT_IN_22708,Sunita Mehta,803,11.02,1,1,NOT_REGISTERED,ACTIVE,1,17.81,4.0,313541,87.3,100.0
ENT_IN_22709,Sujata Gowda,714,16.95,0,1,UDYAM-TN-03-2871895,NOT_APPLICABLE,1,37.86,2.6,406046,42.0,72.3
ENT_IN_22710,Sanjay Kumar,588,7.15,1,1,UDYAM-MH-03-7134027,ACTIVE,0,41.7,1.2,335453,36.5,61.7
ENT_IN_22711,Amit Rao,663,14.22,1,1,UDYAM-MH-03-2786662,ACTIVE,1,20.37,5.5,57945,58.3,81.3
ENT_IN_22712,Dinesh Banerjee,563,2.95,1,1,UDYAM-TN-03-2286581,ACTIVE,1,13.06,8.4,41240,96.3,80.9
ENT_IN_22713,Tariq Mishra,757,15.11,1,1,NOT_REGISTERED,NOT_APPLICABLE,0,30.91,2.1,148523,56.5,71.9
ENT_IN_22714,Arjun Chatterjee,745,14.73,1,0,UDYAM-PB-03-8238904,UNREGISTERED,0,43.58,2.6,420066,53.1,61.6
ENT_IN_22715,Neha Reddy,628,14.97,1,1,UDYAM-TN-03-8576733,NOT_APPLICABLE,1,21.79,6.3,51111,39.9,58.3
ENT_IN_22716,Ashok Chatterjee,618,3.47,0,1,NOT_REGISTERED,NOT_APPLICABLE,0,42.0,2.9,235350,67.7,48.1
ENT_IN_22717,Vikram Sheikh,0,7.78,1,1,UDYAM-PB-03-8471900,UNREGISTERED,1,24.45,8.0,150064,62.7,61.5
ENT_IN_22718,Vikram Shah,0,16.14,1,1,NOT_REGISTERED,NOT_APPLICABLE,1,20.16,8.0,384756,35.3,46.5
ENT_IN_22719,Mamta Kumar,814,18.59,1,0,UDYAM-GJ-03-7556718,ACTIVE,0,20.02,5.9,306068,37.9,78.8
ENT_IN_22720,Deepak Joshi,0,2.84,1,1,UDYAM-TN-03-8699281,ACTIVE,1,5.98,4.7,393171,37.4,62.7
ENT_IN_22721,Preeti Gupta,586,20.57,1,1,UDYAM-GJ-03-6744049,UNREGISTERED,1,34.59,0.2,254422,84.1,81.0
ENT_IN_22722,Fatima Shah,555,8.07,1,0,UDYAM-GJ-03-3660194,ACTIVE,1,36.36,6.6,27514,53.6,61.8
ENT_IN_22723,Fatima Kulkarni,753,9.32,1,1,NOT_REGISTERED,ACTIVE,1,31.97,5.6,159103,62.2,91.3
ENT_IN_22724,Vijay Banerjee,680,9.38,1,1,UDYAM-GJ-03-9628765,ACTIVE,1,29.8,1.7,110242,49.4,79.5
ENT_IN_22725,Amit Joshi,773,4.57,1,1,UDYAM-TN-03-6540370,NOT_APPLICABLE,1,11.78,9.7,361904,73.2,95.0
ENT_IN_22726,Karan Chaudhary,0,4.11,1,1,UDYAM-GJ-03-7979158,ACTIVE,0,9.39,0.5,336867,99.6,70.4
ENT_IN_22727,Savita Verma,797,21.3,1,1,UDYAM-TN-03-8507192,NOT_APPLICABLE,1,14.94,7.3,73567,69.7,86.0
ENT_IN_22728,Amit Kaur,734,13.42,1,1,NOT_REGISTERED,NOT_APPLICABLE,1,15.37,10.0,219868,89.1,82.1
ENT_IN_22729,Harpreet Mishra,615,4.39,1,1,UDYAM-PB-03-6757232,ACTIVE,1,41.6,5.2,394098,44.2,78.2
ENT_IN_22730,Rekha Sharma,669,3.97,1,1,UDYAM-PB-03-4099322,UNREGISTERED,1,17.97,6.8,345136,66.8,82.6
ENT_IN_22731,Amit Kaur,0,11.74,1,1,UDYAM-TN-03-7741275,UNREGISTERED,1,3.83,10.3,365125,41.9,57.3
ENT_IN_22732,Sujata Mehta,650,22.37,1,1,UDYAM-PB-03-4740852,ACTIVE,1,36.77,6.6,124437,99.7,96.2
ENT_IN_22733,Mahesh Sheikh,690,16.9,1,1,NOT_REGISTERED,ACTIVE,1,34.03,2.6,96550,66.8,78.1
ENT_IN_22734,Prakash Kaur,806,10.66,1,1,UDYAM-GJ-03-8339218,NOT_APPLICABLE,1,33.7,0.6,344613,66.2,97.5
ENT_IN_22735,Kiran Gupta,612,21.06,1,1,NOT_REGISTERED,NOT_APPLICABLE,1,40.92,10.8,118853,69.1,60.1
ENT_IN_22736,Kiran Deshmukh,746,19.39,1,1,UDYAM-UP-03-4290799,NOT_APPLICABLE,0,18.04,4.2,360011,63.9,76.4
ENT_IN_22737,Rekha Rao,718,3.51,1,1,UDYAM-UP-03-7273095,NOT_APPLICABLE,1,39.94,9.3,132105,93.3,87.8
ENT_IN_22738,Mamta Chaudhary,608,15.82,1,1,UDYAM-UP-03-2453427,UNREGISTERED,1,3.05,1.3,423104,39.4,69.8
ENT_IN_22739,Suresh Gowda,0,9.25,0,1,UDYAM-MH-03-9918321,UNREGISTERED,1,24.97,6.5,366901,94.4,62.7
ENT_IN_22740,Lakshmi Banerjee,770,10.5,1,1,NOT_REGISTERED,NOT_APPLICABLE,1,20.38,5.5,87437,98.0,90.2
ENT_IN_22741,Ramesh Patel,848,20.08,1,1,UDYAM-GJ-03-2420802,NOT_APPLICABLE,1,8.5,4.4,433556,72.7,97.4
ENT_IN_22742,Gurpreet Sharma,793,9.64,1,1,NOT_REGISTERED,ACTIVE,1,40.19,10.0,142778,50.6,87.7
ENT_IN_22743,Preeti Sharma,680,7.33,1,1,NOT_REGISTERED,NOT_APPLICABLE,1,42.75,0.9,51068,93.8,72.8
ENT_IN_22744,Sanjay Joshi,0,7.59,1,1,NOT_REGISTERED,UNREGISTERED,1,15.06,0.1,85447,98.9,59.7
ENT_IN_22745,Rohan Nair,599,4.62,1,1,UDYAM-GJ-03-8339613,UNREGISTERED,1,18.64,4.3,222009,95.3,83.0
ENT_IN_22746,Rekha Verma,679,18.47,1,1,UDYAM-UP-03-9492446,ACTIVE,1,37.66,10.0,130603,42.8,80.4
ENT_IN_22747,Shweta Shah,770,3.77,1,1,UDYAM-UP-03-2134986,UNREGISTERED,1,37.65,5.5,93678,84.2,95.5
ENT_IN_22748,Anil Verma,557,5.48,1,1,UDYAM-MH-03-4750733,NOT_APPLICABLE,1,38.2,7.2,269523,35.8,68.2
ENT_IN_22749,Meena Verma,703,5.72,1,1,UDYAM-PB-03-6774559,UNREGISTERED,1,34.38,11.8,204666,61.3,81.2
ENT_IN_22750,Vijay Das,658,3.06,1,1,UDYAM-MH-03-9460750,ACTIVE,1,43.18,11.7,449150,98.3,98.6
ENT_IN_22751,Preeti Gowda,820,23.45,1,1,UDYAM-PB-03-8992783,UNREGISTERED,0,12.91,4.9,295665,59.7,82.8
ENT_IN_22752,Rekha Gupta,756,8.15,1,1,UDYAM-MH-03-6141559,ACTIVE,0,4.29,1.7,107020,58.2,82.0
ENT_IN_22753,Rekha Singh,0,1.36,1,1,NOT_REGISTERED,NOT_APPLICABLE,1,13.31,7.3,327747,92.9,64.8
ENT_IN_22754,Preeti Patil,635,24.15,1,1,UDYAM-UP-03-2245527,ACTIVE,1,24.2,4.8,152462,62.5,74.7
ENT_IN_22755,Kavita Yadav,814,5.43,1,1,UDYAM-UP-03-9280569,NOT_APPLICABLE,1,8.21,7.3,306051,36.9,87.6
ENT_IN_22756,Radha Nair,830,19.99,1,1,UDYAM-PB-03-4081779,NOT_APPLICABLE,0,37.07,10.9,273062,92.0,93.6
ENT_IN_22757,Meena Patel,572,12.74,1,0,UDYAM-TN-03-2498240,ACTIVE,0,34.01,11.2,71172,73.9,56.8
ENT_IN_22758,Ramesh Chaudhary,0,11.84,1,0,NOT_REGISTERED,ACTIVE,1,1.21,10.7,393759,50.1,53.2
ENT_IN_22759,Deepika Mishra,765,2.49,1,1,UDYAM-KA-03-2824782,UNREGISTERED,0,36.67,7.4,133512,75.2,84.8
ENT_IN_22760,Karan Joshi,784,10.91,1,1,UDYAM-UP-03-2568648,NOT_APPLICABLE,1,24.77,9.7,81283,78.5,88.6
ENT_IN_22761,Meena Nair,801,18.23,1,1,NOT_REGISTERED,ACTIVE,1,0.3,8.0,22411,98.0,94.2
ENT_IN_22762,Sangeeta Singh,649,12.05,1,1,UDYAM-TN-03-2859671,NOT_APPLICABLE,1,41.9,7.1,239010,87.5,82.3
ENT_IN_22763,Ayesha Singh,0,19.18,1,1,UDYAM-KA-03-9093707,NOT_APPLICABLE,1,44.78,0.6,81721,35.1,49.6
ENT_IN_22764,Mamta Kumar,804,7.14,1,1,NOT_REGISTERED,NOT_APPLICABLE,1,38.15,0.5,408487,88.3,94.6
ENT_IN_22765,Ashok Deshmukh,0,6.14,0,1,UDYAM-GJ-03-3642103,NOT_APPLICABLE,1,40.52,6.3,199432,94.8,61.0
ENT_IN_22766,Sangeeta Patil,0,21.53,1,1,UDYAM-MH-03-4935395,NOT_APPLICABLE,1,38.41,10.6,222118,93.0,69.2
ENT_IN_22767,Prakash Joshi,605,18.51,1,1,UDYAM-PB-03-7744972,ACTIVE,1,42.56,6.6,322374,97.2,91.4
ENT_IN_22768,Priya Sharma,808,14.17,1,1,UDYAM-UP-03-3599524,ACTIVE,1,16.84,5.2,122332,69.9,94.5
ENT_IN_22769,Sunil Gupta,694,3.54,1,1,NOT_REGISTERED,NOT_APPLICABLE,1,43.77,4.5,358893,84.8,82.8
ENT_IN_22770,Mahesh Khan,692,2.49,1,1,UDYAM-TN-03-9324214,ACTIVE,1,19.66,11.6,102324,50.8,82.7
ENT_IN_22771,Suresh Banerjee,824,20.46,1,1,UDYAM-UP-03-7692175,NOT_APPLICABLE,0,14.51,3.2,88219,91.7,85.7
ENT_IN_22772,Rekha Patil,801,15.61,1,1,UDYAM-KA-03-6391841,UNREGISTERED,0,16.67,11.5,56741,35.6,71.4
ENT_IN_22773,Ashok Shah,762,22.2,1,1,UDYAM-PB-03-7773685,NOT_APPLICABLE,1,29.81,0.4,82861,58.4,87.1
ENT_IN_22774,Gurpreet Yadav,671,11.57,1,1,UDYAM-KA-03-6004808,ACTIVE,1,40.3,1.1,412961,63.0,92.6
ENT_IN_22775,Preeti Kumar,729,23.17,0,1,UDYAM-UP-03-2933149,ACTIVE,1,11.4,1.3,429937,63.0,84.8
ENT_IN_22776,Kiran Nair,551,20.28,1,1,UDYAM-KA-03-6937187,NOT_APPLICABLE,0,21.98,1.2,279821,76.5,67.7
ENT_IN_22777,Shweta Kumar,779,16.5,1,1,UDYAM-UP-03-3765459,ACTIVE,0,38.27,5.5,185927,68.9,92.4
ENT_IN_22778,Deepika Patel,0,11.73,1,1,UDYAM-TN-03-6695197,NOT_APPLICABLE,1,7.32,11.5,266177,87.2,71.6
ENT_IN_22779,Mamta Shah,572,12.82,1,1,UDYAM-MH-03-3970878,UNREGISTERED,1,38.97,11.0,53800,44.3,63.1
ENT_IN_22780,Mahesh Nair,551,24.63,0,1,UDYAM-GJ-03-3158673,ACTIVE,1,41.86,4.8,74631,79.0,70.8
ENT_IN_22781,Amit Mehta,611,9.02,1,1,UDYAM-KA-03-2095848,UNREGISTERED,1,23.5,3.0,70953,77.0,68.3
ENT_IN_22782,Deepika Singh,622,21.48,1,1,NOT_REGISTERED,ACTIVE,1,18.8,1.9,71677,54.3,63.9
ENT_IN_22783,Rahul Kaur,773,8.11,1,0,UDYAM-GJ-03-6360344,NOT_APPLICABLE,1,26.72,2.4,139404,51.4,77.5
ENT_IN_22784,Neha Kulkarni,763,13.67,1,0,UDYAM-KA-03-7429314,ACTIVE,1,21.77,9.1,139424,52.3,84.8
ENT_IN_22785,Dinesh Yadav,571,16.53,1,1,UDYAM-PB-03-7918995,ACTIVE,0,17.49,11.1,274897,73.2,74.4
ENT_IN_22786,Suresh Gupta,777,6.14,1,1,UDYAM-TN-03-2928883,ACTIVE,1,7.46,9.6,357126,72.1,100.0
ENT_IN_22787,Suresh Yadav,769,2.45,1,0,UDYAM-KA-03-8339635,ACTIVE,0,40.47,0.7,322941,57.5,81.8
ENT_IN_22788,Ayesha Patel,809,0.77,1,0,NOT_REGISTERED,ACTIVE,1,39.22,0.5,445851,44.5,79.6
ENT_IN_22789,Tariq Patel,846,3.68,1,1,NOT_REGISTERED,UNREGISTERED,0,15.9,4.9,283204,56.8,73.8
ENT_IN_22790,Rohan Rao,812,20.59,1,1,UDYAM-PB-03-3397004,ACTIVE,1,41.6,2.0,145816,50.5,95.5
ENT_IN_22791,Gurpreet Reddy,561,22.6,1,1,UDYAM-UP-03-5653088,NOT_APPLICABLE,1,37.03,5.1,150578,49.4,67.0
ENT_IN_22792,Sujata Shah,550,21.94,1,1,UDYAM-TN-03-5883653,ACTIVE,1,11.71,4.9,382440,71.8,80.1
ENT_IN_22793,Ayesha Kulkarni,616,0.48,1,1,UDYAM-GJ-03-6477910,NOT_APPLICABLE,1,16.66,5.1,90549,85.8,74.4
ENT_IN_22794,Anita Kulkarni,678,9.65,1,1,UDYAM-UP-03-4055257,ACTIVE,1,19.75,1.1,436087,80.8,96.3
ENT_IN_22795,Deepika Verma,749,12.68,1,1,UDYAM-PB-03-8092380,NOT_APPLICABLE,0,30.14,7.0,197595,89.8,78.5
ENT_IN_22796,Meena Das,820,13.44,1,1,NOT_REGISTERED,NOT_APPLICABLE,1,43.42,9.5,431904,94.3,91.6
ENT_IN_22797,Ayesha Rao,727,9.16,1,1,UDYAM-UP-03-5726155,ACTIVE,0,41.78,3.1,304648,37.4,76.1
ENT_IN_22798,Mohammed Patil,722,16.33,1,1,UDYAM-GJ-03-1687747,NOT_APPLICABLE,1,30.23,1.4,176066,47.6,74.1
ENT_IN_22799,Rahul Gupta,0,12.63,1,1,UDYAM-GJ-03-5370868,ACTIVE,1,31.95,9.8,378429,36.1,64.2
ENT_IN_22800,Geeta Banerjee,818,19.77,1,1,NOT_REGISTERED,UNREGISTERED,1,3.74,6.6,336800,62.2,88.3
ENT_IN_22801,Savita Singh,828,21.73,1,1,UDYAM-MH-03-6071568,ACTIVE,1,44.45,1.4,432250,52.5,100.0
ENT_IN_22802,Karan Banerjee,793,19.9,1,1,UDYAM-KA-03-6897266,NOT_APPLICABLE,1,4.61,2.3,298237,53.8,93.7
ENT_IN_22803,Neha Rao,677,7.29,1,1,UDYAM-UP-03-5200934,ACTIVE,0,18.59,2.8,48171,39.5,64.2
ENT_IN_22804,Lakshmi Kumar,0,4.72,1,1,UDYAM-TN-03-8064330,NOT_APPLICABLE,0,32.59,4.4,313696,63.6,52.8
ENT_IN_22805,Rekha Gowda,566,4.58,1,1,UDYAM-TN-03-2339286,NOT_APPLICABLE,1,34.31,3.8,413176,76.9,74.9
ENT_IN_22806,Sanjay Banerjee,577,1.47,1,1,NOT_REGISTERED,NOT_APPLICABLE,1,35.5,7.8,78052,50.3,55.8
ENT_IN_22807,Rekha Verma,718,22.11,1,1,UDYAM-UP-03-8478439,ACTIVE,1,22.26,6.5,200730,71.9,93.3
ENT_IN_22808,Pooja Gupta,607,9.92,0,0,UDYAM-GJ-03-5606501,NOT_APPLICABLE,1,16.74,4.8,217761,68.5,58.5
ENT_IN_22809,Mahesh Khan,831,15.64,0,1,UDYAM-KA-03-5976723,NOT_APPLICABLE,0,29.87,5.7,442092,79.1,77.9
ENT_IN_22810,Kavita Patel,713,11.5,1,1,UDYAM-MH-03-8996724,UNREGISTERED,1,8.91,2.1,330269,54.0,80.6
ENT_IN_22811,Deepak Chaudhary,693,19.4,1,1,NOT_REGISTERED,NOT_APPLICABLE,1,19.57,10.4,189956,36.5,69.5
ENT_IN_22812,Sangeeta Deshmukh,617,17.87,1,1,NOT_REGISTERED,ACTIVE,0,41.73,5.2,415084,60.9,61.4
ENT_IN_22813,Bhavna Joshi,624,9.05,1,0,UDYAM-MH-03-6654878,ACTIVE,1,17.86,0.9,290273,49.3,72.1
ENT_IN_22814,Seema Mehta,822,13.32,1,1,NOT_REGISTERED,NOT_APPLICABLE,1,22.45,4.5,60842,46.2,71.3
ENT_IN_22815,Sujata Patel,735,21.0,1,0,UDYAM-PB-03-8547847,NOT_APPLICABLE,0,4.58,5.2,207606,85.4,72.1
ENT_IN_22816,Vikram Banerjee,687,13.57,1,1,UDYAM-GJ-03-8780089,ACTIVE,0,9.27,6.3,384829,42.0,74.6
ENT_IN_22817,Sunita Yadav,705,6.79,1,1,UDYAM-PB-03-7245271,NOT_APPLICABLE,0,3.96,4.8,185996,42.8,65.3
ENT_IN_22818,Kavita Das,825,17.25,1,1,NOT_REGISTERED,UNREGISTERED,1,20.62,4.2,230777,61.2,82.2
ENT_IN_22819,Rohan Kumar,599,14.49,1,1,UDYAM-KA-03-8347857,UNREGISTERED,1,25.1,9.0,17782,49.4,59.6
ENT_IN_22820,Pradeep Patel,591,20.4,1,1,NOT_REGISTERED,ACTIVE,1,17.02,2.0,296112,71.0,73.6
ENT_IN_22821,Rekha Das,814,24.8,1,1,UDYAM-UP-03-7480842,ACTIVE,1,20.87,8.3,63724,91.2,100.0
ENT_IN_22822,Ramesh Kaur,622,0.97,0,1,UDYAM-KA-03-3618849,ACTIVE,1,38.17,5.4,241758,79.3,79.0
ENT_IN_22823,Mohammed Chatterjee,777,16.67,1,1,UDYAM-MH-03-3722675,UNREGISTERED,0,15.02,8.5,347962,93.7,89.9
ENT_IN_22824,Meena Banerjee,757,3.32,1,1,NOT_REGISTERED,ACTIVE,1,8.39,9.1,368454,64.5,95.0
ENT_IN_22825,Pooja Patil,622,17.57,1,1,UDYAM-PB-03-8587241,NOT_APPLICABLE,1,44.93,11.7,358146,63.8,73.1
ENT_IN_22826,Dinesh Mehta,680,9.12,1,1,UDYAM-GJ-03-8102642,ACTIVE,0,32.51,8.4,26718,58.6,73.3
ENT_IN_22827,Shweta Nair,600,17.3,1,1,UDYAM-TN-03-5736637,UNREGISTERED,1,32.4,1.5,37508,83.4,70.1
ENT_IN_22828,Deepak Das,746,9.07,1,1,UDYAM-MH-03-7804860,ACTIVE,1,4.08,4.6,70293,70.8,86.3
ENT_IN_22829,Neha Joshi,821,1.0,1,1,UDYAM-TN-03-1047861,UNREGISTERED,1,34.97,4.6,430049,60.2,91.3
ENT_IN_22830,Mohammed Nair,765,6.51,1,1,NOT_REGISTERED,ACTIVE,1,1.66,0.6,94373,91.1,90.9
ENT_IN_22831,Pradeep Kumar,805,18.75,1,1,NOT_REGISTERED,NOT_APPLICABLE,1,0.69,2.0,358011,59.8,83.3
ENT_IN_22832,Savita Gupta,811,7.86,1,1,UDYAM-GJ-03-5776923,UNREGISTERED,0,37.62,5.4,91821,41.0,69.7
ENT_IN_22833,Ganesh Chatterjee,674,13.37,1,1,UDYAM-TN-03-2572696,NOT_APPLICABLE,1,16.7,7.0,115910,38.2,73.0
ENT_IN_22834,Rekha Kulkarni,0,5.24,1,1,UDYAM-MH-03-7865281,ACTIVE,1,17.28,11.6,389956,70.1,71.1
ENT_IN_22835,Meena Shah,693,0.63,1,1,UDYAM-UP-03-7303974,ACTIVE,1,38.15,8.4,428213,64.5,89.0
ENT_IN_22836,Ganesh Kumar,778,16.47,1,1,UDYAM-GJ-03-3121725,NOT_APPLICABLE,1,18.28,4.0,140467,68.9,90.0
ENT_IN_22837,Vijay Sharma,757,2.27,1,1,UDYAM-GJ-03-8807365,ACTIVE,1,39.9,11.2,117416,92.3,100.0
ENT_IN_22838,Bhavna Khan,714,4.3,1,1,UDYAM-GJ-03-5284155,NOT_APPLICABLE,1,35.89,8.6,343296,85.1,91.3
ENT_IN_22839,Pradeep Chatterjee,588,8.21,1,1,UDYAM-TN-03-1339438,ACTIVE,0,15.59,11.0,233550,44.6,66.0
ENT_IN_22840,Gurpreet Verma,807,0.14,1,1,NOT_REGISTERED,NOT_APPLICABLE,0,8.32,5.3,293268,73.5,76.6
ENT_IN_22841,Sunil Kaur,0,3.18,1,1,UDYAM-KA-03-5950147,ACTIVE,1,14.72,5.6,300318,55.9,70.9
ENT_IN_22842,Anita Joshi,561,10.68,1,1,UDYAM-MH-03-6550635,NOT_APPLICABLE,1,41.16,8.6,430589,48.9,72.1
ENT_IN_22843,Rahul Kaur,578,12.43,1,1,UDYAM-UP-03-6486140,ACTIVE,1,4.99,11.0,212286,36.9,69.8
ENT_IN_22844,Gurpreet Gowda,660,1.09,1,1,UDYAM-GJ-03-5809202,NOT_APPLICABLE,1,6.92,4.6,67080,77.1,81.1
ENT_IN_22845,Kiran Mishra,657,9.27,1,1,NOT_REGISTERED,NOT_APPLICABLE,1,32.59,9.6,20814,64.3,65.7
ENT_IN_22846,Pooja Rao,631,3.92,1,1,NOT_REGISTERED,ACTIVE,1,12.23,7.9,123595,95.4,73.4
ENT_IN_22847,Gurpreet Mishra,649,12.52,1,1,UDYAM-UP-03-5127314,ACTIVE,1,8.59,10.4,331327,69.5,85.3
ENT_IN_22848,Gurpreet Sharma,691,20.99,1,1,UDYAM-UP-03-1894803,NOT_APPLICABLE,1,4.83,6.9,214451,41.2,78.3
ENT_IN_22849,Neha Gowda,605,13.51,1,1,NOT_REGISTERED,NOT_APPLICABLE,0,10.76,9.4,387198,77.2,58.5
ENT_IN_22850,Gurpreet Yadav,584,16.81,1,1,UDYAM-UP-03-4468246,UNREGISTERED,1,10.23,0.7,245676,78.8,77.5
ENT_IN_22851,Simran Singh,630,15.53,1,1,UDYAM-MH-03-8002685,UNREGISTERED,1,34.72,7.5,354784,62.8,73.5
ENT_IN_22852,Ganesh Das,757,12.35,1,1,UDYAM-PB-03-2033118,UNREGISTERED,1,14.7,2.5,98859,74.9,90.6
ENT_IN_22853,Ramesh Mehta,845,15.24,1,1,UDYAM-UP-03-1348400,NOT_APPLICABLE,1,25.3,2.9,381412,49.9,90.3
ENT_IN_22854,Kiran Sharma,832,24.27,1,1,UDYAM-PB-03-2696786,UNREGISTERED,1,13.22,4.8,37354,67.0,87.5
ENT_IN_22855,Priya Khan,708,17.61,1,0,NOT_REGISTERED,ACTIVE,1,20.95,4.3,290208,79.7,77.2
ENT_IN_22856,Mamta Patil,674,20.92,1,1,UDYAM-KA-03-1623427,NOT_APPLICABLE,0,32.47,6.0,151259,45.9,68.2
ENT_IN_22857,Rahul Das,0,16.17,1,1,UDYAM-MH-03-6542542,NOT_APPLICABLE,1,9.35,10.3,84804,96.2,63.2
ENT_IN_22858,Ganesh Nair,655,24.84,0,1,NOT_REGISTERED,NOT_APPLICABLE,1,28.94,2.2,412793,67.1,68.4
ENT_IN_22859,Fatima Yadav,0,22.72,1,1,UDYAM-UP-03-1666388,ACTIVE,1,32.11,1.7,293417,40.8,66.0
ENT_IN_22860,Kavita Gupta,795,19.54,1,1,UDYAM-TN-03-8052224,ACTIVE,1,23.04,2.7,44720,50.4,87.2
ENT_IN_22861,Arjun Yadav,623,1.53,1,1,NOT_REGISTERED,NOT_APPLICABLE,1,37.58,6.1,17360,41.4,51.6
ENT_IN_22862,Meena Kaur,757,11.06,1,1,UDYAM-MH-03-2009317,UNREGISTERED,1,32.84,5.3,256865,96.7,100.0
ENT_IN_22863,Ganesh Sharma,599,7.34,1,1,NOT_REGISTERED,NOT_APPLICABLE,1,17.8,4.1,177474,88.6,69.1
ENT_IN_22864,Anil Singh,720,24.25,1,0,UDYAM-TN-03-8023711,UNREGISTERED,1,36.02,8.0,18595,91.6,72.1
ENT_IN_22865,Geeta Gowda,558,0.56,1,1,NOT_REGISTERED,NOT_APPLICABLE,1,10.7,6.6,90359,85.0,64.4
ENT_IN_22866,Harpreet Joshi,660,20.97,1,1,NOT_REGISTERED,UNREGISTERED,1,13.93,9.6,58355,94.8,75.8
ENT_IN_22867,Amit Yadav,759,22.28,1,1,NOT_REGISTERED,NOT_APPLICABLE,1,28.6,5.3,240277,88.0,93.5
ENT_IN_22868,Radha Chatterjee,571,24.15,1,1,UDYAM-PB-03-7077785,NOT_APPLICABLE,1,9.03,1.0,274035,92.8,78.9
ENT_IN_22869,Deepak Mishra,0,14.59,1,1,UDYAM-PB-03-9832778,UNREGISTERED,1,36.86,7.0,411075,88.6,69.3
ENT_IN_22870,Deepika Kulkarni,594,18.9,1,0,UDYAM-KA-03-5345479,ACTIVE,0,24.23,8.6,312640,40.7,58.4
ENT_IN_22871,Manoj Gupta,713,6.62,1,0,UDYAM-PB-03-8205425,NOT_APPLICABLE,1,14.47,1.2,288377,48.2,71.0
ENT_IN_22872,Bhavna Gupta,778,19.52,1,1,UDYAM-KA-03-2041050,NOT_APPLICABLE,0,12.23,2.2,242252,70.1,87.5
ENT_IN_22873,Mohammed Singh,557,21.35,1,1,UDYAM-PB-03-8368111,ACTIVE,1,8.18,10.7,300089,43.6,75.5
ENT_IN_22874,Seema Rao,759,2.85,1,0,UDYAM-PB-03-4364556,NOT_APPLICABLE,0,0.95,7.4,201778,91.8,82.4
ENT_IN_22875,Simran Yadav,831,1.9,0,1,UDYAM-PB-03-3875123,NOT_APPLICABLE,1,30.98,0.8,390379,97.0,94.6
ENT_IN_22876,Meena Verma,599,19.39,1,1,UDYAM-GJ-03-1219698,NOT_APPLICABLE,1,6.53,2.7,96039,88.2,75.9
ENT_IN_22877,Ananya Kumar,812,2.3,1,1,NOT_REGISTERED,ACTIVE,1,41.26,10.2,344190,48.7,88.3
ENT_IN_22878,Tariq Sharma,735,1.93,1,1,UDYAM-TN-03-8564393,UNREGISTERED,1,43.49,4.8,360361,55.2,81.7
ENT_IN_22879,Kiran Verma,724,10.21,1,0,NOT_REGISTERED,NOT_APPLICABLE,1,29.74,5.8,439495,56.5,65.0
ENT_IN_22880,Manoj Mehta,575,16.44,1,1,UDYAM-MH-03-7101446,NOT_APPLICABLE,1,33.47,6.0,432470,74.5,78.6
ENT_IN_22881,Suresh Verma,598,13.85,1,1,NOT_REGISTERED,ACTIVE,0,5.16,0.8,132952,49.9,55.6
ENT_IN_22882,Sanjay Gupta,809,7.59,1,0,UDYAM-MH-03-7582000,ACTIVE,1,13.12,5.0,203268,56.0,90.0
ENT_IN_22883,Amit Kulkarni,700,4.52,1,1,UDYAM-KA-03-2366440,NOT_APPLICABLE,1,10.61,1.6,135981,95.9,86.5
ENT_IN_22884,Savita Reddy,671,16.91,1,1,UDYAM-KA-03-3773670,ACTIVE,1,21.52,7.6,336986,52.7,90.0
ENT_IN_22885,Deepak Joshi,600,21.0,1,0,UDYAM-GJ-03-9747089,UNREGISTERED,1,41.88,6.5,46231,55.6,56.7
ENT_IN_22886,Shweta Shah,830,16.29,1,1,UDYAM-TN-03-2539745,ACTIVE,0,28.17,7.9,211821,40.9,84.3
ENT_IN_22887,Prakash Kulkarni,619,14.96,1,1,UDYAM-KA-03-4080771,NOT_APPLICABLE,1,8.51,4.7,127414,91.1,78.2
ENT_IN_22888,Ramesh Khan,668,19.57,1,1,UDYAM-GJ-03-5712964,ACTIVE,1,30.56,7.8,100142,61.2,85.7
ENT_IN_22889,Kiran Yadav,841,16.45,1,1,UDYAM-KA-03-3589939,ACTIVE,1,3.79,10.6,213307,69.7,100.0
ENT_IN_22890,Fatima Kulkarni,689,17.32,1,1,UDYAM-GJ-03-7303077,UNREGISTERED,0,38.54,6.3,230256,91.9,81.4
ENT_IN_22891,Seema Das,619,6.97,1,1,UDYAM-PB-03-9014719,ACTIVE,0,33.64,10.5,107907,36.4,59.4
ENT_IN_22892,Harpreet Singh,703,22.95,1,1,NOT_REGISTERED,NOT_APPLICABLE,1,32.75,6.5,70779,98.1,78.5
ENT_IN_22893,Rahul Khan,0,18.68,1,1,UDYAM-UP-03-4525734,UNREGISTERED,1,3.65,4.2,255417,96.6,69.6
ENT_IN_22894,Rekha Singh,720,19.63,1,1,NOT_REGISTERED,NOT_APPLICABLE,0,32.73,11.9,23704,94.2,64.1
ENT_IN_22895,Sunita Banerjee,850,12.08,1,1,NOT_REGISTERED,UNREGISTERED,1,3.86,9.1,301474,70.6,88.8
ENT_IN_22896,Harpreet Nair,793,20.15,0,1,UDYAM-KA-03-3067504,ACTIVE,1,8.74,9.7,244942,99.8,100.0
ENT_IN_22897,Anil Nair,778,13.63,1,1,NOT_REGISTERED,NOT_APPLICABLE,1,40.61,4.3,118729,94.3,86.3
ENT_IN_22898,Karan Joshi,817,14.75,1,0,UDYAM-TN-03-5590090,ACTIVE,0,18.55,11.9,348444,62.3,84.9
ENT_IN_22899,Deepika Das,831,22.94,1,1,UDYAM-GJ-03-5108168,UNREGISTERED,1,34.64,0.9,449895,77.6,94.9
ENT_IN_22900,Suresh Mishra,608,9.73,1,0,UDYAM-KA-03-2554996,NOT_APPLICABLE,0,24.39,11.1,96869,90.5,57.2
ENT_IN_22901,Anita Nair,685,24.3,1,1,NOT_REGISTERED,NOT_APPLICABLE,1,11.67,1.8,216172,95.5,81.8
ENT_IN_22902,Harpreet Nair,847,10.94,1,1,NOT_REGISTERED,NOT_APPLICABLE,1,39.83,8.2,34329,97.3,83.0
ENT_IN_22903,Tariq Chaudhary,799,23.3,1,1,NOT_REGISTERED,ACTIVE,1,26.79,5.7,271017,88.9,96.4
ENT_IN_22904,Fatima Shah,701,13.14,1,1,UDYAM-UP-03-4334209,NOT_APPLICABLE,1,2.57,4.7,156276,93.2,89.6
ENT_IN_22905,Seema Sharma,552,13.83,0,1,UDYAM-KA-03-6129477,NOT_APPLICABLE,0,1.83,3.1,378046,61.0,52.7
ENT_IN_22906,Ananya Banerjee,648,3.55,1,1,UDYAM-TN-03-2195175,NOT_APPLICABLE,1,36.67,8.5,187368,77.9,76.1
ENT_IN_22907,Vijay Mehta,553,11.26,1,1,UDYAM-MH-03-9114365,NOT_APPLICABLE,1,22.49,6.4,425741,50.8,71.3
ENT_IN_22908,Dinesh Mishra,745,8.15,1,1,UDYAM-PB-03-5811065,NOT_APPLICABLE,1,11.16,10.8,338907,93.3,92.9
ENT_IN_22909,Simran Gowda,679,9.51,1,1,UDYAM-GJ-03-8961237,UNREGISTERED,1,0.48,9.2,192222,98.4,91.8
ENT_IN_22910,Fatima Das,786,14.33,1,1,NOT_REGISTERED,NOT_APPLICABLE,0,0.17,0.3,112598,54.3,67.1
ENT_IN_22911,Ramesh Chaudhary,0,23.01,1,1,UDYAM-MH-03-1144715,ACTIVE,1,22.26,0.5,98271,58.4,63.8
ENT_IN_22912,Meena Nair,683,7.64,1,0,NOT_REGISTERED,ACTIVE,1,7.48,11.7,268952,84.9,80.3
ENT_IN_22913,Fatima Nair,572,18.9,1,1,NOT_REGISTERED,NOT_APPLICABLE,1,43.05,3.2,235715,50.9,62.9
ENT_IN_22914,Sangeeta Chaudhary,0,1.87,1,1,NOT_REGISTERED,NOT_APPLICABLE,1,17.76,0.7,201116,94.2,60.0
ENT_IN_22915,Rahul Kulkarni,583,17.63,1,1,UDYAM-GJ-03-1343631,ACTIVE,0,43.26,0.3,127106,82.8,71.8
ENT_IN_22916,Ramesh Sharma,0,17.88,1,1,UDYAM-GJ-03-4000054,NOT_APPLICABLE,1,9.68,8.8,341826,54.8,64.1
ENT_IN_22917,Radha Gupta,633,1.69,1,1,UDYAM-PB-03-6057341,NOT_APPLICABLE,1,25.56,1.7,428792,92.7,83.0
ENT_IN_22918,Kiran Joshi,771,18.41,1,1,UDYAM-GJ-03-8075226,ACTIVE,1,0.2,8.1,41467,92.6,100.0
ENT_IN_22919,Deepak Kaur,776,5.11,1,1,UDYAM-UP-03-5567305,ACTIVE,1,13.2,7.1,292056,99.1,100.0
ENT_IN_22920,Geeta Shah,624,16.43,1,1,UDYAM-GJ-03-8313957,NOT_APPLICABLE,1,5.73,4.6,324665,45.4,70.6
ENT_IN_22921,Dinesh Sheikh,725,21.7,1,0,NOT_REGISTERED,UNREGISTERED,1,27.88,6.0,63058,90.2,68.5
ENT_IN_22922,Pradeep Khan,635,10.23,1,1,UDYAM-MH-03-3582052,NOT_APPLICABLE,1,31.01,4.0,361256,75.5,74.6
ENT_IN_22923,Arjun Das,578,10.84,1,0,UDYAM-UP-03-8232869,UNREGISTERED,1,23.85,5.3,387409,81.1,68.8
ENT_IN_22924,Sunil Gupta,597,18.16,1,1,UDYAM-MH-03-3241914,NOT_APPLICABLE,1,44.22,2.1,19317,86.7,71.4
ENT_IN_22925,Priya Sheikh,786,22.48,1,1,UDYAM-MH-03-7010962,ACTIVE,1,21.25,3.1,327892,97.0,100.0
ENT_IN_22926,Anil Yadav,849,5.08,1,1,UDYAM-GJ-03-1141911,NOT_APPLICABLE,1,32.6,8.7,368804,95.1,98.8
ENT_IN_22927,Gurpreet Yadav,775,21.44,1,1,UDYAM-UP-03-3585460,NOT_APPLICABLE,0,34.14,3.0,154955,97.9,86.6
ENT_IN_22928,Kavita Khan,694,23.53,1,1,UDYAM-MH-03-5181201,ACTIVE,1,11.66,4.7,22076,44.0,77.1
ENT_IN_22929,Suresh Kaur,700,9.36,1,1,NOT_REGISTERED,NOT_APPLICABLE,1,7.95,7.2,114623,76.8,72.3
ENT_IN_22930,Manoj Chatterjee,795,5.24,1,1,UDYAM-UP-03-3165510,ACTIVE,1,34.24,4.2,22922,95.9,100.0
ENT_IN_22931,Savita Singh,825,15.34,1,1,UDYAM-UP-03-5505815,NOT_APPLICABLE,1,23.34,6.9,145365,48.3,88.0
ENT_IN_22932,Preeti Chatterjee,790,24.09,1,1,NOT_REGISTERED,ACTIVE,0,5.55,6.8,277319,46.9,76.1
ENT_IN_22933,Ganesh Das,773,8.64,1,1,NOT_REGISTERED,NOT_APPLICABLE,1,36.51,0.9,48566,61.9,76.5
ENT_IN_22934,Ashok Gupta,550,14.71,1,0,NOT_REGISTERED,UNREGISTERED,1,25.4,0.8,68845,58.8,51.3
ENT_IN_22935,Rekha Chatterjee,693,3.29,1,1,NOT_REGISTERED,NOT_APPLICABLE,1,35.58,8.0,222198,50.0,74.1
ENT_IN_22936,Rajesh Khan,815,2.62,0,1,NOT_REGISTERED,NOT_APPLICABLE,1,23.41,6.3,360935,36.3,72.7
ENT_IN_22937,Deepika Joshi,794,10.37,1,1,NOT_REGISTERED,NOT_APPLICABLE,1,18.38,0.7,395545,41.4,81.4
ENT_IN_22938,Ayesha Kumar,714,13.91,1,1,UDYAM-PB-03-9691731,ACTIVE,1,33.53,1.7,417087,95.3,96.6
ENT_IN_22939,Mohammed Kaur,715,16.43,1,1,UDYAM-TN-03-8073818,NOT_APPLICABLE,1,27.29,9.1,123263,95.4,85.0
ENT_IN_22940,Vikram Reddy,557,18.96,1,1,NOT_REGISTERED,NOT_APPLICABLE,1,7.16,11.8,278938,83.4,72.5
ENT_IN_22941,Vikram Gowda,805,5.68,1,1,NOT_REGISTERED,ACTIVE,1,0.66,7.9,422288,99.0,100.0
ENT_IN_22942,Bhavna Yadav,597,7.31,1,1,UDYAM-PB-03-9346462,ACTIVE,1,22.99,7.6,417095,89.4,87.1
ENT_IN_22943,Arjun Reddy,806,24.2,0,1,NOT_REGISTERED,UNREGISTERED,1,0.76,12.0,124275,63.0,74.3
ENT_IN_22944,Tariq Singh,633,4.02,1,1,UDYAM-MH-03-7678931,UNREGISTERED,0,38.58,3.8,323898,76.6,67.1
ENT_IN_22945,Sunil Singh,698,12.58,1,0,NOT_REGISTERED,UNREGISTERED,1,38.3,1.2,107724,97.3,70.1
ENT_IN_22946,Kavita Khan,597,13.34,1,1,UDYAM-KA-03-1106168,UNREGISTERED,1,20.08,2.6,94041,84.6,72.3
ENT_IN_22947,Ayesha Patel,763,21.04,1,1,NOT_REGISTERED,NOT_APPLICABLE,1,4.23,10.2,115469,55.1,77.2
ENT_IN_22948,Radha Nair,651,16.58,1,1,UDYAM-GJ-03-2761201,UNREGISTERED,1,22.64,3.9,228980,45.1,80.4
ENT_IN_22949,Arjun Mehta,604,17.03,1,0,NOT_REGISTERED,ACTIVE,1,4.14,10.4,349507,77.8,68.3
ENT_IN_22950,Anil Sheikh,651,23.19,1,0,NOT_REGISTERED,NOT_APPLICABLE,1,37.65,7.0,247584,44.9,63.1
ENT_IN_22951,Vijay Sheikh,759,9.85,1,1,UDYAM-TN-03-4310183,NOT_APPLICABLE,1,2.72,1.4,184310,97.6,99.4
ENT_IN_22952,Shweta Deshmukh,735,18.99,1,1,UDYAM-PB-03-8131770,ACTIVE,1,8.66,9.7,324340,86.5,94.2
ENT_IN_22953,Tariq Nair,606,24.43,1,1,NOT_REGISTERED,ACTIVE,1,36.36,9.6,278355,61.6,71.0
ENT_IN_22954,Prakash Sharma,814,9.11,1,1,UDYAM-UP-03-3571986,ACTIVE,1,21.49,5.3,325220,80.7,100.0
ENT_IN_22955,Geeta Khan,0,10.09,1,1,NOT_REGISTERED,NOT_APPLICABLE,1,33.08,2.9,400029,61.2,52.5
ENT_IN_22956,Kiran Khan,576,13.45,1,1,UDYAM-MH-03-5921944,ACTIVE,1,36.53,5.6,324720,79.5,85.1
ENT_IN_22957,Ayesha Nair,700,13.21,1,1,UDYAM-TN-03-5004304,ACTIVE,1,13.75,1.8,23244,41.8,76.7
ENT_IN_22958,Preeti Kulkarni,589,8.68,1,1,UDYAM-UP-03-1045030,UNREGISTERED,1,41.33,10.7,357398,60.6,73.9
ENT_IN_22959,Rekha Kulkarni,0,2.91,1,1,UDYAM-TN-03-3327630,ACTIVE,1,32.66,11.0,43137,97.6,71.5
ENT_IN_22960,Simran Singh,761,4.65,1,1,UDYAM-PB-03-6549094,NOT_APPLICABLE,0,20.59,11.0,422512,94.7,91.5
ENT_IN_22961,Harpreet Reddy,643,3.42,1,1,UDYAM-TN-03-4572970,NOT_APPLICABLE,1,4.29,8.4,205271,96.9,82.1
ENT_IN_22962,Savita Mehta,682,16.09,1,1,NOT_REGISTERED,NOT_APPLICABLE,1,9.9,7.3,41203,60.0,66.9
ENT_IN_22963,Karan Verma,616,13.54,1,1,UDYAM-MH-03-6431490,UNREGISTERED,0,34.69,0.5,305132,97.8,73.5
ENT_IN_22964,Rekha Nair,717,9.76,1,1,UDYAM-GJ-03-8350499,NOT_APPLICABLE,1,9.89,9.9,116917,97.1,88.2
ENT_IN_22965,Radha Chaudhary,0,3.39,1,1,NOT_REGISTERED,UNREGISTERED,1,24.23,8.6,167718,54.2,51.8
ENT_IN_22966,Tariq Kulkarni,630,12.5,1,0,UDYAM-TN-03-3177400,NOT_APPLICABLE,1,43.58,4.4,353608,35.5,59.9
ENT_IN_22967,Pradeep Chaudhary,611,1.61,1,1,UDYAM-UP-03-7094587,NOT_APPLICABLE,1,22.24,8.8,381721,96.4,80.9
ENT_IN_22968,Vikram Nair,551,24.84,1,1,NOT_REGISTERED,NOT_APPLICABLE,1,28.95,11.4,194492,45.5,58.7
ENT_IN_22969,Preeti Kulkarni,742,17.44,1,1,UDYAM-UP-03-1500278,NOT_APPLICABLE,1,29.36,2.6,284751,77.4,85.2
ENT_IN_22970,Preeti Kulkarni,702,9.97,1,1,UDYAM-MH-03-6842398,NOT_APPLICABLE,0,29.31,4.4,136551,97.3,75.8
ENT_IN_22971,Simran Shah,0,7.18,1,1,UDYAM-UP-03-1303148,UNREGISTERED,1,9.58,7.2,223330,45.5,56.1
ENT_IN_22972,Suresh Chatterjee,816,20.88,1,1,UDYAM-TN-03-6056054,NOT_APPLICABLE,1,26.21,6.5,89760,97.8,96.3
ENT_IN_22973,Rekha Shah,664,12.06,1,1,UDYAM-TN-03-2440600,ACTIVE,1,43.64,10.4,262497,60.0,91.9
ENT_IN_22974,Meena Reddy,563,6.99,1,1,UDYAM-UP-03-8867047,ACTIVE,1,19.63,1.3,100312,41.3,66.3
ENT_IN_22975,Sunita Reddy,784,20.97,1,1,NOT_REGISTERED,NOT_APPLICABLE,1,2.97,4.0,247324,67.4,84.2
ENT_IN_22976,Rekha Patel,756,12.04,1,1,UDYAM-TN-03-1487786,NOT_APPLICABLE,1,24.77,6.5,256970,74.8,96.5
ENT_IN_22977,Dinesh Das,772,15.06,0,1,UDYAM-PB-03-7388161,ACTIVE,1,16.83,7.8,316389,38.5,85.2
ENT_IN_22978,Pooja Chatterjee,845,1.6,1,1,UDYAM-GJ-03-7261119,ACTIVE,0,4.71,11.2,157078,72.5,86.5
ENT_IN_22979,Rekha Rao,635,3.1,1,1,UDYAM-PB-03-1978834,NOT_APPLICABLE,1,44.19,10.5,78285,98.0,76.9
ENT_IN_22980,Prakash Patil,694,1.48,1,1,NOT_REGISTERED,ACTIVE,1,22.81,2.6,194462,96.2,87.6
ENT_IN_22981,Arjun Das,838,6.58,1,1,NOT_REGISTERED,UNREGISTERED,0,43.12,9.2,423956,62.4,73.5
ENT_IN_22982,Savita Nair,672,5.73,1,0,UDYAM-PB-03-7923563,ACTIVE,1,44.39,9.2,161489,54.5,76.9
ENT_IN_22983,Pooja Shah,680,8.61,0,1,NOT_REGISTERED,NOT_APPLICABLE,1,1.73,6.0,287710,48.8,62.3
ENT_IN_22984,Shweta Chaudhary,747,8.72,1,1,NOT_REGISTERED,ACTIVE,1,28.72,0.4,332363,42.8,78.4
ENT_IN_22985,Prakash Singh,767,17.79,1,1,NOT_REGISTERED,ACTIVE,1,21.77,11.7,53024,47.6,80.4
ENT_IN_22986,Rajesh Mishra,0,7.95,1,1,UDYAM-TN-03-2117877,UNREGISTERED,1,7.57,6.6,288896,86.5,70.0
ENT_IN_22987,Meena Kulkarni,639,9.83,1,1,UDYAM-GJ-03-9526709,ACTIVE,1,30.53,4.0,141098,37.8,70.5
ENT_IN_22988,Geeta Singh,765,4.22,1,1,UDYAM-UP-03-1032213,NOT_APPLICABLE,1,2.89,6.6,357980,43.9,89.7
ENT_IN_22989,Geeta Deshmukh,611,8.16,1,1,UDYAM-MH-03-7793565,NOT_APPLICABLE,1,35.03,3.4,219066,95.1,81.0
ENT_IN_22990,Sujata Banerjee,844,3.69,0,0,NOT_REGISTERED,UNREGISTERED,1,23.57,0.2,90790,53.5,61.5
ENT_IN_22991,Anil Mishra,633,19.95,1,1,UDYAM-GJ-03-9678898,UNREGISTERED,1,4.6,8.1,333063,53.4,73.9
ENT_IN_22992,Ayesha Deshmukh,660,8.93,1,0,UDYAM-KA-03-8632919,UNREGISTERED,1,2.05,9.6,350547,84.0,81.8
ENT_IN_22993,Gurpreet Gupta,708,0.85,1,1,NOT_REGISTERED,NOT_APPLICABLE,1,23.74,5.0,49489,91.9,72.5
ENT_IN_22994,Kavita Rao,632,19.26,0,0,NOT_REGISTERED,ACTIVE,1,22.6,5.8,415986,49.2,54.5
ENT_IN_22995,Priya Banerjee,774,7.43,1,1,UDYAM-PB-03-2510190,ACTIVE,1,35.54,11.1,413385,76.5,100.0
ENT_IN_22996,Preeti Kumar,786,16.7,1,0,NOT_REGISTERED,NOT_APPLICABLE,1,15.15,7.9,231022,76.8,82.1
ENT_IN_22997,Simran Nair,830,5.23,1,1,UDYAM-MH-03-8518341,ACTIVE,0,26.51,9.9,364142,41.9,83.0
ENT_IN_22998,Priya Patel,829,4.68,1,1,NOT_REGISTERED,ACTIVE,1,42.24,9.9,203403,48.7,88.3
ENT_IN_22999,Mahesh Das,837,3.32,1,0,UDYAM-TN-03-4590946,ACTIVE,1,12.36,1.1,227497,48.9,91.5
ENT_IN_23000,Anil Sheikh,618,10.24,1,1,NOT_REGISTERED,ACTIVE,1,41.35,10.7,211763,82.3,78.2
ENT_IN_23001,Simran Kaur,725,20.72,1,1,UDYAM-GJ-03-5479041,ACTIVE,1,42.69,9.5,265788,98.8,100.0
ENT_IN_23002,Anil Gowda,805,8.47,1,0,NOT_REGISTERED,NOT_APPLICABLE,1,16.6,11.9,334959,99.3,89.9
ENT_IN_23003,Sangeeta Mishra,625,15.67,1,0,NOT_REGISTERED,NOT_APPLICABLE,1,22.11,3.6,433877,66.3,56.7
ENT_IN_23004,Rahul Reddy,0,7.39,1,1,UDYAM-TN-03-1263839,ACTIVE,1,21.84,8.6,414551,58.2,69.2
ENT_IN_23005,Sunita Yadav,0,12.89,1,1,UDYAM-MH-03-7782535,NOT_APPLICABLE,1,41.76,0.2,106471,45.8,55.4
ENT_IN_23006,Radha Joshi,787,18.12,1,1,NOT_REGISTERED,NOT_APPLICABLE,1,26.92,2.3,16274,75.0,76.8
ENT_IN_23007,Meena Sharma,735,8.79,1,0,UDYAM-PB-03-5937397,NOT_APPLICABLE,1,5.7,8.9,380531,77.1,82.8
ENT_IN_23008,Neha Patil,632,3.03,1,1,NOT_REGISTERED,ACTIVE,0,25.66,11.9,165691,45.9,56.9
ENT_IN_23009,Preeti Deshmukh,738,22.76,0,1,UDYAM-UP-03-1818854,ACTIVE,1,16.07,0.6,46228,60.0,76.2
ENT_IN_23010,Kavita Khan,562,17.67,1,1,UDYAM-KA-03-5415355,UNREGISTERED,1,24.21,7.1,154513,79.0,73.7
ENT_IN_23011,Lakshmi Mishra,677,9.33,0,1,NOT_REGISTERED,NOT_APPLICABLE,1,31.87,11.2,155982,95.9,71.2
ENT_IN_23012,Meena Verma,0,7.07,1,1,UDYAM-GJ-03-9087161,NOT_APPLICABLE,1,11.94,4.8,44941,92.8,61.1
ENT_IN_23013,Geeta Gowda,839,16.76,1,1,NOT_REGISTERED,NOT_APPLICABLE,1,32.29,0.5,77719,50.8,73.2
ENT_IN_23014,Pooja Das,728,15.2,1,1,NOT_REGISTERED,NOT_APPLICABLE,0,44.33,10.5,284019,75.0,69.8
ENT_IN_23015,Simran Sheikh,0,24.75,1,1,UDYAM-PB-03-5660167,NOT_APPLICABLE,1,17.34,0.0,141333,98.2,68.3
ENT_IN_23016,Bhavna Joshi,716,17.85,0,1,NOT_REGISTERED,UNREGISTERED,0,30.5,5.9,324508,69.5,59.5
ENT_IN_23017,Preeti Gowda,720,3.67,1,1,UDYAM-GJ-03-9443799,NOT_APPLICABLE,0,26.39,3.1,351481,82.0,77.1
ENT_IN_23018,Rekha Sheikh,648,13.78,0,1,UDYAM-GJ-03-2904333,NOT_APPLICABLE,1,13.84,6.1,120860,86.8,69.1
ENT_IN_23019,Prakash Reddy,644,19.4,1,1,UDYAM-KA-03-8147272,NOT_APPLICABLE,1,29.24,0.8,347766,94.9,79.9
ENT_IN_23020,Mamta Patil,662,9.01,1,1,NOT_REGISTERED,NOT_APPLICABLE,1,41.07,10.5,433237,88.3,84.3
ENT_IN_23021,Prakash Gowda,0,8.7,1,1,NOT_REGISTERED,NOT_APPLICABLE,1,9.63,10.8,49931,67.7,49.2
ENT_IN_23022,Neha Singh,0,14.14,1,1,UDYAM-PB-03-2558007,NOT_APPLICABLE,1,24.06,4.1,204045,55.7,59.7
ENT_IN_23023,Suresh Sharma,706,9.22,0,1,NOT_REGISTERED,NOT_APPLICABLE,1,7.76,8.6,172089,92.8,73.6
ENT_IN_23024,Mamta Rao,574,13.71,1,1,NOT_REGISTERED,NOT_APPLICABLE,1,5.63,11.8,193639,89.4,71.3
ENT_IN_23025,Rekha Singh,807,13.15,0,1,NOT_REGISTERED,ACTIVE,1,16.06,10.3,388611,68.7,88.8
ENT_IN_23026,Fatima Kumar,842,3.7,1,1,NOT_REGISTERED,ACTIVE,1,12.72,3.7,273688,65.3,90.5
ENT_IN_23027,Prakash Kulkarni,609,13.27,1,1,UDYAM-UP-03-2019347,ACTIVE,1,5.89,11.3,117671,58.5,75.3
ENT_IN_23028,Karan Joshi,804,11.71,1,1,NOT_REGISTERED,ACTIVE,1,6.29,5.6,91333,35.8,77.0
ENT_IN_23029,Ganesh Rao,749,19.14,1,1,UDYAM-MH-03-3401374,NOT_APPLICABLE,1,25.51,2.6,170683,75.1,80.9
ENT_IN_23030,Radha Sheikh,633,17.12,1,1,NOT_REGISTERED,NOT_APPLICABLE,0,14.15,2.8,387327,53.9,51.2
ENT_IN_23031,Shweta Khan,740,2.65,1,1,UDYAM-KA-03-6825008,ACTIVE,1,30.45,1.7,408408,83.0,94.7
ENT_IN_23032,Suresh Kaur,675,23.6,1,1,UDYAM-TN-03-2837306,ACTIVE,1,28.37,7.5,223919,55.0,86.3
ENT_IN_23033,Deepika Nair,661,21.01,1,0,NOT_REGISTERED,NOT_APPLICABLE,1,7.52,6.6,86337,47.3,57.3
ENT_IN_23034,Sunita Gowda,601,4.14,1,1,UDYAM-UP-03-2563588,NOT_APPLICABLE,0,4.43,3.9,154900,70.3,63.6
ENT_IN_23035,Sanjay Verma,612,14.58,1,0,UDYAM-TN-03-7419495,ACTIVE,1,19.81,1.9,376989,87.1,77.7
ENT_IN_23036,Deepak Shah,585,20.97,1,1,UDYAM-PB-03-9845197,ACTIVE,1,42.0,2.0,413875,68.2,83.6
ENT_IN_23037,Anil Chaudhary,705,19.21,1,1,NOT_REGISTERED,NOT_APPLICABLE,1,12.19,2.9,125318,72.7,73.8
ENT_IN_23038,Neha Kaur,808,0.49,1,1,UDYAM-UP-03-9523755,ACTIVE,1,6.63,7.9,307912,43.5,94.5
ENT_IN_23039,Meena Chaudhary,620,17.72,0,1,UDYAM-KA-03-5606968,ACTIVE,1,5.38,6.3,267685,97.7,78.6
ENT_IN_23040,Anita Chaudhary,668,9.22,1,1,UDYAM-KA-03-5920270,ACTIVE,0,1.76,6.4,169307,73.4,81.0
ENT_IN_23041,Mahesh Kumar,799,9.72,1,1,NOT_REGISTERED,NOT_APPLICABLE,1,31.81,3.7,234551,35.7,81.0
ENT_IN_23042,Neha Gowda,745,14.6,1,1,UDYAM-GJ-03-3326537,NOT_APPLICABLE,1,14.41,10.0,101109,70.2,80.1
ENT_IN_23043,Mamta Khan,668,0.47,1,0,NOT_REGISTERED,ACTIVE,1,30.81,1.1,243315,64.9,78.8
ENT_IN_23044,Karan Sharma,619,0.4,1,1,UDYAM-PB-03-3579646,ACTIVE,1,38.17,6.7,436787,59.4,77.5
ENT_IN_23045,Sunil Nair,798,6.87,1,1,UDYAM-TN-03-3165338,NOT_APPLICABLE,1,40.46,2.3,335631,37.6,88.8
ENT_IN_23046,Amit Patel,0,23.52,1,1,UDYAM-TN-03-5929295,NOT_APPLICABLE,1,41.83,3.8,175798,61.7,62.2
ENT_IN_23047,Ananya Yadav,620,24.94,1,0,NOT_REGISTERED,UNREGISTERED,0,41.06,2.7,184764,37.9,42.0
ENT_IN_23048,Meena Joshi,741,19.69,1,1,UDYAM-GJ-03-9932054,UNREGISTERED,1,31.4,1.3,374693,97.3,92.1
ENT_IN_23049,Pradeep Gowda,780,3.52,1,1,UDYAM-KA-03-8670944,NOT_APPLICABLE,0,29.84,6.1,239861,79.7,88.9
ENT_IN_23050,Seema Mehta,731,5.43,1,1,UDYAM-GJ-03-1446105,ACTIVE,0,29.91,1.1,243398,67.7,79.3
ENT_IN_23051,Rahul Khan,0,21.91,0,1,UDYAM-TN-03-2162799,UNREGISTERED,1,35.44,3.7,329203,42.0,52.6
ENT_IN_23052,Sanjay Kaur,610,7.21,1,0,UDYAM-UP-03-6527880,ACTIVE,1,35.73,4.1,104480,98.3,77.6
ENT_IN_23053,Suresh Shah,847,5.8,1,0,NOT_REGISTERED,NOT_APPLICABLE,1,16.17,5.0,22698,65.2,69.3
ENT_IN_23054,Sujata Singh,575,17.45,1,1,NOT_REGISTERED,ACTIVE,0,30.11,1.0,439473,42.6,60.4
ENT_IN_23055,Ayesha Chatterjee,805,17.59,1,1,UDYAM-KA-03-5646534,ACTIVE,1,27.23,2.8,54653,91.3,100.0
ENT_IN_23056,Harpreet Shah,0,11.15,1,1,NOT_REGISTERED,NOT_APPLICABLE,1,29.23,8.3,297173,97.7,67.1
ENT_IN_23057,Deepika Sheikh,570,23.34,1,1,NOT_REGISTERED,NOT_APPLICABLE,1,21.46,8.2,252952,63.1,64.1
ENT_IN_23058,Fatima Mishra,705,21.62,1,1,UDYAM-PB-03-5053855,ACTIVE,0,10.97,0.7,345323,87.4,89.4
ENT_IN_23059,Mamta Chatterjee,769,13.86,1,1,UDYAM-UP-03-3862815,NOT_APPLICABLE,0,12.84,7.9,57417,79.4,79.1
ENT_IN_23060,Ananya Yadav,551,5.7,1,1,NOT_REGISTERED,NOT_APPLICABLE,1,41.68,7.3,231478,94.5,73.3
ENT_IN_23061,Ananya Mishra,822,23.41,1,1,UDYAM-UP-03-8951363,UNREGISTERED,1,2.35,9.6,415129,39.9,87.4
ENT_IN_23062,Geeta Kaur,774,5.9,1,1,NOT_REGISTERED,NOT_APPLICABLE,1,21.05,5.8,448959,63.5,87.3
ENT_IN_23063,Kavita Kumar,686,1.77,1,0,NOT_REGISTERED,UNREGISTERED,1,12.17,3.7,442559,82.5,75.4
ENT_IN_23064,Pradeep Gupta,620,10.01,1,0,UDYAM-TN-03-9156413,NOT_APPLICABLE,0,11.35,9.9,115726,58.5,47.6
ENT_IN_23065,Fatima Shah,553,6.86,1,1,NOT_REGISTERED,NOT_APPLICABLE,1,41.49,2.9,40157,95.9,67.1
ENT_IN_23066,Radha Rao,611,9.61,1,0,UDYAM-PB-03-6461428,NOT_APPLICABLE,0,12.0,1.5,435728,82.2,59.3
ENT_IN_23067,Simran Khan,762,24.32,1,1,UDYAM-MH-03-7459855,ACTIVE,1,34.48,10.6,279580,41.0,96.5
ENT_IN_23068,Mahesh Nair,767,23.9,1,1,UDYAM-GJ-03-2557385,NOT_APPLICABLE,1,40.45,10.1,317997,61.5,93.6
ENT_IN_23069,Sanjay Patel,827,14.07,1,1,UDYAM-UP-03-6878583,NOT_APPLICABLE,0,1.32,1.4,379233,52.7,80.2
ENT_IN_23070,Simran Mishra,712,23.13,1,1,UDYAM-UP-03-9713658,UNREGISTERED,1,37.59,8.7,263075,64.0,85.9
ENT_IN_23071,Radha Chaudhary,597,16.68,1,1,UDYAM-PB-03-8882966,NOT_APPLICABLE,1,21.04,6.8,392852,51.2,73.4
ENT_IN_23072,Prakash Sheikh,641,14.87,1,1,UDYAM-TN-03-3001130,NOT_APPLICABLE,1,6.77,3.1,313982,91.4,82.6
ENT_IN_23073,Arjun Gupta,720,5.02,1,1,UDYAM-MH-03-2380762,NOT_APPLICABLE,1,39.04,7.9,104978,56.1,75.8
ENT_IN_23074,Rohan Deshmukh,609,8.89,1,1,NOT_REGISTERED,ACTIVE,0,36.05,9.5,247851,86.2,71.3
ENT_IN_23075,Ayesha Kulkarni,0,7.17,0,1,UDYAM-GJ-03-5062800,ACTIVE,1,23.95,1.2,234228,85.3,70.5
ENT_IN_23076,Rohan Joshi,819,15.45,1,1,UDYAM-TN-03-5023615,ACTIVE,1,6.33,2.9,16731,61.1,89.4
ENT_IN_23077,Vikram Gupta,564,19.23,1,1,UDYAM-UP-03-6166396,NOT_APPLICABLE,1,39.17,2.2,46976,77.0,68.1
ENT_IN_23078,Simran Patil,653,5.36,1,1,UDYAM-GJ-03-7369861,UNREGISTERED,1,12.89,10.8,168430,89.4,87.3
ENT_IN_23079,Gurpreet Verma,802,22.18,1,1,UDYAM-UP-03-8004894,NOT_APPLICABLE,1,14.04,1.2,254078,98.8,100.0
ENT_IN_23080,Preeti Gupta,769,24.68,1,1,UDYAM-PB-03-8972385,ACTIVE,1,3.92,0.4,232195,63.3,100.0
ENT_IN_23081,Preeti Verma,822,11.92,1,1,UDYAM-PB-03-2034077,ACTIVE,1,30.5,9.8,221966,96.5,100.0
ENT_IN_23082,Kiran Rao,819,17.45,1,1,UDYAM-KA-03-9856293,NOT_APPLICABLE,0,3.17,9.8,209226,37.5,74.8
ENT_IN_23083,Mahesh Banerjee,823,5.27,0,1,NOT_REGISTERED,UNREGISTERED,1,37.75,1.8,250987,87.6,84.4
ENT_IN_23084,Deepika Yadav,611,18.08,1,1,UDYAM-UP-03-2158717,UNREGISTERED,0,19.88,2.5,114878,64.0,60.4
ENT_IN_23085,Harpreet Banerjee,550,16.48,1,1,UDYAM-KA-03-4741668,ACTIVE,0,37.02,11.9,368498,99.9,82.6
ENT_IN_23086,Deepak Nair,747,5.6,1,1,NOT_REGISTERED,ACTIVE,1,37.11,8.6,266619,80.1,87.2
ENT_IN_23087,Deepak Nair,775,0.42,1,1,UDYAM-MH-03-8477335,NOT_APPLICABLE,1,6.53,5.2,307398,61.4,94.6
ENT_IN_23088,Sunita Patil,815,15.09,1,1,UDYAM-TN-03-9064518,ACTIVE,1,19.2,6.8,211264,68.3,100.0
ENT_IN_23089,Arjun Das,800,7.16,1,1,UDYAM-MH-03-2313534,NOT_APPLICABLE,0,5.73,3.5,81853,42.9,72.9
ENT_IN_23090,Meena Patil,729,23.42,1,1,UDYAM-GJ-03-7520577,ACTIVE,1,39.19,4.6,347694,88.5,99.8
ENT_IN_23091,Shweta Mishra,0,19.65,1,1,NOT_REGISTERED,NOT_APPLICABLE,0,15.08,5.0,23832,87.8,42.9
ENT_IN_23092,Amit Patil,604,22.06,1,1,NOT_REGISTERED,NOT_APPLICABLE,1,39.52,4.7,188650,69.5,64.8
ENT_IN_23093,Harpreet Deshmukh,713,23.09,1,1,UDYAM-PB-03-8035198,NOT_APPLICABLE,1,24.44,7.0,20223,91.7,80.1
ENT_IN_23094,Ganesh Kulkarni,834,22.93,1,1,UDYAM-UP-03-2501349,ACTIVE,1,1.38,8.4,240364,35.5,96.4
ENT_IN_23095,Vikram Rao,645,4.8,1,1,UDYAM-PB-03-3387345,ACTIVE,1,35.81,9.5,380234,53.5,75.5
ENT_IN_23096,Arjun Kaur,846,20.6,1,1,NOT_REGISTERED,ACTIVE,1,22.09,1.5,428642,46.1,90.6
ENT_IN_23097,Suresh Reddy,764,9.8,1,1,NOT_REGISTERED,NOT_APPLICABLE,1,20.0,0.2,391872,66.1,85.1
ENT_IN_23098,Simran Das,783,12.43,1,1,UDYAM-PB-03-4820558,NOT_APPLICABLE,0,9.82,7.0,200095,87.8,87.2
ENT_IN_23099,Harpreet Nair,829,18.99,1,1,NOT_REGISTERED,UNREGISTERED,1,0.35,11.3,117888,91.9,84.9
ENT_IN_23100,Pooja Patel,629,10.74,1,1,UDYAM-GJ-03-2171554,ACTIVE,1,28.8,1.1,216667,86.8,86.0
ENT_IN_23101,Rohan Rao,0,14.33,1,0,NOT_REGISTERED,NOT_APPLICABLE,1,29.71,2.9,160111,75.1,45.6
ENT_IN_23102,Dinesh Reddy,830,21.76,1,1,UDYAM-MH-03-9949895,ACTIVE,1,2.31,2.5,443575,73.8,100.0
ENT_IN_23103,Sunil Sheikh,610,13.91,1,1,UDYAM-PB-03-6253446,NOT_APPLICABLE,1,44.9,5.9,204453,78.7,75.3
ENT_IN_23104,Neha Sharma,726,2.97,0,1,UDYAM-UP-03-4028496,UNREGISTERED,0,6.61,2.8,326925,78.0,71.8
ENT_IN_23105,Ashok Verma,644,20.98,1,1,UDYAM-MH-03-8133531,ACTIVE,0,27.1,1.6,371237,36.0,62.7
ENT_IN_23106,Mahesh Kumar,825,14.6,1,1,UDYAM-TN-03-1613718,UNREGISTERED,0,9.23,2.5,290924,67.9,84.5
ENT_IN_23107,Preeti Gupta,843,14.87,1,1,UDYAM-GJ-03-3986692,ACTIVE,1,38.58,3.5,448831,87.4,100.0
ENT_IN_23108,Prakash Deshmukh,679,0.54,1,1,UDYAM-TN-03-2322236,ACTIVE,1,39.59,8.0,284569,74.5,94.3
ENT_IN_23109,Sunil Singh,550,6.53,1,1,UDYAM-PB-03-6257763,UNREGISTERED,1,41.66,5.1,368811,85.9,79.1
ENT_IN_23110,Ashok Reddy,733,5.32,1,1,UDYAM-PB-03-6459958,NOT_APPLICABLE,1,9.65,1.7,171479,40.8,76.2
ENT_IN_23111,Dinesh Deshmukh,805,22.14,1,1,UDYAM-GJ-03-7222428,ACTIVE,1,22.92,7.9,188850,90.2,100.0
ENT_IN_23112,Rahul Sharma,752,16.17,1,1,UDYAM-TN-03-8192748,ACTIVE,1,29.79,5.1,277510,68.5,100.0
ENT_IN_23113,Simran Sharma,762,24.14,1,1,UDYAM-MH-03-9815218,NOT_APPLICABLE,1,41.02,4.6,143740,86.2,93.4
ENT_IN_23114,Pradeep Yadav,744,24.71,1,1,UDYAM-KA-03-9472778,NOT_APPLICABLE,0,23.93,10.2,239557,93.5,81.1
ENT_IN_23115,Sangeeta Verma,707,2.76,1,1,UDYAM-GJ-03-1133930,ACTIVE,1,14.96,2.1,96700,75.0,89.8
ENT_IN_23116,Gurpreet Reddy,685,6.0,1,1,NOT_REGISTERED,UNREGISTERED,0,16.58,11.1,428997,43.2,58.5
ENT_IN_23117,Mahesh Kaur,742,23.45,1,1,UDYAM-MH-03-5104400,ACTIVE,1,32.67,8.9,288186,51.6,86.6
ENT_IN_23118,Ashok Shah,0,24.86,1,1,NOT_REGISTERED,NOT_APPLICABLE,1,33.35,7.1,260219,87.4,62.9
ENT_IN_23119,Ashok Chatterjee,590,24.89,1,0,NOT_REGISTERED,ACTIVE,1,27.17,2.3,63439,69.1,60.6
ENT_IN_23120,Neha Yadav,608,19.71,1,1,NOT_REGISTERED,NOT_APPLICABLE,1,40.07,0.9,142138,87.6,66.8
ENT_IN_23121,Preeti Chatterjee,725,8.07,1,1,UDYAM-PB-03-5114150,NOT_APPLICABLE,1,37.16,7.9,387651,43.8,81.9
ENT_IN_23122,Vijay Reddy,751,12.98,1,1,NOT_REGISTERED,ACTIVE,1,15.63,1.5,194606,73.1,94.7
ENT_IN_23123,Deepak Gupta,0,4.04,1,1,UDYAM-MH-03-4341274,NOT_APPLICABLE,1,15.92,2.2,88045,78.2,61.8
ENT_IN_23124,Kiran Singh,582,4.11,1,1,UDYAM-PB-03-2534414,NOT_APPLICABLE,0,3.17,7.6,443265,58.6,64.5
ENT_IN_23125,Mohammed Kulkarni,697,16.68,1,1,UDYAM-GJ-03-9066467,ACTIVE,1,34.52,9.9,237520,48.5,84.6
ENT_IN_23126,Suresh Verma,770,9.72,1,1,UDYAM-KA-03-4550722,NOT_APPLICABLE,1,8.29,0.4,379276,89.6,97.6
ENT_IN_23127,Geeta Das,821,22.95,1,1,UDYAM-GJ-03-4402261,NOT_APPLICABLE,1,27.13,5.3,49282,36.2,79.7
ENT_IN_23128,Karan Gowda,839,17.55,0,1,NOT_REGISTERED,NOT_APPLICABLE,1,36.92,2.5,102767,61.6,73.9
ENT_IN_23129,Lakshmi Singh,623,18.36,0,1,UDYAM-PB-03-6827696,UNREGISTERED,1,9.24,7.1,255605,60.9,67.4
ENT_IN_23130,Pooja Khan,566,12.59,1,1,UDYAM-MH-03-4886838,UNREGISTERED,1,27.27,6.6,386704,43.2,69.6
ENT_IN_23131,Rajesh Gupta,564,11.86,1,1,UDYAM-MH-03-9563060,ACTIVE,1,4.92,10.8,358895,54.9,76.0
ENT_IN_23132,Priya Kulkarni,586,8.0,1,1,NOT_REGISTERED,NOT_APPLICABLE,0,40.13,2.7,334261,51.0,53.6
ENT_IN_23133,Deepak Khan,0,4.3,1,1,UDYAM-PB-03-1103776,NOT_APPLICABLE,1,42.2,2.1,38165,43.4,51.7
ENT_IN_23134,Sangeeta Reddy,821,16.34,1,1,UDYAM-UP-03-9233623,NOT_APPLICABLE,1,8.55,1.9,338535,39.0,87.7
ENT_IN_23135,Ramesh Gupta,612,9.37,1,1,UDYAM-UP-03-1607696,UNREGISTERED,1,17.95,8.2,338644,84.6,78.9
ENT_IN_23136,Neha Deshmukh,598,11.15,1,1,UDYAM-GJ-03-5449200,ACTIVE,0,21.28,5.0,198471,90.1,77.8
ENT_IN_23137,Suresh Mehta,634,3.52,1,1,NOT_REGISTERED,UNREGISTERED,1,43.99,6.8,406813,45.3,62.4
ENT_IN_23138,Geeta Sharma,569,8.69,1,1,UDYAM-MH-03-6682655,ACTIVE,1,10.6,4.2,57235,43.7,67.1
ENT_IN_23139,Preeti Kulkarni,0,15.16,1,1,UDYAM-PB-03-9580073,NOT_APPLICABLE,0,31.33,2.9,116220,42.2,44.3
ENT_IN_23140,Rohan Gupta,608,5.7,1,1,UDYAM-PB-03-8362480,UNREGISTERED,1,8.06,0.9,436917,37.8,68.2
ENT_IN_23141,Deepak Chatterjee,0,18.7,1,0,NOT_REGISTERED,ACTIVE,1,36.78,8.8,395019,76.4,58.7
ENT_IN_23142,Manoj Gupta,753,21.6,1,1,NOT_REGISTERED,UNREGISTERED,1,21.89,0.7,204790,88.7,88.4
ENT_IN_23143,Deepika Gupta,0,8.4,1,0,UDYAM-KA-03-9966568,NOT_APPLICABLE,1,39.07,0.3,354718,84.5,60.5
ENT_IN_23144,Ganesh Singh,690,14.72,1,1,NOT_REGISTERED,ACTIVE,0,31.26,3.2,185147,43.4,63.5
ENT_IN_23145,Ananya Yadav,703,9.98,1,0,NOT_REGISTERED,NOT_APPLICABLE,1,21.45,10.5,294527,76.9,71.2
ENT_IN_23146,Neha Kumar,831,8.13,1,1,UDYAM-KA-03-3886734,UNREGISTERED,1,37.78,9.5,253658,42.4,86.2
ENT_IN_23147,Savita Kaur,841,23.26,1,1,UDYAM-UP-03-5881945,NOT_APPLICABLE,1,42.15,11.4,55068,60.3,82.5
ENT_IN_23148,Lakshmi Banerjee,602,19.02,1,1,UDYAM-GJ-03-8604196,ACTIVE,1,28.08,2.4,91992,44.4,70.6
ENT_IN_23149,Arjun Mishra,784,8.17,1,1,UDYAM-UP-03-4944366,UNREGISTERED,0,8.64,0.1,420095,85.0,91.7
ENT_IN_23150,Anil Kumar,639,6.84,1,1,NOT_REGISTERED,NOT_APPLICABLE,1,36.61,0.3,274457,55.6,66.7
ENT_IN_23151,Neha Khan,808,24.93,1,0,NOT_REGISTERED,NOT_APPLICABLE,1,40.83,5.3,55351,67.8,73.9
ENT_IN_23152,Bhavna Singh,648,10.68,1,1,UDYAM-GJ-03-2137823,NOT_APPLICABLE,1,27.38,5.7,371221,75.0,78.6
ENT_IN_23153,Arjun Chaudhary,673,17.08,0,1,NOT_REGISTERED,ACTIVE,1,20.73,0.9,305162,90.7,81.2
ENT_IN_23154,Sanjay Kaur,761,16.77,1,1,UDYAM-PB-03-4982674,NOT_APPLICABLE,0,0.53,11.8,382135,39.9,78.2
ENT_IN_23155,Amit Yadav,604,4.03,1,1,UDYAM-KA-03-3443978,UNREGISTERED,1,25.35,6.8,345845,54.6,74.6
ENT_IN_23156,Sujata Rao,727,2.22,1,1,NOT_REGISTERED,NOT_APPLICABLE,1,30.47,1.1,73730,80.9,73.7
ENT_IN_23157,Rohan Mishra,600,12.89,1,1,NOT_REGISTERED,NOT_APPLICABLE,1,12.56,8.8,399678,56.6,61.5
ENT_IN_23158,Kiran Das,807,9.95,1,1,NOT_REGISTERED,NOT_APPLICABLE,1,40.48,2.1,71747,91.7,86.4
ENT_IN_23159,Savita Shah,621,0.84,1,0,UDYAM-MH-03-9575844,NOT_APPLICABLE,0,31.2,11.9,290144,44.2,49.1
ENT_IN_23160,Rekha Chatterjee,749,23.09,1,1,NOT_REGISTERED,NOT_APPLICABLE,1,4.33,3.0,230586,48.9,73.3
ENT_IN_23161,Lakshmi Mishra,659,0.14,1,1,NOT_REGISTERED,ACTIVE,1,6.33,9.8,195337,42.7,77.8
ENT_IN_23162,Savita Gowda,796,17.05,1,1,UDYAM-GJ-03-9511535,NOT_APPLICABLE,1,0.65,0.7,48471,43.9,78.3
ENT_IN_23163,Anil Rao,742,3.18,1,0,UDYAM-GJ-03-8730224,NOT_APPLICABLE,1,20.26,9.2,312047,73.5,77.2
ENT_IN_23164,Sanjay Sharma,0,18.56,1,1,UDYAM-PB-03-2656936,NOT_APPLICABLE,1,26.46,3.3,443846,85.2,68.6
ENT_IN_23165,Ganesh Deshmukh,670,14.63,1,1,UDYAM-PB-03-9619613,ACTIVE,0,25.9,0.1,380513,84.9,88.5
ENT_IN_23166,Seema Kumar,757,17.73,1,1,NOT_REGISTERED,NOT_APPLICABLE,1,22.64,10.6,408559,47.1,83.5
ENT_IN_23167,Neha Verma,671,14.92,1,1,UDYAM-PB-03-8791543,ACTIVE,1,20.95,2.1,417718,46.0,85.0
ENT_IN_23168,Seema Reddy,656,18.08,1,1,UDYAM-UP-03-6371042,UNREGISTERED,1,6.36,6.7,406660,67.1,87.5
ENT_IN_23169,Preeti Gowda,812,1.29,1,1,NOT_REGISTERED,NOT_APPLICABLE,1,30.66,8.1,268023,73.8,89.6
ENT_IN_23170,Tariq Shah,792,14.84,1,0,UDYAM-UP-03-7842163,NOT_APPLICABLE,1,38.56,6.1,392731,61.3,86.0
ENT_IN_23171,Mahesh Kumar,821,8.68,1,1,UDYAM-UP-03-3023678,ACTIVE,1,33.94,0.7,329338,96.9,100.0
ENT_IN_23172,Mahesh Yadav,660,5.95,1,1,NOT_REGISTERED,NOT_APPLICABLE,1,14.48,0.8,375299,78.9,79.9
ENT_IN_23173,Anita Reddy,705,0.91,1,1,NOT_REGISTERED,ACTIVE,1,4.91,4.4,145701,72.9,82.1
ENT_IN_23174,Radha Shah,552,0.8,1,1,UDYAM-UP-03-5610425,ACTIVE,0,26.51,0.3,384374,56.6,70.9
ENT_IN_23175,Manoj Gowda,804,17.53,1,1,NOT_REGISTERED,ACTIVE,1,33.22,1.0,424291,81.9,100.0
ENT_IN_23176,Tariq Chaudhary,845,16.26,1,1,UDYAM-UP-03-1884603,NOT_APPLICABLE,1,35.34,6.9,236797,49.2,92.1
ENT_IN_23177,Kiran Verma,838,24.63,1,1,NOT_REGISTERED,NOT_APPLICABLE,1,10.71,9.7,272405,78.9,92.4
ENT_IN_23178,Gurpreet Rao,555,12.12,1,1,UDYAM-MH-03-3537409,ACTIVE,1,7.59,12.0,75814,48.5,71.8
ENT_IN_23179,Mamta Mehta,576,7.87,1,1,UDYAM-TN-03-4891055,UNREGISTERED,0,21.94,6.0,436930,73.5,63.5
ENT_IN_23180,Ayesha Chaudhary,704,7.34,1,1,NOT_REGISTERED,NOT_APPLICABLE,1,2.67,2.5,178497,36.9,69.0
ENT_IN_23181,Mahesh Patel,729,24.89,1,1,UDYAM-MH-03-9929170,NOT_APPLICABLE,1,17.87,11.3,285277,66.2,82.8
ENT_IN_23182,Vijay Singh,685,8.85,1,1,NOT_REGISTERED,NOT_APPLICABLE,1,43.0,5.7,144658,36.4,67.5
ENT_IN_23183,Amit Shah,771,1.22,1,1,UDYAM-KA-03-3764817,UNREGISTERED,1,25.9,9.6,348012,88.3,98.5
ENT_IN_23184,Pradeep Kumar,660,3.12,1,1,NOT_REGISTERED,NOT_APPLICABLE,0,18.99,8.1,235228,45.2,59.5
ENT_IN_23185,Geeta Reddy,630,2.24,1,1,UDYAM-TN-03-1467402,ACTIVE,1,30.57,7.2,124864,77.9,79.3
ENT_IN_23186,Mohammed Kulkarni,797,22.83,1,1,UDYAM-TN-03-5239230,NOT_APPLICABLE,1,41.11,4.2,394905,73.4,94.1
ENT_IN_23187,Geeta Nair,552,14.95,0,1,UDYAM-MH-03-6306285,NOT_APPLICABLE,1,35.7,9.6,321023,43.1,59.2
ENT_IN_23188,Suresh Sheikh,652,22.49,1,1,UDYAM-KA-03-4769267,NOT_APPLICABLE,0,11.59,1.0,439737,80.1,77.1
ENT_IN_23189,Seema Mehta,746,1.5,1,1,NOT_REGISTERED,NOT_APPLICABLE,1,8.73,8.1,49101,93.0,78.0
ENT_IN_23190,Rekha Banerjee,829,12.67,1,1,UDYAM-TN-03-5132450,ACTIVE,0,26.91,8.1,317364,93.9,99.1
ENT_IN_23191,Preeti Shah,711,20.62,1,1,UDYAM-TN-03-5118431,ACTIVE,1,38.4,4.0,87280,46.0,80.8
ENT_IN_23192,Sangeeta Deshmukh,836,23.15,1,1,NOT_REGISTERED,UNREGISTERED,1,40.52,2.8,247266,53.8,84.2
ENT_IN_23193,Anita Patel,649,10.42,1,1,UDYAM-MH-03-2167706,NOT_APPLICABLE,0,37.44,11.0,70721,94.7,63.0
ENT_IN_23194,Ananya Rao,605,14.11,1,1,UDYAM-KA-03-6821726,NOT_APPLICABLE,1,33.83,1.1,163916,60.6,72.1
ENT_IN_23195,Vijay Banerjee,751,19.32,0,1,UDYAM-GJ-03-2037720,NOT_APPLICABLE,1,42.98,6.3,229287,92.1,92.6
ENT_IN_23196,Mohammed Singh,684,7.72,1,1,UDYAM-TN-03-9876766,UNREGISTERED,1,9.76,8.3,336627,36.6,75.7
ENT_IN_23197,Kavita Patel,839,15.1,1,1,UDYAM-PB-03-2244812,ACTIVE,1,25.16,11.5,79087,66.3,97.5
ENT_IN_23198,Savita Kumar,654,18.87,1,1,UDYAM-UP-03-8138408,NOT_APPLICABLE,1,29.18,5.1,430471,84.0,88.2
ENT_IN_23199,Amit Chaudhary,634,7.6,1,0,UDYAM-PB-03-5742349,ACTIVE,1,20.43,5.3,124050,53.0,65.9
ENT_IN_23200,Suresh Patil,838,2.33,1,1,UDYAM-KA-03-9796189,ACTIVE,1,32.21,9.9,258703,37.9,96.1
ENT_IN_23201,Mamta Verma,0,8.04,1,1,NOT_REGISTERED,ACTIVE,1,30.63,0.5,377968,54.9,60.6
ENT_IN_23202,Sunil Kumar,734,6.65,1,1,NOT_REGISTERED,NOT_APPLICABLE,1,36.48,7.7,126003,93.3,80.4
ENT_IN_23203,Preeti Mehta,830,7.92,1,1,UDYAM-UP-03-1065724,NOT_APPLICABLE,1,18.36,4.6,380754,89.3,99.3
ENT_IN_23204,Bhavna Verma,0,8.94,1,0,NOT_REGISTERED,ACTIVE,1,0.61,8.6,224671,85.2,58.5
ENT_IN_23205,Priya Patel,741,8.09,1,1,NOT_REGISTERED,NOT_APPLICABLE,1,32.19,4.9,116810,87.4,78.9
ENT_IN_23206,Radha Sheikh,775,24.7,1,0,NOT_REGISTERED,UNREGISTERED,1,44.26,11.3,351226,48.8,77.9
ENT_IN_23207,Rajesh Yadav,657,6.28,1,1,UDYAM-PB-03-2840781,NOT_APPLICABLE,1,32.33,4.0,441739,91.0,89.3
ENT_IN_23208,Pooja Verma,637,22.38,1,1,UDYAM-PB-03-1704134,NOT_APPLICABLE,1,24.63,3.3,446164,91.2,82.0
ENT_IN_23209,Ganesh Deshmukh,637,5.48,1,1,NOT_REGISTERED,NOT_APPLICABLE,1,29.46,2.5,189229,98.3,73.1
ENT_IN_23210,Meena Das,782,5.06,1,1,NOT_REGISTERED,NOT_APPLICABLE,1,12.88,3.1,196129,35.8,74.9
ENT_IN_23211,Amit Das,609,10.7,1,1,NOT_REGISTERED,UNREGISTERED,0,31.25,5.2,424287,97.5,67.1
ENT_IN_23212,Vikram Reddy,0,23.76,1,1,UDYAM-KA-03-9140227,UNREGISTERED,1,5.46,3.2,235125,67.5,66.0
ENT_IN_23213,Bhavna Shah,741,19.8,1,1,UDYAM-PB-03-1887751,ACTIVE,1,12.45,0.6,245164,75.6,96.1
ENT_IN_23214,Ananya Banerjee,718,0.63,1,1,NOT_REGISTERED,UNREGISTERED,1,43.29,6.6,234450,41.5,69.6
ENT_IN_23215,Deepak Chatterjee,600,20.05,1,1,UDYAM-MH-03-2627714,UNREGISTERED,1,8.7,6.2,435110,86.5,79.9
ENT_IN_23216,Bhavna Nair,603,5.69,1,1,NOT_REGISTERED,ACTIVE,1,40.14,8.2,83613,71.6,69.8
ENT_IN_23217,Kavita Das,709,14.01,1,1,UDYAM-UP-03-9683057,NOT_APPLICABLE,1,26.04,4.0,306564,80.4,88.6
ENT_IN_23218,Kiran Sheikh,703,0.76,1,1,UDYAM-PB-03-2343573,NOT_APPLICABLE,1,28.48,6.3,99673,57.5,77.7
ENT_IN_23219,Savita Sharma,751,21.41,0,1,UDYAM-UP-03-2836671,NOT_APPLICABLE,0,31.85,8.3,147539,62.8,74.5
ENT_IN_23220,Lakshmi Singh,712,3.72,1,1,UDYAM-MH-03-4044877,NOT_APPLICABLE,1,28.97,10.3,323296,92.5,93.2
ENT_IN_23221,Meena Singh,670,23.23,1,0,UDYAM-KA-03-4735838,ACTIVE,0,8.43,3.4,43026,94.2,71.4
ENT_IN_23222,Neha Sharma,614,11.6,1,1,UDYAM-MH-03-8503028,NOT_APPLICABLE,1,5.26,4.5,31529,72.5,68.5
ENT_IN_23223,Harpreet Kumar,841,17.29,1,0,UDYAM-TN-03-4017159,UNREGISTERED,1,4.58,9.7,142345,64.8,80.8
ENT_IN_23224,Rekha Sheikh,552,7.2,1,1,UDYAM-UP-03-4099777,ACTIVE,0,11.64,5.9,129760,59.0,65.3
ENT_IN_23225,Kiran Patel,557,12.57,1,1,NOT_REGISTERED,ACTIVE,1,22.4,6.0,192186,68.5,73.8
ENT_IN_23226,Ananya Sharma,0,22.1,0,1,UDYAM-PB-03-5898151,ACTIVE,1,18.83,6.4,50478,51.3,49.2
ENT_IN_23227,Fatima Patil,735,4.13,1,1,UDYAM-GJ-03-9319956,ACTIVE,0,31.09,5.2,433575,99.9,92.7
ENT_IN_23228,Prakash Nair,583,19.71,1,1,UDYAM-PB-03-8418336,NOT_APPLICABLE,1,22.65,6.8,335948,70.8,77.8
ENT_IN_23229,Simran Gowda,784,21.3,1,1,UDYAM-PB-03-1280998,NOT_APPLICABLE,1,16.21,8.0,250104,89.9,100.0
ENT_IN_23230,Pradeep Deshmukh,835,5.54,1,1,UDYAM-UP-03-1143520,UNREGISTERED,0,29.48,9.4,191898,82.1,86.8
ENT_IN_23231,Rekha Deshmukh,790,10.97,1,0,UDYAM-KA-03-2457727,NOT_APPLICABLE,1,28.44,9.0,339187,69.8,88.0
ENT_IN_23232,Deepika Verma,817,21.13,1,1,UDYAM-TN-03-3272362,ACTIVE,1,19.53,8.2,285241,83.0,100.0
ENT_IN_23233,Fatima Mehta,561,8.59,1,1,UDYAM-TN-03-5514316,ACTIVE,1,36.57,8.9,352535,80.4,86.7
ENT_IN_23234,Sunita Singh,616,14.2,1,1,UDYAM-TN-03-8091189,ACTIVE,1,1.06,3.9,259750,57.6,80.8
ENT_IN_23235,Suresh Banerjee,575,23.43,1,0,NOT_REGISTERED,ACTIVE,1,7.78,1.6,216677,85.5,71.5
ENT_IN_23236,Amit Gowda,804,11.08,1,1,UDYAM-TN-03-4281415,NOT_APPLICABLE,1,13.98,0.4,261734,48.7,92.0
ENT_IN_23237,Deepak Nair,794,8.49,1,1,UDYAM-UP-03-2663895,UNREGISTERED,0,9.27,1.5,188520,66.8,81.1
ENT_IN_23238,Priya Mishra,846,2.02,1,0,UDYAM-GJ-03-3964344,NOT_APPLICABLE,1,27.07,7.1,361665,36.3,82.4
ENT_IN_23239,Vijay Shah,0,16.3,1,1,UDYAM-KA-03-2937034,ACTIVE,1,41.77,8.9,360493,41.1,68.1
ENT_IN_23240,Fatima Sharma,772,15.31,1,1,UDYAM-TN-03-6517934,ACTIVE,1,2.17,6.5,290443,57.6,100.0
ENT_IN_23241,Prakash Sharma,571,2.7,1,1,NOT_REGISTERED,NOT_APPLICABLE,1,37.27,6.7,334780,39.3,57.1
ENT_IN_23242,Manoj Mishra,679,13.82,1,1,UDYAM-TN-03-4183702,UNREGISTERED,1,8.75,6.4,144689,63.9,82.5
ENT_IN_23243,Fatima Kaur,0,12.06,1,1,NOT_REGISTERED,NOT_APPLICABLE,1,7.37,10.9,138757,58.7,47.4
ENT_IN_23244,Geeta Singh,0,22.57,1,1,UDYAM-TN-03-8967128,NOT_APPLICABLE,1,13.94,6.1,148396,97.1,66.7
ENT_IN_23245,Karan Patel,598,16.24,1,1,NOT_REGISTERED,ACTIVE,1,9.59,2.4,361775,72.7,74.5
ENT_IN_23246,Suresh Mehta,683,13.45,1,0,UDYAM-TN-03-7670549,ACTIVE,1,12.26,6.0,60772,82.5,80.6
ENT_IN_23247,Harpreet Joshi,705,14.51,1,1,UDYAM-TN-03-6507114,UNREGISTERED,1,31.42,8.4,32978,86.3,81.2
ENT_IN_23248,Manoj Deshmukh,828,1.35,1,0,UDYAM-GJ-03-2054671,ACTIVE,1,23.21,3.1,308927,64.4,92.0
ENT_IN_23249,Sanjay Shah,677,6.7,1,1,UDYAM-KA-03-5604529,NOT_APPLICABLE,1,5.96,9.3,387211,66.0,84.1
ENT_IN_23250,Ashok Kaur,654,3.7,1,1,UDYAM-MH-03-7546196,NOT_APPLICABLE,1,39.4,1.2,193573,82.9,84.3
ENT_IN_23251,Ayesha Yadav,0,19.17,1,1,UDYAM-PB-03-4325297,ACTIVE,1,18.73,3.9,412960,85.1,75.3
ENT_IN_23252,Meena Mishra,554,4.31,1,1,UDYAM-MH-03-7124252,ACTIVE,1,21.28,0.0,28814,83.4,76.1
ENT_IN_23253,Harpreet Kulkarni,672,19.26,1,1,UDYAM-GJ-03-5155715,ACTIVE,1,41.16,8.6,155770,98.3,96.8
ENT_IN_23254,Radha Kaur,612,16.19,1,1,NOT_REGISTERED,ACTIVE,1,43.55,3.2,330930,38.4,64.1
ENT_IN_23255,Rahul Das,609,6.06,1,1,NOT_REGISTERED,NOT_APPLICABLE,1,8.17,0.6,244581,86.7,72.7
ENT_IN_23256,Deepak Kulkarni,839,0.98,1,1,NOT_REGISTERED,ACTIVE,1,27.79,0.7,403552,36.7,83.5
ENT_IN_23257,Meena Joshi,633,17.06,1,1,UDYAM-PB-03-2462078,NOT_APPLICABLE,1,24.09,6.2,303373,54.7,69.2
ENT_IN_23258,Sujata Sheikh,742,14.44,0,0,UDYAM-PB-03-9833641,UNREGISTERED,1,39.05,11.5,37843,52.5,55.7
ENT_IN_23259,Sanjay Singh,590,16.18,1,1,UDYAM-GJ-03-2906857,NOT_APPLICABLE,1,0.29,11.8,241969,60.3,70.6
ENT_IN_23260,Harpreet Deshmukh,673,0.76,1,1,UDYAM-TN-03-9924905,ACTIVE,1,5.83,4.2,276141,50.4,89.7
ENT_IN_23261,Sangeeta Das,647,22.13,1,1,UDYAM-GJ-03-8895758,ACTIVE,1,38.76,10.3,397554,42.8,76.0
ENT_IN_23262,Ganesh Patil,767,12.39,0,1,UDYAM-TN-03-1683832,ACTIVE,1,37.14,12.0,429402,75.3,95.3
ENT_IN_23263,Neha Shah,566,23.71,0,1,NOT_REGISTERED,NOT_APPLICABLE,1,44.71,0.8,22428,57.5,47.7
ENT_IN_23264,Preeti Mishra,699,15.88,0,1,UDYAM-KA-03-8434306,UNREGISTERED,1,12.6,7.0,392312,44.8,69.0
ENT_IN_23265,Mamta Patel,667,11.02,1,1,UDYAM-TN-03-3063589,UNREGISTERED,1,43.58,9.3,113059,92.9,87.2
ENT_IN_23266,Savita Reddy,828,17.14,1,1,UDYAM-KA-03-6502870,ACTIVE,1,29.76,8.3,88312,60.1,92.3
ENT_IN_23267,Ayesha Das,770,23.79,1,0,UDYAM-GJ-03-5935852,NOT_APPLICABLE,0,25.99,10.8,414031,69.7,78.2
ENT_IN_23268,Fatima Chaudhary,554,12.65,1,1,NOT_REGISTERED,ACTIVE,1,8.1,7.3,293931,74.7,78.0
ENT_IN_23269,Kiran Chaudhary,610,11.63,1,1,UDYAM-UP-03-4702745,NOT_APPLICABLE,1,26.08,6.5,364775,95.4,84.7
ENT_IN_23270,Ashok Mehta,0,8.92,1,1,UDYAM-UP-03-5399203,NOT_APPLICABLE,1,38.88,7.5,385984,83.4,70.1
ENT_IN_23271,Meena Nair,762,2.08,1,1,UDYAM-GJ-03-8829703,UNREGISTERED,0,0.25,4.2,409415,68.0,82.8
ENT_IN_23272,Harpreet Kumar,0,17.12,1,1,UDYAM-MH-03-8756257,NOT_APPLICABLE,1,10.25,9.2,435124,78.0,65.3
ENT_IN_23273,Sanjay Banerjee,788,12.59,1,1,UDYAM-GJ-03-9571506,NOT_APPLICABLE,1,14.67,3.1,144070,65.8,89.9
ENT_IN_23274,Preeti Khan,770,24.48,1,1,NOT_REGISTERED,NOT_APPLICABLE,1,41.53,5.2,83923,72.2,83.9
ENT_IN_23275,Dinesh Chatterjee,806,17.56,1,1,UDYAM-MH-03-9930796,ACTIVE,0,17.84,5.9,357467,57.5,91.8
ENT_IN_23276,Fatima Singh,799,2.99,1,1,UDYAM-MH-03-6644820,ACTIVE,0,17.44,5.2,344331,36.4,86.6
ENT_IN_23277,Lakshmi Patel,605,19.27,1,1,UDYAM-MH-03-5399402,NOT_APPLICABLE,0,25.2,8.2,94645,91.4,66.9
ENT_IN_23278,Pooja Kaur,816,14.77,1,1,UDYAM-GJ-03-4257838,ACTIVE,0,32.38,3.6,104270,71.0,84.8
ENT_IN_23279,Harpreet Mehta,554,13.61,1,1,UDYAM-GJ-03-2100860,NOT_APPLICABLE,1,26.1,0.5,272279,55.1,70.5
ENT_IN_23280,Sunita Khan,641,15.24,1,1,NOT_REGISTERED,ACTIVE,1,40.1,3.7,438668,88.2,79.8
ENT_IN_23281,Lakshmi Yadav,836,10.63,1,0,UDYAM-UP-03-1821716,NOT_APPLICABLE,0,44.17,2.6,132926,35.4,65.3
ENT_IN_23282,Deepika Patil,775,20.86,1,1,UDYAM-PB-03-1906967,ACTIVE,1,37.99,0.3,377266,96.3,100.0
ENT_IN_23283,Seema Mehta,636,6.45,1,1,NOT_REGISTERED,NOT_APPLICABLE,1,13.57,8.0,235993,38.5,58.9
ENT_IN_23284,Lakshmi Das,721,7.57,1,1,UDYAM-PB-03-4439629,ACTIVE,0,19.19,0.7,199888,98.2,88.8
ENT_IN_23285,Geeta Yadav,847,8.52,0,1,NOT_REGISTERED,NOT_APPLICABLE,1,28.91,1.6,55912,46.9,64.2
ENT_IN_23286,Deepika Joshi,758,20.81,1,1,NOT_REGISTERED,ACTIVE,1,9.48,9.0,95344,59.5,82.8
ENT_IN_23287,Mamta Kulkarni,698,3.08,1,1,UDYAM-GJ-03-6676480,ACTIVE,1,33.4,7.6,350046,91.9,100.0
ENT_IN_23288,Ananya Joshi,597,12.33,1,1,UDYAM-KA-03-9004241,ACTIVE,1,4.41,9.3,434155,70.2,85.0
ENT_IN_23289,Kavita Nair,830,2.61,1,1,UDYAM-PB-03-1668803,NOT_APPLICABLE,1,43.52,12.0,389061,95.6,100.0
ENT_IN_23290,Anil Patel,568,16.78,1,1,UDYAM-TN-03-7327177,ACTIVE,1,38.25,0.7,386788,36.9,74.9
ENT_IN_23291,Gurpreet Nair,644,3.82,1,1,NOT_REGISTERED,UNREGISTERED,0,44.83,5.8,76518,40.3,46.1
ENT_IN_23292,Shweta Sharma,551,11.26,1,1,UDYAM-PB-03-6285034,UNREGISTERED,0,33.35,2.2,192754,44.6,55.7
ENT_IN_23293,Suresh Patil,818,16.61,1,1,UDYAM-KA-03-8011484,ACTIVE,1,43.16,3.8,268332,70.5,100.0
ENT_IN_23294,Sanjay Das,805,15.83,0,1,UDYAM-PB-03-2138279,ACTIVE,0,13.6,0.0,423451,51.2,79.0
ENT_IN_23295,Simran Kulkarni,732,4.17,0,1,UDYAM-UP-03-2916290,NOT_APPLICABLE,1,31.36,2.0,166408,77.2,73.2
ENT_IN_23296,Rajesh Shah,773,14.2,1,0,UDYAM-KA-03-8521661,ACTIVE,1,24.65,10.9,290575,57.9,90.2
ENT_IN_23297,Ramesh Kulkarni,825,6.46,1,1,NOT_REGISTERED,ACTIVE,1,11.47,7.5,405526,94.9,100.0
ENT_IN_23298,Dinesh Gowda,0,22.62,1,1,UDYAM-GJ-03-9845970,ACTIVE,1,29.75,2.3,268848,95.9,79.7
ENT_IN_23299,Rohan Gupta,622,16.24,1,1,UDYAM-GJ-03-9258960,UNREGISTERED,1,2.0,7.0,334343,81.3,81.2
ENT_IN_23300,Harpreet Chaudhary,740,6.21,1,1,UDYAM-KA-03-2330390,NOT_APPLICABLE,1,20.15,5.2,89435,91.5,83.8
ENT_IN_23301,Neha Kaur,847,5.45,1,1,UDYAM-KA-03-6536785,NOT_APPLICABLE,1,23.65,11.7,194416,84.9,99.0
ENT_IN_23302,Dinesh Nair,569,24.07,0,1,UDYAM-UP-03-3306074,UNREGISTERED,1,44.09,9.5,307620,98.9,74.4
ENT_IN_23303,Rahul Patel,640,6.8,1,1,NOT_REGISTERED,UNREGISTERED,1,43.57,2.8,317968,42.6,60.6
ENT_IN_23304,Geeta Rao,604,24.16,1,1,UDYAM-TN-03-1609931,ACTIVE,1,44.3,0.5,90639,71.8,78.0
ENT_IN_23305,Seema Verma,748,18.49,0,1,NOT_REGISTERED,ACTIVE,1,33.09,5.9,29141,64.2,67.5
ENT_IN_23306,Pradeep Patel,805,14.48,1,1,NOT_REGISTERED,UNREGISTERED,0,23.11,5.1,290885,62.9,73.4
ENT_IN_23307,Anita Patil,728,23.14,1,1,UDYAM-MH-03-8695998,ACTIVE,1,3.12,6.2,82842,47.2,80.3
ENT_IN_23308,Fatima Verma,816,1.64,1,1,NOT_REGISTERED,ACTIVE,1,26.95,5.8,372405,35.6,84.7
ENT_IN_23309,Rohan Gupta,696,0.01,1,1,UDYAM-KA-03-6044610,UNREGISTERED,1,40.67,2.0,233756,42.3,77.5
ENT_IN_23310,Ganesh Shah,745,20.76,1,0,UDYAM-PB-03-9380315,NOT_APPLICABLE,1,26.55,3.7,120225,43.2,64.0
ENT_IN_23311,Ramesh Joshi,560,4.3,1,1,NOT_REGISTERED,NOT_APPLICABLE,1,25.52,6.3,85634,94.1,68.1
ENT_IN_23312,Pooja Sharma,623,24.81,1,0,UDYAM-PB-03-4287919,ACTIVE,1,28.74,7.6,187453,41.8,67.4
ENT_IN_23313,Bhavna Gupta,770,17.24,1,1,UDYAM-MH-03-4689148,NOT_APPLICABLE,1,15.47,2.6,175750,54.8,86.0
ENT_IN_23314,Neha Rao,557,17.54,1,0,UDYAM-KA-03-5017883,NOT_APPLICABLE,1,20.4,8.3,361887,81.3,73.3
ENT_IN_23315,Manoj Chatterjee,560,11.05,0,1,UDYAM-UP-03-4903719,ACTIVE,1,22.33,10.5,222039,93.1,80.2
ENT_IN_23316,Mohammed Gowda,684,2.6,1,0,UDYAM-PB-03-8577660,NOT_APPLICABLE,1,27.97,8.5,430753,35.2,70.5
ENT_IN_23317,Ashok Gupta,586,6.42,1,1,UDYAM-MH-03-4753434,NOT_APPLICABLE,1,36.52,7.9,92459,86.8,72.5
ENT_IN_23318,Kiran Rao,765,5.17,1,1,UDYAM-GJ-03-6333730,NOT_APPLICABLE,1,14.35,3.5,401628,72.6,98.6
ENT_IN_23319,Sanjay Joshi,682,21.79,1,1,UDYAM-UP-03-5081278,NOT_APPLICABLE,1,8.06,9.8,405467,80.2,89.2
ENT_IN_23320,Rekha Singh,584,24.27,1,1,UDYAM-UP-03-2627494,NOT_APPLICABLE,1,33.84,0.7,365899,37.4,65.6
ENT_IN_23321,Dinesh Chatterjee,0,20.28,1,1,UDYAM-PB-03-9050109,ACTIVE,1,42.16,7.4,76426,91.4,70.1
ENT_IN_23322,Deepika Chaudhary,557,2.75,1,1,UDYAM-PB-03-8645154,ACTIVE,1,32.0,7.3,313929,78.6,81.8
ENT_IN_23323,Bhavna Verma,834,0.76,1,1,UDYAM-TN-03-7134350,NOT_APPLICABLE,1,2.86,0.1,392805,86.1,100.0
ENT_IN_23324,Geeta Rao,676,23.31,1,1,UDYAM-PB-03-1474541,ACTIVE,1,17.85,0.2,425808,54.0,90.3
ENT_IN_23325,Fatima Rao,775,13.11,1,1,NOT_REGISTERED,ACTIVE,1,14.98,4.7,262880,86.2,96.1
ENT_IN_23326,Rohan Patil,0,18.08,1,1,UDYAM-TN-03-5933212,ACTIVE,1,14.35,1.7,287752,99.4,78.1
ENT_IN_23327,Ayesha Mishra,848,20.22,1,1,UDYAM-UP-03-2241569,NOT_APPLICABLE,1,33.36,5.4,54042,65.1,83.9
ENT_IN_23328,Deepika Shah,559,15.09,1,1,UDYAM-KA-03-5679253,NOT_APPLICABLE,1,27.27,5.8,434971,71.6,78.5
ENT_IN_23329,Radha Reddy,735,9.34,1,1,UDYAM-MH-03-6798634,ACTIVE,1,42.58,5.6,368953,40.3,86.1
ENT_IN_23330,Ramesh Chatterjee,623,5.46,1,1,UDYAM-MH-03-8070441,ACTIVE,1,10.37,8.3,126745,92.3,80.8
ENT_IN_23331,Tariq Patil,614,0.37,1,0,NOT_REGISTERED,NOT_APPLICABLE,1,19.01,2.2,376306,40.9,55.9
ENT_IN_23332,Ashok Kaur,776,21.2,1,1,UDYAM-UP-03-5320112,ACTIVE,0,19.69,1.1,269646,76.0,95.0
ENT_IN_23333,Sujata Kumar,593,12.91,1,0,UDYAM-MH-03-7002945,NOT_APPLICABLE,1,38.92,2.0,411624,60.7,66.8
ENT_IN_23334,Seema Reddy,571,16.52,0,1,NOT_REGISTERED,ACTIVE,1,9.93,9.7,18304,78.9,62.0
ENT_IN_23335,Rahul Gowda,655,8.9,1,1,UDYAM-UP-03-2292217,NOT_APPLICABLE,0,21.34,6.6,275433,43.2,71.0
ENT_IN_23336,Vijay Kumar,649,22.28,1,1,NOT_REGISTERED,ACTIVE,1,41.58,5.2,438604,44.9,67.1
ENT_IN_23337,Kavita Banerjee,836,17.76,1,1,UDYAM-KA-03-1859789,NOT_APPLICABLE,1,8.23,10.1,183579,93.2,98.6
ENT_IN_23338,Karan Yadav,584,22.86,1,1,UDYAM-UP-03-6475673,ACTIVE,1,1.11,5.8,84206,78.2,77.8
ENT_IN_23339,Seema Singh,693,10.03,1,1,UDYAM-TN-03-4821957,ACTIVE,0,18.17,4.9,133787,48.7,72.8
ENT_IN_23340,Mamta Reddy,762,16.69,1,1,UDYAM-KA-03-6727440,UNREGISTERED,1,25.69,4.2,316183,46.5,91.3
ENT_IN_23341,Sangeeta Khan,699,12.0,1,1,UDYAM-PB-03-6720244,NOT_APPLICABLE,1,15.17,3.1,42468,59.6,76.9
ENT_IN_23342,Vikram Verma,687,9.82,1,1,NOT_REGISTERED,UNREGISTERED,0,11.14,0.4,247424,45.0,62.1
ENT_IN_23343,Geeta Reddy,689,12.54,1,1,UDYAM-GJ-03-1345983,NOT_APPLICABLE,0,22.79,5.8,296128,47.2,72.8
ENT_IN_23344,Lakshmi Khan,775,9.87,1,1,NOT_REGISTERED,ACTIVE,1,36.07,3.8,300388,76.0,97.6
ENT_IN_23345,Shweta Sharma,798,12.1,1,1,NOT_REGISTERED,UNREGISTERED,1,37.87,6.4,97001,53.9,76.0
ENT_IN_23346,Prakash Deshmukh,0,0.86,1,1,NOT_REGISTERED,NOT_APPLICABLE,1,8.81,9.9,208017,73.4,59.4
ENT_IN_23347,Bhavna Patil,573,2.29,1,1,UDYAM-TN-03-6674377,ACTIVE,1,30.81,7.9,367436,45.8,77.5
ENT_IN_23348,Priya Shah,553,10.56,1,1,UDYAM-GJ-03-4765675,NOT_APPLICABLE,1,9.88,0.3,402478,88.4,81.0
ENT_IN_23349,Deepika Sharma,767,14.42,1,1,NOT_REGISTERED,NOT_APPLICABLE,1,4.69,2.3,445356,61.4,82.6
ENT_IN_23350,Arjun Chaudhary,748,18.63,1,1,NOT_REGISTERED,ACTIVE,0,13.52,2.2,345131,61.0,75.0
ENT_IN_23351,Sanjay Kumar,590,11.5,1,1,NOT_REGISTERED,NOT_APPLICABLE,1,16.82,5.7,418037,66.4,63.9
ENT_IN_23352,Suresh Das,731,24.34,1,1,UDYAM-UP-03-3389286,ACTIVE,1,33.07,2.2,67988,57.3,80.3
ENT_IN_23353,Bhavna Kaur,558,9.07,1,1,UDYAM-PB-03-4902988,NOT_APPLICABLE,1,20.27,1.4,441646,83.8,79.4
ENT_IN_23354,Rajesh Chatterjee,774,1.86,1,1,NOT_REGISTERED,UNREGISTERED,1,2.51,4.9,289488,84.8,94.1
ENT_IN_23355,Shweta Reddy,641,9.1,1,1,NOT_REGISTERED,UNREGISTERED,1,37.97,2.7,441557,45.5,64.0
ENT_IN_23356,Vikram Banerjee,727,7.64,1,1,NOT_REGISTERED,NOT_APPLICABLE,1,4.87,10.1,29693,79.5,73.2
ENT_IN_23357,Deepika Shah,610,16.53,1,1,UDYAM-GJ-03-6151580,ACTIVE,1,26.7,11.1,397100,61.4,79.6
ENT_IN_23358,Anil Kulkarni,651,19.78,1,1,UDYAM-GJ-03-9154655,NOT_APPLICABLE,0,32.4,0.4,174662,61.3,71.6
ENT_IN_23359,Preeti Khan,779,3.78,1,1,NOT_REGISTERED,NOT_APPLICABLE,1,7.64,6.1,29649,73.2,80.3
ENT_IN_23360,Preeti Chatterjee,671,6.24,1,1,UDYAM-TN-03-4975614,NOT_APPLICABLE,1,9.29,4.6,78966,73.8,82.2
ENT_IN_23361,Gurpreet Shah,567,0.92,1,1,UDYAM-TN-03-8464797,NOT_APPLICABLE,1,43.7,2.6,63901,35.7,58.4
ENT_IN_23362,Ashok Joshi,799,15.96,1,1,NOT_REGISTERED,NOT_APPLICABLE,1,32.52,0.8,123590,37.1,73.9
ENT_IN_23363,Sunil Patil,849,4.81,1,1,UDYAM-PB-03-6531312,UNREGISTERED,1,9.18,7.4,405380,99.4,100.0
ENT_IN_23364,Preeti Reddy,657,6.26,1,1,NOT_REGISTERED,NOT_APPLICABLE,1,19.72,4.4,88773,56.2,68.7
ENT_IN_23365,Geeta Yadav,0,13.54,1,1,UDYAM-GJ-03-4801276,ACTIVE,1,28.24,4.6,117868,44.4,58.1
ENT_IN_23366,Sujata Gowda,812,0.28,1,1,NOT_REGISTERED,NOT_APPLICABLE,0,12.2,10.8,68984,62.3,68.1
ENT_IN_23367,Ramesh Mishra,791,15.31,1,1,UDYAM-KA-03-9403137,NOT_APPLICABLE,1,7.67,10.5,67678,41.0,83.7
ENT_IN_23368,Mamta Chatterjee,696,7.57,1,1,UDYAM-TN-03-4105540,NOT_APPLICABLE,1,32.63,5.7,22665,56.4,73.8
ENT_IN_23369,Tariq Khan,772,22.75,1,1,UDYAM-UP-03-7918498,NOT_APPLICABLE,1,42.59,0.8,405605,59.4,92.7
ENT_IN_23370,Sanjay Deshmukh,742,23.53,1,1,UDYAM-GJ-03-5170504,UNREGISTERED,0,16.31,1.0,211973,40.0,64.1
ENT_IN_23371,Mahesh Khan,709,13.18,1,1,UDYAM-GJ-03-4290892,NOT_APPLICABLE,1,22.8,4.9,70263,47.2,74.3
ENT_IN_23372,Vikram Mehta,720,1.82,1,0,UDYAM-MH-03-8183158,ACTIVE,1,7.3,5.3,108999,48.0,76.3
ENT_IN_23373,Ayesha Kaur,661,13.62,1,1,UDYAM-PB-03-4492004,NOT_APPLICABLE,1,11.93,1.5,280328,69.2,87.9
ENT_IN_23374,Neha Khan,579,19.43,0,0,UDYAM-UP-03-6701883,ACTIVE,1,20.74,11.7,268541,47.3,62.3
ENT_IN_23375,Rajesh Mishra,814,18.69,1,1,NOT_REGISTERED,ACTIVE,1,28.94,1.6,75023,60.0,85.5
ENT_IN_23376,Rekha Nair,760,9.31,0,1,UDYAM-KA-03-9195911,NOT_APPLICABLE,0,4.45,6.1,140520,95.3,79.6
ENT_IN_23377,Fatima Patil,779,8.36,0,1,NOT_REGISTERED,NOT_APPLICABLE,1,30.82,5.3,200815,45.7,70.2
ENT_IN_23378,Preeti Joshi,618,14.84,1,1,UDYAM-KA-03-1991926,NOT_APPLICABLE,0,2.3,9.5,330926,64.9,65.0
ENT_IN_23379,Radha Joshi,566,6.73,1,1,NOT_REGISTERED,NOT_APPLICABLE,1,43.48,1.5,201121,46.6,59.0
ENT_IN_23380,Preeti Mehta,705,12.01,1,1,NOT_REGISTERED,ACTIVE,1,2.42,2.5,300304,62.7,84.1
ENT_IN_23381,Anita Patil,653,12.32,1,1,UDYAM-KA-03-6958762,ACTIVE,1,43.47,2.8,330407,43.0,86.5
ENT_IN_23382,Seema Mehta,823,4.98,0,1,UDYAM-GJ-03-6774423,NOT_APPLICABLE,1,1.11,2.1,304659,44.8,79.5
ENT_IN_23383,Pradeep Nair,842,7.0,1,1,NOT_REGISTERED,UNREGISTERED,1,12.2,5.8,330313,40.6,80.0
ENT_IN_23384,Fatima Kulkarni,732,18.86,0,1,NOT_REGISTERED,ACTIVE,1,36.27,3.4,152361,60.3,69.5
ENT_IN_23385,Sangeeta Gupta,766,15.68,1,1,UDYAM-MH-03-5011437,ACTIVE,1,22.95,1.7,296104,52.4,97.5
ENT_IN_23386,Pradeep Yadav,586,15.43,1,0,NOT_REGISTERED,NOT_APPLICABLE,1,25.48,5.5,321100,71.9,59.8
ENT_IN_23387,Sujata Deshmukh,629,10.06,1,1,UDYAM-PB-03-6344183,ACTIVE,1,35.12,4.8,181292,46.0,72.0
ENT_IN_23388,Shweta Chatterjee,727,13.48,1,1,UDYAM-TN-03-1226212,ACTIVE,1,22.27,6.7,158007,41.4,83.1
ENT_IN_23389,Ashok Yadav,805,10.85,1,1,UDYAM-KA-03-6078019,ACTIVE,0,36.36,9.9,87340,65.1,83.0
ENT_IN_23390,Rekha Rao,804,18.33,1,1,NOT_REGISTERED,ACTIVE,0,21.19,1.9,61165,83.1,81.4
ENT_IN_23391,Rajesh Verma,635,17.71,1,1,NOT_REGISTERED,ACTIVE,1,8.18,6.5,184361,89.2,78.1
ENT_IN_23392,Seema Joshi,759,16.46,1,1,UDYAM-GJ-03-8065367,UNREGISTERED,0,21.38,5.1,346093,65.0,82.1
ENT_IN_23393,Dinesh Shah,818,20.81,1,1,UDYAM-KA-03-3004869,NOT_APPLICABLE,1,10.08,6.2,62666,51.3,81.8
ENT_IN_23394,Tariq Singh,569,6.6,1,1,NOT_REGISTERED,ACTIVE,1,11.28,7.1,157397,65.1,68.4
ENT_IN_23395,Ashok Chatterjee,619,17.38,1,1,UDYAM-MH-03-6820232,ACTIVE,1,3.02,6.2,306963,94.9,86.4
ENT_IN_23396,Mohammed Patil,0,16.69,1,1,UDYAM-GJ-03-2673573,ACTIVE,1,34.22,2.5,198492,95.4,76.8
ENT_IN_23397,Ayesha Sheikh,724,12.02,0,1,UDYAM-TN-03-1817395,NOT_APPLICABLE,1,42.6,4.6,103524,87.6,76.1
ENT_IN_23398,Priya Yadav,664,1.13,1,1,UDYAM-UP-03-5995134,ACTIVE,1,19.19,2.5,41718,85.6,89.1
ENT_IN_23399,Dinesh Reddy,666,10.36,1,1,UDYAM-GJ-03-5359420,UNREGISTERED,1,26.46,9.7,238932,92.2,90.5
ENT_IN_23400,Ayesha Verma,608,18.41,1,1,UDYAM-KA-03-1462016,NOT_APPLICABLE,0,4.39,2.0,67789,43.9,51.5
ENT_IN_23401,Pooja Sharma,685,8.81,1,1,NOT_REGISTERED,NOT_APPLICABLE,0,2.9,5.6,366966,91.7,70.5
ENT_IN_23402,Gurpreet Patil,0,10.19,0,1,NOT_REGISTERED,ACTIVE,1,20.22,2.4,405229,76.6,61.1
ENT_IN_23403,Ayesha Nair,621,6.67,1,1,UDYAM-GJ-03-1058825,ACTIVE,1,39.76,10.4,448061,96.1,90.0
ENT_IN_23404,Vijay Rao,790,19.68,1,1,UDYAM-MH-03-3443600,NOT_APPLICABLE,1,43.09,10.4,254922,99.7,100.0
ENT_IN_23405,Deepak Sharma,760,11.3,1,1,UDYAM-GJ-03-3716967,NOT_APPLICABLE,0,12.62,10.9,288335,60.3,85.5
ENT_IN_23406,Radha Mehta,567,19.45,0,1,UDYAM-UP-03-6933994,NOT_APPLICABLE,1,4.71,11.4,180913,62.6,63.4
ENT_IN_23407,Shweta Reddy,560,5.37,1,1,NOT_REGISTERED,UNREGISTERED,1,18.93,2.1,307992,95.2,72.0
ENT_IN_23408,Vijay Mehta,842,13.02,1,1,UDYAM-GJ-03-2381458,NOT_APPLICABLE,1,39.79,6.0,378687,75.6,96.6
ENT_IN_23409,Fatima Reddy,773,1.56,1,1,UDYAM-GJ-03-1866879,ACTIVE,0,8.31,4.6,266960,43.1,85.7
ENT_IN_23410,Ramesh Singh,633,21.76,1,1,UDYAM-GJ-03-6238375,UNREGISTERED,1,2.52,6.8,218074,62.4,70.0
ENT_IN_23411,Bhavna Banerjee,712,14.45,1,0,NOT_REGISTERED,ACTIVE,1,28.57,0.9,342468,47.6,70.6
ENT_IN_23412,Ganesh Chatterjee,551,13.95,1,1,NOT_REGISTERED,UNREGISTERED,1,17.97,3.6,140105,47.8,56.9
ENT_IN_23413,Seema Singh,651,19.18,1,1,NOT_REGISTERED,ACTIVE,1,35.73,6.8,204143,51.7,77.0
ENT_IN_23414,Lakshmi Kaur,831,2.79,1,0,NOT_REGISTERED,UNREGISTERED,1,23.19,7.2,134470,45.6,68.8
ENT_IN_23415,Geeta Reddy,803,11.08,1,1,UDYAM-MH-03-2438939,NOT_APPLICABLE,1,25.26,6.1,76988,51.3,83.4
ENT_IN_23416,Geeta Joshi,776,14.91,1,0,NOT_REGISTERED,NOT_APPLICABLE,1,22.19,7.3,365616,37.1,73.6
ENT_IN_23417,Anita Kulkarni,671,6.73,1,0,UDYAM-GJ-03-2388597,NOT_APPLICABLE,0,37.21,3.9,250196,37.7,62.7
ENT_IN_23418,Preeti Verma,741,15.49,1,1,UDYAM-TN-03-5385248,UNREGISTERED,1,10.44,11.5,411536,92.9,93.9
ENT_IN_23419,Rekha Chaudhary,794,2.9,1,1,UDYAM-KA-03-2777529,ACTIVE,1,17.72,11.0,204679,37.3,89.8
ENT_IN_23420,Bhavna Kulkarni,586,7.97,1,1,UDYAM-PB-03-2654514,NOT_APPLICABLE,1,38.0,2.0,364215,55.9,72.2
ENT_IN_23421,Harpreet Banerjee,752,2.82,1,1,UDYAM-UP-03-1858172,ACTIVE,1,34.77,5.0,139731,50.1,94.1
ENT_IN_23422,Rekha Patil,784,17.58,1,1,NOT_REGISTERED,NOT_APPLICABLE,1,27.39,0.6,336322,38.9,78.4
ENT_IN_23423,Mamta Reddy,720,22.38,1,1,UDYAM-PB-03-5273232,ACTIVE,1,8.04,2.0,396594,50.2,89.2
ENT_IN_23424,Vikram Gupta,755,4.35,1,1,UDYAM-GJ-03-3094033,NOT_APPLICABLE,1,20.99,11.2,59531,43.0,78.1
ENT_IN_23425,Savita Mehta,729,15.64,1,1,UDYAM-TN-03-2911063,NOT_APPLICABLE,1,7.59,5.4,318291,61.6,82.7
ENT_IN_23426,Ashok Chatterjee,0,20.5,1,1,UDYAM-UP-03-4504870,ACTIVE,0,33.71,6.3,143432,86.3,59.5
ENT_IN_23427,Rohan Sheikh,777,12.81,1,1,UDYAM-PB-03-4707071,NOT_APPLICABLE,1,3.56,8.1,354743,76.6,95.7
ENT_IN_23428,Kavita Yadav,828,19.36,1,1,UDYAM-UP-03-9312201,ACTIVE,1,39.78,7.4,310844,85.8,100.0
ENT_IN_23429,Priya Chatterjee,0,12.02,1,1,NOT_REGISTERED,NOT_APPLICABLE,1,24.18,1.5,160759,73.8,57.8
ENT_IN_23430,Rekha Sharma,837,9.01,1,1,UDYAM-GJ-03-9017001,ACTIVE,1,23.71,7.5,142739,70.1,96.2
ENT_IN_23431,Ramesh Nair,602,15.43,1,1,UDYAM-PB-03-3343609,NOT_APPLICABLE,1,25.14,6.7,239277,70.2,76.3
ENT_IN_23432,Simran Chaudhary,769,0.66,1,1,UDYAM-UP-03-4355425,ACTIVE,1,31.73,12.0,220315,65.0,100.0
ENT_IN_23433,Anita Nair,655,5.94,1,1,UDYAM-GJ-03-7621385,ACTIVE,1,29.74,7.3,354723,58.1,87.8
ENT_IN_23434,Kavita Gowda,831,8.62,1,0,NOT_REGISTERED,NOT_APPLICABLE,1,23.56,5.7,60946,52.5,71.4
ENT_IN_23435,Sunil Khan,812,10.71,1,1,UDYAM-UP-03-1426491,UNREGISTERED,1,27.98,0.1,378650,87.8,98.9
ENT_IN_23436,Rohan Banerjee,750,22.26,1,1,NOT_REGISTERED,NOT_APPLICABLE,1,20.72,5.5,217008,78.6,85.5
ENT_IN_23437,Tariq Yadav,717,13.54,1,1,UDYAM-PB-03-2051371,NOT_APPLICABLE,1,43.37,7.4,246142,79.3,89.3
ENT_IN_23438,Amit Mehta,625,4.89,1,0,NOT_REGISTERED,ACTIVE,0,6.63,11.4,363027,63.7,54.3
ENT_IN_23439,Sunita Kaur,591,3.72,1,1,NOT_REGISTERED,UNREGISTERED,1,22.91,1.3,422332,70.5,65.0
ENT_IN_23440,Sunil Kumar,566,17.36,1,1,UDYAM-MH-03-5867222,NOT_APPLICABLE,1,38.2,4.7,291889,74.7,77.5
ENT_IN_23441,Rahul Gowda,589,22.35,1,1,UDYAM-UP-03-5263332,NOT_APPLICABLE,1,26.35,4.0,299894,57.7,71.0
ENT_IN_23442,Shweta Rao,568,5.53,1,0,UDYAM-UP-03-1330047,ACTIVE,1,27.81,2.2,400330,75.1,74.8
ENT_IN_23443,Vijay Patil,624,15.36,1,1,NOT_REGISTERED,NOT_APPLICABLE,1,39.0,4.6,16870,84.3,59.6
ENT_IN_23444,Sunita Chatterjee,710,2.67,0,1,NOT_REGISTERED,NOT_APPLICABLE,1,40.96,6.6,369393,90.7,72.1
ENT_IN_23445,Suresh Deshmukh,627,4.12,1,0,UDYAM-TN-03-7574749,UNREGISTERED,0,32.67,9.8,386828,54.0,53.4
ENT_IN_23446,Rajesh Kumar,618,8.1,1,1,UDYAM-MH-03-3207823,NOT_APPLICABLE,1,24.42,11.8,295547,85.6,81.0
ENT_IN_23447,Mohammed Patil,658,8.97,1,1,UDYAM-KA-03-9683297,NOT_APPLICABLE,1,11.63,11.8,418546,54.9,84.2
ENT_IN_23448,Sujata Gupta,828,15.18,1,1,UDYAM-KA-03-1309852,NOT_APPLICABLE,1,5.49,7.4,414609,57.6,90.2
ENT_IN_23449,Meena Kaur,624,8.22,0,1,NOT_REGISTERED,ACTIVE,1,4.11,8.1,83765,74.0,63.5
ENT_IN_23450,Harpreet Sharma,806,1.13,1,1,NOT_REGISTERED,ACTIVE,1,35.3,1.2,211644,39.1,85.7
ENT_IN_23451,Pradeep Mishra,801,12.4,1,1,NOT_REGISTERED,NOT_APPLICABLE,1,21.68,0.9,51819,35.2,70.8
ENT_IN_23452,Dinesh Rao,642,3.5,1,1,UDYAM-GJ-03-6367815,ACTIVE,1,30.04,1.2,83229,52.7,74.4
ENT_IN_23453,Kiran Verma,674,12.64,1,1,UDYAM-KA-03-1401722,ACTIVE,1,35.5,10.9,201707,53.8,83.6
ENT_IN_23454,Suresh Kaur,740,18.44,1,1,UDYAM-MH-03-3293299,NOT_APPLICABLE,1,17.29,2.8,61611,95.2,84.0
ENT_IN_23455,Anil Nair,639,21.99,1,1,UDYAM-TN-03-5763867,NOT_APPLICABLE,1,3.47,10.1,58651,94.6,72.5
ENT_IN_23456,Kavita Gupta,780,19.79,1,1,NOT_REGISTERED,ACTIVE,1,0.54,2.1,331350,82.3,95.4
ENT_IN_23457,Mamta Das,728,16.38,1,1,UDYAM-MH-03-9609173,NOT_APPLICABLE,1,43.27,11.9,134587,37.0,75.4
ENT_IN_23458,Bhavna Nair,789,11.39,1,1,NOT_REGISTERED,UNREGISTERED,1,38.31,5.9,247049,99.9,93.9
ENT_IN_23459,Rajesh Verma,659,0.37,1,1,UDYAM-PB-03-7394682,NOT_APPLICABLE,1,2.78,0.5,84853,50.0,71.8
ENT_IN_23460,Vikram Gupta,767,14.81,1,1,UDYAM-TN-03-7532180,ACTIVE,1,28.55,2.8,384922,84.4,100.0
ENT_IN_23461,Lakshmi Deshmukh,585,21.29,1,1,UDYAM-PB-03-2984665,ACTIVE,0,25.09,1.2,95127,79.0,68.6
ENT_IN_23462,Fatima Reddy,756,24.09,1,1,NOT_REGISTERED,NOT_APPLICABLE,1,23.26,3.4,57527,71.8,79.4
ENT_IN_23463,Anita Kaur,670,4.01,1,1,UDYAM-GJ-03-6141507,NOT_APPLICABLE,1,2.06,6.8,218473,96.4,88.8
ENT_IN_23464,Sangeeta Patil,0,24.79,1,1,UDYAM-GJ-03-6447917,ACTIVE,1,29.28,2.9,367524,65.9,70.6
ENT_IN_23465,Deepika Sheikh,725,4.47,1,1,UDYAM-GJ-03-4879988,UNREGISTERED,1,34.02,2.0,122822,87.2,83.8
ENT_IN_23466,Kavita Sheikh,711,12.37,1,1,UDYAM-PB-03-2968476,ACTIVE,1,14.0,11.6,327625,76.2,95.9
ENT_IN_23467,Gurpreet Banerjee,0,11.4,1,1,NOT_REGISTERED,NOT_APPLICABLE,1,6.59,5.7,394547,96.9,66.4
ENT_IN_23468,Priya Khan,757,5.81,1,1,UDYAM-PB-03-6150984,NOT_APPLICABLE,0,44.77,9.7,440696,73.7,85.7
ENT_IN_23469,Prakash Nair,797,0.75,1,1,NOT_REGISTERED,NOT_APPLICABLE,1,20.01,2.2,289312,60.9,85.2
ENT_IN_23470,Mamta Gupta,569,16.76,1,1,UDYAM-TN-03-7258841,NOT_APPLICABLE,0,25.98,7.8,415103,69.9,68.0
ENT_IN_23471,Ananya Kumar,835,8.03,1,1,NOT_REGISTERED,UNREGISTERED,1,13.74,10.9,253621,97.5,95.9
ENT_IN_23472,Suresh Gupta,672,6.64,1,1,NOT_REGISTERED,NOT_APPLICABLE,1,44.62,3.0,392836,42.9,73.1
ENT_IN_23473,Prakash Kulkarni,0,0.02,1,1,UDYAM-TN-03-9662448,ACTIVE,1,11.57,9.4,435086,54.8,70.1
ENT_IN_23474,Shweta Das,697,15.44,1,1,UDYAM-GJ-03-5970310,NOT_APPLICABLE,1,43.76,1.3,162775,87.5,89.3
ENT_IN_23475,Manoj Kulkarni,749,6.52,1,1,UDYAM-PB-03-2275845,UNREGISTERED,1,5.38,1.8,77901,82.5,80.7
ENT_IN_23476,Pooja Mishra,821,23.54,1,1,NOT_REGISTERED,NOT_APPLICABLE,1,13.19,5.5,270625,63.4,82.9
ENT_IN_23477,Pooja Gowda,582,10.04,1,1,UDYAM-UP-03-7390203,UNREGISTERED,1,40.25,7.4,251978,43.3,68.7
ENT_IN_23478,Rahul Sheikh,639,0.54,1,1,NOT_REGISTERED,NOT_APPLICABLE,1,28.84,3.3,130255,48.0,56.0
ENT_IN_23479,Anita Gowda,768,5.15,1,1,NOT_REGISTERED,NOT_APPLICABLE,0,4.65,0.1,415871,82.3,83.0
ENT_IN_23480,Lakshmi Rao,0,14.9,1,1,UDYAM-UP-03-9552731,ACTIVE,0,4.25,6.1,208851,44.4,51.6
ENT_IN_23481,Lakshmi Das,826,4.9,0,1,UDYAM-PB-03-3490587,NOT_APPLICABLE,0,26.58,10.4,64150,47.9,62.7
ENT_IN_23482,Anil Chaudhary,728,13.84,1,1,UDYAM-GJ-03-1936121,NOT_APPLICABLE,1,32.3,3.0,256787,66.7,82.8
ENT_IN_23483,Ayesha Sheikh,785,14.71,1,1,NOT_REGISTERED,NOT_APPLICABLE,1,4.92,6.3,177561,42.6,78.0
ENT_IN_23484,Vijay Mehta,750,8.41,1,1,UDYAM-PB-03-3533776,ACTIVE,1,41.64,10.1,396399,46.7,99.2
ENT_IN_23485,Vijay Gowda,0,11.24,1,1,NOT_REGISTERED,ACTIVE,1,33.97,7.9,411535,41.0,56.5
ENT_IN_23486,Dinesh Sheikh,679,14.77,1,1,UDYAM-MH-03-2511345,NOT_APPLICABLE,1,25.38,0.9,87404,37.2,72.9
ENT_IN_23487,Manoj Banerjee,577,15.44,1,1,UDYAM-GJ-03-4544811,ACTIVE,1,41.41,2.0,83441,40.8,68.3
ENT_IN_23488,Anil Verma,754,24.72,1,1,UDYAM-KA-03-7030324,ACTIVE,1,12.67,0.2,178220,86.6,100.0
ENT_IN_23489,Vikram Verma,744,1.34,1,1,UDYAM-UP-03-5646118,NOT_APPLICABLE,0,29.98,1.4,357736,73.0,73.4
ENT_IN_23490,Sunil Patil,754,23.35,1,1,NOT_REGISTERED,NOT_APPLICABLE,1,5.2,9.3,254650,44.7,79.0
ENT_IN_23491,Sunil Das,702,5.9,1,1,UDYAM-KA-03-6462425,ACTIVE,1,31.17,0.3,184881,77.8,90.2
ENT_IN_23492,Sanjay Banerjee,736,19.94,1,1,UDYAM-KA-03-7523820,NOT_APPLICABLE,1,21.72,1.4,394968,73.4,86.7
ENT_IN_23493,Deepika Nair,571,23.88,1,1,UDYAM-MH-03-2967773,UNREGISTERED,1,43.11,7.2,396955,38.5,68.9
ENT_IN_23494,Fatima Mehta,771,18.97,1,0,NOT_REGISTERED,UNREGISTERED,1,10.89,2.6,233827,79.0,82.9
ENT_IN_23495,Ganesh Mehta,777,1.22,1,1,NOT_REGISTERED,NOT_APPLICABLE,1,12.36,5.2,298722,95.9,94.1
ENT_IN_23496,Gurpreet Patel,800,1.21,1,1,UDYAM-GJ-03-3279108,ACTIVE,1,6.09,0.7,272789,48.0,98.5
ENT_IN_23497,Rekha Shah,723,17.28,1,1,NOT_REGISTERED,ACTIVE,1,41.41,10.7,31693,92.6,78.8
ENT_IN_23498,Mohammed Yadav,729,6.82,0,0,UDYAM-GJ-03-1551728,ACTIVE,1,41.66,7.5,432956,76.8,76.8
ENT_IN_23499,Gurpreet Mehta,572,6.61,1,1,NOT_REGISTERED,NOT_APPLICABLE,1,40.83,8.7,360733,95.8,72.4
ENT_IN_23500,Rekha Shah,834,16.04,1,1,UDYAM-UP-03-3389743,NOT_APPLICABLE,0,32.25,5.1,19190,36.5,65.0
ENT_IN_23501,Vijay Sheikh,800,14.65,1,1,UDYAM-KA-03-9872356,NOT_APPLICABLE,0,29.28,8.5,285888,43.3,78.1
ENT_IN_23502,Ananya Sharma,749,17.05,1,1,UDYAM-MH-03-5209771,ACTIVE,1,38.91,3.5,91865,99.5,93.5
ENT_IN_23503,Kavita Joshi,777,6.82,1,1,NOT_REGISTERED,NOT_APPLICABLE,1,15.56,6.0,102156,55.7,75.5
ENT_IN_23504,Mohammed Verma,556,4.31,1,1,UDYAM-TN-03-7472414,ACTIVE,1,42.18,0.7,47174,74.1,77.8
ENT_IN_23505,Savita Rao,717,23.78,1,1,NOT_REGISTERED,ACTIVE,1,23.51,6.1,239314,75.0,87.7
ENT_IN_23506,Lakshmi Mehta,584,18.58,1,1,UDYAM-TN-03-7903966,NOT_APPLICABLE,1,23.91,10.4,282810,99.1,85.0
ENT_IN_23507,Kavita Banerjee,689,6.53,1,1,NOT_REGISTERED,UNREGISTERED,1,25.78,11.1,114879,53.2,69.6
ENT_IN_23508,Tariq Rao,590,3.3,1,1,UDYAM-PB-03-3030051,NOT_APPLICABLE,0,9.66,1.8,405857,95.7,74.6
ENT_IN_23509,Deepika Mehta,580,23.61,1,0,UDYAM-KA-03-8313632,NOT_APPLICABLE,1,36.16,0.6,336445,52.4,61.4
ENT_IN_23510,Savita Nair,814,6.41,1,1,NOT_REGISTERED,UNREGISTERED,1,20.83,3.2,87761,51.8,74.7
ENT_IN_23511,Rajesh Mehta,596,17.76,1,1,UDYAM-TN-03-7174593,ACTIVE,1,35.66,4.1,375915,58.3,77.1
ENT_IN_23512,Lakshmi Das,594,8.6,1,1,UDYAM-KA-03-8082219,ACTIVE,1,11.36,8.7,134115,82.2,78.7
ENT_IN_23513,Karan Banerjee,654,2.27,1,1,UDYAM-GJ-03-8631449,ACTIVE,1,40.1,4.7,226261,93.8,96.9
ENT_IN_23514,Anita Mishra,705,3.17,1,1,UDYAM-KA-03-3866621,ACTIVE,1,30.93,5.9,145169,44.9,81.6
ENT_IN_23515,Seema Gowda,569,1.1,1,1,UDYAM-MH-03-5429484,NOT_APPLICABLE,1,34.22,2.5,84653,75.3,69.6
ENT_IN_23516,Tariq Kumar,666,13.13,1,1,UDYAM-TN-03-3693079,ACTIVE,1,9.88,0.8,409772,75.9,93.3
ENT_IN_23517,Pooja Chaudhary,718,9.75,1,1,UDYAM-TN-03-1844812,ACTIVE,0,42.47,8.6,277680,82.2,83.8
ENT_IN_23518,Bhavna Das,811,6.79,1,1,NOT_REGISTERED,NOT_APPLICABLE,1,1.67,4.3,204717,84.8,87.2
ENT_IN_23519,Sangeeta Yadav,753,0.34,1,1,UDYAM-UP-03-8796460,NOT_APPLICABLE,1,43.31,8.2,92081,81.4,94.8
ENT_IN_23520,Karan Deshmukh,678,19.5,1,0,NOT_REGISTERED,ACTIVE,0,5.74,8.9,244634,53.0,64.2
ENT_IN_23521,Arjun Gupta,583,3.5,1,1,UDYAM-TN-03-6806874,UNREGISTERED,0,3.2,8.2,214435,92.2,70.6
ENT_IN_23522,Shweta Chaudhary,744,21.95,1,1,NOT_REGISTERED,ACTIVE,1,24.96,11.4,399632,43.7,77.8
ENT_IN_23523,Vijay Patel,587,14.48,1,0,NOT_REGISTERED,ACTIVE,1,14.88,4.5,256871,65.1,66.7
ENT_IN_23524,Sangeeta Kumar,0,16.01,1,1,UDYAM-PB-03-6113247,ACTIVE,0,28.22,5.7,100723,52.1,53.4
ENT_IN_23525,Prakash Verma,635,6.01,1,1,UDYAM-MH-03-2257125,NOT_APPLICABLE,1,26.86,3.7,55396,51.3,60.8
ENT_IN_23526,Deepika Das,597,9.32,1,1,UDYAM-KA-03-7108118,ACTIVE,1,42.1,10.6,185877,74.4,81.1
ENT_IN_23527,Radha Chatterjee,764,11.59,1,1,UDYAM-GJ-03-3376007,ACTIVE,1,30.7,2.9,183409,52.9,94.9
ENT_IN_23528,Ananya Joshi,0,21.32,1,1,NOT_REGISTERED,NOT_APPLICABLE,0,3.56,6.2,154381,68.3,42.2
ENT_IN_23529,Lakshmi Gowda,580,1.57,1,1,UDYAM-GJ-03-1079510,NOT_APPLICABLE,1,11.83,2.0,142185,55.3,69.3
ENT_IN_23530,Neha Verma,718,11.6,1,1,NOT_REGISTERED,NOT_APPLICABLE,0,3.97,6.0,322426,41.3,60.9
ENT_IN_23531,Sunita Das,632,2.63,1,1,NOT_REGISTERED,ACTIVE,1,44.65,3.8,230908,65.3,71.0
ENT_IN_23532,Ananya Chatterjee,0,6.77,1,1,UDYAM-KA-03-3501442,NOT_APPLICABLE,1,31.24,1.9,313176,37.8,59.7
ENT_IN_23533,Ayesha Reddy,820,0.1,1,1,UDYAM-PB-03-5537436,ACTIVE,0,44.16,9.5,396114,46.9,85.9
ENT_IN_23534,Vijay Kulkarni,0,12.71,1,1,NOT_REGISTERED,NOT_APPLICABLE,1,3.05,2.0,367436,83.6,60.6
ENT_IN_23535,Deepika Sheikh,0,5.26,1,1,UDYAM-TN-03-4205068,NOT_APPLICABLE,1,36.86,8.3,41128,81.1,58.4
ENT_IN_23536,Preeti Kaur,746,2.0,1,1,UDYAM-MH-03-7956279,NOT_APPLICABLE,1,24.86,8.5,65669,54.5,77.1
ENT_IN_23537,Prakash Das,729,20.03,1,0,UDYAM-GJ-03-2191131,ACTIVE,1,18.08,5.7,194258,48.0,76.3
ENT_IN_23538,Gurpreet Chatterjee,661,15.63,1,1,NOT_REGISTERED,UNREGISTERED,1,16.91,9.0,101068,87.4,74.3
ENT_IN_23539,Pooja Shah,605,20.18,1,1,UDYAM-UP-03-6308683,ACTIVE,1,43.45,4.3,245732,99.0,89.4
ENT_IN_23540,Lakshmi Joshi,601,10.38,1,1,UDYAM-KA-03-8369678,ACTIVE,1,37.9,3.4,111473,91.2,81.1
ENT_IN_23541,Manoj Mehta,709,12.95,1,1,UDYAM-UP-03-2336689,ACTIVE,1,42.79,10.6,422951,70.7,95.6
ENT_IN_23542,Tariq Sharma,690,3.55,1,1,UDYAM-GJ-03-6999090,ACTIVE,1,43.87,2.4,350188,77.6,92.1
ENT_IN_23543,Sujata Banerjee,781,5.41,1,1,UDYAM-TN-03-6717157,NOT_APPLICABLE,1,9.42,6.7,134393,57.5,90.5
ENT_IN_23544,Ramesh Joshi,745,1.31,1,1,UDYAM-GJ-03-7108478,ACTIVE,0,18.32,11.5,208859,88.2,85.4
ENT_IN_23545,Shweta Patel,846,24.62,1,1,UDYAM-MH-03-7924925,ACTIVE,1,23.2,7.2,242565,79.7,100.0
ENT_IN_23546,Vikram Verma,646,2.44,1,1,NOT_REGISTERED,NOT_APPLICABLE,1,2.96,2.9,428325,78.6,68.3
ENT_IN_23547,Karan Yadav,681,23.82,1,0,UDYAM-GJ-03-9050087,ACTIVE,0,31.64,2.4,88163,41.8,59.4
ENT_IN_23548,Neha Banerjee,774,21.7,1,1,UDYAM-MH-03-6126525,UNREGISTERED,1,13.72,0.1,356020,53.5,94.1
ENT_IN_23549,Sunil Kulkarni,642,6.16,1,1,UDYAM-MH-03-6648958,ACTIVE,0,25.09,0.9,109861,73.8,66.0
ENT_IN_23550,Fatima Nair,0,13.76,1,1,UDYAM-PB-03-3948679,ACTIVE,1,7.08,3.7,395346,51.1,66.0
ENT_IN_23551,Savita Mishra,844,13.09,1,1,UDYAM-MH-03-8788061,ACTIVE,1,5.39,9.4,179473,83.2,100.0
ENT_IN_23552,Anita Mehta,0,23.17,1,1,UDYAM-TN-03-2189083,ACTIVE,1,22.31,3.1,123532,98.7,75.9
ENT_IN_23553,Dinesh Sharma,692,12.56,1,1,NOT_REGISTERED,NOT_APPLICABLE,1,43.15,9.5,24499,61.1,65.7
ENT_IN_23554,Vijay Yadav,551,18.88,1,1,NOT_REGISTERED,NOT_APPLICABLE,1,24.06,0.2,304097,63.3,64.2
ENT_IN_23555,Amit Shah,839,22.18,1,1,UDYAM-GJ-03-5742620,ACTIVE,0,34.77,6.8,125825,75.9,86.6
ENT_IN_23556,Sunita Nair,778,7.15,1,0,UDYAM-PB-03-6330893,NOT_APPLICABLE,0,19.19,6.4,189707,50.8,72.7
ENT_IN_23557,Karan Das,562,8.37,1,1,UDYAM-UP-03-3577777,NOT_APPLICABLE,1,1.12,11.9,322245,71.3,73.1
ENT_IN_23558,Savita Verma,650,20.75,1,1,UDYAM-TN-03-4998090,ACTIVE,1,16.45,8.5,290813,78.5,92.6
ENT_IN_23559,Savita Rao,806,17.74,1,1,NOT_REGISTERED,NOT_APPLICABLE,1,44.79,7.4,248820,91.9,91.8
ENT_IN_23560,Manoj Joshi,0,8.26,1,1,UDYAM-UP-03-3896648,ACTIVE,1,39.13,1.6,112769,99.1,75.6
ENT_IN_23561,Sujata Khan,690,5.35,1,1,UDYAM-KA-03-2103718,ACTIVE,1,24.43,5.4,318782,87.2,94.4
ENT_IN_23562,Sangeeta Gowda,822,5.48,1,1,UDYAM-PB-03-7545347,ACTIVE,1,19.37,10.7,176153,75.4,100.0
ENT_IN_23563,Harpreet Shah,820,3.54,1,1,UDYAM-UP-03-2339438,NOT_APPLICABLE,0,1.29,3.3,357245,57.4,85.0
ENT_IN_23564,Gurpreet Gowda,733,10.46,1,1,UDYAM-TN-03-2583728,NOT_APPLICABLE,1,39.62,6.8,213330,75.5,86.1
ENT_IN_23565,Sunita Sharma,797,11.57,1,1,UDYAM-KA-03-8460826,ACTIVE,1,0.78,5.5,76822,78.7,97.1
ENT_IN_23566,Pradeep Patel,627,15.59,1,1,NOT_REGISTERED,NOT_APPLICABLE,1,12.56,10.6,377815,90.3,74.6
ENT_IN_23567,Vijay Sharma,587,17.23,1,0,UDYAM-MH-03-6460535,ACTIVE,0,7.12,10.8,385127,70.1,63.9
ENT_IN_23568,Kavita Kaur,0,9.52,1,1,NOT_REGISTERED,ACTIVE,1,24.28,10.1,348636,81.7,66.8
ENT_IN_23569,Manoj Verma,697,11.04,1,1,UDYAM-GJ-03-3709369,ACTIVE,1,11.3,11.2,44791,75.8,85.6
ENT_IN_23570,Ashok Khan,664,3.87,1,1,NOT_REGISTERED,ACTIVE,1,0.91,11.6,363368,74.4,86.6
ENT_IN_23571,Anita Deshmukh,850,22.24,1,1,UDYAM-UP-03-1604331,ACTIVE,1,36.41,4.5,180259,81.4,100.0
ENT_IN_23572,Sunil Singh,572,5.28,1,1,UDYAM-GJ-03-3132691,NOT_APPLICABLE,1,7.72,1.3,347397,45.1,70.7
ENT_IN_23573,Harpreet Banerjee,609,15.67,1,1,UDYAM-PB-03-7702138,NOT_APPLICABLE,1,6.45,6.7,303101,97.4,81.7
ENT_IN_23574,Sunita Gowda,767,14.7,1,1,UDYAM-KA-03-6889207,ACTIVE,1,42.74,11.7,322926,42.7,97.5
ENT_IN_23575,Vikram Sheikh,848,12.83,1,1,NOT_REGISTERED,NOT_APPLICABLE,1,38.66,6.2,197629,90.4,87.7
ENT_IN_23576,Arjun Kaur,776,18.02,1,1,UDYAM-KA-03-6225215,NOT_APPLICABLE,1,22.9,4.8,413978,51.2,89.9
ENT_IN_23577,Shweta Kumar,607,15.09,1,1,UDYAM-GJ-03-5226478,UNREGISTERED,1,16.05,4.4,305576,96.6,84.3
ENT_IN_23578,Fatima Rao,605,19.61,1,1,NOT_REGISTERED,NOT_APPLICABLE,1,14.74,4.0,246558,49.0,63.7
ENT_IN_23579,Ayesha Patel,795,10.81,1,1,UDYAM-PB-03-6197711,NOT_APPLICABLE,1,31.61,2.3,378479,77.5,96.6
ENT_IN_23580,Sujata Kumar,595,14.94,1,1,UDYAM-MH-03-3146017,ACTIVE,1,40.51,1.3,168359,35.2,71.5
ENT_IN_23581,Rekha Gowda,596,11.29,1,1,UDYAM-TN-03-7107826,NOT_APPLICABLE,1,8.73,10.1,100459,50.9,64.5
ENT_IN_23582,Sunil Sharma,849,22.8,1,1,UDYAM-PB-03-5918672,NOT_APPLICABLE,1,30.29,0.6,65643,91.4,92.6
ENT_IN_23583,Rohan Kaur,591,20.92,1,1,NOT_REGISTERED,ACTIVE,0,17.62,3.2,222118,68.3,65.1
ENT_IN_23584,Tariq Reddy,701,5.47,1,1,UDYAM-GJ-03-8120814,ACTIVE,1,25.45,3.6,336302,60.8,90.9
ENT_IN_23585,Sujata Joshi,597,3.9,0,1,UDYAM-UP-03-4777534,NOT_APPLICABLE,0,14.07,3.9,256692,35.8,50.5
ENT_IN_23586,Radha Singh,816,11.24,0,1,UDYAM-PB-03-5838204,ACTIVE,1,22.89,11.3,36830,63.0,86.1
ENT_IN_23587,Vikram Kaur,767,2.36,1,0,UDYAM-KA-03-7886481,ACTIVE,1,28.51,2.7,140618,64.5,92.4
ENT_IN_23588,Rajesh Verma,673,24.0,1,1,UDYAM-TN-03-3739172,NOT_APPLICABLE,1,41.05,7.5,177040,46.5,77.6
ENT_IN_23589,Ananya Kulkarni,584,23.29,1,1,UDYAM-UP-03-7013921,ACTIVE,1,33.11,8.1,350455,85.7,87.5
ENT_IN_23590,Gurpreet Kumar,576,4.03,1,1,UDYAM-MH-03-5460730,NOT_APPLICABLE,0,4.21,9.9,108685,51.3,53.8
ENT_IN_23591,Pooja Mehta,724,3.21,1,1,UDYAM-MH-03-1031724,ACTIVE,1,24.03,5.1,21423,73.0,81.4
ENT_IN_23592,Meena Reddy,577,6.33,1,0,UDYAM-PB-03-7690802,ACTIVE,1,26.28,11.5,305960,74.5,77.0
ENT_IN_23593,Deepika Banerjee,711,12.06,1,1,NOT_REGISTERED,UNREGISTERED,1,21.84,10.9,398550,45.2,72.8
ENT_IN_23594,Ayesha Gowda,695,12.05,1,1,UDYAM-TN-03-3083916,ACTIVE,1,5.32,10.1,329533,37.4,85.9
ENT_IN_23595,Preeti Chaudhary,0,6.19,1,1,UDYAM-MH-03-6488577,ACTIVE,0,15.99,2.9,366713,46.5,55.0
ENT_IN_23596,Vikram Shah,829,0.07,1,1,UDYAM-KA-03-7588967,NOT_APPLICABLE,1,18.9,10.7,283816,46.8,88.0
ENT_IN_23597,Gurpreet Sharma,0,21.59,1,1,UDYAM-UP-03-8273622,ACTIVE,0,6.98,9.7,445460,60.9,57.4
ENT_IN_23598,Sujata Yadav,559,10.08,1,1,NOT_REGISTERED,ACTIVE,1,28.7,6.3,300047,70.1,76.5
ENT_IN_23599,Karan Nair,798,7.53,1,1,UDYAM-KA-03-7130226,UNREGISTERED,0,31.54,5.6,229409,67.4,83.9
ENT_IN_23600,Savita Sharma,678,4.48,1,1,UDYAM-TN-03-5032361,ACTIVE,1,4.4,7.1,396257,52.6,86.2
ENT_IN_23601,Rekha Gupta,757,10.48,1,1,UDYAM-GJ-03-9009996,NOT_APPLICABLE,0,2.29,10.3,442320,94.9,92.7
ENT_IN_23602,Neha Gupta,0,13.82,1,1,NOT_REGISTERED,NOT_APPLICABLE,0,11.04,2.7,254413,41.3,41.9
ENT_IN_23603,Ganesh Chaudhary,754,22.36,1,1,UDYAM-TN-03-1202022,UNREGISTERED,0,6.0,3.8,416429,72.3,89.0
ENT_IN_23604,Rajesh Nair,678,13.85,0,1,NOT_REGISTERED,ACTIVE,1,44.07,0.8,314053,50.1,72.2
ENT_IN_23605,Neha Rao,678,4.35,0,1,NOT_REGISTERED,ACTIVE,1,3.77,7.7,319928,99.4,82.5
ENT_IN_23606,Harpreet Sharma,775,8.17,1,1,NOT_REGISTERED,UNREGISTERED,1,37.22,4.1,112763,74.1,85.2
ENT_IN_23607,Preeti Mishra,841,17.83,0,1,NOT_REGISTERED,NOT_APPLICABLE,1,36.72,0.7,178007,55.1,73.0
ENT_IN_23608,Priya Das,665,4.87,1,1,UDYAM-KA-03-9417246,NOT_APPLICABLE,1,29.8,9.0,149900,89.2,85.5
ENT_IN_23609,Bhavna Mehta,636,6.22,1,1,UDYAM-GJ-03-4307008,UNREGISTERED,1,24.02,1.7,163896,56.2,67.3
ENT_IN_23610,Sunita Joshi,638,3.05,1,1,UDYAM-KA-03-2229272,NOT_APPLICABLE,1,25.76,2.6,181854,58.1,69.1
ENT_IN_23611,Ramesh Das,0,18.73,1,1,UDYAM-GJ-03-1183411,NOT_APPLICABLE,0,23.54,7.3,218625,37.1,44.6
ENT_IN_23612,Mamta Nair,828,19.44,0,1,UDYAM-GJ-03-1955896,ACTIVE,1,23.78,4.7,389960,38.5,87.8
ENT_IN_23613,Geeta Chaudhary,847,19.46,1,1,UDYAM-TN-03-6232359,ACTIVE,1,21.41,6.0,296878,83.0,100.0
ENT_IN_23614,Karan Das,754,20.99,1,1,UDYAM-UP-03-9808031,ACTIVE,1,44.28,0.6,221475,44.2,96.4
ENT_IN_23615,Sujata Sheikh,758,18.32,1,1,UDYAM-UP-03-8907152,NOT_APPLICABLE,1,28.61,2.7,226541,77.4,99.0
ENT_IN_23616,Suresh Sharma,783,0.33,1,1,UDYAM-UP-03-3650036,NOT_APPLICABLE,1,17.5,9.2,147492,75.9,94.5
ENT_IN_23617,Karan Patel,745,15.07,1,1,UDYAM-TN-03-4616892,NOT_APPLICABLE,0,26.72,4.3,349596,40.9,66.8
ENT_IN_23618,Pooja Gupta,790,11.35,1,1,UDYAM-KA-03-7970759,UNREGISTERED,1,1.47,1.9,221719,60.6,89.4
ENT_IN_23619,Seema Singh,688,19.33,1,0,UDYAM-GJ-03-4659504,UNREGISTERED,1,44.71,5.5,270350,59.2,73.3
ENT_IN_23620,Pooja Khan,579,7.58,1,1,UDYAM-TN-03-1817218,ACTIVE,1,17.95,12.0,100396,69.1,77.2
ENT_IN_23621,Tariq Joshi,726,16.69,1,1,UDYAM-UP-03-7525466,NOT_APPLICABLE,0,16.32,9.6,219463,74.2,75.8
ENT_IN_23622,Sujata Kulkarni,687,2.9,1,1,UDYAM-GJ-03-7447897,ACTIVE,0,6.18,7.9,94171,85.4,78.3
ENT_IN_23623,Suresh Reddy,708,23.09,0,1,UDYAM-UP-03-2706121,NOT_APPLICABLE,0,17.77,8.7,372932,56.8,63.3
ENT_IN_23624,Sunita Das,676,13.84,1,0,UDYAM-PB-03-3437960,ACTIVE,0,9.09,8.9,131524,47.1,65.0
ENT_IN_23625,Sunil Joshi,813,0.36,1,1,UDYAM-UP-03-6277754,ACTIVE,1,6.95,8.6,93332,91.9,100.0
ENT_IN_23626,Seema Khan,577,18.17,1,1,UDYAM-PB-03-1171981,NOT_APPLICABLE,1,7.28,8.9,115797,53.1,68.9
ENT_IN_23627,Ashok Kumar,0,3.16,1,1,UDYAM-KA-03-8983024,UNREGISTERED,1,18.06,9.7,295054,38.6,58.4
ENT_IN_23628,Suresh Patel,736,22.22,1,1,UDYAM-TN-03-7111777,ACTIVE,1,18.41,0.2,256444,91.2,97.5
ENT_IN_23629,Vikram Yadav,764,9.48,1,1,UDYAM-PB-03-1941684,ACTIVE,0,10.19,3.5,127434,91.9,94.6
ENT_IN_23630,Sunil Mehta,815,22.99,1,1,UDYAM-MH-03-4806242,ACTIVE,1,11.11,10.0,273660,82.9,100.0
ENT_IN_23631,Neha Kaur,827,1.95,1,1,NOT_REGISTERED,NOT_APPLICABLE,1,16.46,7.4,86694,69.3,83.1
ENT_IN_23632,Sangeeta Verma,585,13.91,1,1,UDYAM-MH-03-8277211,NOT_APPLICABLE,0,16.73,0.9,136897,97.3,69.0
ENT_IN_23633,Seema Patel,0,4.54,1,1,NOT_REGISTERED,NOT_APPLICABLE,1,5.47,1.3,25408,70.7,50.9
ENT_IN_23634,Suresh Rao,834,5.12,1,1,UDYAM-TN-03-3525232,NOT_APPLICABLE,1,31.08,9.0,366297,42.1,87.2
ENT_IN_23635,Dinesh Yadav,588,12.53,1,1,UDYAM-KA-03-3133770,UNREGISTERED,1,40.0,9.6,172410,48.1,68.0
ENT_IN_23636,Amit Sharma,665,20.77,0,0,UDYAM-GJ-03-8142976,NOT_APPLICABLE,1,28.1,0.6,337203,35.5,62.7
ENT_IN_23637,Rajesh Patil,803,16.41,1,1,UDYAM-KA-03-7645637,NOT_APPLICABLE,1,34.41,7.0,434209,44.3,91.0
ENT_IN_23638,Simran Rao,719,22.13,1,1,UDYAM-PB-03-7323504,NOT_APPLICABLE,1,31.07,10.7,258319,62.9,86.3
ENT_IN_23639,Ganesh Nair,788,13.05,1,1,NOT_REGISTERED,NOT_APPLICABLE,1,44.82,8.9,126101,88.0,88.5
ENT_IN_23640,Mahesh Sharma,709,24.24,1,1,UDYAM-GJ-03-4954944,NOT_APPLICABLE,0,35.73,7.2,80367,86.7,74.0
ENT_IN_23641,Suresh Gowda,764,9.75,1,1,UDYAM-TN-03-3287548,NOT_APPLICABLE,0,39.22,9.9,246361,67.2,84.5
ENT_IN_23642,Manoj Gowda,570,9.99,1,1,UDYAM-PB-03-4158324,ACTIVE,1,27.4,9.6,199315,67.3,82.0
ENT_IN_23643,Deepak Deshmukh,689,6.12,1,1,UDYAM-KA-03-5849819,NOT_APPLICABLE,1,23.39,2.4,117233,97.8,87.3
ENT_IN_23644,Pradeep Gowda,669,3.28,1,1,UDYAM-TN-03-6709378,ACTIVE,1,7.04,11.7,359344,88.7,95.0
ENT_IN_23645,Amit Sharma,736,19.73,1,1,UDYAM-PB-03-9031828,ACTIVE,1,41.93,10.2,50350,80.7,85.0
ENT_IN_23646,Gurpreet Reddy,814,9.97,1,0,UDYAM-PB-03-5263086,UNREGISTERED,1,31.0,2.9,221073,75.6,88.2
ENT_IN_23647,Tariq Nair,821,20.63,1,0,UDYAM-UP-03-1798277,ACTIVE,1,12.43,6.9,345566,44.8,88.7
ENT_IN_23648,Sujata Singh,670,16.57,1,1,UDYAM-TN-03-5022687,NOT_APPLICABLE,1,43.62,7.9,62794,96.6,85.8
ENT_IN_23649,Preeti Singh,0,17.36,1,1,UDYAM-MH-03-1998322,NOT_APPLICABLE,0,11.34,0.6,139530,54.0,49.5
ENT_IN_23650,Fatima Gupta,823,12.33,1,1,NOT_REGISTERED,ACTIVE,1,18.89,10.0,37158,41.1,77.8
ENT_IN_23651,Fatima Reddy,741,4.52,1,1,NOT_REGISTERED,ACTIVE,0,14.56,10.0,268987,65.2,71.3
ENT_IN_23652,Pooja Shah,609,2.68,1,1,UDYAM-UP-03-1172778,NOT_APPLICABLE,1,35.35,3.9,255959,38.2,68.4
ENT_IN_23653,Priya Kumar,824,17.62,1,1,NOT_REGISTERED,NOT_APPLICABLE,1,36.9,7.5,397909,38.6,78.9
ENT_IN_23654,Karan Yadav,637,4.67,1,1,UDYAM-GJ-03-1736024,ACTIVE,1,3.43,9.2,173453,61.0,75.5
ENT_IN_23655,Karan Chaudhary,688,21.04,1,1,UDYAM-PB-03-7924730,UNREGISTERED,1,20.17,8.5,55621,40.9,68.8
ENT_IN_23656,Geeta Mehta,640,23.04,1,1,UDYAM-MH-03-3408760,NOT_APPLICABLE,1,28.9,1.4,199165,57.5,72.3
ENT_IN_23657,Suresh Sheikh,711,21.62,1,1,NOT_REGISTERED,NOT_APPLICABLE,1,11.77,0.1,24578,37.0,62.7
ENT_IN_23658,Lakshmi Chatterjee,0,24.35,0,1,UDYAM-KA-03-2301026,ACTIVE,1,21.32,1.1,109334,73.4,61.5
ENT_IN_23659,Kavita Banerjee,665,24.86,1,1,UDYAM-TN-03-8127735,ACTIVE,1,42.49,8.9,337160,67.7,93.4
ENT_IN_23660,Priya Chaudhary,747,13.61,1,0,NOT_REGISTERED,UNREGISTERED,1,37.6,3.8,38254,98.0,70.8
ENT_IN_23661,Ananya Gowda,566,10.55,0,0,NOT_REGISTERED,NOT_APPLICABLE,1,31.76,1.1,357304,56.6,51.0
ENT_IN_23662,Simran Das,590,11.33,0,1,NOT_REGISTERED,UNREGISTERED,0,10.67,5.7,56145,96.2,45.7
ENT_IN_23663,Pradeep Mehta,564,5.18,1,1,UDYAM-TN-03-9385053,ACTIVE,1,33.85,7.1,308293,65.3,82.3
ENT_IN_23664,Seema Rao,596,22.68,1,1,UDYAM-TN-03-8351831,NOT_APPLICABLE,0,34.67,1.3,251890,77.1,66.3
ENT_IN_23665,Anil Yadav,704,9.82,1,1,UDYAM-PB-03-7500064,NOT_APPLICABLE,0,4.71,3.2,227553,48.3,68.7
ENT_IN_23666,Rajesh Rao,0,21.13,1,1,UDYAM-GJ-03-3019056,NOT_APPLICABLE,1,43.16,10.7,165321,50.2,57.3
ENT_IN_23667,Savita Joshi,815,11.75,1,1,NOT_REGISTERED,ACTIVE,1,9.86,8.3,77064,97.4,94.6
ENT_IN_23668,Gurpreet Deshmukh,639,7.45,1,1,NOT_REGISTERED,ACTIVE,1,14.01,4.0,97227,91.5,76.3
ENT_IN_23669,Vikram Chatterjee,706,10.24,1,1,UDYAM-PB-03-1614324,NOT_APPLICABLE,0,24.21,11.5,159296,69.0,70.2
ENT_IN_23670,Pradeep Kumar,0,8.97,1,1,UDYAM-PB-03-9968212,ACTIVE,1,26.27,4.3,102607,36.8,56.2
ENT_IN_23671,Seema Sharma,582,18.33,1,1,UDYAM-TN-03-2850745,ACTIVE,1,14.08,4.2,221000,72.3,78.9
ENT_IN_23672,Ayesha Joshi,624,6.88,1,1,UDYAM-KA-03-4090493,ACTIVE,1,18.37,8.1,198051,94.5,86.3
ENT_IN_23673,Deepak Joshi,698,20.32,0,1,UDYAM-MH-03-4929317,NOT_APPLICABLE,1,38.79,11.6,394960,67.5,75.8
ENT_IN_23674,Ramesh Patel,752,9.04,1,1,UDYAM-GJ-03-2247083,NOT_APPLICABLE,1,34.36,0.1,436061,56.6,92.8
ENT_IN_23675,Savita Rao,664,2.32,1,1,UDYAM-GJ-03-5573103,NOT_APPLICABLE,1,22.46,5.0,244354,66.5,84.4
ENT_IN_23676,Arjun Kaur,580,0.36,1,0,UDYAM-GJ-03-1246664,ACTIVE,1,27.15,1.2,302160,49.2,70.8
ENT_IN_23677,Ananya Gupta,680,5.71,1,1,UDYAM-PB-03-8766330,UNREGISTERED,1,39.6,3.1,180420,92.2,90.7
ENT_IN_23678,Arjun Gupta,567,0.43,1,1,NOT_REGISTERED,NOT_APPLICABLE,1,20.01,11.0,301053,71.4,67.6
ENT_IN_23679,Seema Mishra,605,0.59,1,1,UDYAM-PB-03-6181124,NOT_APPLICABLE,1,21.46,4.6,62137,81.4,69.4
ENT_IN_23680,Vikram Kulkarni,661,5.19,1,1,UDYAM-TN-03-3121019,ACTIVE,0,15.38,11.1,81333,45.4,70.7
ENT_IN_23681,Suresh Shah,708,20.01,1,1,UDYAM-GJ-03-4238784,ACTIVE,1,36.22,11.7,40586,78.9,87.5
ENT_IN_23682,Sunil Deshmukh,714,20.05,0,1,UDYAM-GJ-03-5284305,NOT_APPLICABLE,1,14.4,7.4,381636,77.3,79.5
ENT_IN_23683,Kavita Sheikh,703,18.29,1,0,UDYAM-PB-03-3599869,NOT_APPLICABLE,1,35.22,2.5,372673,35.2,67.7
ENT_IN_23684,Anil Kumar,848,16.36,1,1,NOT_REGISTERED,ACTIVE,1,42.82,6.9,393136,72.8,95.3
ENT_IN_23685,Pooja Rao,674,24.55,1,1,UDYAM-TN-03-8815590,ACTIVE,1,29.89,10.5,303723,100.0,99.7
ENT_IN_23686,Rohan Mehta,613,18.78,1,1,UDYAM-KA-03-5898121,NOT_APPLICABLE,0,32.5,11.2,375570,98.9,75.7
ENT_IN_23687,Preeti Kaur,652,8.52,0,1,UDYAM-GJ-03-5141308,NOT_APPLICABLE,1,24.03,0.2,386973,71.2,75.6
ENT_IN_23688,Amit Verma,816,5.59,1,1,NOT_REGISTERED,ACTIVE,1,33.51,0.1,351720,48.3,87.7
ENT_IN_23689,Priya Kaur,741,24.04,1,1,UDYAM-KA-03-7366041,ACTIVE,1,31.79,4.2,383635,45.1,86.6
ENT_IN_23690,Sunil Das,682,18.16,1,1,NOT_REGISTERED,ACTIVE,1,28.02,3.5,275396,93.4,92.1
ENT_IN_23691,Deepak Kumar,695,11.56,1,1,NOT_REGISTERED,ACTIVE,1,43.84,0.5,238303,73.2,86.0
ENT_IN_23692,Deepak Chaudhary,0,16.88,1,1,UDYAM-MH-03-6090074,ACTIVE,1,33.57,0.8,155506,59.7,64.7
ENT_IN_23693,Manoj Deshmukh,632,5.13,1,1,UDYAM-GJ-03-3286628,NOT_APPLICABLE,1,13.68,6.2,268393,64.3,72.6
ENT_IN_23694,Amit Mishra,686,11.38,1,1,UDYAM-MH-03-6163213,ACTIVE,1,36.17,8.9,49254,94.1,88.1
ENT_IN_23695,Mahesh Chatterjee,718,21.6,1,1,NOT_REGISTERED,ACTIVE,1,15.86,5.1,400079,58.1,79.5
ENT_IN_23696,Ganesh Reddy,705,24.85,1,1,UDYAM-GJ-03-7976353,NOT_APPLICABLE,1,26.02,4.0,18297,86.9,81.7
ENT_IN_23697,Neha Kulkarni,582,15.76,1,1,NOT_REGISTERED,ACTIVE,1,25.76,9.9,298393,56.5,71.7
ENT_IN_23698,Suresh Joshi,742,5.88,1,1,UDYAM-TN-03-8259997,ACTIVE,1,2.99,3.6,69055,92.1,89.6
ENT_IN_23699,Savita Joshi,605,13.39,1,1,UDYAM-TN-03-7150951,NOT_APPLICABLE,1,0.2,9.0,58786,45.2,62.3
ENT_IN_23700,Shweta Banerjee,656,15.77,1,1,UDYAM-MH-03-9708104,ACTIVE,1,0.51,5.7,155330,54.8,87.4
ENT_IN_23701,Vijay Patel,766,0.78,1,1,NOT_REGISTERED,NOT_APPLICABLE,1,35.36,2.6,253975,63.6,85.2
ENT_IN_23702,Bhavna Kaur,556,12.67,0,1,UDYAM-MH-03-6976887,UNREGISTERED,0,43.25,5.4,39728,73.8,52.6
ENT_IN_23703,Fatima Deshmukh,660,15.22,1,0,UDYAM-PB-03-6360021,NOT_APPLICABLE,1,41.5,4.4,185393,35.4,68.1
ENT_IN_23704,Kavita Chaudhary,651,14.04,0,1,UDYAM-UP-03-2644637,NOT_APPLICABLE,1,38.0,6.8,94574,90.0,76.1
ENT_IN_23705,Preeti Joshi,824,9.64,1,1,UDYAM-TN-03-4832278,UNREGISTERED,1,28.99,8.7,339475,43.6,88.1
ENT_IN_23706,Dinesh Khan,659,19.14,1,1,UDYAM-UP-03-3428077,NOT_APPLICABLE,0,15.41,4.7,20210,75.4,67.3
ENT_IN_23707,Rekha Reddy,641,12.49,1,0,UDYAM-TN-03-7049950,ACTIVE,1,5.27,2.3,48957,86.4,72.1
ENT_IN_23708,Harpreet Kulkarni,798,12.87,0,1,UDYAM-MH-03-4672699,ACTIVE,1,8.04,2.1,439433,56.1,91.0
ENT_IN_23709,Ramesh Banerjee,0,19.95,1,1,NOT_REGISTERED,ACTIVE,0,6.77,3.6,384739,97.8,59.9
ENT_IN_23710,Manoj Gowda,583,18.46,1,1,UDYAM-GJ-03-3708145,NOT_APPLICABLE,1,30.53,4.2,269857,78.7,79.4
ENT_IN_23711,Mahesh Chatterjee,751,8.87,1,1,NOT_REGISTERED,NOT_APPLICABLE,1,43.85,5.0,281053,67.4,85.1
ENT_IN_23712,Dinesh Banerjee,711,13.61,1,1,UDYAM-UP-03-4245781,NOT_APPLICABLE,1,10.12,6.4,192532,43.4,77.2
ENT_IN_23713,Ayesha Chaudhary,694,18.87,1,1,NOT_REGISTERED,NOT_APPLICABLE,1,10.58,11.5,120166,69.7,71.2
ENT_IN_23714,Kiran Mishra,679,4.57,1,1,UDYAM-GJ-03-6944157,ACTIVE,1,0.24,1.5,301349,70.6,95.2
ENT_IN_23715,Deepika Joshi,663,11.44,1,0,UDYAM-KA-03-4663823,NOT_APPLICABLE,1,30.29,2.4,101504,38.1,64.9
ENT_IN_23716,Ananya Yadav,760,10.8,1,1,NOT_REGISTERED,ACTIVE,1,27.08,7.5,265496,98.4,100.0
ENT_IN_23717,Rahul Gowda,643,10.25,1,1,UDYAM-GJ-03-7003875,ACTIVE,1,7.59,4.0,274380,50.8,80.6
ENT_IN_23718,Geeta Kumar,813,14.09,1,1,UDYAM-GJ-03-5592287,NOT_APPLICABLE,1,39.64,11.0,77701,53.8,86.5
ENT_IN_23719,Vijay Sharma,848,11.2,1,0,UDYAM-GJ-03-4982658,ACTIVE,0,2.79,3.9,34912,50.1,72.8
ENT_IN_23720,Ashok Chatterjee,769,16.52,1,1,UDYAM-GJ-03-7831363,NOT_APPLICABLE,1,15.1,10.8,367505,51.4,93.2
ENT_IN_23721,Pooja Kulkarni,750,10.18,1,1,UDYAM-PB-03-9292393,NOT_APPLICABLE,0,23.4,9.5,156606,70.3,79.0
ENT_IN_23722,Suresh Banerjee,624,10.74,1,1,UDYAM-UP-03-6803285,NOT_APPLICABLE,1,23.13,10.4,263414,64.2,76.7
ENT_IN_23723,Neha Yadav,775,2.24,1,1,UDYAM-KA-03-4227448,ACTIVE,0,7.75,1.7,447807,61.3,87.7
ENT_IN_23724,Bhavna Kulkarni,653,8.79,1,1,UDYAM-KA-03-6475647,UNREGISTERED,1,8.53,7.0,377622,98.6,92.5
ENT_IN_23725,Pooja Joshi,847,0.96,1,1,UDYAM-UP-03-6645959,ACTIVE,1,39.59,9.3,164060,88.4,100.0
ENT_IN_23726,Meena Gowda,790,16.92,1,1,UDYAM-PB-03-2346671,NOT_APPLICABLE,0,26.28,8.5,203889,50.6,80.2
ENT_IN_23727,Fatima Banerjee,848,16.21,0,1,NOT_REGISTERED,ACTIVE,1,6.81,5.5,18380,43.3,69.0
ENT_IN_23728,Rekha Chatterjee,783,7.47,0,1,UDYAM-MH-03-7401978,NOT_APPLICABLE,1,13.63,3.1,178545,97.1,91.1
ENT_IN_23729,Pooja Mehta,0,1.92,1,1,NOT_REGISTERED,NOT_APPLICABLE,1,20.34,10.8,409494,57.4,52.6
ENT_IN_23730,Rohan Singh,743,21.72,1,0,UDYAM-KA-03-1725681,ACTIVE,1,41.68,7.6,256336,57.7,85.4
ENT_IN_23731,Shweta Khan,729,5.54,1,1,NOT_REGISTERED,NOT_APPLICABLE,1,18.96,3.9,397041,79.2,78.1
ENT_IN_23732,Dinesh Mishra,692,6.56,1,1,UDYAM-GJ-03-8276961,NOT_APPLICABLE,1,11.09,5.1,425896,80.6,87.6
ENT_IN_23733,Prakash Kumar,825,0.99,1,1,NOT_REGISTERED,ACTIVE,1,25.16,2.6,354145,95.2,100.0
ENT_IN_23734,Mohammed Patel,557,2.24,1,1,UDYAM-TN-03-3363412,ACTIVE,1,23.96,11.0,295878,77.6,85.5
ENT_IN_23735,Mahesh Singh,616,7.34,1,1,UDYAM-KA-03-2909064,UNREGISTERED,0,38.09,8.1,139280,58.0,57.6
ENT_IN_23736,Lakshmi Rao,688,1.35,1,0,UDYAM-MH-03-3299999,UNREGISTERED,1,18.61,6.1,357980,90.6,81.8
ENT_IN_23737,Shweta Khan,0,0.63,1,1,UDYAM-PB-03-3323932,ACTIVE,1,6.96,6.4,224772,80.4,76.9
ENT_IN_23738,Karan Nair,797,14.65,1,1,UDYAM-KA-03-2741180,UNREGISTERED,1,2.52,10.9,182524,52.9,90.2
ENT_IN_23739,Vikram Sharma,558,11.23,1,1,UDYAM-GJ-03-2266060,ACTIVE,1,0.13,10.9,119718,58.8,71.6
ENT_IN_23740,Ananya Deshmukh,0,12.45,1,1,UDYAM-KA-03-7161471,ACTIVE,1,19.0,7.0,203254,67.2,72.8
ENT_IN_23741,Meena Kaur,561,2.18,1,1,UDYAM-PB-03-9309740,UNREGISTERED,1,31.06,5.3,292754,40.4,66.0
ENT_IN_23742,Lakshmi Kumar,737,1.27,1,1,UDYAM-PB-03-7319871,NOT_APPLICABLE,1,0.89,3.4,449443,42.4,81.4
ENT_IN_23743,Deepak Das,765,22.09,1,0,UDYAM-MH-03-4833813,ACTIVE,0,8.21,0.4,250116,53.5,81.7
ENT_IN_23744,Pooja Deshmukh,0,9.43,1,1,UDYAM-MH-03-1249279,NOT_APPLICABLE,1,10.8,2.2,256663,72.8,63.9
ENT_IN_23745,Sunil Patel,643,6.61,1,1,UDYAM-KA-03-3028947,ACTIVE,1,30.28,7.3,362666,60.2,77.8
ENT_IN_23746,Bhavna Deshmukh,805,19.1,1,1,NOT_REGISTERED,NOT_APPLICABLE,1,35.95,4.9,190269,45.1,79.3
ENT_IN_23747,Shweta Patel,710,22.7,1,1,UDYAM-GJ-03-1929877,UNREGISTERED,0,11.88,4.1,39485,54.5,62.8
ENT_IN_23748,Mahesh Deshmukh,551,12.99,1,1,NOT_REGISTERED,UNREGISTERED,0,33.88,11.4,45975,43.7,43.1
ENT_IN_23749,Amit Sharma,804,13.53,1,0,UDYAM-TN-03-3498485,NOT_APPLICABLE,1,24.19,3.1,183360,41.5,80.6
ENT_IN_23750,Dinesh Chaudhary,818,13.44,1,1,UDYAM-MH-03-8394636,NOT_APPLICABLE,1,26.31,3.0,408893,99.6,100.0
ENT_IN_23751,Rohan Shah,580,23.56,1,1,UDYAM-MH-03-6450726,ACTIVE,1,34.91,6.0,418815,78.5,84.1
ENT_IN_23752,Anil Reddy,821,17.62,1,1,NOT_REGISTERED,NOT_APPLICABLE,1,35.24,6.7,127062,97.0,86.6
ENT_IN_23753,Sujata Joshi,585,5.08,1,1,UDYAM-GJ-03-8261037,NOT_APPLICABLE,1,17.45,3.5,131421,78.7,71.7
ENT_IN_23754,Savita Das,752,15.35,1,1,NOT_REGISTERED,NOT_APPLICABLE,1,26.63,11.2,156659,94.0,91.6
ENT_IN_23755,Savita Singh,800,5.16,1,1,UDYAM-GJ-03-1297202,UNREGISTERED,1,27.93,5.8,373471,47.5,88.9
ENT_IN_23756,Ramesh Rao,740,24.13,1,1,UDYAM-TN-03-5331847,NOT_APPLICABLE,1,2.71,6.9,257162,57.2,82.1
ENT_IN_23757,Suresh Gupta,671,22.05,0,1,UDYAM-PB-03-2366925,ACTIVE,1,10.8,9.1,159121,66.3,80.7
ENT_IN_23758,Sanjay Kumar,610,24.21,1,1,UDYAM-GJ-03-3517717,ACTIVE,1,11.06,0.9,212528,96.0,84.9
ENT_IN_23759,Sangeeta Yadav,780,12.76,1,1,NOT_REGISTERED,ACTIVE,1,24.72,1.3,383716,76.1,93.6
ENT_IN_23760,Priya Kumar,819,16.8,1,1,UDYAM-KA-03-9190774,ACTIVE,1,40.58,4.9,186651,77.4,100.0
ENT_IN_23761,Sangeeta Patel,781,8.83,1,1,UDYAM-KA-03-8746686,NOT_APPLICABLE,1,36.29,10.4,290099,77.7,100.0
ENT_IN_23762,Arjun Reddy,0,5.54,1,1,NOT_REGISTERED,NOT_APPLICABLE,1,2.24,0.9,397752,51.6,54.2
ENT_IN_23763,Dinesh Yadav,714,17.35,1,1,UDYAM-GJ-03-7329272,ACTIVE,1,21.09,7.3,280371,73.2,95.1
ENT_IN_23764,Mohammed Nair,686,5.11,1,0,UDYAM-TN-03-4124098,ACTIVE,1,30.24,4.4,162421,38.0,72.4
ENT_IN_23765,Ramesh Mishra,583,17.71,1,1,UDYAM-TN-03-5415216,UNREGISTERED,1,10.88,8.4,225750,83.8,79.8
ENT_IN_23766,Mamta Patel,813,4.29,1,0,NOT_REGISTERED,NOT_APPLICABLE,0,43.52,3.0,384594,78.8,72.4
ENT_IN_23767,Sunita Patel,0,8.94,1,1,UDYAM-GJ-03-7572128,ACTIVE,0,36.73,3.8,86686,82.5,58.5
ENT_IN_23768,Anita Banerjee,847,11.98,1,1,UDYAM-UP-03-9577746,NOT_APPLICABLE,1,2.46,5.1,286484,99.3,100.0
ENT_IN_23769,Preeti Verma,674,24.69,1,1,UDYAM-UP-03-7195793,UNREGISTERED,1,19.77,9.3,99158,46.8,70.9
ENT_IN_23770,Vikram Mehta,732,20.58,1,1,UDYAM-TN-03-1816599,ACTIVE,1,32.25,6.4,249721,36.6,82.0
ENT_IN_23771,Vijay Reddy,694,15.95,1,0,UDYAM-TN-03-5897567,NOT_APPLICABLE,1,1.99,11.7,307455,77.6,82.4
ENT_IN_23772,Rohan Singh,630,19.55,1,0,UDYAM-PB-03-1432613,ACTIVE,0,24.55,1.2,91434,44.3,51.9
ENT_IN_23773,Priya Kaur,840,10.69,1,1,UDYAM-TN-03-3949573,NOT_APPLICABLE,1,44.62,8.8,84806,72.1,89.3
ENT_IN_23774,Mohammed Rao,597,5.14,1,1,UDYAM-MH-03-7842571,NOT_APPLICABLE,1,42.86,1.0,309299,90.9,79.7
ENT_IN_23775,Radha Khan,702,5.85,1,1,UDYAM-MH-03-1638141,ACTIVE,1,8.6,7.9,345165,97.5,100.0
ENT_IN_23776,Rahul Verma,605,1.99,0,1,UDYAM-PB-03-2896232,NOT_APPLICABLE,1,20.6,2.3,434220,88.9,73.7
ENT_IN_23777,Manoj Khan,842,23.54,1,0,UDYAM-MH-03-9167259,ACTIVE,1,42.89,5.7,290863,49.2,90.2
ENT_IN_23778,Rohan Singh,625,15.22,1,1,UDYAM-KA-03-4477149,ACTIVE,1,25.94,9.3,55454,98.1,84.5
ENT_IN_23779,Mohammed Kumar,776,1.29,1,1,UDYAM-TN-03-8612651,NOT_APPLICABLE,1,4.79,8.5,193722,77.1,97.0
ENT_IN_23780,Ramesh Nair,656,0.54,1,1,UDYAM-PB-03-9180872,ACTIVE,1,38.81,10.9,346418,52.0,86.4
ENT_IN_23781,Harpreet Shah,634,17.14,0,1,UDYAM-MH-03-1193298,ACTIVE,1,12.0,1.8,167457,97.6,77.9
ENT_IN_23782,Anita Joshi,558,10.77,1,1,NOT_REGISTERED,ACTIVE,1,28.04,1.4,394288,35.2,63.9
ENT_IN_23783,Ganesh Chaudhary,0,6.18,1,1,NOT_REGISTERED,NOT_APPLICABLE,0,35.02,6.1,394455,81.3,47.6
ENT_IN_23784,Ananya Kumar,605,13.27,1,1,UDYAM-UP-03-1043453,ACTIVE,1,4.1,8.9,341916,55.6,78.6
ENT_IN_23785,Seema Sheikh,750,15.18,1,1,UDYAM-MH-03-5760563,NOT_APPLICABLE,1,35.82,4.2,72128,59.1,87.7
ENT_IN_23786,Anita Banerjee,0,20.6,1,1,UDYAM-UP-03-9364115,NOT_APPLICABLE,1,33.21,1.9,292224,82.6,68.9
ENT_IN_23787,Seema Patil,690,21.03,1,1,UDYAM-KA-03-4587144,NOT_APPLICABLE,0,30.72,8.5,438430,76.5,77.2
ENT_IN_23788,Savita Sharma,580,2.99,1,1,UDYAM-TN-03-4712884,ACTIVE,1,16.48,4.4,37622,59.2,72.3
ENT_IN_23789,Sujata Shah,613,12.72,1,1,NOT_REGISTERED,ACTIVE,1,27.33,2.0,65438,41.4,59.3
ENT_IN_23790,Pradeep Singh,0,17.23,1,1,UDYAM-PB-03-8961894,NOT_APPLICABLE,1,19.24,6.2,28801,80.0,61.2
ENT_IN_23791,Harpreet Sharma,614,12.0,1,1,UDYAM-PB-03-2116560,UNREGISTERED,0,42.71,9.8,259881,96.0,70.1
ENT_IN_23792,Ganesh Gowda,600,15.45,0,1,UDYAM-KA-03-6606603,ACTIVE,1,16.71,1.6,306504,70.3,75.5
ENT_IN_23793,Rajesh Khan,806,24.67,1,1,NOT_REGISTERED,NOT_APPLICABLE,1,5.92,6.4,353992,90.0,90.4
ENT_IN_23794,Kavita Verma,828,13.54,0,0,NOT_REGISTERED,ACTIVE,0,35.84,7.1,392282,61.9,70.1
ENT_IN_23795,Geeta Banerjee,556,12.57,1,0,UDYAM-KA-03-8534197,NOT_APPLICABLE,0,31.27,8.0,161447,74.3,59.0
ENT_IN_23796,Preeti Banerjee,848,24.08,1,1,NOT_REGISTERED,ACTIVE,1,21.41,4.2,371876,54.5,91.2
ENT_IN_23797,Karan Sharma,821,18.62,0,1,UDYAM-MH-03-3066028,ACTIVE,1,24.83,5.1,220106,98.9,98.6
ENT_IN_23798,Deepika Reddy,735,24.72,1,1,UDYAM-PB-03-8414675,UNREGISTERED,1,13.67,8.2,42552,43.1,73.4
ENT_IN_23799,Rajesh Reddy,755,2.76,1,0,NOT_REGISTERED,NOT_APPLICABLE,0,5.28,11.8,447990,46.0,64.1
ENT_IN_23800,Mamta Kulkarni,0,20.63,1,1,UDYAM-PB-03-8875704,ACTIVE,0,8.8,5.8,443678,85.9,65.5
ENT_IN_23801,Savita Kaur,758,9.1,1,1,UDYAM-UP-03-9628567,NOT_APPLICABLE,1,19.29,0.9,111935,69.4,89.4
ENT_IN_23802,Fatima Das,773,7.16,1,1,UDYAM-KA-03-2010310,ACTIVE,1,42.3,11.3,218069,66.5,100.0
ENT_IN_23803,Rajesh Mehta,780,3.26,1,1,UDYAM-KA-03-8515687,NOT_APPLICABLE,1,1.06,3.8,305771,68.8,93.7
ENT_IN_23804,Manoj Kumar,818,8.64,1,1,NOT_REGISTERED,NOT_APPLICABLE,1,32.01,2.9,110881,73.8,81.8
ENT_IN_23805,Savita Gowda,0,17.56,1,0,UDYAM-PB-03-7848243,NOT_APPLICABLE,0,31.53,4.9,305736,73.3,52.2
ENT_IN_23806,Sangeeta Mishra,612,1.76,1,1,UDYAM-UP-03-4190526,NOT_APPLICABLE,1,15.55,4.2,165436,48.3,68.4
ENT_IN_23807,Mamta Das,651,1.51,1,1,UDYAM-GJ-03-8585592,ACTIVE,1,27.37,11.0,117123,38.0,76.3
ENT_IN_23808,Amit Gupta,743,2.2,1,1,UDYAM-MH-03-7587007,NOT_APPLICABLE,1,38.07,4.2,42766,73.8,76.4
ENT_IN_23809,Seema Patil,739,15.37,1,1,UDYAM-MH-03-6626035,UNREGISTERED,1,17.8,7.1,252706,62.5,83.7
ENT_IN_23810,Arjun Mishra,595,13.24,1,1,UDYAM-MH-03-3839995,ACTIVE,1,32.98,4.2,367504,73.0,82.2
ENT_IN_23811,Anil Nair,559,8.99,1,1,UDYAM-GJ-03-2782604,NOT_APPLICABLE,1,6.16,3.7,159314,69.6,73.8
ENT_IN_23812,Lakshmi Shah,824,7.85,1,1,UDYAM-KA-03-6938100,ACTIVE,1,20.93,9.2,319711,75.7,100.0
ENT_IN_23813,Ramesh Reddy,633,2.78,1,1,NOT_REGISTERED,ACTIVE,0,7.22,3.2,41262,43.9,49.1
ENT_IN_23814,Amit Gupta,753,18.07,1,0,UDYAM-MH-03-8647144,NOT_APPLICABLE,1,42.01,7.5,443048,99.1,97.2
ENT_IN_23815,Simran Rao,667,5.31,1,0,UDYAM-UP-03-6022562,NOT_APPLICABLE,0,32.61,7.3,446210,68.3,65.1
ENT_IN_23816,Deepak Joshi,602,14.55,1,1,UDYAM-KA-03-5140216,NOT_APPLICABLE,1,9.19,12.0,50557,57.5,63.9
ENT_IN_23817,Anita Kaur,801,13.61,1,1,NOT_REGISTERED,ACTIVE,0,24.39,6.6,297832,65.6,82.0
ENT_IN_23818,Deepak Reddy,550,7.8,1,1,NOT_REGISTERED,NOT_APPLICABLE,1,12.5,11.5,430081,69.5,67.8
ENT_IN_23819,Sujata Yadav,740,13.26,1,1,UDYAM-MH-03-8744361,NOT_APPLICABLE,1,35.53,8.6,252069,89.2,91.9
ENT_IN_23820,Vijay Patil,712,9.41,1,1,NOT_REGISTERED,NOT_APPLICABLE,1,23.6,8.8,323155,86.8,83.8
ENT_IN_23821,Mahesh Yadav,797,1.12,0,1,NOT_REGISTERED,ACTIVE,1,36.25,9.4,96081,94.7,83.6
ENT_IN_23822,Ganesh Chatterjee,838,7.05,1,1,UDYAM-UP-03-3474745,ACTIVE,1,1.77,7.8,169827,61.2,98.9
ENT_IN_23823,Pradeep Reddy,698,21.81,1,1,UDYAM-MH-03-9483256,ACTIVE,1,40.45,9.3,216891,50.3,85.4
ENT_IN_23824,Prakash Yadav,849,19.98,1,1,UDYAM-UP-03-4090287,ACTIVE,1,16.0,10.6,329459,76.9,100.0
ENT_IN_23825,Pooja Chatterjee,679,4.29,0,1,UDYAM-KA-03-5193425,UNREGISTERED,1,27.27,0.1,184337,56.5,70.7
ENT_IN_23826,Tariq Khan,755,7.31,1,1,UDYAM-TN-03-3314737,ACTIVE,1,29.42,7.5,202548,53.1,94.5
ENT_IN_23827,Priya Sharma,642,12.05,1,1,UDYAM-KA-03-5283683,UNREGISTERED,0,38.2,1.4,184292,42.2,58.3
ENT_IN_23828,Harpreet Mehta,645,5.46,1,1,UDYAM-PB-03-8644531,UNREGISTERED,0,39.03,9.2,409329,76.3,65.6
ENT_IN_23829,Karan Sharma,693,11.25,1,1,NOT_REGISTERED,ACTIVE,1,21.27,2.9,412691,49.7,81.2
ENT_IN_23830,Pooja Sharma,794,24.0,0,1,UDYAM-KA-03-1594567,ACTIVE,1,16.3,6.9,193019,65.7,88.2
ENT_IN_23831,Mamta Patil,628,8.56,1,1,UDYAM-PB-03-8009251,ACTIVE,0,44.42,2.8,159630,88.6,76.5
ENT_IN_23832,Anita Banerjee,595,23.58,1,1,UDYAM-TN-03-4443397,NOT_APPLICABLE,1,28.97,4.4,320252,42.9,66.6
ENT_IN_23833,Deepika Rao,627,16.91,1,1,UDYAM-KA-03-7142623,NOT_APPLICABLE,1,9.84,8.8,195391,91.8,76.4
ENT_IN_23834,Deepak Das,581,2.73,1,1,NOT_REGISTERED,ACTIVE,1,33.03,6.4,212911,84.5,76.1
ENT_IN_23835,Neha Verma,777,24.03,0,1,UDYAM-MH-03-2492575,ACTIVE,1,39.74,11.5,84129,87.0,89.6
ENT_IN_23836,Lakshmi Mehta,625,4.6,1,1,UDYAM-PB-03-8460508,NOT_APPLICABLE,1,44.98,6.2,179411,39.1,66.5
ENT_IN_23837,Fatima Shah,770,9.93,1,0,UDYAM-PB-03-2450137,NOT_APPLICABLE,1,19.03,8.4,110577,74.0,81.3
ENT_IN_23838,Bhavna Singh,584,19.75,1,1,UDYAM-TN-03-1534909,ACTIVE,1,22.28,8.9,272362,43.8,75.1
ENT_IN_23839,Dinesh Mehta,702,12.38,1,1,UDYAM-GJ-03-1444310,NOT_APPLICABLE,1,18.92,0.3,362214,64.6,81.6
ENT_IN_23840,Ramesh Gupta,650,15.63,1,1,UDYAM-UP-03-8426894,ACTIVE,0,44.62,10.7,58595,52.3,71.5
ENT_IN_23841,Gurpreet Deshmukh,776,7.34,1,1,UDYAM-KA-03-6988499,ACTIVE,1,44.97,10.0,22175,79.0,93.1
ENT_IN_23842,Sujata Kulkarni,606,3.49,1,1,UDYAM-PB-03-3001530,NOT_APPLICABLE,1,34.21,8.6,316997,64.5,74.8
ENT_IN_23843,Kiran Das,774,17.89,1,1,UDYAM-PB-03-8534947,NOT_APPLICABLE,1,22.95,4.8,338521,78.7,94.7
ENT_IN_23844,Ananya Rao,639,10.55,1,1,UDYAM-MH-03-2211172,NOT_APPLICABLE,0,16.38,0.2,62981,51.4,53.4
ENT_IN_23845,Neha Mehta,844,7.21,1,1,UDYAM-MH-03-8443657,ACTIVE,1,34.51,8.8,440351,99.5,100.0
ENT_IN_23846,Manoj Joshi,552,20.95,1,1,NOT_REGISTERED,ACTIVE,1,13.92,11.0,322964,60.2,72.1
ENT_IN_23847,Lakshmi Chatterjee,580,6.61,1,1,NOT_REGISTERED,ACTIVE,1,7.82,3.8,98957,91.4,73.5
ENT_IN_23848,Sunita Deshmukh,722,1.4,1,1,NOT_REGISTERED,NOT_APPLICABLE,1,20.8,5.4,427196,65.1,76.9
ENT_IN_23849,Deepak Patil,0,6.74,1,1,UDYAM-UP-03-1232844,ACTIVE,0,25.51,3.2,198510,55.6,55.6
ENT_IN_23850,Kavita Joshi,752,10.12,1,1,UDYAM-KA-03-1564539,ACTIVE,1,18.45,5.3,90777,89.2,100.0
ENT_IN_23851,Simran Gowda,714,20.18,1,1,UDYAM-GJ-03-5174177,ACTIVE,1,1.64,8.8,324714,71.0,94.9
ENT_IN_23852,Mahesh Banerjee,553,2.83,1,1,UDYAM-GJ-03-4795146,NOT_APPLICABLE,0,2.19,8.8,29635,90.4,60.6
ENT_IN_23853,Lakshmi Gupta,713,19.18,1,1,UDYAM-MH-03-8240328,NOT_APPLICABLE,1,0.96,10.8,115300,46.5,74.1
ENT_IN_23854,Prakash Reddy,654,18.75,1,1,NOT_REGISTERED,NOT_APPLICABLE,0,28.0,0.2,374317,83.6,68.3
ENT_IN_23855,Radha Patil,686,10.31,1,1,UDYAM-GJ-03-7439115,ACTIVE,0,31.86,3.9,143796,46.7,70.0
ENT_IN_23856,Vijay Kumar,697,1.13,1,1,UDYAM-MH-03-5979533,NOT_APPLICABLE,1,12.12,1.2,274892,65.8,85.2
ENT_IN_23857,Bhavna Gowda,557,1.53,1,1,UDYAM-UP-03-7598244,NOT_APPLICABLE,1,3.06,4.2,231623,76.9,76.1
ENT_IN_23858,Pradeep Joshi,665,5.9,0,1,NOT_REGISTERED,NOT_APPLICABLE,1,38.81,11.4,434703,49.0,61.6
ENT_IN_23859,Manoj Patil,686,1.3,1,1,NOT_REGISTERED,NOT_APPLICABLE,1,31.77,2.5,94527,76.2,73.8
ENT_IN_23860,Bhavna Kaur,745,19.97,1,1,UDYAM-KA-03-6768427,UNREGISTERED,1,21.14,10.0,136487,38.1,73.3
ENT_IN_23861,Mahesh Reddy,766,13.99,1,1,UDYAM-PB-03-1615434,ACTIVE,0,37.83,7.5,127745,83.6,89.6
ENT_IN_23862,Pooja Kumar,611,1.45,1,1,UDYAM-TN-03-2978841,NOT_APPLICABLE,0,24.31,4.8,48572,98.7,63.6
ENT_IN_23863,Sunil Verma,819,8.87,1,1,UDYAM-MH-03-6069014,UNREGISTERED,1,42.51,5.5,282895,41.0,90.6
ENT_IN_23864,Rajesh Patil,576,17.03,1,1,NOT_REGISTERED,NOT_APPLICABLE,1,38.79,2.5,374766,89.3,69.7
ENT_IN_23865,Deepika Mishra,565,22.51,1,1,UDYAM-UP-03-2557531,NOT_APPLICABLE,0,35.17,10.5,347583,44.9,58.0
ENT_IN_23866,Karan Sharma,736,16.05,1,1,UDYAM-GJ-03-8431046,UNREGISTERED,1,5.15,1.9,221547,58.8,80.2
ENT_IN_23867,Tariq Rao,686,10.61,1,1,UDYAM-PB-03-3701444,NOT_APPLICABLE,1,9.03,8.3,341115,88.2,91.9
ENT_IN_23868,Rahul Mehta,804,23.45,1,1,UDYAM-MH-03-7117967,NOT_APPLICABLE,1,9.86,6.4,226521,92.2,97.8
ENT_IN_23869,Geeta Rao,566,4.65,1,1,NOT_REGISTERED,NOT_APPLICABLE,1,23.69,5.0,73930,91.0,63.3
ENT_IN_23870,Pradeep Deshmukh,598,9.24,1,1,UDYAM-MH-03-7213246,ACTIVE,1,10.66,7.2,73424,60.1,75.1
ENT_IN_23871,Arjun Banerjee,0,11.63,1,1,NOT_REGISTERED,ACTIVE,0,24.0,3.7,61539,87.3,51.9
ENT_IN_23872,Shweta Reddy,829,3.5,1,1,NOT_REGISTERED,NOT_APPLICABLE,1,33.15,2.5,17235,62.4,74.8
ENT_IN_23873,Rohan Singh,633,14.44,1,1,NOT_REGISTERED,ACTIVE,1,8.87,2.3,139552,57.1,69.8
ENT_IN_23874,Gurpreet Joshi,665,2.23,0,1,NOT_REGISTERED,ACTIVE,1,36.52,7.9,212107,79.8,78.7
ENT_IN_23875,Priya Kumar,782,2.56,1,1,UDYAM-TN-03-5219418,ACTIVE,1,11.51,10.1,343905,92.9,100.0
ENT_IN_23876,Ashok Gupta,661,4.36,1,1,UDYAM-TN-03-3822086,ACTIVE,1,44.55,10.5,262230,62.1,89.5
ENT_IN_23877,Tariq Singh,843,14.21,1,1,NOT_REGISTERED,NOT_APPLICABLE,1,8.95,1.5,280942,40.3,77.6
ENT_IN_23878,Pooja Reddy,841,15.08,1,1,NOT_REGISTERED,UNREGISTERED,0,18.38,10.5,396011,90.1,82.7
ENT_IN_23879,Mahesh Kumar,726,14.19,1,1,NOT_REGISTERED,NOT_APPLICABLE,1,13.79,11.4,448329,80.6,77.7
ENT_IN_23880,Ramesh Chatterjee,594,0.5,1,1,UDYAM-TN-03-8455720,NOT_APPLICABLE,1,0.37,3.7,174545,81.6,74.8
ENT_IN_23881,Karan Kulkarni,0,22.94,1,0,UDYAM-GJ-03-2622483,ACTIVE,1,42.39,0.3,272373,48.0,57.2
ENT_IN_23882,Rajesh Patil,716,9.74,0,1,UDYAM-UP-03-1087617,UNREGISTERED,1,0.02,0.5,66013,55.4,66.5
ENT_IN_23883,Suresh Kaur,687,5.4,1,1,NOT_REGISTERED,ACTIVE,1,23.71,6.4,66259,66.8,76.6
ENT_IN_23884,Ayesha Kaur,0,20.7,1,0,UDYAM-PB-03-6523852,UNREGISTERED,0,1.86,1.4,81026,39.7,34.0
ENT_IN_23885,Seema Gupta,638,11.89,1,1,UDYAM-TN-03-3851585,ACTIVE,1,33.34,0.1,227585,69.8,79.5
ENT_IN_23886,Deepika Kaur,601,9.64,1,1,NOT_REGISTERED,NOT_APPLICABLE,1,28.4,5.2,146556,63.7,63.8
ENT_IN_23887,Bhavna Sheikh,587,16.05,1,1,UDYAM-UP-03-3909963,NOT_APPLICABLE,1,43.71,4.5,328833,53.7,73.9
ENT_IN_23888,Pooja Gupta,681,24.45,1,1,UDYAM-TN-03-2347499,NOT_APPLICABLE,1,28.37,3.1,130532,89.9,84.1
ENT_IN_23889,Ananya Mehta,780,22.85,1,1,UDYAM-KA-03-1673977,NOT_APPLICABLE,0,1.49,4.7,174147,83.9,83.5
ENT_IN_23890,Pradeep Verma,569,0.01,1,1,UDYAM-PB-03-1524518,ACTIVE,1,19.47,0.6,330848,76.5,83.4
ENT_IN_23891,Lakshmi Chaudhary,702,3.32,1,1,UDYAM-GJ-03-3600439,ACTIVE,1,16.89,4.7,122431,61.5,85.3
ENT_IN_23892,Meena Joshi,794,8.36,1,1,UDYAM-MH-03-1406394,NOT_APPLICABLE,1,34.82,11.6,97442,35.7,82.3
ENT_IN_23893,Mohammed Chaudhary,709,16.96,1,1,NOT_REGISTERED,NOT_APPLICABLE,0,32.29,0.0,146280,47.1,56.6
ENT_IN_23894,Anil Yadav,551,18.91,1,1,NOT_REGISTERED,UNREGISTERED,1,28.57,0.4,207251,91.4,73.3
ENT_IN_23895,Ayesha Kaur,678,22.56,1,1,UDYAM-MH-03-4802424,ACTIVE,1,24.62,7.2,91965,38.0,78.3
ENT_IN_23896,Manoj Kaur,786,15.74,1,0,UDYAM-MH-03-4561129,ACTIVE,1,33.47,6.1,124246,39.2,80.1
ENT_IN_23897,Amit Verma,672,22.62,1,1,UDYAM-GJ-03-7355391,NOT_APPLICABLE,1,7.49,2.1,124309,82.4,81.8
ENT_IN_23898,Pooja Kaur,787,6.84,1,1,NOT_REGISTERED,ACTIVE,1,19.39,6.2,234116,62.2,89.4
ENT_IN_23899,Mamta Kulkarni,717,21.67,1,1,UDYAM-PB-03-1781674,NOT_APPLICABLE,1,2.81,6.9,53848,41.0,72.6
ENT_IN_23900,Sanjay Chaudhary,740,23.86,1,0,UDYAM-GJ-03-8809231,NOT_APPLICABLE,1,15.62,2.8,159887,64.6,71.9
ENT_IN_23901,Pooja Sheikh,583,21.66,1,1,UDYAM-PB-03-8640780,NOT_APPLICABLE,1,37.63,0.1,103193,85.2,70.6
ENT_IN_23902,Ganesh Mishra,763,1.64,1,1,NOT_REGISTERED,ACTIVE,1,41.17,6.3,311049,78.3,95.6
ENT_IN_23903,Neha Joshi,661,0.95,1,1,NOT_REGISTERED,NOT_APPLICABLE,1,17.14,3.1,383995,85.1,81.8
ENT_IN_23904,Vikram Patel,689,10.67,1,1,UDYAM-TN-03-7964940,ACTIVE,0,32.32,8.5,76761,93.8,81.0
ENT_IN_23905,Deepak Deshmukh,782,4.84,1,1,UDYAM-TN-03-5449400,NOT_APPLICABLE,1,20.89,2.1,167880,35.7,82.5
ENT_IN_23906,Radha Das,673,19.02,1,1,UDYAM-KA-03-5000827,ACTIVE,1,24.05,11.8,406543,60.2,90.3
ENT_IN_23907,Bhavna Patel,818,2.0,1,1,NOT_REGISTERED,ACTIVE,1,1.02,3.1,354388,82.6,98.2
ENT_IN_23908,Mamta Chatterjee,666,0.9,1,1,NOT_REGISTERED,ACTIVE,1,39.73,1.5,77760,77.8,81.0
ENT_IN_23909,Vikram Nair,605,23.45,1,1,UDYAM-KA-03-3406196,ACTIVE,1,41.62,8.7,315816,80.8,87.9
ENT_IN_23910,Sunita Rao,658,14.48,1,1,UDYAM-PB-03-6601204,NOT_APPLICABLE,1,14.05,2.5,364071,94.8,92.5
ENT_IN_23911,Deepak Chaudhary,0,7.02,1,1,NOT_REGISTERED,NOT_APPLICABLE,1,34.54,10.5,235421,58.6,55.5
ENT_IN_23912,Ananya Deshmukh,0,3.02,1,1,NOT_REGISTERED,NOT_APPLICABLE,1,33.17,2.5,159314,99.9,59.8
ENT_IN_23913,Gurpreet Sharma,849,7.98,1,1,UDYAM-UP-03-4490945,NOT_APPLICABLE,1,15.82,10.2,258079,69.7,94.8
ENT_IN_23914,Pooja Khan,746,9.12,1,1,UDYAM-UP-03-7410552,NOT_APPLICABLE,1,19.68,1.6,228352,70.3,82.4
ENT_IN_23915,Manoj Nair,556,2.37,1,0,UDYAM-MH-03-4270234,NOT_APPLICABLE,1,32.73,7.0,209086,56.0,65.9
ENT_IN_23916,Ayesha Kulkarni,601,16.0,1,1,UDYAM-GJ-03-8296573,NOT_APPLICABLE,0,14.23,6.3,372797,86.7,68.0
ENT_IN_23917,Ganesh Verma,695,24.23,0,1,NOT_REGISTERED,ACTIVE,1,36.38,6.9,258773,61.4,75.6
ENT_IN_23918,Shweta Nair,801,11.28,1,1,UDYAM-KA-03-8072761,UNREGISTERED,1,15.53,7.3,319954,81.8,100.0
ENT_IN_23919,Mamta Kumar,636,19.49,1,1,NOT_REGISTERED,ACTIVE,1,21.56,4.3,367134,67.9,73.5
ENT_IN_23920,Shweta Gowda,704,24.32,1,1,NOT_REGISTERED,NOT_APPLICABLE,1,11.79,7.4,23398,41.2,59.6
ENT_IN_23921,Rajesh Verma,691,8.1,1,1,UDYAM-KA-03-6798788,UNREGISTERED,1,2.2,11.3,248030,63.5,80.9
ENT_IN_23922,Tariq Sharma,826,17.74,1,1,UDYAM-PB-03-3342870,ACTIVE,1,18.1,6.4,86358,48.3,88.8
ENT_IN_23923,Savita Mehta,825,24.3,1,1,UDYAM-PB-03-4538830,NOT_APPLICABLE,1,20.03,5.3,38566,42.3,81.2
ENT_IN_23924,Sujata Patel,576,1.73,1,1,UDYAM-TN-03-2422777,ACTIVE,1,20.61,3.0,71100,63.2,72.6
ENT_IN_23925,Mamta Das,587,22.38,1,1,NOT_REGISTERED,ACTIVE,1,6.28,5.9,152643,75.1,74.8
ENT_IN_23926,Harpreet Kaur,826,19.22,1,1,NOT_REGISTERED,ACTIVE,1,34.72,3.6,120060,48.6,84.3
ENT_IN_23927,Suresh Reddy,691,16.9,1,1,UDYAM-TN-03-9621080,ACTIVE,1,28.42,9.3,30982,39.1,75.6
ENT_IN_23928,Manoj Shah,813,4.48,1,1,NOT_REGISTERED,ACTIVE,1,29.75,1.0,158724,62.3,89.2
ENT_IN_23929,Fatima Sheikh,637,9.35,1,1,UDYAM-GJ-03-7655056,ACTIVE,0,15.53,4.6,354839,42.7,65.6
ENT_IN_23930,Manoj Khan,682,21.68,1,1,UDYAM-TN-03-8527229,ACTIVE,1,26.78,2.1,285599,97.6,97.2
ENT_IN_23931,Priya Chaudhary,712,10.09,1,1,UDYAM-KA-03-6753379,UNREGISTERED,0,1.21,0.5,256993,43.2,67.6
ENT_IN_23932,Rekha Deshmukh,0,4.55,1,1,UDYAM-TN-03-9613151,UNREGISTERED,1,30.59,10.3,173154,72.5,62.9
ENT_IN_23933,Radha Yadav,626,18.51,1,0,UDYAM-GJ-03-9072912,ACTIVE,1,10.51,4.9,380568,64.2,76.8
ENT_IN_23934,Arjun Patil,832,2.84,1,1,UDYAM-MH-03-5577604,ACTIVE,1,0.34,0.2,83747,52.0,89.7
ENT_IN_23935,Rajesh Yadav,622,8.79,1,1,UDYAM-UP-03-4277654,UNREGISTERED,1,39.99,4.7,264989,79.7,77.4
ENT_IN_23936,Geeta Reddy,734,3.66,1,1,UDYAM-TN-03-7126185,UNREGISTERED,0,8.04,6.5,64905,73.0,71.3
ENT_IN_23937,Karan Joshi,786,21.45,1,1,UDYAM-UP-03-2075785,ACTIVE,0,39.79,5.3,279354,66.5,90.3
ENT_IN_23938,Shweta Mehta,735,23.72,0,1,NOT_REGISTERED,NOT_APPLICABLE,1,28.5,11.9,197841,39.4,57.6
ENT_IN_23939,Anil Kulkarni,727,12.66,1,1,NOT_REGISTERED,NOT_APPLICABLE,1,37.97,7.9,141048,89.7,78.6
ENT_IN_23940,Rekha Kumar,558,16.82,1,1,UDYAM-PB-03-7789275,NOT_APPLICABLE,1,33.07,1.7,42571,39.8,59.2
ENT_IN_23941,Ayesha Gowda,0,5.31,1,1,UDYAM-UP-03-8740545,NOT_APPLICABLE,1,8.95,9.0,280064,68.2,64.5
ENT_IN_23942,Kavita Nair,0,23.11,1,1,UDYAM-PB-03-5557377,ACTIVE,1,10.35,0.7,391998,76.3,76.0
ENT_IN_23943,Ashok Rao,841,13.09,1,1,NOT_REGISTERED,NOT_APPLICABLE,1,44.38,9.9,379559,89.3,91.6
ENT_IN_23944,Priya Rao,806,21.44,1,1,UDYAM-UP-03-1960964,UNREGISTERED,1,3.14,6.0,431671,68.0,93.1
ENT_IN_23945,Mahesh Patil,697,1.85,1,1,UDYAM-TN-03-6390340,NOT_APPLICABLE,1,35.17,11.8,112627,80.9,83.4
ENT_IN_23946,Shweta Yadav,734,3.82,1,1,UDYAM-PB-03-4629975,NOT_APPLICABLE,1,25.16,3.4,144187,65.1,79.5
ENT_IN_23947,Manoj Mehta,594,12.56,1,1,UDYAM-MH-03-9832973,ACTIVE,1,41.81,0.5,351282,71.5,84.9
ENT_IN_23948,Pradeep Das,796,21.47,1,1,NOT_REGISTERED,ACTIVE,1,18.07,10.1,370477,39.8,86.7
ENT_IN_23949,Rohan Gowda,773,20.95,0,1,UDYAM-KA-03-4078684,NOT_APPLICABLE,1,30.99,11.4,91125,99.6,90.2
ENT_IN_23950,Arjun Patil,739,11.32,1,1,UDYAM-KA-03-1276585,NOT_APPLICABLE,1,23.93,3.6,373223,52.9,81.3
ENT_IN_23951,Vijay Mishra,719,5.48,1,1,UDYAM-TN-03-5109725,NOT_APPLICABLE,1,8.64,10.9,184672,88.3,88.9
ENT_IN_23952,Deepak Sharma,596,4.63,0,1,NOT_REGISTERED,NOT_APPLICABLE,1,30.92,8.1,240134,76.9,60.3
ENT_IN_23953,Sanjay Deshmukh,719,15.97,1,1,NOT_REGISTERED,NOT_APPLICABLE,1,6.03,6.0,373909,42.2,68.1
ENT_IN_23954,Ramesh Patil,0,19.78,1,1,UDYAM-GJ-03-6732393,ACTIVE,0,1.16,1.4,244586,82.9,67.8
ENT_IN_23955,Pooja Gowda,585,1.49,1,0,UDYAM-MH-03-9323505,ACTIVE,0,39.28,0.2,213477,56.6,61.9
ENT_IN_23956,Savita Chaudhary,730,3.27,1,1,UDYAM-PB-03-2755424,UNREGISTERED,1,29.3,4.5,249561,43.0,76.2
ENT_IN_23957,Gurpreet Kulkarni,689,24.46,1,1,UDYAM-MH-03-1536357,NOT_APPLICABLE,1,27.02,5.8,400481,89.9,91.9
ENT_IN_23958,Pooja Gowda,603,2.65,1,0,UDYAM-MH-03-2761292,UNREGISTERED,0,18.23,2.6,375763,53.7,54.3
ENT_IN_23959,Priya Banerjee,813,24.03,1,1,NOT_REGISTERED,NOT_APPLICABLE,1,36.45,4.0,186491,49.3,78.4
ENT_IN_23960,Seema Kumar,792,4.2,1,1,UDYAM-TN-03-6587361,NOT_APPLICABLE,1,23.11,3.0,91646,35.1,78.6
ENT_IN_23961,Tariq Reddy,660,4.05,0,1,UDYAM-GJ-03-7758158,NOT_APPLICABLE,1,28.74,5.1,205526,40.0,67.8
ENT_IN_23962,Sanjay Kaur,674,3.86,1,1,UDYAM-UP-03-2987810,ACTIVE,1,23.07,1.1,436762,63.0,88.2
ENT_IN_23963,Pooja Rao,663,0.91,1,1,UDYAM-GJ-03-7316524,ACTIVE,1,36.67,11.7,102377,89.7,90.7
ENT_IN_23964,Seema Chatterjee,0,22.08,1,1,UDYAM-GJ-03-4502257,ACTIVE,1,26.02,5.0,324747,81.2,76.5
ENT_IN_23965,Geeta Rao,678,3.99,1,1,UDYAM-MH-03-1442695,ACTIVE,1,24.61,10.9,110367,47.5,81.0
ENT_IN_23966,Mohammed Shah,737,12.22,1,1,NOT_REGISTERED,ACTIVE,1,1.17,2.9,260658,70.7,86.9
ENT_IN_23967,Ayesha Rao,806,15.71,0,1,UDYAM-MH-03-8904560,ACTIVE,1,40.02,3.0,368635,53.5,89.3
ENT_IN_23968,Amit Gupta,807,11.83,0,1,UDYAM-MH-03-9794870,NOT_APPLICABLE,1,31.29,3.5,234548,88.6,92.4
ENT_IN_23969,Anita Chaudhary,839,19.01,1,1,NOT_REGISTERED,ACTIVE,1,35.32,7.3,409336,81.2,95.8
ENT_IN_23970,Pradeep Patel,631,14.31,0,1,UDYAM-GJ-03-5446835,UNREGISTERED,1,17.39,9.6,111581,70.9,64.8
ENT_IN_23971,Manoj Khan,583,19.0,1,1,UDYAM-TN-03-4969079,ACTIVE,1,2.02,2.6,233364,51.9,76.3
ENT_IN_23972,Ayesha Shah,0,9.49,1,1,UDYAM-UP-03-6501491,ACTIVE,0,2.7,10.9,229355,54.9,59.2
ENT_IN_23973,Ananya Sharma,768,4.03,1,1,UDYAM-UP-03-4613058,ACTIVE,1,44.95,2.3,395126,94.6,100.0
ENT_IN_23974,Sanjay Chaudhary,758,22.57,1,1,UDYAM-KA-03-9157955,ACTIVE,1,25.95,10.2,296693,52.6,100.0
ENT_IN_23975,Arjun Nair,598,18.19,1,1,NOT_REGISTERED,ACTIVE,1,34.81,11.7,70516,86.5,71.1
ENT_IN_23976,Arjun Verma,586,19.25,1,1,UDYAM-PB-03-5165991,NOT_APPLICABLE,1,17.81,11.7,254819,74.7,74.4
ENT_IN_23977,Sanjay Nair,848,14.61,1,1,UDYAM-GJ-03-6734705,NOT_APPLICABLE,0,22.35,11.5,189296,73.4,82.5
ENT_IN_23978,Vijay Kaur,571,7.81,1,1,UDYAM-MH-03-8455414,NOT_APPLICABLE,1,33.69,7.4,202760,94.9,82.3
ENT_IN_23979,Karan Gupta,672,20.07,1,1,UDYAM-MH-03-5593947,ACTIVE,0,17.3,9.6,48549,45.3,71.1
ENT_IN_23980,Karan Verma,739,10.73,1,1,UDYAM-KA-03-5067862,NOT_APPLICABLE,0,5.78,6.4,86668,80.3,69.3
ENT_IN_23981,Rahul Patil,606,3.92,1,1,UDYAM-MH-03-6407916,NOT_APPLICABLE,1,10.0,4.8,151370,38.5,62.7
ENT_IN_23982,Meena Deshmukh,847,8.32,1,1,NOT_REGISTERED,NOT_APPLICABLE,1,16.47,5.7,26216,71.8,80.7
ENT_IN_23983,Kavita Mehta,713,18.26,1,1,UDYAM-TN-03-2247235,NOT_APPLICABLE,1,11.29,4.0,166748,80.7,84.6
ENT_IN_23984,Anil Nair,746,6.24,1,1,NOT_REGISTERED,NOT_APPLICABLE,1,2.84,6.9,427185,78.2,82.1
ENT_IN_23985,Deepika Gupta,645,14.16,1,1,NOT_REGISTERED,ACTIVE,1,7.97,6.6,304058,45.4,68.8
ENT_IN_23986,Radha Gupta,752,13.01,1,1,NOT_REGISTERED,NOT_APPLICABLE,1,0.78,8.1,104827,75.3,85.3
ENT_IN_23987,Arjun Gupta,643,23.37,1,1,NOT_REGISTERED,UNREGISTERED,1,14.49,9.0,182197,35.3,57.7
ENT_IN_23988,Geeta Kaur,672,21.99,1,1,UDYAM-UP-03-6746191,NOT_APPLICABLE,1,25.77,5.5,305142,49.8,79.2
ENT_IN_23989,Sanjay Gupta,641,10.07,0,1,UDYAM-GJ-03-1818841,ACTIVE,1,25.7,1.2,375394,53.3,72.1
ENT_IN_23990,Karan Mishra,569,18.8,1,0,UDYAM-KA-03-3807177,ACTIVE,1,17.62,3.8,430987,57.4,70.9
ENT_IN_23991,Ramesh Kulkarni,0,20.33,1,0,NOT_REGISTERED,ACTIVE,1,1.78,4.8,318810,45.3,50.7
ENT_IN_23992,Deepika Sheikh,550,22.9,1,1,UDYAM-MH-03-2574899,NOT_APPLICABLE,1,28.5,9.2,192551,94.0,78.2
ENT_IN_23993,Deepak Chatterjee,797,21.6,1,1,UDYAM-PB-03-8515531,ACTIVE,0,2.12,10.7,327644,62.8,93.2
ENT_IN_23994,Kavita Nair,612,16.04,1,1,NOT_REGISTERED,UNREGISTERED,1,11.45,3.0,67219,50.5,55.7
ENT_IN_23995,Fatima Chatterjee,764,4.1,1,0,NOT_REGISTERED,NOT_APPLICABLE,1,42.24,1.5,110219,77.0,77.9
ENT_IN_23996,Sunil Kulkarni,585,5.67,0,1,UDYAM-TN-03-5195783,ACTIVE,0,20.19,8.6,210620,49.7,57.0
ENT_IN_23997,Deepika Rao,735,10.68,1,1,UDYAM-KA-03-7851769,NOT_APPLICABLE,1,16.08,6.4,236491,71.3,82.3
ENT_IN_23998,Savita Sharma,694,2.54,1,0,UDYAM-TN-03-4496955,NOT_APPLICABLE,1,40.94,2.4,394433,87.0,82.6
ENT_IN_23999,Karan Reddy,669,14.68,1,1,NOT_REGISTERED,NOT_APPLICABLE,1,5.74,11.9,198280,89.9,78.5
ENT_IN_24000,Suresh Gupta,816,22.86,1,1,NOT_REGISTERED,NOT_APPLICABLE,1,2.19,5.0,375338,80.7,91.4
ENT_IN_24001,Harpreet Chaudhary,0,19.96,1,1,UDYAM-GJ-03-3842804,NOT_APPLICABLE,1,9.32,10.3,243450,68.1,65.6
ENT_IN_24002,Deepika Sheikh,774,14.22,1,1,UDYAM-UP-03-2467571,NOT_APPLICABLE,1,39.96,8.6,85275,72.9,87.9
ENT_IN_24003,Kiran Mishra,849,2.03,1,1,NOT_REGISTERED,UNREGISTERED,1,5.94,2.3,326433,60.6,87.7
ENT_IN_24004,Amit Sharma,816,1.84,1,0,UDYAM-MH-03-7059915,NOT_APPLICABLE,1,3.25,6.5,388587,40.9,81.0
ENT_IN_24005,Sunita Kumar,733,6.75,1,1,UDYAM-TN-03-2835841,NOT_APPLICABLE,1,35.85,7.7,307283,95.3,94.0
ENT_IN_24006,Kavita Kumar,777,10.32,1,1,NOT_REGISTERED,UNREGISTERED,1,43.08,5.5,181375,89.7,89.5
ENT_IN_24007,Geeta Chatterjee,627,11.42,1,1,UDYAM-GJ-03-5197955,NOT_APPLICABLE,1,36.54,5.9,371244,94.1,84.5
ENT_IN_24008,Harpreet Khan,683,15.16,1,1,UDYAM-KA-03-2649835,ACTIVE,1,2.44,0.9,233800,52.8,84.9
ENT_IN_24009,Prakash Patil,804,22.8,1,1,UDYAM-GJ-03-1187848,NOT_APPLICABLE,1,19.97,4.2,294779,65.3,93.0
ENT_IN_24010,Fatima Sheikh,703,24.87,1,1,UDYAM-PB-03-4459590,UNREGISTERED,0,21.62,4.8,175058,98.7,78.8
ENT_IN_24011,Ananya Kaur,752,18.49,1,1,NOT_REGISTERED,ACTIVE,0,11.44,11.7,358616,36.0,73.1
ENT_IN_24012,Mahesh Mishra,753,19.59,1,1,NOT_REGISTERED,UNREGISTERED,1,10.82,10.5,302611,57.3,86.6
ENT_IN_24013,Geeta Das,633,17.87,1,1,UDYAM-UP-03-3409600,ACTIVE,1,21.02,5.1,128356,92.0,82.1
ENT_IN_24014,Ayesha Reddy,630,19.87,1,1,NOT_REGISTERED,ACTIVE,1,44.41,4.3,414637,91.6,79.2
ENT_IN_24015,Preeti Chatterjee,649,4.5,1,1,UDYAM-KA-03-8141251,NOT_APPLICABLE,0,26.4,3.1,19545,43.6,52.4
ENT_IN_24016,Sangeeta Reddy,772,21.96,1,0,UDYAM-PB-03-7555684,ACTIVE,1,32.38,8.0,447770,52.5,89.7
ENT_IN_24017,Tariq Shah,590,19.65,1,1,UDYAM-TN-03-6690822,UNREGISTERED,1,10.33,8.4,215157,39.4,67.0
ENT_IN_24018,Gurpreet Patel,670,10.59,1,0,UDYAM-GJ-03-1683710,ACTIVE,1,11.88,6.7,412274,55.7,81.6
ENT_IN_24019,Gurpreet Yadav,610,10.46,1,1,UDYAM-TN-03-5963461,NOT_APPLICABLE,1,39.99,8.3,31909,96.4,73.1
ENT_IN_24020,Ananya Kulkarni,0,21.31,1,1,UDYAM-TN-03-9655857,UNREGISTERED,1,33.57,10.5,282290,88.8,70.3
ENT_IN_24021,Seema Banerjee,719,4.98,1,0,UDYAM-UP-03-7262254,NOT_APPLICABLE,1,23.84,6.3,367242,49.7,73.4
ENT_IN_24022,Fatima Khan,554,19.18,1,1,UDYAM-GJ-03-4763965,NOT_APPLICABLE,0,28.21,7.3,202811,49.1,59.4
ENT_IN_24023,Neha Verma,581,11.66,1,0,UDYAM-MH-03-6330255,NOT_APPLICABLE,0,43.42,6.0,77157,35.7,41.3
ENT_IN_24024,Shweta Kulkarni,0,23.35,1,1,UDYAM-PB-03-4141245,ACTIVE,1,29.24,8.9,386917,90.4,80.0
ENT_IN_24025,Sujata Kulkarni,676,16.63,1,1,UDYAM-PB-03-8343291,NOT_APPLICABLE,0,26.87,6.6,49409,61.4,62.5
ENT_IN_24026,Sujata Patil,665,6.29,0,1,UDYAM-KA-03-3589441,ACTIVE,0,20.9,0.6,336972,62.2,71.9
ENT_IN_24027,Ramesh Reddy,677,12.69,1,0,UDYAM-GJ-03-6556519,NOT_APPLICABLE,1,38.58,8.2,258669,80.4,82.3
ENT_IN_24028,Sangeeta Gowda,600,0.76,1,1,NOT_REGISTERED,UNREGISTERED,1,10.01,5.9,146347,62.3,60.3
ENT_IN_24029,Sujata Yadav,780,23.69,0,1,UDYAM-TN-03-6080112,UNREGISTERED,1,11.14,4.3,443378,95.8,91.4
ENT_IN_24030,Anil Sheikh,0,4.33,1,1,UDYAM-TN-03-7987911,NOT_APPLICABLE,1,32.02,8.6,429146,73.7,65.4
ENT_IN_24031,Bhavna Mehta,774,3.35,1,1,UDYAM-KA-03-6464490,ACTIVE,1,0.23,11.7,266091,63.0,99.3
ENT_IN_24032,Radha Yadav,647,23.6,1,0,UDYAM-MH-03-6093256,ACTIVE,1,8.71,2.5,103944,82.9,70.8
ENT_IN_24033,Ganesh Sheikh,830,12.11,1,1,UDYAM-KA-03-5959697,ACTIVE,1,28.31,5.4,207445,49.3,97.1
ENT_IN_24034,Neha Rao,568,16.74,1,1,UDYAM-MH-03-7381587,NOT_APPLICABLE,1,26.34,1.9,20244,94.5,73.5
ENT_IN_24035,Deepak Joshi,757,8.32,1,1,UDYAM-TN-03-2894753,NOT_APPLICABLE,1,23.06,9.7,242878,81.0,100.0
ENT_IN_24036,Sunita Gupta,622,20.89,1,1,UDYAM-TN-03-7437106,NOT_APPLICABLE,1,37.62,4.1,190474,61.8,68.9
ENT_IN_24037,Prakash Chatterjee,777,17.94,1,1,UDYAM-PB-03-9014831,ACTIVE,1,8.92,7.0,226862,48.9,94.6
ENT_IN_24038,Prakash Yadav,610,11.41,1,1,NOT_REGISTERED,UNREGISTERED,0,44.56,7.7,244476,78.6,60.1
ENT_IN_24039,Rahul Patil,642,10.18,1,1,UDYAM-KA-03-2888334,ACTIVE,1,23.9,2.4,40168,91.2,78.2
ENT_IN_24040,Lakshmi Shah,577,22.51,1,1,NOT_REGISTERED,ACTIVE,1,31.45,4.5,427278,54.2,71.8
ENT_IN_24041,Anil Sharma,640,7.92,1,1,UDYAM-KA-03-4420666,ACTIVE,0,8.18,10.8,37947,67.2,65.2
ENT_IN_24042,Rajesh Rao,658,0.46,1,1,NOT_REGISTERED,NOT_APPLICABLE,1,20.0,2.6,106781,66.8,71.8
ENT_IN_24043,Rahul Mehta,0,10.3,1,1,UDYAM-MH-03-8927061,ACTIVE,1,44.76,2.7,180822,84.3,75.4
ENT_IN_24044,Kiran Shah,763,23.33,1,1,NOT_REGISTERED,ACTIVE,1,3.42,9.3,130790,85.1,93.1
ENT_IN_24045,Fatima Mehta,671,23.84,1,1,NOT_REGISTERED,ACTIVE,1,42.99,1.6,211449,51.9,80.2
ENT_IN_24046,Arjun Patel,634,11.46,1,1,UDYAM-PB-03-9478862,NOT_APPLICABLE,1,29.44,6.4,389931,40.7,70.7
ENT_IN_24047,Geeta Chatterjee,684,3.26,1,1,UDYAM-GJ-03-8728904,UNREGISTERED,0,11.2,1.3,253627,47.4,72.6
ENT_IN_24048,Geeta Singh,784,13.87,1,1,UDYAM-GJ-03-8475710,ACTIVE,1,25.46,0.5,97826,76.9,96.6
ENT_IN_24049,Preeti Patil,583,3.74,1,1,UDYAM-MH-03-9353527,NOT_APPLICABLE,0,21.92,2.6,401097,56.6,63.1
ENT_IN_24050,Vikram Mehta,636,24.55,1,1,UDYAM-GJ-03-6137200,ACTIVE,1,22.47,9.1,121281,85.6,80.2
ENT_IN_24051,Ramesh Kumar,708,6.31,0,1,NOT_REGISTERED,ACTIVE,1,14.55,6.1,246649,62.5,71.7
ENT_IN_24052,Sunita Gupta,708,21.69,1,1,NOT_REGISTERED,NOT_APPLICABLE,0,2.35,6.8,33837,70.4,60.5
ENT_IN_24053,Simran Chatterjee,572,21.55,1,1,NOT_REGISTERED,UNREGISTERED,1,13.38,8.7,102488,51.3,59.3
ENT_IN_24054,Sangeeta Banerjee,800,2.39,1,0,UDYAM-PB-03-2012711,NOT_APPLICABLE,1,14.18,7.7,36371,87.8,84.1
ENT_IN_24055,Ramesh Joshi,599,11.1,1,1,UDYAM-PB-03-7044209,NOT_APPLICABLE,1,13.64,2.1,205717,55.7,72.9
ENT_IN_24056,Deepika Gupta,832,20.07,1,1,UDYAM-KA-03-9281409,NOT_APPLICABLE,1,36.23,9.1,85589,90.1,92.4
ENT_IN_24057,Arjun Nair,0,22.87,1,1,UDYAM-MH-03-1495125,NOT_APPLICABLE,0,14.27,7.7,227315,79.4,57.9
ENT_IN_24058,Anil Mehta,559,16.67,1,1,UDYAM-GJ-03-8318304,UNREGISTERED,1,12.43,7.2,253673,65.5,76.8
ENT_IN_24059,Seema Mishra,581,6.91,1,0,UDYAM-GJ-03-2977173,NOT_APPLICABLE,1,10.39,6.2,441340,87.1,72.5
ENT_IN_24060,Manoj Chatterjee,654,17.92,1,1,UDYAM-MH-03-3075697,NOT_APPLICABLE,0,23.15,10.2,54034,89.8,72.5
ENT_IN_24061,Deepika Kumar,639,2.57,1,1,NOT_REGISTERED,NOT_APPLICABLE,1,37.21,5.4,117557,78.4,65.1
ENT_IN_24062,Savita Mishra,809,5.87,1,1,NOT_REGISTERED,ACTIVE,1,29.62,1.3,316473,47.6,90.0
ENT_IN_24063,Pradeep Gupta,573,9.59,1,1,UDYAM-UP-03-4517171,UNREGISTERED,1,3.15,3.9,268794,36.6,67.6
ENT_IN_24064,Ganesh Singh,771,14.64,1,1,UDYAM-KA-03-6032071,NOT_APPLICABLE,0,11.08,10.9,270100,72.1,84.6
ENT_IN_24065,Sujata Singh,835,5.34,1,1,NOT_REGISTERED,NOT_APPLICABLE,1,44.28,9.0,18881,81.6,83.9
ENT_IN_24066,Mamta Kaur,612,22.91,1,1,UDYAM-PB-03-2847683,NOT_APPLICABLE,1,23.27,11.1,17848,86.2,72.1
ENT_IN_24067,Meena Banerjee,564,6.94,1,1,NOT_REGISTERED,ACTIVE,1,15.31,8.3,45387,89.1,68.1
ENT_IN_24068,Dinesh Kaur,611,18.76,1,1,UDYAM-KA-03-3703949,UNREGISTERED,1,38.37,0.4,442327,51.0,72.8
ENT_IN_24069,Karan Reddy,628,7.67,1,1,UDYAM-GJ-03-5732634,ACTIVE,1,27.42,2.3,182895,63.4,78.3
ENT_IN_24070,Arjun Kaur,642,22.54,1,1,UDYAM-PB-03-3911438,UNREGISTERED,1,15.57,4.2,72852,73.0,67.5
ENT_IN_24071,Kavita Chatterjee,615,22.26,1,1,UDYAM-UP-03-9994408,NOT_APPLICABLE,1,21.46,1.6,381680,82.9,78.7
ENT_IN_24072,Savita Gupta,577,22.6,1,1,UDYAM-KA-03-2745434,ACTIVE,1,21.23,6.7,245689,39.6,75.6
ENT_IN_24073,Anita Khan,609,7.79,1,1,UDYAM-TN-03-2433435,ACTIVE,0,16.35,1.8,134345,42.5,62.7
ENT_IN_24074,Gurpreet Yadav,574,10.2,1,1,UDYAM-MH-03-1592665,UNREGISTERED,1,19.94,8.4,234703,66.5,71.2
ENT_IN_24075,Fatima Yadav,612,11.99,1,1,UDYAM-TN-03-7698299,NOT_APPLICABLE,1,22.47,10.9,277514,77.2,80.2
ENT_IN_24076,Vijay Kulkarni,0,7.29,1,1,NOT_REGISTERED,ACTIVE,1,39.19,4.9,271275,79.7,68.1
ENT_IN_24077,Seema Mishra,0,20.57,1,0,UDYAM-UP-03-5722090,ACTIVE,1,41.24,6.1,435706,93.3,71.7
ENT_IN_24078,Rajesh Singh,757,22.82,1,1,UDYAM-UP-03-5401441,NOT_APPLICABLE,1,12.25,2.5,297689,72.3,95.3
ENT_IN_24079,Karan Singh,713,15.55,1,0,UDYAM-UP-03-2414119,NOT_APPLICABLE,1,3.51,0.4,232632,93.8,84.2
ENT_IN_24080,Anil Khan,0,22.13,1,1,UDYAM-UP-03-8246943,ACTIVE,1,41.32,1.4,293785,70.4,73.2
ENT_IN_24081,Meena Patil,659,16.9,0,1,UDYAM-KA-03-5618513,UNREGISTERED,0,2.44,11.7,402514,59.1,62.6
ENT_IN_24082,Vikram Deshmukh,573,5.41,1,1,UDYAM-UP-03-9604514,NOT_APPLICABLE,1,16.0,11.9,348771,80.2,76.1
ENT_IN_24083,Tariq Banerjee,634,20.11,1,0,UDYAM-MH-03-1051809,ACTIVE,1,34.44,4.6,110168,79.5,74.8
ENT_IN_24084,Mamta Das,665,0.92,0,1,NOT_REGISTERED,UNREGISTERED,1,34.43,7.0,325707,72.1,71.0
ENT_IN_24085,Kiran Yadav,827,2.99,1,1,UDYAM-KA-03-8811743,NOT_APPLICABLE,1,11.96,9.4,182224,64.8,92.6
ENT_IN_24086,Anil Banerjee,648,0.92,1,1,UDYAM-UP-03-1820473,UNREGISTERED,1,9.56,2.6,155615,82.0,76.1
ENT_IN_24087,Harpreet Deshmukh,674,15.9,1,1,NOT_REGISTERED,ACTIVE,0,12.14,5.5,316988,73.1,77.0
ENT_IN_24088,Sunil Gowda,614,19.76,1,1,UDYAM-GJ-03-9224998,ACTIVE,1,29.2,11.2,442602,95.6,91.1
ENT_IN_24089,Savita Deshmukh,550,2.11,1,1,UDYAM-MH-03-3286775,ACTIVE,0,34.99,9.9,94873,58.6,64.7
ENT_IN_24090,Suresh Gowda,0,1.4,1,1,UDYAM-KA-03-7388813,ACTIVE,1,12.9,4.3,176590,90.6,72.6
ENT_IN_24091,Karan Das,668,18.05,1,0,UDYAM-GJ-03-3050886,ACTIVE,1,30.67,3.4,65381,40.1,71.4
ENT_IN_24092,Priya Joshi,845,1.58,1,1,NOT_REGISTERED,NOT_APPLICABLE,1,2.76,9.5,193796,96.6,90.5
ENT_IN_24093,Vijay Singh,577,12.75,1,1,UDYAM-PB-03-5804408,UNREGISTERED,1,43.25,10.4,159535,49.2,67.6
ENT_IN_24094,Shweta Deshmukh,793,12.09,0,1,NOT_REGISTERED,ACTIVE,1,27.46,12.0,367212,66.3,87.1
ENT_IN_24095,Simran Sharma,591,14.4,1,1,UDYAM-TN-03-8355386,ACTIVE,0,3.73,5.6,93922,47.3,60.5
ENT_IN_24096,Deepika Khan,635,18.34,1,1,NOT_REGISTERED,NOT_APPLICABLE,1,3.16,11.8,176634,62.5,62.3
ENT_IN_24097,Arjun Singh,648,19.78,1,1,NOT_REGISTERED,ACTIVE,1,2.1,1.3,245516,66.3,73.1
ENT_IN_24098,Anita Gupta,675,23.24,1,1,NOT_REGISTERED,NOT_APPLICABLE,1,32.57,11.6,210479,95.0,79.6
ENT_IN_24099,Ananya Sheikh,679,12.87,1,1,UDYAM-UP-03-2485324,NOT_APPLICABLE,0,35.79,0.6,142243,66.3,68.5
ENT_IN_24100,Manoj Gowda,678,16.34,1,1,UDYAM-TN-03-7009903,NOT_APPLICABLE,1,41.18,2.0,26645,81.7,82.2
ENT_IN_24101,Vijay Patil,0,23.42,1,0,UDYAM-KA-03-3899690,ACTIVE,0,5.44,4.8,73190,67.0,45.8
ENT_IN_24102,Dinesh Deshmukh,676,13.97,1,1,NOT_REGISTERED,NOT_APPLICABLE,1,25.13,11.8,328156,50.1,74.2
ENT_IN_24103,Harpreet Patel,689,4.15,1,0,UDYAM-PB-03-2377245,ACTIVE,1,27.74,1.1,164127,90.5,88.1
ENT_IN_24104,Anil Banerjee,722,22.04,1,1,NOT_REGISTERED,NOT_APPLICABLE,1,31.3,4.9,76184,39.2,65.3
ENT_IN_24105,Rekha Gupta,642,10.85,1,1,UDYAM-PB-03-5223027,NOT_APPLICABLE,1,38.29,11.9,34429,69.0,69.1
ENT_IN_24106,Kiran Kaur,826,3.05,1,0,NOT_REGISTERED,UNREGISTERED,1,21.67,4.0,388309,94.9,88.8
ENT_IN_24107,Ganesh Patil,844,9.77,1,1,UDYAM-UP-03-9519114,UNREGISTERED,1,17.95,10.0,306486,57.2,94.6
ENT_IN_24108,Sanjay Patel,614,23.08,1,1,UDYAM-UP-03-7166393,NOT_APPLICABLE,1,38.4,7.6,282491,72.4,75.2
ENT_IN_24109,Amit Banerjee,829,22.98,0,1,UDYAM-UP-03-7529349,NOT_APPLICABLE,1,26.07,0.3,71736,70.0,80.0
ENT_IN_24110,Prakash Chaudhary,0,12.93,1,1,UDYAM-GJ-03-4025145,NOT_APPLICABLE,1,8.85,3.1,29303,49.4,51.6
ENT_IN_24111,Ananya Reddy,837,14.74,1,1,UDYAM-TN-03-2230310,NOT_APPLICABLE,0,8.76,9.0,363647,39.5,80.7
ENT_IN_24112,Savita Kaur,669,12.04,0,1,UDYAM-TN-03-7118319,NOT_APPLICABLE,1,12.88,11.2,167548,96.2,79.6
ENT_IN_24113,Ananya Kumar,640,15.82,1,1,UDYAM-GJ-03-4285681,ACTIVE,1,38.93,2.6,291166,77.6,85.9
ENT_IN_24114,Sunita Reddy,709,20.64,1,0,NOT_REGISTERED,ACTIVE,1,40.75,5.4,230933,67.5,77.0
ENT_IN_24115,Deepika Verma,659,0.37,1,1,UDYAM-TN-03-1481657,ACTIVE,1,34.89,2.5,184984,75.8,90.7
ENT_IN_24116,Deepika Shah,659,15.13,1,1,NOT_REGISTERED,NOT_APPLICABLE,1,35.08,11.5,121349,92.5,79.5
ENT_IN_24117,Ramesh Chatterjee,691,21.19,1,1,UDYAM-MH-03-6351714,NOT_APPLICABLE,0,23.76,1.1,44988,86.3,73.6
ENT_IN_24118,Suresh Gowda,816,13.61,1,1,UDYAM-KA-03-5841740,UNREGISTERED,1,20.15,2.4,397715,82.6,97.9
ENT_IN_24119,Rajesh Gowda,809,11.69,1,1,UDYAM-PB-03-2818770,ACTIVE,1,31.15,7.3,61035,56.1,94.0
ENT_IN_24120,Seema Mishra,847,1.7,1,1,UDYAM-GJ-03-5803013,ACTIVE,1,37.34,6.1,319364,48.1,96.5
ENT_IN_24121,Preeti Chaudhary,809,3.55,1,1,UDYAM-TN-03-2713975,NOT_APPLICABLE,1,42.69,2.7,66864,89.6,91.1
ENT_IN_24122,Tariq Mishra,648,18.46,1,1,UDYAM-PB-03-5811572,ACTIVE,1,23.66,6.5,257656,84.2,87.5
ENT_IN_24123,Shweta Kulkarni,846,17.04,0,1,UDYAM-MH-03-8639711,ACTIVE,1,42.2,0.4,22073,86.6,88.6
ENT_IN_24124,Sunita Joshi,726,17.8,1,1,UDYAM-MH-03-1709709,UNREGISTERED,1,33.78,4.6,119587,82.3,82.0
ENT_IN_24125,Priya Rao,610,15.99,1,1,UDYAM-PB-03-1910436,UNREGISTERED,1,12.38,2.8,443462,57.1,73.5
ENT_IN_24126,Seema Khan,680,0.97,1,0,UDYAM-MH-03-1203781,NOT_APPLICABLE,1,15.03,6.7,408115,43.8,74.0
ENT_IN_24127,Deepak Kulkarni,741,8.0,1,1,UDYAM-KA-03-4261936,UNREGISTERED,1,0.99,7.3,234213,35.2,77.0
ENT_IN_24128,Rahul Shah,800,8.09,1,1,UDYAM-MH-03-8385123,NOT_APPLICABLE,1,12.6,8.1,190554,92.7,98.4
ENT_IN_24129,Sujata Sharma,0,20.76,1,1,NOT_REGISTERED,ACTIVE,1,26.23,3.0,246868,68.0,63.9
ENT_IN_24130,Rohan Reddy,686,13.66,1,1,UDYAM-PB-03-8697287,NOT_APPLICABLE,1,21.26,1.4,124627,61.0,75.8
ENT_IN_24131,Sunil Kumar,550,16.9,1,1,NOT_REGISTERED,ACTIVE,1,39.31,11.8,194594,64.7,73.7
ENT_IN_24132,Anil Banerjee,770,24.03,1,1,UDYAM-TN-03-4062982,ACTIVE,1,17.91,5.3,334207,45.7,99.3
ENT_IN_24133,Simran Gowda,794,6.5,1,1,UDYAM-TN-03-7791486,ACTIVE,1,43.95,10.9,130969,93.4,100.0
ENT_IN_24134,Seema Joshi,610,6.37,1,1,NOT_REGISTERED,NOT_APPLICABLE,1,21.57,9.5,157316,37.4,54.2
ENT_IN_24135,Simran Banerjee,820,13.59,1,0,UDYAM-MH-03-7004419,UNREGISTERED,1,21.05,7.8,74112,63.4,81.9
ENT_IN_24136,Ananya Deshmukh,640,20.64,1,1,UDYAM-UP-03-8670554,UNREGISTERED,1,40.07,4.8,396394,50.6,68.8
ENT_IN_24137,Rekha Reddy,822,2.89,1,1,UDYAM-KA-03-5811848,ACTIVE,0,41.85,4.3,391106,35.5,81.8
ENT_IN_24138,Kiran Kumar,826,4.97,1,1,UDYAM-TN-03-9552199,NOT_APPLICABLE,1,28.37,5.3,72208,98.2,96.1
ENT_IN_24139,Sunita Das,627,5.35,1,1,UDYAM-PB-03-3368278,NOT_APPLICABLE,0,18.57,6.6,72101,44.9,53.8
ENT_IN_24140,Fatima Gupta,716,14.91,1,1,UDYAM-PB-03-2690708,ACTIVE,1,24.58,9.5,93022,37.4,75.4
ENT_IN_24141,Kiran Shah,592,9.72,1,0,NOT_REGISTERED,ACTIVE,1,19.89,10.9,249206,79.6,67.6
ENT_IN_24142,Arjun Verma,662,9.55,1,1,NOT_REGISTERED,ACTIVE,1,3.15,11.1,360580,83.8,87.7
ENT_IN_24143,Deepak Kulkarni,732,3.49,0,0,UDYAM-UP-03-9603253,NOT_APPLICABLE,0,5.87,4.4,382912,75.7,60.7
ENT_IN_24144,Savita Kumar,809,11.62,1,1,UDYAM-KA-03-3472331,UNREGISTERED,1,36.87,6.1,363426,37.1,85.6
ENT_IN_24145,Sunil Yadav,650,18.56,1,1,UDYAM-MH-03-4069254,UNREGISTERED,1,11.12,6.2,110858,97.9,85.9
ENT_IN_24146,Anita Deshmukh,715,23.71,1,1,UDYAM-TN-03-2058088,ACTIVE,1,26.06,3.3,257248,95.9,96.4
ENT_IN_24147,Ashok Gupta,777,10.69,1,1,NOT_REGISTERED,UNREGISTERED,0,12.69,8.5,346271,60.8,75.8
ENT_IN_24148,Prakash Singh,703,15.56,1,1,NOT_REGISTERED,NOT_APPLICABLE,1,37.42,9.1,83716,83.8,77.1
ENT_IN_24149,Amit Gupta,736,0.83,1,0,UDYAM-TN-03-3627601,NOT_APPLICABLE,1,1.25,11.0,331353,74.2,77.0
ENT_IN_24150,Vijay Patel,748,14.35,1,1,UDYAM-KA-03-2303743,NOT_APPLICABLE,1,31.11,11.5,427447,61.5,85.3
ENT_IN_24151,Lakshmi Sharma,681,11.99,1,1,UDYAM-MH-03-9689357,NOT_APPLICABLE,1,40.17,3.6,16292,51.6,72.2
ENT_IN_24152,Tariq Joshi,610,4.22,0,1,UDYAM-TN-03-1395714,NOT_APPLICABLE,1,21.17,6.8,19991,91.0,65.8
ENT_IN_24153,Rohan Kaur,614,20.75,1,1,UDYAM-KA-03-2250791,NOT_APPLICABLE,1,32.41,2.7,305506,96.1,82.2
ENT_IN_24154,Harpreet Deshmukh,556,16.98,1,1,NOT_REGISTERED,NOT_APPLICABLE,1,16.42,4.2,419355,36.3,57.9
ENT_IN_24155,Geeta Patel,0,17.6,1,0,NOT_REGISTERED,NOT_APPLICABLE,1,31.51,2.6,421534,63.5,47.8
ENT_IN_24156,Amit Kulkarni,696,4.97,1,0,UDYAM-UP-03-3842954,UNREGISTERED,1,40.06,0.9,169674,47.0,70.7
ENT_IN_24157,Mamta Yadav,603,9.9,1,1,UDYAM-KA-03-8348699,ACTIVE,1,34.69,1.7,341326,49.9,74.7
ENT_IN_24158,Harpreet Singh,717,5.38,1,1,UDYAM-MH-03-3847476,NOT_APPLICABLE,1,34.45,5.5,139042,36.6,71.4
ENT_IN_24159,Lakshmi Reddy,748,17.44,1,1,UDYAM-GJ-03-3659648,ACTIVE,1,39.58,9.1,411826,83.8,96.8
ENT_IN_24160,Sujata Singh,795,18.23,1,1,UDYAM-TN-03-3671197,ACTIVE,1,18.71,10.9,83339,89.0,100.0
ENT_IN_24161,Sujata Reddy,562,4.01,1,1,NOT_REGISTERED,ACTIVE,1,37.8,0.2,369797,43.7,65.9
ENT_IN_24162,Suresh Chaudhary,641,4.12,1,1,UDYAM-PB-03-3570566,NOT_APPLICABLE,1,39.71,0.0,63114,78.8,70.6
ENT_IN_24163,Simran Reddy,824,15.87,1,0,UDYAM-UP-03-8255281,ACTIVE,1,37.89,0.5,354606,90.8,99.1
ENT_IN_24164,Ashok Chaudhary,0,0.91,1,1,UDYAM-UP-03-3443185,ACTIVE,1,22.89,3.3,304714,59.6,70.0
ENT_IN_24165,Rekha Gowda,749,12.37,1,0,UDYAM-MH-03-4354142,ACTIVE,1,12.91,7.8,359329,36.5,74.2
ENT_IN_24166,Priya Sharma,710,4.5,1,1,NOT_REGISTERED,NOT_APPLICABLE,0,21.3,11.2,324905,41.5,59.4
ENT_IN_24167,Pradeep Khan,595,19.7,1,1,NOT_REGISTERED,ACTIVE,1,25.2,4.1,44923,38.5,58.2
ENT_IN_24168,Anita Kaur,631,10.78,1,1,UDYAM-MH-03-5288506,ACTIVE,1,7.6,5.1,177686,87.8,81.8
ENT_IN_24169,Seema Kaur,657,12.78,1,1,UDYAM-MH-03-7381253,ACTIVE,0,24.82,5.6,72027,45.6,72.0
ENT_IN_24170,Meena Patel,670,11.11,1,1,UDYAM-GJ-03-2964746,UNREGISTERED,1,35.83,11.3,399726,89.0,92.8
ENT_IN_24171,Mamta Sharma,724,20.48,1,1,UDYAM-UP-03-7093528,ACTIVE,1,2.28,1.4,118665,90.8,91.4
ENT_IN_24172,Ramesh Sheikh,0,3.53,1,1,UDYAM-UP-03-2677574,NOT_APPLICABLE,1,40.52,4.6,421598,66.5,64.8
ENT_IN_24173,Neha Mishra,797,10.51,1,1,UDYAM-GJ-03-1752482,ACTIVE,1,24.21,4.9,439309,90.3,100.0
ENT_IN_24174,Suresh Gupta,779,13.61,1,1,UDYAM-PB-03-9947584,ACTIVE,1,32.69,8.5,17933,38.3,82.8
ENT_IN_24175,Geeta Shah,643,12.82,1,1,NOT_REGISTERED,ACTIVE,1,33.77,2.6,247159,39.5,66.2
ENT_IN_24176,Pooja Sheikh,754,2.67,1,1,UDYAM-GJ-03-5545153,NOT_APPLICABLE,1,13.72,5.4,88467,58.8,87.1
ENT_IN_24177,Rajesh Gupta,712,10.9,1,1,UDYAM-KA-03-5233965,ACTIVE,1,29.76,5.0,149143,44.6,85.1
ENT_IN_24178,Savita Kumar,732,4.67,1,1,UDYAM-TN-03-2289539,NOT_APPLICABLE,1,7.44,5.7,83823,43.5,73.7
ENT_IN_24179,Karan Chaudhary,710,1.07,1,1,UDYAM-UP-03-4290875,ACTIVE,0,10.16,1.5,29060,52.8,71.8
ENT_IN_24180,Harpreet Gupta,618,13.87,1,1,NOT_REGISTERED,NOT_APPLICABLE,1,43.41,4.9,135158,35.6,55.2
ENT_IN_24181,Bhavna Yadav,787,13.54,1,1,NOT_REGISTERED,NOT_APPLICABLE,1,37.08,2.1,376057,91.6,94.7
ENT_IN_24182,Ramesh Chatterjee,561,11.73,1,1,UDYAM-GJ-03-5985646,ACTIVE,1,4.45,8.4,149233,95.0,86.2
ENT_IN_24183,Arjun Mishra,624,17.87,1,1,UDYAM-KA-03-2582163,UNREGISTERED,1,12.19,8.8,387307,58.8,73.6
ENT_IN_24184,Sanjay Kaur,849,10.51,1,1,UDYAM-KA-03-6987635,ACTIVE,1,7.43,11.8,217102,50.1,95.8
ENT_IN_24185,Mahesh Sharma,824,11.58,1,0,NOT_REGISTERED,ACTIVE,1,1.1,1.2,199190,85.7,88.9
ENT_IN_24186,Prakash Kulkarni,565,23.7,1,1,NOT_REGISTERED,NOT_APPLICABLE,1,35.41,9.6,276364,39.2,58.6
ENT_IN_24187,Preeti Kulkarni,821,12.08,0,1,UDYAM-TN-03-7956748,NOT_APPLICABLE,1,19.87,0.6,141694,60.0,79.9
ENT_IN_24188,Sanjay Rao,607,11.17,1,1,UDYAM-KA-03-6283155,ACTIVE,1,28.36,8.0,333282,57.5,77.9
ENT_IN_24189,Harpreet Joshi,717,16.62,0,0,UDYAM-KA-03-3511431,ACTIVE,1,21.63,3.1,44512,78.3,73.0
ENT_IN_24190,Kiran Chaudhary,618,23.15,1,1,UDYAM-TN-03-7226611,ACTIVE,1,25.71,6.9,380963,85.2,84.3
ENT_IN_24191,Kiran Kumar,565,21.61,1,0,NOT_REGISTERED,NOT_APPLICABLE,1,8.51,2.5,17636,74.6,53.9
ENT_IN_24192,Mamta Kumar,621,19.06,0,1,UDYAM-PB-03-2452549,ACTIVE,1,9.62,10.6,117490,95.1,74.3
ENT_IN_24193,Pooja Patil,719,12.99,1,1,UDYAM-KA-03-4461826,UNREGISTERED,1,0.07,10.2,332057,86.0,92.4
ENT_IN_24194,Mamta Mehta,683,15.84,1,0,NOT_REGISTERED,ACTIVE,1,27.97,3.7,302951,55.4,74.7
ENT_IN_24195,Mahesh Kaur,837,17.06,0,1,UDYAM-GJ-03-5803623,UNREGISTERED,0,11.99,2.1,444779,78.7,76.7
ENT_IN_24196,Bhavna Kulkarni,789,11.09,1,1,UDYAM-PB-03-4890056,NOT_APPLICABLE,1,26.49,3.8,424558,63.3,95.5
ENT_IN_24197,Prakash Sheikh,652,21.75,0,1,UDYAM-UP-03-9924336,ACTIVE,1,10.22,4.1,246903,85.8,88.6
ENT_IN_24198,Sangeeta Patel,0,8.95,1,1,UDYAM-GJ-03-5913016,NOT_APPLICABLE,1,4.33,1.1,384165,41.6,55.7
ENT_IN_24199,Dinesh Singh,688,9.6,0,1,UDYAM-PB-03-2242403,NOT_APPLICABLE,1,20.64,3.0,144823,94.3,82.1
ENT_IN_24200,Tariq Nair,837,15.18,1,1,NOT_REGISTERED,NOT_APPLICABLE,0,30.31,9.9,45962,65.0,69.6
ENT_IN_24201,Arjun Kulkarni,662,14.7,1,1,UDYAM-TN-03-7534647,NOT_APPLICABLE,1,39.64,0.5,250637,77.7,84.9
ENT_IN_24202,Sangeeta Das,700,8.2,1,1,NOT_REGISTERED,NOT_APPLICABLE,1,34.49,9.8,357716,98.3,84.2
ENT_IN_24203,Mamta Chaudhary,0,20.58,1,1,UDYAM-KA-03-6841590,ACTIVE,1,21.54,6.2,241346,82.1,73.1
ENT_IN_24204,Tariq Patel,742,5.25,1,1,UDYAM-TN-03-5816537,UNREGISTERED,1,0.03,11.0,206596,69.2,84.8
ENT_IN_24205,Kavita Chaudhary,0,14.35,1,1,UDYAM-UP-03-5764262,NOT_APPLICABLE,1,39.67,1.6,281798,68.9,65.7
ENT_IN_24206,Anil Sharma,688,17.8,1,1,NOT_REGISTERED,NOT_APPLICABLE,1,11.61,3.9,76414,35.7,63.6
ENT_IN_24207,Anil Yadav,563,5.25,1,1,UDYAM-KA-03-4809934,NOT_APPLICABLE,0,9.12,4.2,290593,49.0,59.2
ENT_IN_24208,Preeti Verma,0,23.93,1,0,NOT_REGISTERED,ACTIVE,1,44.89,8.9,225497,70.9,59.0
ENT_IN_24209,Priya Joshi,711,22.78,1,1,UDYAM-PB-03-9474853,NOT_APPLICABLE,1,17.54,0.3,156661,90.6,89.6
ENT_IN_24210,Prakash Gupta,569,5.62,1,1,NOT_REGISTERED,ACTIVE,0,9.6,0.6,449159,40.8,57.2
ENT_IN_24211,Savita Das,0,9.85,1,1,NOT_REGISTERED,NOT_APPLICABLE,1,13.23,11.8,366694,49.9,53.7
ENT_IN_24212,Bhavna Deshmukh,584,16.83,1,1,NOT_REGISTERED,NOT_APPLICABLE,1,11.7,11.2,134340,71.5,64.1
ENT_IN_24213,Arjun Sheikh,768,1.73,1,1,UDYAM-KA-03-9539719,NOT_APPLICABLE,0,23.11,5.5,65102,63.3,76.0
ENT_IN_24214,Suresh Joshi,601,21.87,1,0,NOT_REGISTERED,NOT_APPLICABLE,1,1.38,4.7,361664,71.7,59.6
ENT_IN_24215,Mahesh Sheikh,842,24.5,1,1,UDYAM-KA-03-9284130,ACTIVE,1,4.75,4.0,439396,86.5,100.0
ENT_IN_24216,Meena Gowda,0,17.0,1,1,UDYAM-KA-03-5482946,NOT_APPLICABLE,1,9.43,4.6,121324,60.5,58.7
ENT_IN_24217,Vikram Kumar,671,5.6,1,1,UDYAM-MH-03-1859431,ACTIVE,1,16.53,11.6,185095,66.1,87.1
ENT_IN_24218,Sangeeta Mehta,791,16.01,1,1,UDYAM-UP-03-8710128,ACTIVE,0,27.96,1.5,55822,89.5,87.8
ENT_IN_24219,Mahesh Mishra,839,1.83,1,1,UDYAM-MH-03-8158399,NOT_APPLICABLE,1,5.33,5.3,94130,37.1,79.4
ENT_IN_24220,Ayesha Gowda,782,14.36,1,1,UDYAM-GJ-03-6859888,NOT_APPLICABLE,1,39.37,1.5,221607,82.6,97.6
ENT_IN_24221,Anil Gupta,685,17.0,1,1,NOT_REGISTERED,ACTIVE,0,25.31,11.2,36377,57.8,64.7
ENT_IN_24222,Vikram Patel,706,17.53,1,0,NOT_REGISTERED,ACTIVE,1,4.57,9.2,30439,97.8,74.3
ENT_IN_24223,Ganesh Mehta,727,18.8,1,1,UDYAM-KA-03-8191894,NOT_APPLICABLE,1,27.5,8.6,92936,54.2,77.5
ENT_IN_24224,Anita Kaur,0,2.42,1,1,UDYAM-GJ-03-4013753,ACTIVE,1,28.96,8.7,406048,74.8,73.5
ENT_IN_24225,Sujata Mehta,0,14.85,1,0,NOT_REGISTERED,NOT_APPLICABLE,1,36.07,9.0,104599,93.5,49.9
ENT_IN_24226,Dinesh Kaur,628,5.34,1,1,UDYAM-UP-03-1145259,ACTIVE,1,17.8,11.5,179301,80.4,79.8
ENT_IN_24227,Sunil Khan,721,9.9,1,1,UDYAM-KA-03-4081609,NOT_APPLICABLE,1,36.79,10.3,187802,85.1,84.0
ENT_IN_24228,Vikram Sharma,655,24.74,0,1,UDYAM-GJ-03-3135907,ACTIVE,0,41.06,9.9,193290,45.8,63.3
ENT_IN_24229,Meena Mehta,636,6.65,1,1,NOT_REGISTERED,NOT_APPLICABLE,1,17.4,10.0,371345,63.7,65.3
ENT_IN_24230,Bhavna Chatterjee,766,15.35,1,1,UDYAM-MH-03-9129700,UNREGISTERED,1,4.4,3.7,21353,57.7,85.3
ENT_IN_24231,Seema Sharma,715,5.19,1,1,UDYAM-MH-03-5958350,ACTIVE,1,20.5,7.0,360761,78.6,93.7
ENT_IN_24232,Kiran Reddy,817,12.28,1,1,UDYAM-MH-03-5261249,ACTIVE,1,9.07,0.5,16952,39.4,85.3
ENT_IN_24233,Ganesh Sharma,620,19.51,1,1,UDYAM-KA-03-7762711,UNREGISTERED,1,37.02,8.9,174133,83.3,75.0
ENT_IN_24234,Kavita Banerjee,735,15.83,1,1,NOT_REGISTERED,ACTIVE,1,6.14,6.8,26140,78.7,79.5
ENT_IN_24235,Mahesh Verma,686,11.57,1,1,UDYAM-KA-03-5016963,UNREGISTERED,1,14.98,4.2,22103,82.8,81.1
ENT_IN_24236,Neha Sheikh,617,12.42,1,0,NOT_REGISTERED,NOT_APPLICABLE,0,43.57,2.8,33486,81.5,44.5
ENT_IN_24237,Fatima Banerjee,754,19.98,1,1,NOT_REGISTERED,NOT_APPLICABLE,1,30.95,4.8,42356,89.7,81.5
ENT_IN_24238,Lakshmi Patil,0,9.69,1,1,UDYAM-GJ-03-5323008,ACTIVE,1,36.56,10.5,424995,89.8,80.1
ENT_IN_24239,Gurpreet Chaudhary,787,1.43,1,1,UDYAM-MH-03-6534062,NOT_APPLICABLE,1,4.69,9.6,189511,58.1,88.9
ENT_IN_24240,Anita Yadav,646,22.21,1,1,UDYAM-GJ-03-3748702,ACTIVE,1,28.94,7.0,120628,89.0,83.2
ENT_IN_24241,Rekha Patil,842,15.42,1,1,UDYAM-UP-03-1305930,ACTIVE,1,16.87,4.5,417273,52.7,96.3
ENT_IN_24242,Kiran Shah,848,9.58,1,1,NOT_REGISTERED,ACTIVE,1,38.5,4.0,167082,81.9,95.1
ENT_IN_24243,Pooja Yadav,593,2.85,1,0,NOT_REGISTERED,ACTIVE,1,40.26,11.8,89844,38.9,53.3
ENT_IN_24244,Geeta Banerjee,736,4.96,1,1,UDYAM-UP-03-6259702,NOT_APPLICABLE,0,29.42,2.1,203728,62.6,72.4
ENT_IN_24245,Vijay Verma,681,7.93,1,1,NOT_REGISTERED,NOT_APPLICABLE,1,9.94,3.0,109890,63.6,72.0
ENT_IN_24246,Sunil Nair,0,16.9,1,1,NOT_REGISTERED,UNREGISTERED,1,36.25,1.0,28260,61.3,44.0
ENT_IN_24247,Lakshmi Rao,703,24.2,1,1,NOT_REGISTERED,UNREGISTERED,1,7.41,8.8,258426,81.5,81.6
ENT_IN_24248,Lakshmi Rao,698,4.54,1,1,UDYAM-TN-03-7525955,NOT_APPLICABLE,1,39.34,7.3,271259,75.6,88.3
ENT_IN_24249,Anil Kaur,847,22.14,1,1,UDYAM-PB-03-8203582,ACTIVE,1,42.25,7.6,59386,51.2,89.2
ENT_IN_24250,Sunita Shah,727,4.51,1,0,UDYAM-KA-03-3157625,ACTIVE,0,9.68,4.6,412176,89.9,82.9
ENT_IN_24251,Ramesh Joshi,0,9.48,0,0,UDYAM-TN-03-4008719,NOT_APPLICABLE,1,42.02,6.1,16313,73.9,42.3
ENT_IN_24252,Deepak Mishra,770,8.22,1,1,NOT_REGISTERED,ACTIVE,1,5.33,9.7,55839,66.2,84.1
ENT_IN_24253,Sujata Rao,789,16.41,1,0,NOT_REGISTERED,UNREGISTERED,0,24.1,7.4,363719,54.8,65.9
ENT_IN_24254,Ashok Sharma,773,12.73,1,1,UDYAM-KA-03-9824475,UNREGISTERED,1,11.49,8.3,406237,64.3,93.3
ENT_IN_24255,Preeti Deshmukh,787,24.79,1,1,UDYAM-KA-03-6584086,ACTIVE,1,8.21,4.3,401350,90.0,100.0
ENT_IN_24256,Mohammed Das,722,22.46,0,1,NOT_REGISTERED,NOT_APPLICABLE,1,13.49,2.8,87520,78.6,65.7
ENT_IN_24257,Suresh Das,587,0.16,1,1,UDYAM-PB-03-8365388,NOT_APPLICABLE,0,27.73,4.3,348731,77.0,68.5
ENT_IN_24258,Ganesh Deshmukh,838,23.31,1,1,UDYAM-UP-03-7613274,NOT_APPLICABLE,1,19.29,9.4,315521,41.0,89.1
ENT_IN_24259,Ayesha Joshi,643,18.52,1,1,UDYAM-TN-03-2312350,ACTIVE,1,26.69,2.1,427310,66.5,79.0
ENT_IN_24260,Sanjay Singh,672,21.45,1,1,NOT_REGISTERED,NOT_APPLICABLE,0,12.65,8.1,407430,63.7,68.4
ENT_IN_24261,Gurpreet Kumar,700,24.05,1,1,UDYAM-MH-03-1663181,UNREGISTERED,1,41.28,8.1,51674,43.2,68.4
ENT_IN_24262,Karan Kulkarni,646,7.49,1,1,UDYAM-UP-03-7656391,ACTIVE,1,31.84,7.9,386577,58.5,81.1
ENT_IN_24263,Ayesha Kaur,609,13.44,1,1,UDYAM-MH-03-2935292,NOT_APPLICABLE,1,31.97,0.3,321006,60.3,71.7
ENT_IN_24264,Amit Nair,758,18.96,1,0,UDYAM-UP-03-8623152,NOT_APPLICABLE,1,25.54,1.5,230285,63.1,88.4
ENT_IN_24265,Shweta Shah,662,24.24,1,1,UDYAM-PB-03-7941689,ACTIVE,1,34.95,0.7,83923,94.7,91.2
ENT_IN_24266,Bhavna Singh,623,17.86,1,1,UDYAM-GJ-03-2399242,NOT_APPLICABLE,1,4.0,2.9,237583,47.4,66.5
ENT_IN_24267,Harpreet Nair,594,6.1,1,1,NOT_REGISTERED,ACTIVE,0,11.64,6.8,158335,57.1,58.5
ENT_IN_24268,Savita Reddy,840,12.23,1,1,NOT_REGISTERED,NOT_APPLICABLE,1,19.95,1.7,16598,58.2,73.4
ENT_IN_24269,Preeti Singh,666,13.89,1,1,UDYAM-TN-03-5551804,ACTIVE,1,4.37,0.8,148236,40.4,78.7
ENT_IN_24270,Seema Gupta,626,18.91,1,1,UDYAM-MH-03-1463870,UNREGISTERED,1,12.53,9.1,339900,69.5,74.4
ENT_IN_24271,Dinesh Reddy,765,2.87,1,1,UDYAM-UP-03-3107617,ACTIVE,1,13.35,0.5,323616,66.5,100.0
ENT_IN_24272,Manoj Joshi,725,11.81,1,0,UDYAM-UP-03-6838548,ACTIVE,1,40.85,3.0,30825,37.0,66.8
ENT_IN_24273,Fatima Sheikh,602,8.88,1,1,UDYAM-PB-03-7422714,NOT_APPLICABLE,1,2.06,8.9,235406,88.5,82.2
ENT_IN_24274,Manoj Chatterjee,810,21.24,1,1,UDYAM-MH-03-6321968,NOT_APPLICABLE,1,40.12,2.7,437813,89.3,100.0
ENT_IN_24275,Radha Gowda,672,1.29,1,1,UDYAM-PB-03-8861858,NOT_APPLICABLE,1,3.33,2.1,197925,61.6,84.1
ENT_IN_24276,Deepika Shah,575,22.89,1,0,NOT_REGISTERED,NOT_APPLICABLE,1,40.97,5.6,59623,80.6,53.0
ENT_IN_24277,Mahesh Gowda,563,11.59,1,0,UDYAM-PB-03-6259427,UNREGISTERED,1,5.5,10.9,75573,43.0,56.2
ENT_IN_24278,Meena Chatterjee,597,11.79,1,1,UDYAM-UP-03-6312185,NOT_APPLICABLE,1,20.96,6.7,57162,91.1,71.5
ENT_IN_24279,Rajesh Kumar,682,24.02,1,1,UDYAM-KA-03-9016197,UNREGISTERED,1,25.16,0.4,337000,66.5,85.6
ENT_IN_24280,Savita Khan,786,17.61,1,1,UDYAM-TN-03-3210957,ACTIVE,1,3.0,11.2,130129,90.0,100.0
ENT_IN_24281,Savita Gowda,760,24.37,1,1,UDYAM-PB-03-4405263,ACTIVE,0,0.68,11.7,225855,61.1,89.4
ENT_IN_24282,Sunita Sharma,678,3.39,1,1,UDYAM-PB-03-2694218,ACTIVE,1,5.18,1.8,173084,87.3,96.5
ENT_IN_24283,Karan Kaur,805,17.0,1,1,NOT_REGISTERED,NOT_APPLICABLE,1,6.32,0.5,116701,72.6,81.4
ENT_IN_24284,Sujata Rao,783,7.29,1,1,NOT_REGISTERED,ACTIVE,1,12.68,12.0,63368,35.1,78.0
ENT_IN_24285,Anil Khan,769,4.2,1,1,UDYAM-GJ-03-9867466,NOT_APPLICABLE,1,18.72,7.2,286336,58.2,94.8
ENT_IN_24286,Sangeeta Mishra,798,9.37,1,1,UDYAM-UP-03-5301100,NOT_APPLICABLE,1,42.76,1.9,395008,64.5,93.4
ENT_IN_24287,Anita Chaudhary,802,5.68,0,1,UDYAM-UP-03-2128772,ACTIVE,1,39.07,3.2,70167,48.5,81.5
ENT_IN_24288,Priya Kaur,660,22.24,1,1,UDYAM-TN-03-9071818,ACTIVE,1,20.23,9.2,319302,42.2,84.5
ENT_IN_24289,Rahul Mehta,0,18.21,1,1,UDYAM-GJ-03-8555254,NOT_APPLICABLE,1,28.85,1.9,401050,81.4,66.7
ENT_IN_24290,Kavita Deshmukh,585,12.71,1,1,UDYAM-TN-03-8071657,NOT_APPLICABLE,1,31.02,0.2,242333,50.2,67.7
ENT_IN_24291,Arjun Kumar,824,7.46,1,0,UDYAM-PB-03-6158977,ACTIVE,1,3.01,9.2,443506,93.2,100.0
ENT_IN_24292,Shweta Mishra,799,17.98,1,1,UDYAM-GJ-03-7371690,ACTIVE,1,22.7,7.5,338281,66.1,99.4
ENT_IN_24293,Sujata Mehta,787,14.55,1,1,UDYAM-KA-03-1811486,UNREGISTERED,1,31.16,9.7,401481,44.1,89.0
ENT_IN_24294,Dinesh Verma,0,13.6,0,1,UDYAM-TN-03-8007280,ACTIVE,1,17.95,4.9,241677,81.8,68.3
ENT_IN_24295,Anil Mishra,619,2.09,1,1,NOT_REGISTERED,NOT_APPLICABLE,1,30.82,11.7,40834,59.3,58.4
ENT_IN_24296,Pradeep Singh,733,8.11,1,0,NOT_REGISTERED,NOT_APPLICABLE,1,30.3,4.6,41106,97.4,70.9
ENT_IN_24297,Mohammed Rao,703,22.5,0,1,UDYAM-TN-03-2343718,ACTIVE,1,19.67,10.7,253292,87.1,86.3
ENT_IN_24298,Arjun Gowda,794,10.36,0,1,UDYAM-KA-03-5617889,NOT_APPLICABLE,1,0.05,6.1,72794,38.4,71.0
ENT_IN_24299,Radha Sheikh,820,21.97,1,0,UDYAM-MH-03-4706108,ACTIVE,1,31.1,4.1,150319,48.4,89.0
ENT_IN_24300,Neha Khan,0,10.36,1,1,NOT_REGISTERED,ACTIVE,1,37.29,6.2,287651,98.5,72.5
ENT_IN_24301,Ashok Joshi,0,0.97,0,1,NOT_REGISTERED,ACTIVE,1,24.4,2.8,270631,49.3,51.2
ENT_IN_24302,Suresh Banerjee,774,8.7,1,1,NOT_REGISTERED,UNREGISTERED,1,29.69,1.9,156078,57.2,82.0
ENT_IN_24303,Rohan Kumar,624,3.64,1,1,UDYAM-MH-03-2924665,UNREGISTERED,1,20.62,8.4,423534,87.7,82.5
ENT_IN_24304,Priya Banerjee,657,4.53,1,1,UDYAM-GJ-03-7582963,NOT_APPLICABLE,1,5.58,11.6,71189,84.8,84.9
ENT_IN_24305,Lakshmi Patel,703,23.99,1,1,NOT_REGISTERED,ACTIVE,1,14.56,11.3,436236,54.1,80.5
ENT_IN_24306,Sunita Kumar,822,3.62,1,1,UDYAM-MH-03-6417524,NOT_APPLICABLE,1,15.28,4.4,196477,67.7,91.9
ENT_IN_24307,Rekha Singh,835,1.29,1,1,UDYAM-MH-03-7532910,UNREGISTERED,1,9.51,8.8,418086,48.0,88.3
ENT_IN_24308,Meena Verma,0,22.86,1,1,NOT_REGISTERED,ACTIVE,1,5.25,7.7,71373,71.7,59.4
ENT_IN_24309,Ganesh Patel,721,1.31,1,1,UDYAM-PB-03-9046016,ACTIVE,0,33.49,2.0,386187,79.9,86.6
ENT_IN_24310,Anita Khan,828,0.85,1,0,NOT_REGISTERED,UNREGISTERED,1,37.97,7.8,425216,49.3,72.7
ENT_IN_24311,Neha Patil,837,12.02,1,1,UDYAM-TN-03-3995972,ACTIVE,1,29.02,1.8,251240,57.6,98.2
ENT_IN_24312,Deepak Banerjee,685,17.46,1,1,UDYAM-PB-03-9040626,ACTIVE,0,31.19,2.0,426701,51.8,76.8
ENT_IN_24313,Bhavna Yadav,678,19.95,1,0,NOT_REGISTERED,NOT_APPLICABLE,1,18.77,1.2,191985,60.6,68.5
ENT_IN_24314,Ramesh Mishra,614,21.58,1,1,UDYAM-MH-03-5048077,NOT_APPLICABLE,1,3.13,11.1,60832,68.8,64.9
ENT_IN_24315,Mohammed Rao,798,12.12,1,1,UDYAM-MH-03-6611044,UNREGISTERED,1,24.2,2.5,363661,52.1,91.9
ENT_IN_24316,Rahul Banerjee,667,2.88,1,1,NOT_REGISTERED,NOT_APPLICABLE,1,35.41,0.9,443628,43.7,72.3
ENT_IN_24317,Sangeeta Rao,603,11.4,0,1,NOT_REGISTERED,ACTIVE,1,11.42,2.3,270860,87.8,69.1
ENT_IN_24318,Deepak Mishra,0,21.47,1,1,NOT_REGISTERED,ACTIVE,1,6.86,9.1,399718,54.8,60.7
ENT_IN_24319,Ganesh Deshmukh,642,14.45,1,1,UDYAM-TN-03-1787060,ACTIVE,1,2.35,1.3,122886,68.8,78.2
ENT_IN_24320,Preeti Chaudhary,802,14.72,1,1,UDYAM-PB-03-8798899,ACTIVE,0,39.0,0.4,135996,95.9,93.1
ENT_IN_24321,Kavita Joshi,583,24.1,1,1,UDYAM-PB-03-9260410,ACTIVE,1,29.58,6.6,73821,90.3,83.3
ENT_IN_24322,Vikram Reddy,0,20.21,1,1,UDYAM-TN-03-3349043,NOT_APPLICABLE,1,16.82,5.4,328757,64.5,63.4
ENT_IN_24323,Sunil Joshi,799,15.67,1,0,UDYAM-MH-03-5932677,NOT_APPLICABLE,1,6.94,11.0,420659,87.7,95.3
ENT_IN_24324,Rajesh Reddy,615,2.4,1,1,UDYAM-PB-03-3877580,ACTIVE,1,42.61,2.3,330622,85.3,84.2
ENT_IN_24325,Preeti Mehta,581,14.87,1,1,UDYAM-TN-03-6586576,ACTIVE,1,30.37,2.7,284034,44.6,74.8
ENT_IN_24326,Sanjay Yadav,0,16.33,0,1,NOT_REGISTERED,NOT_APPLICABLE,0,21.16,2.4,53231,51.5,29.4
ENT_IN_24327,Suresh Shah,657,11.03,0,1,UDYAM-TN-03-3640224,ACTIVE,1,31.54,12.0,291564,77.9,88.4
ENT_IN_24328,Gurpreet Gowda,0,17.23,1,1,UDYAM-MH-03-1939636,NOT_APPLICABLE,1,1.15,6.3,420254,91.2,73.1
ENT_IN_24329,Tariq Sharma,625,16.15,1,1,UDYAM-TN-03-5599661,ACTIVE,1,44.69,9.6,40643,90.7,79.6
ENT_IN_24330,Ashok Kumar,0,23.51,1,1,UDYAM-GJ-03-6195788,ACTIVE,1,33.29,9.9,427506,79.8,73.4
ENT_IN_24331,Priya Sharma,670,15.29,1,1,UDYAM-UP-03-4328526,NOT_APPLICABLE,1,41.73,8.1,277706,53.2,81.2
ENT_IN_24332,Suresh Sharma,665,5.36,1,1,UDYAM-MH-03-6178369,NOT_APPLICABLE,0,18.31,3.0,302234,60.9,75.5
ENT_IN_24333,Harpreet Sharma,638,23.99,1,1,UDYAM-UP-03-6494630,NOT_APPLICABLE,1,27.08,3.3,118267,55.1,69.4
ENT_IN_24334,Mahesh Kulkarni,697,5.34,1,1,UDYAM-MH-03-1772934,UNREGISTERED,0,10.18,11.2,160062,64.2,69.1
ENT_IN_24335,Geeta Sheikh,0,17.04,1,1,UDYAM-TN-03-1822032,NOT_APPLICABLE,1,31.07,4.1,346811,74.7,67.4
ENT_IN_24336,Neha Nair,773,1.67,1,1,NOT_REGISTERED,UNREGISTERED,1,2.53,5.4,274996,97.5,94.7
ENT_IN_24337,Pradeep Reddy,605,17.12,1,1,UDYAM-GJ-03-5346994,NOT_APPLICABLE,1,1.85,8.6,149025,39.5,62.1
ENT_IN_24338,Ayesha Shah,811,14.43,1,1,NOT_REGISTERED,ACTIVE,0,4.31,10.4,433793,71.2,87.6
ENT_IN_24339,Ananya Banerjee,773,9.12,1,1,UDYAM-KA-03-1882072,NOT_APPLICABLE,1,27.31,9.3,408528,65.5,93.2
ENT_IN_24340,Preeti Joshi,823,11.88,1,1,NOT_REGISTERED,NOT_APPLICABLE,1,39.93,10.2,280933,87.7,94.5
ENT_IN_24341,Mohammed Patel,687,19.13,1,0,UDYAM-PB-03-8506849,NOT_APPLICABLE,1,25.45,8.0,91254,79.2,76.5
ENT_IN_24342,Pradeep Shah,0,16.35,1,1,UDYAM-KA-03-8310930,NOT_APPLICABLE,1,39.64,8.0,41111,78.3,60.1
ENT_IN_24343,Suresh Khan,0,19.98,1,1,NOT_REGISTERED,ACTIVE,1,24.25,3.1,282301,80.6,66.4
ENT_IN_24344,Sujata Patel,819,19.53,1,1,UDYAM-TN-03-3025444,ACTIVE,1,10.01,4.1,144408,42.1,91.9
ENT_IN_24345,Priya Chatterjee,662,11.87,1,0,UDYAM-KA-03-1110391,UNREGISTERED,1,11.7,2.3,196324,67.2,76.7
ENT_IN_24346,Rahul Banerjee,837,24.23,1,1,NOT_REGISTERED,NOT_APPLICABLE,1,34.57,12.0,322880,79.6,91.9
ENT_IN_24347,Lakshmi Kaur,0,2.68,1,1,UDYAM-TN-03-3006780,NOT_APPLICABLE,1,17.02,8.5,27305,78.5,61.3
ENT_IN_24348,Neha Deshmukh,803,11.04,1,1,NOT_REGISTERED,ACTIVE,1,36.24,6.7,376868,89.1,96.3
ENT_IN_24349,Deepak Rao,825,0.73,1,1,UDYAM-MH-03-7240026,ACTIVE,0,19.06,1.7,382906,80.9,95.1
ENT_IN_24350,Rekha Mehta,690,9.87,1,1,UDYAM-UP-03-8579116,ACTIVE,1,2.32,10.4,241880,51.5,85.5
ENT_IN_24351,Tariq Kaur,604,2.78,1,1,UDYAM-GJ-03-3545244,ACTIVE,1,35.85,8.1,252648,46.2,78.9
ENT_IN_24352,Kavita Shah,550,3.02,1,1,UDYAM-GJ-03-4507929,UNREGISTERED,1,21.28,3.0,277117,67.7,73.7
ENT_IN_24353,Ganesh Kulkarni,629,0.99,1,0,UDYAM-GJ-03-3200566,ACTIVE,0,28.21,8.8,293673,83.7,67.3
ENT_IN_24354,Prakash Chaudhary,576,22.17,1,1,UDYAM-TN-03-8580475,NOT_APPLICABLE,1,41.01,4.3,64672,55.7,63.0
ENT_IN_24355,Anita Patel,688,16.46,1,0,NOT_REGISTERED,NOT_APPLICABLE,1,23.41,8.9,380338,79.3,72.6
ENT_IN_24356,Rohan Verma,730,0.12,1,0,UDYAM-TN-03-5298758,NOT_APPLICABLE,1,42.42,7.2,177113,83.6,81.1
ENT_IN_24357,Rohan Sheikh,653,20.83,0,0,UDYAM-PB-03-2991833,NOT_APPLICABLE,1,7.47,7.3,424358,63.8,69.8
ENT_IN_24358,Ananya Gowda,662,20.57,0,1,UDYAM-TN-03-9783860,NOT_APPLICABLE,1,28.84,3.4,403875,89.9,84.7
ENT_IN_24359,Rajesh Mishra,580,19.72,1,1,NOT_REGISTERED,NOT_APPLICABLE,0,18.47,4.9,241159,43.8,50.2
ENT_IN_24360,Rajesh Khan,621,22.59,1,0,UDYAM-UP-03-3302892,ACTIVE,0,41.95,10.3,148713,43.3,56.1
ENT_IN_24361,Anita Banerjee,704,4.93,1,0,NOT_REGISTERED,NOT_APPLICABLE,0,40.36,2.4,134056,60.0,53.2
ENT_IN_24362,Shweta Kulkarni,751,10.69,0,1,UDYAM-GJ-03-6234085,ACTIVE,0,20.9,11.7,318221,96.0,89.4
ENT_IN_24363,Pooja Banerjee,0,20.2,1,1,NOT_REGISTERED,NOT_APPLICABLE,1,20.7,9.7,407948,55.7,53.6
ENT_IN_24364,Arjun Reddy,747,13.02,1,1,UDYAM-PB-03-4149450,ACTIVE,1,30.82,3.7,239123,73.3,93.0
ENT_IN_24365,Suresh Banerjee,837,11.82,1,0,UDYAM-TN-03-6680313,UNREGISTERED,0,20.46,0.0,165828,41.9,68.7
ENT_IN_24366,Arjun Mehta,763,6.31,1,1,NOT_REGISTERED,NOT_APPLICABLE,1,16.23,9.0,170384,39.6,74.5
ENT_IN_24367,Ananya Reddy,628,8.45,1,0,UDYAM-UP-03-2729898,ACTIVE,1,41.89,4.9,170196,96.6,77.0
ENT_IN_24368,Pooja Das,711,16.27,1,1,UDYAM-KA-03-5582587,ACTIVE,0,16.88,9.9,383280,63.1,82.7
ENT_IN_24369,Rohan Reddy,667,5.6,1,1,NOT_REGISTERED,UNREGISTERED,1,30.54,7.7,74316,42.3,63.5
ENT_IN_24370,Simran Rao,598,24.98,1,1,NOT_REGISTERED,NOT_APPLICABLE,0,34.41,0.5,324296,52.1,51.4
ENT_IN_24371,Dinesh Kaur,811,14.76,1,1,UDYAM-MH-03-6050519,NOT_APPLICABLE,1,44.71,6.9,206629,62.5,93.5
ENT_IN_24372,Pradeep Singh,810,2.38,1,1,UDYAM-KA-03-5037371,ACTIVE,1,34.41,8.0,190666,91.4,100.0
ENT_IN_24373,Karan Mehta,823,9.81,1,1,UDYAM-KA-03-9903645,ACTIVE,1,0.76,1.5,332395,93.8,100.0
ENT_IN_24374,Gurpreet Deshmukh,766,22.33,1,1,NOT_REGISTERED,NOT_APPLICABLE,1,30.21,9.9,270441,82.8,89.8
ENT_IN_24375,Sanjay Khan,678,4.6,1,1,UDYAM-PB-03-9383206,NOT_APPLICABLE,0,8.09,1.1,345032,99.5,80.8
ENT_IN_24376,Harpreet Sharma,849,24.8,1,1,NOT_REGISTERED,NOT_APPLICABLE,1,29.09,10.0,421441,73.6,90.1
ENT_IN_24377,Deepika Sheikh,809,12.92,1,1,UDYAM-TN-03-9870629,NOT_APPLICABLE,1,15.86,4.6,347537,51.7,91.3
ENT_IN_24378,Rohan Mehta,706,2.92,0,1,UDYAM-UP-03-7086153,ACTIVE,1,18.61,11.1,112992,94.9,86.7
ENT_IN_24379,Tariq Singh,685,13.31,1,1,NOT_REGISTERED,NOT_APPLICABLE,1,13.01,1.9,407263,94.3,86.2
ENT_IN_24380,Lakshmi Joshi,702,18.51,1,1,UDYAM-UP-03-3313726,ACTIVE,0,29.04,9.4,187098,81.1,83.0
ENT_IN_24381,Prakash Patil,830,4.98,1,1,NOT_REGISTERED,NOT_APPLICABLE,1,40.47,8.2,178940,42.8,80.4
ENT_IN_24382,Priya Patel,734,7.13,1,1,NOT_REGISTERED,NOT_APPLICABLE,1,19.37,3.2,116117,39.3,66.3
ENT_IN_24383,Rohan Verma,807,2.33,0,1,NOT_REGISTERED,NOT_APPLICABLE,1,21.8,0.5,16858,94.6,75.8
ENT_IN_24384,Bhavna Patel,569,24.6,1,1,UDYAM-UP-03-9141738,ACTIVE,1,12.26,9.0,423244,52.3,80.3
ENT_IN_24385,Ramesh Sharma,767,1.66,1,1,UDYAM-PB-03-7370014,ACTIVE,1,37.08,2.7,183980,44.1,90.7
ENT_IN_24386,Rajesh Gowda,0,14.47,1,1,NOT_REGISTERED,NOT_APPLICABLE,1,4.44,11.9,254244,46.4,54.3
ENT_IN_24387,Rahul Banerjee,841,1.48,1,0,UDYAM-TN-03-9154564,ACTIVE,1,23.61,1.4,285106,83.9,99.4
ENT_IN_24388,Mahesh Shah,559,9.12,1,1,NOT_REGISTERED,NOT_APPLICABLE,1,36.6,11.7,72869,92.4,63.6
ENT_IN_24389,Preeti Deshmukh,581,1.89,1,1,UDYAM-UP-03-2127611,NOT_APPLICABLE,0,8.82,9.2,219025,59.1,63.7
ENT_IN_24390,Dinesh Khan,668,19.84,1,0,UDYAM-KA-03-5246443,NOT_APPLICABLE,1,5.75,0.1,337644,86.3,84.8
ENT_IN_24391,Dinesh Chatterjee,850,24.28,1,1,UDYAM-KA-03-1124334,UNREGISTERED,1,16.61,8.8,257956,95.9,99.6
ENT_IN_24392,Mamta Mishra,642,23.77,1,1,UDYAM-GJ-03-2214095,ACTIVE,1,2.15,9.5,144505,46.2,74.9
ENT_IN_24393,Sujata Patil,821,23.15,1,1,NOT_REGISTERED,UNREGISTERED,1,32.27,10.3,217962,56.7,84.3
ENT_IN_24394,Fatima Sharma,610,10.67,1,1,UDYAM-PB-03-8073147,NOT_APPLICABLE,1,4.88,6.7,41553,51.6,61.3
ENT_IN_24395,Sanjay Shah,560,6.07,1,1,NOT_REGISTERED,ACTIVE,1,14.3,5.8,117832,76.8,70.8
ENT_IN_24396,Ramesh Verma,0,8.27,1,1,UDYAM-TN-03-6109719,ACTIVE,0,5.84,10.5,221500,86.7,62.7
ENT_IN_24397,Vijay Verma,0,7.45,1,1,NOT_REGISTERED,NOT_APPLICABLE,1,3.41,0.3,306574,77.5,58.2
ENT_IN_24398,Vikram Verma,579,9.71,1,1,UDYAM-KA-03-9568696,ACTIVE,1,28.25,11.6,352327,86.6,85.2
ENT_IN_24399,Rajesh Singh,713,17.76,1,0,NOT_REGISTERED,NOT_APPLICABLE,0,40.8,3.1,338318,47.6,52.6
ENT_IN_24400,Rohan Chaudhary,610,4.17,1,1,UDYAM-PB-03-9592982,UNREGISTERED,0,40.69,0.7,269846,60.5,65.1
ENT_IN_24401,Ganesh Patel,846,13.58,1,0,UDYAM-PB-03-7404788,NOT_APPLICABLE,1,10.66,7.0,156893,57.3,80.2
ENT_IN_24402,Sangeeta Sharma,792,20.69,1,1,UDYAM-PB-03-9874601,NOT_APPLICABLE,0,17.52,8.2,437655,85.3,89.1
ENT_IN_24403,Mamta Kumar,801,10.33,1,1,UDYAM-TN-03-4821060,ACTIVE,1,14.41,9.2,101271,60.1,95.1
ENT_IN_24404,Deepak Shah,654,14.4,1,1,UDYAM-GJ-03-5896042,ACTIVE,0,12.23,6.3,152035,38.5,69.1
ENT_IN_24405,Amit Reddy,750,5.9,1,0,UDYAM-GJ-03-3788103,NOT_APPLICABLE,1,36.52,6.4,299917,36.8,82.8
ENT_IN_24406,Pradeep Das,568,17.98,1,1,UDYAM-MH-03-1100852,UNREGISTERED,0,41.41,6.0,419167,76.5,65.3
ENT_IN_24407,Neha Nair,744,19.39,1,1,UDYAM-UP-03-7651103,UNREGISTERED,1,42.46,11.4,265477,89.7,87.4
ENT_IN_24408,Mohammed Sheikh,592,5.63,1,1,NOT_REGISTERED,ACTIVE,1,7.24,2.7,305861,79.8,78.4
ENT_IN_24409,Dinesh Joshi,834,18.35,1,1,UDYAM-TN-03-2899570,UNREGISTERED,0,36.65,11.0,285634,90.7,92.6
ENT_IN_24410,Anil Sheikh,759,6.21,1,1,NOT_REGISTERED,NOT_APPLICABLE,1,15.7,2.4,410227,99.9,94.6
ENT_IN_24411,Rahul Yadav,807,22.53,0,1,UDYAM-MH-03-5714555,NOT_APPLICABLE,1,5.6,6.8,311857,93.2,90.8
ENT_IN_24412,Mohammed Kumar,797,11.68,1,1,NOT_REGISTERED,NOT_APPLICABLE,1,31.67,9.9,319424,59.6,85.2
ENT_IN_24413,Manoj Singh,642,22.61,1,1,NOT_REGISTERED,UNREGISTERED,1,0.22,8.0,73989,54.8,55.6
ENT_IN_24414,Mohammed Chaudhary,615,6.07,1,1,UDYAM-GJ-03-9417710,NOT_APPLICABLE,1,39.9,8.8,342158,59.0,75.4
ENT_IN_24415,Rajesh Sharma,773,17.37,1,1,UDYAM-UP-03-7825188,NOT_APPLICABLE,1,18.33,5.0,378086,68.7,95.1
ENT_IN_24416,Shweta Gupta,805,3.21,1,0,NOT_REGISTERED,ACTIVE,1,9.19,10.5,168498,59.6,81.5
ENT_IN_24417,Kavita Chaudhary,654,14.31,1,1,NOT_REGISTERED,NOT_APPLICABLE,1,4.28,7.5,224686,50.7,71.3
ENT_IN_24418,Mahesh Rao,0,11.77,0,1,UDYAM-TN-03-3120272,UNREGISTERED,1,40.68,8.3,300014,90.6,60.5
ENT_IN_24419,Shweta Mehta,0,14.56,1,1,NOT_REGISTERED,NOT_APPLICABLE,1,34.42,2.3,187328,36.0,47.3
ENT_IN_24420,Suresh Kumar,642,1.74,1,1,UDYAM-KA-03-7261300,UNREGISTERED,1,21.79,3.1,229994,69.5,73.0
ENT_IN_24421,Seema Sheikh,572,22.47,1,1,NOT_REGISTERED,ACTIVE,1,6.0,3.5,344679,56.6,68.9
ENT_IN_24422,Sanjay Deshmukh,830,10.09,1,0,NOT_REGISTERED,NOT_APPLICABLE,1,17.57,10.7,233047,90.2,86.0
ENT_IN_24423,Rekha Mehta,807,21.72,1,1,UDYAM-UP-03-8426807,NOT_APPLICABLE,1,43.81,9.0,158642,51.4,88.5
ENT_IN_24424,Pradeep Das,0,21.09,1,1,UDYAM-UP-03-7992049,ACTIVE,1,23.29,7.6,119484,46.9,61.4
ENT_IN_24425,Mohammed Sheikh,556,13.84,1,1,NOT_REGISTERED,ACTIVE,1,37.19,4.8,248523,45.0,70.8
ENT_IN_24426,Vikram Shah,683,10.79,1,1,NOT_REGISTERED,ACTIVE,1,28.15,4.5,392195,60.4,84.4
ENT_IN_24427,Gurpreet Singh,736,23.99,1,1,UDYAM-UP-03-2230335,ACTIVE,1,15.57,2.7,219717,64.1,90.8
ENT_IN_24428,Sangeeta Chaudhary,680,23.65,1,1,UDYAM-MH-03-4595687,ACTIVE,1,16.57,1.4,250302,45.5,83.4
ENT_IN_24429,Anil Verma,688,12.52,1,1,UDYAM-PB-03-5141930,NOT_APPLICABLE,1,8.73,3.5,112761,91.3,87.7
ENT_IN_24430,Vijay Kulkarni,701,1.28,1,1,NOT_REGISTERED,NOT_APPLICABLE,1,40.69,11.9,21465,86.4,71.4
ENT_IN_24431,Deepika Rao,567,2.3,1,1,UDYAM-KA-03-4344570,NOT_APPLICABLE,1,6.08,9.2,242519,58.8,73.0
ENT_IN_24432,Arjun Sharma,0,0.94,1,1,NOT_REGISTERED,NOT_APPLICABLE,1,18.54,2.3,235740,89.1,60.8
ENT_IN_24433,Pooja Banerjee,707,11.79,1,1,NOT_REGISTERED,ACTIVE,0,6.46,7.8,153668,45.7,64.4
ENT_IN_24434,Preeti Khan,583,1.82,1,1,NOT_REGISTERED,ACTIVE,1,38.51,9.7,336099,62.8,74.5
ENT_IN_24435,Anil Sharma,684,8.31,1,1,UDYAM-KA-03-9538689,NOT_APPLICABLE,1,35.9,5.9,200758,70.4,84.2
ENT_IN_24436,Sunil Mishra,586,4.88,1,1,NOT_REGISTERED,NOT_APPLICABLE,1,9.75,10.2,47170,35.0,52.1
ENT_IN_24437,Meena Sharma,816,21.37,1,1,UDYAM-KA-03-5556312,ACTIVE,1,43.86,8.1,74748,78.0,97.6
ENT_IN_24438,Simran Patil,590,6.82,1,1,UDYAM-PB-03-7886780,ACTIVE,1,2.79,7.7,324727,54.9,77.1
ENT_IN_24439,Vikram Kaur,0,14.6,1,1,UDYAM-MH-03-5481081,ACTIVE,1,29.94,9.0,157607,45.4,62.2
ENT_IN_24440,Seema Nair,662,15.41,1,1,UDYAM-TN-03-8742845,UNREGISTERED,1,44.79,1.7,142814,78.1,80.6
ENT_IN_24441,Vikram Das,657,11.67,1,1,UDYAM-TN-03-9794404,NOT_APPLICABLE,1,18.05,10.1,143651,68.6,78.2
ENT_IN_24442,Rohan Kulkarni,0,15.48,1,1,NOT_REGISTERED,NOT_APPLICABLE,1,18.37,8.3,195552,50.9,49.0
ENT_IN_24443,Ashok Joshi,0,19.24,1,0,NOT_REGISTERED,UNREGISTERED,1,2.27,8.2,339078,86.0,57.2
ENT_IN_24444,Simran Deshmukh,0,15.7,1,1,UDYAM-KA-03-7821569,ACTIVE,0,12.06,5.8,388752,82.8,66.1
ENT_IN_24445,Dinesh Kulkarni,813,6.12,1,1,UDYAM-MH-03-6357705,ACTIVE,1,38.67,11.5,383492,41.7,97.4
ENT_IN_24446,Anita Reddy,593,12.37,1,1,UDYAM-TN-03-6557744,NOT_APPLICABLE,0,16.07,9.2,107131,77.5,62.6
ENT_IN_24447,Sujata Patil,700,23.17,1,1,UDYAM-UP-03-7428877,NOT_APPLICABLE,1,31.44,6.2,273913,75.1,85.9
ENT_IN_24448,Pooja Yadav,581,22.92,1,1,UDYAM-MH-03-1997431,NOT_APPLICABLE,1,23.03,3.0,288477,54.0,73.3
ENT_IN_24449,Mahesh Gupta,703,1.79,1,1,NOT_REGISTERED,ACTIVE,1,14.64,0.8,410107,98.0,93.2
ENT_IN_24450,Gurpreet Deshmukh,811,19.68,1,1,UDYAM-MH-03-3786966,ACTIVE,1,30.93,3.7,238895,89.9,100.0
ENT_IN_24451,Sanjay Patil,740,24.5,0,1,UDYAM-UP-03-9857580,NOT_APPLICABLE,1,20.44,7.4,331308,87.1,79.7
ENT_IN_24452,Geeta Mishra,0,1.04,1,1,NOT_REGISTERED,ACTIVE,1,13.15,5.3,261560,47.2,59.4
ENT_IN_24453,Priya Shah,813,24.94,1,1,UDYAM-MH-03-1736146,NOT_APPLICABLE,1,44.22,10.0,266468,82.1,100.0
ENT_IN_24454,Pradeep Chaudhary,756,5.68,0,1,NOT_REGISTERED,ACTIVE,1,8.22,8.0,216349,59.8,83.4
ENT_IN_24455,Ananya Kulkarni,756,15.52,1,1,NOT_REGISTERED,NOT_APPLICABLE,1,4.3,9.6,318034,96.7,92.6
ENT_IN_24456,Gurpreet Deshmukh,781,6.84,1,1,NOT_REGISTERED,ACTIVE,0,8.78,3.6,383392,75.6,83.2
ENT_IN_24457,Mamta Yadav,692,7.24,0,1,NOT_REGISTERED,ACTIVE,1,10.26,0.2,321775,90.1,80.8
ENT_IN_24458,Karan Banerjee,0,11.48,1,1,UDYAM-GJ-03-2231741,NOT_APPLICABLE,1,9.51,11.6,54797,79.8,57.8
ENT_IN_24459,Kiran Sheikh,847,11.97,1,1,UDYAM-UP-03-1262376,ACTIVE,1,44.93,7.9,224677,76.8,100.0
ENT_IN_24460,Anita Banerjee,757,11.59,1,1,UDYAM-GJ-03-6238466,ACTIVE,0,23.92,4.7,42294,90.3,87.1
ENT_IN_24461,Harpreet Reddy,765,4.77,1,0,UDYAM-GJ-03-4984789,UNREGISTERED,1,23.7,5.6,277238,54.3,85.2
ENT_IN_24462,Meena Sheikh,688,5.06,1,1,UDYAM-GJ-03-3657196,NOT_APPLICABLE,1,38.75,8.9,306186,41.7,78.3
ENT_IN_24463,Shweta Chaudhary,611,19.81,1,1,UDYAM-PB-03-2023310,NOT_APPLICABLE,0,6.48,6.7,395036,87.8,68.4
ENT_IN_24464,Sangeeta Reddy,617,22.22,1,1,NOT_REGISTERED,NOT_APPLICABLE,0,12.35,8.1,319693,50.0,49.8
ENT_IN_24465,Kiran Singh,641,7.66,1,0,NOT_REGISTERED,ACTIVE,1,40.62,1.1,47878,95.7,66.1
ENT_IN_24466,Priya Reddy,578,23.06,1,1,UDYAM-KA-03-8191210,UNREGISTERED,0,16.5,0.5,199032,99.2,71.7
ENT_IN_24467,Neha Chaudhary,735,2.23,1,1,UDYAM-TN-03-2018210,NOT_APPLICABLE,0,43.54,4.6,192975,92.1,76.9
ENT_IN_24468,Tariq Joshi,554,23.58,1,0,UDYAM-PB-03-4172476,ACTIVE,1,1.88,2.0,86443,35.1,60.2
ENT_IN_24469,Meena Banerjee,764,1.69,1,1,UDYAM-MH-03-8442636,ACTIVE,1,29.6,2.2,323126,41.9,95.4
ENT_IN_24470,Sangeeta Patil,801,0.38,1,1,NOT_REGISTERED,UNREGISTERED,1,23.29,8.7,204035,74.1,85.4
ENT_IN_24471,Deepika Mehta,743,11.53,1,1,UDYAM-MH-03-3496068,NOT_APPLICABLE,0,23.25,8.0,368185,85.3,79.9
ENT_IN_24472,Shweta Nair,687,24.74,1,1,NOT_REGISTERED,NOT_APPLICABLE,1,41.53,2.8,281069,65.2,75.3
ENT_IN_24473,Neha Das,831,19.47,1,1,UDYAM-TN-03-1140868,NOT_APPLICABLE,1,9.46,9.3,446833,99.4,100.0
ENT_IN_24474,Ganesh Joshi,672,24.67,1,1,NOT_REGISTERED,NOT_APPLICABLE,1,36.06,5.2,342246,88.8,79.8
ENT_IN_24475,Ananya Mishra,624,19.37,1,1,UDYAM-GJ-03-2316680,ACTIVE,1,41.0,10.9,75874,54.0,69.9
ENT_IN_24476,Manoj Gupta,722,12.12,1,1,UDYAM-UP-03-2829487,NOT_APPLICABLE,1,9.74,11.2,167503,55.4,80.4
ENT_IN_24477,Priya Nair,805,5.08,1,1,UDYAM-UP-03-2235852,NOT_APPLICABLE,1,25.87,7.4,196207,46.0,84.6
ENT_IN_24478,Rahul Mehta,755,24.11,1,1,NOT_REGISTERED,UNREGISTERED,1,34.53,2.4,316071,65.0,88.2
ENT_IN_24479,Anil Gowda,684,0.56,1,1,UDYAM-PB-03-7020172,ACTIVE,1,38.84,4.2,83922,52.8,81.4
ENT_IN_24480,Deepika Joshi,599,6.29,1,1,UDYAM-PB-03-1406171,UNREGISTERED,1,5.7,2.0,329709,94.7,80.7
ENT_IN_24481,Tariq Chatterjee,670,15.36,1,1,UDYAM-KA-03-3359656,UNREGISTERED,1,40.27,3.5,354505,90.4,87.8
ENT_IN_24482,Neha Sheikh,611,0.37,1,1,NOT_REGISTERED,NOT_APPLICABLE,1,4.72,0.3,248353,45.8,63.7
ENT_IN_24483,Sujata Mehta,0,5.75,1,1,UDYAM-MH-03-8270671,NOT_APPLICABLE,1,42.49,9.5,284966,78.4,66.7
ENT_IN_24484,Manoj Kulkarni,786,3.69,1,0,UDYAM-TN-03-3427034,NOT_APPLICABLE,0,1.95,11.7,196728,94.3,80.0
ENT_IN_24485,Sanjay Chaudhary,672,14.59,1,1,UDYAM-KA-03-2364767,UNREGISTERED,1,44.4,3.5,256412,61.8,82.2
ENT_IN_24486,Preeti Patil,580,11.11,1,1,NOT_REGISTERED,ACTIVE,0,16.98,9.6,126158,73.8,62.4
ENT_IN_24487,Bhavna Shah,648,8.92,1,1,UDYAM-PB-03-2484666,NOT_APPLICABLE,1,37.74,3.6,134595,64.9,69.5
ENT_IN_24488,Priya Patil,675,11.6,1,1,NOT_REGISTERED,NOT_APPLICABLE,1,34.68,8.6,374346,35.7,66.7
ENT_IN_24489,Kiran Yadav,626,21.77,1,1,NOT_REGISTERED,ACTIVE,1,36.19,4.9,91299,95.7,72.1
ENT_IN_24490,Manoj Yadav,724,24.16,1,0,NOT_REGISTERED,NOT_APPLICABLE,1,43.38,11.7,57567,99.6,72.8
ENT_IN_24491,Deepika Shah,759,7.33,1,1,UDYAM-PB-03-8231439,ACTIVE,1,10.89,9.0,59686,87.1,99.3
ENT_IN_24492,Gurpreet Kaur,606,24.53,1,1,UDYAM-GJ-03-9367967,NOT_APPLICABLE,1,37.17,7.1,191477,97.2,78.8
ENT_IN_24493,Pooja Kumar,754,3.65,1,1,UDYAM-TN-03-2811278,NOT_APPLICABLE,0,30.64,0.3,202107,78.7,86.9
ENT_IN_24494,Amit Chaudhary,592,5.15,1,1,UDYAM-UP-03-6091599,NOT_APPLICABLE,1,16.27,6.4,228622,62.6,71.8
ENT_IN_24495,Arjun Rao,595,13.53,0,1,UDYAM-MH-03-7865053,UNREGISTERED,1,0.55,5.7,80107,85.7,63.1
ENT_IN_24496,Simran Mehta,712,2.21,1,0,UDYAM-TN-03-6764040,ACTIVE,1,31.89,8.7,90015,83.8,84.6
ENT_IN_24497,Vijay Sheikh,752,14.69,1,1,NOT_REGISTERED,ACTIVE,1,17.0,4.7,184591,69.1,92.1
ENT_IN_24498,Karan Kulkarni,663,21.18,1,1,UDYAM-UP-03-3211386,ACTIVE,0,44.48,7.6,174227,96.0,85.5
ENT_IN_24499,Suresh Nair,850,3.83,1,1,UDYAM-PB-03-5809419,NOT_APPLICABLE,1,31.93,10.8,379407,72.1,95.2
ENT_IN_24500,Sanjay Reddy,741,12.93,1,0,NOT_REGISTERED,ACTIVE,1,1.54,7.3,365988,94.3,84.5
ENT_IN_24501,Sunil Chatterjee,814,15.54,1,1,UDYAM-KA-03-9874396,NOT_APPLICABLE,1,7.01,9.2,306345,56.3,90.5
ENT_IN_24502,Rajesh Gowda,621,16.23,1,1,UDYAM-UP-03-9080649,NOT_APPLICABLE,0,4.95,11.3,80095,66.3,58.3
ENT_IN_24503,Simran Sharma,0,10.14,1,1,NOT_REGISTERED,UNREGISTERED,1,42.14,11.4,247921,93.0,60.5
ENT_IN_24504,Ananya Patil,847,7.43,1,0,NOT_REGISTERED,UNREGISTERED,1,0.7,2.4,256524,37.1,75.0
ENT_IN_24505,Anil Chaudhary,829,8.34,1,1,UDYAM-GJ-03-5656627,NOT_APPLICABLE,1,1.59,5.6,445178,59.4,91.7
ENT_IN_24506,Pooja Nair,617,24.28,1,1,UDYAM-PB-03-8729454,NOT_APPLICABLE,0,3.42,3.8,410274,75.3,66.0
ENT_IN_24507,Priya Rao,628,5.74,1,1,UDYAM-TN-03-1689499,NOT_APPLICABLE,1,12.54,11.7,88446,86.6,70.6
ENT_IN_24508,Pradeep Patel,0,19.53,1,1,UDYAM-KA-03-5177924,NOT_APPLICABLE,1,20.65,6.7,399574,77.4,69.2
ENT_IN_24509,Ashok Shah,690,15.78,1,1,NOT_REGISTERED,NOT_APPLICABLE,1,26.35,7.1,230464,84.0,80.5
ENT_IN_24510,Preeti Mehta,579,10.05,1,1,NOT_REGISTERED,ACTIVE,1,43.63,4.1,350781,63.2,71.5
ENT_IN_24511,Vikram Mishra,659,7.02,1,1,UDYAM-MH-03-6250399,NOT_APPLICABLE,1,38.51,4.7,210313,43.5,75.8
ENT_IN_24512,Vijay Reddy,736,22.21,1,1,NOT_REGISTERED,NOT_APPLICABLE,0,9.95,0.3,442155,53.7,62.1
ENT_IN_24513,Pradeep Chatterjee,632,21.83,1,1,UDYAM-MH-03-8085191,UNREGISTERED,1,26.1,7.2,448920,46.0,66.9
ENT_IN_24514,Suresh Verma,558,0.75,1,1,UDYAM-PB-03-6378991,ACTIVE,1,14.59,10.1,202094,79.0,81.7
ENT_IN_24515,Lakshmi Khan,781,4.19,1,1,NOT_REGISTERED,ACTIVE,1,27.18,9.1,117063,85.0,90.1
ENT_IN_24516,Ganesh Sheikh,601,9.96,1,1,NOT_REGISTERED,ACTIVE,1,35.17,7.5,44392,41.1,60.5
ENT_IN_24517,Simran Das,725,15.24,1,1,NOT_REGISTERED,ACTIVE,1,43.52,5.0,187891,83.1,85.2
ENT_IN_24518,Vijay Chatterjee,611,11.25,1,1,NOT_REGISTERED,ACTIVE,1,16.52,7.8,345423,68.5,71.3
ENT_IN_24519,Seema Nair,824,6.43,1,1,NOT_REGISTERED,NOT_APPLICABLE,1,5.64,10.5,61599,51.0,75.1
ENT_IN_24520,Shweta Yadav,644,18.67,1,1,NOT_REGISTERED,NOT_APPLICABLE,1,27.39,6.9,339575,41.5,58.4
ENT_IN_24521,Amit Mishra,634,23.69,1,1,UDYAM-MH-03-6433104,ACTIVE,1,2.19,5.5,261329,75.5,83.3
ENT_IN_24522,Ashok Chatterjee,758,10.65,1,1,NOT_REGISTERED,NOT_APPLICABLE,1,25.19,3.9,88184,49.8,77.8
ENT_IN_24523,Dinesh Nair,791,7.86,0,1,UDYAM-MH-03-1105787,ACTIVE,0,1.44,2.5,136146,42.1,70.2
ENT_IN_24524,Anita Deshmukh,693,14.43,1,1,UDYAM-TN-03-7546765,ACTIVE,1,22.77,8.3,79674,52.8,83.2
ENT_IN_24525,Fatima Kulkarni,558,21.21,1,1,NOT_REGISTERED,NOT_APPLICABLE,0,0.69,9.7,449120,41.0,53.0
ENT_IN_24526,Amit Rao,703,7.5,1,1,UDYAM-GJ-03-5820776,ACTIVE,0,32.85,3.6,403956,89.1,88.8
ENT_IN_24527,Manoj Nair,614,12.81,1,1,NOT_REGISTERED,ACTIVE,1,38.7,2.7,384742,93.6,78.3
ENT_IN_24528,Rajesh Mishra,610,24.92,1,1,NOT_REGISTERED,NOT_APPLICABLE,1,40.74,8.0,449025,66.8,68.0
ENT_IN_24529,Ayesha Sharma,773,7.68,1,1,UDYAM-GJ-03-6937984,ACTIVE,1,30.09,10.0,417418,84.0,100.0
ENT_IN_24530,Arjun Sharma,620,18.47,1,1,UDYAM-UP-03-5883666,ACTIVE,1,20.31,9.8,250785,63.7,80.9
ENT_IN_24531,Sunita Shah,651,2.17,1,1,NOT_REGISTERED,ACTIVE,0,14.63,12.0,97493,36.2,60.8
ENT_IN_24532,Sunita Kulkarni,605,11.03,1,1,UDYAM-PB-03-6976233,ACTIVE,1,16.5,9.8,47607,72.9,76.7
ENT_IN_24533,Deepika Mishra,775,21.22,1,1,UDYAM-PB-03-7320331,NOT_APPLICABLE,1,25.39,2.3,174637,72.4,93.3
ENT_IN_24534,Fatima Mishra,758,22.95,1,0,NOT_REGISTERED,UNREGISTERED,1,16.57,11.3,176411,38.8,69.6
ENT_IN_24535,Ganesh Singh,640,2.73,1,1,UDYAM-UP-03-7415182,UNREGISTERED,0,16.82,1.8,234105,78.8,64.4
ENT_IN_24536,Deepika Verma,587,20.39,1,0,UDYAM-GJ-03-7908336,NOT_APPLICABLE,0,41.64,2.4,54321,44.6,44.6
ENT_IN_24537,Deepak Joshi,619,8.16,1,1,UDYAM-MH-03-6439548,NOT_APPLICABLE,1,39.23,10.5,133866,54.8,65.9
ENT_IN_24538,Arjun Mehta,807,14.46,0,0,UDYAM-MH-03-7924346,ACTIVE,1,2.18,7.5,33871,56.2,72.9
ENT_IN_24539,Geeta Yadav,0,13.35,1,1,UDYAM-UP-03-8814993,ACTIVE,0,3.56,10.7,149728,73.3,61.3
ENT_IN_24540,Preeti Mehta,703,15.33,1,1,NOT_REGISTERED,NOT_APPLICABLE,1,25.73,9.2,441084,49.4,75.1
ENT_IN_24541,Mohammed Kumar,809,22.32,1,1,UDYAM-KA-03-8375309,ACTIVE,1,37.04,11.1,367847,64.6,100.0
ENT_IN_24542,Vijay Das,598,19.54,1,0,UDYAM-UP-03-1302639,NOT_APPLICABLE,1,10.07,5.1,422742,87.5,74.8
ENT_IN_24543,Meena Yadav,679,11.8,1,1,UDYAM-KA-03-4144116,ACTIVE,1,41.42,12.0,28979,75.9,84.9
ENT_IN_24544,Rohan Khan,725,7.92,1,1,UDYAM-UP-03-8269790,NOT_APPLICABLE,0,23.11,6.2,271208,43.0,70.2
ENT_IN_24545,Savita Gowda,671,20.2,1,1,NOT_REGISTERED,NOT_APPLICABLE,1,38.73,8.7,289093,77.8,78.2
ENT_IN_24546,Neha Mishra,0,14.96,0,0,UDYAM-UP-03-8766936,ACTIVE,1,28.58,10.0,369101,81.8,60.1
ENT_IN_24547,Sujata Singh,635,15.46,1,1,UDYAM-UP-03-5811910,NOT_APPLICABLE,0,29.51,4.2,330621,56.5,61.9
ENT_IN_24548,Rajesh Kaur,693,4.93,1,0,NOT_REGISTERED,NOT_APPLICABLE,1,35.92,5.0,324615,68.6,69.1
ENT_IN_24549,Sangeeta Khan,640,2.18,1,1,UDYAM-GJ-03-2246222,NOT_APPLICABLE,0,21.8,4.3,48316,42.2,51.7
ENT_IN_24550,Deepika Sheikh,793,4.36,1,1,UDYAM-PB-03-1723355,NOT_APPLICABLE,0,15.29,10.0,175391,48.2,79.7
ENT_IN_24551,Arjun Patil,0,11.48,1,1,NOT_REGISTERED,NOT_APPLICABLE,1,36.03,10.4,409002,77.7,62.1
ENT_IN_24552,Meena Reddy,768,13.1,1,1,UDYAM-TN-03-3256431,NOT_APPLICABLE,1,8.25,10.7,97891,79.6,88.8
ENT_IN_24553,Sujata Mishra,667,21.72,1,1,NOT_REGISTERED,ACTIVE,0,13.54,0.1,384381,89.6,77.7
ENT_IN_24554,Gurpreet Gowda,586,12.64,1,1,UDYAM-TN-03-3069648,NOT_APPLICABLE,0,14.82,10.3,39936,58.1,54.3
ENT_IN_24555,Mamta Banerjee,784,3.78,0,1,UDYAM-KA-03-4918770,ACTIVE,1,18.25,6.4,316663,55.1,88.2
ENT_IN_24556,Ashok Patil,587,20.18,1,1,UDYAM-GJ-03-6783992,ACTIVE,1,16.57,5.6,151361,64.7,78.2
ENT_IN_24557,Arjun Joshi,803,3.37,1,1,UDYAM-PB-03-2503654,ACTIVE,1,42.6,7.7,132191,85.2,100.0
ENT_IN_24558,Arjun Gupta,585,9.15,0,0,UDYAM-GJ-03-6223370,NOT_APPLICABLE,1,24.32,1.9,64362,90.6,60.6
ENT_IN_24559,Mamta Banerjee,762,9.59,1,0,NOT_REGISTERED,ACTIVE,1,13.13,2.8,147029,57.6,77.9
ENT_IN_24560,Neha Reddy,837,18.92,1,1,UDYAM-KA-03-2948760,NOT_APPLICABLE,1,41.59,11.6,397655,89.2,97.9
ENT_IN_24561,Meena Singh,763,20.71,1,1,UDYAM-UP-03-7039853,UNREGISTERED,1,15.73,5.1,317261,55.8,89.5
ENT_IN_24562,Rahul Shah,615,14.25,1,1,UDYAM-UP-03-9801048,NOT_APPLICABLE,0,38.02,4.2,343740,85.9,71.3
ENT_IN_24563,Simran Khan,815,2.75,1,1,UDYAM-PB-03-7689179,ACTIVE,1,6.98,11.8,275551,55.3,100.0
ENT_IN_24564,Bhavna Shah,0,23.43,1,1,UDYAM-KA-03-3302001,NOT_APPLICABLE,1,16.61,1.0,427100,64.6,66.1
ENT_IN_24565,Anil Verma,702,23.11,1,1,UDYAM-MH-03-3408794,NOT_APPLICABLE,1,8.51,1.5,283653,38.7,76.8
ENT_IN_24566,Ganesh Reddy,821,18.9,1,1,UDYAM-PB-03-7887827,ACTIVE,1,1.94,2.2,189165,95.9,100.0
ENT_IN_24567,Shweta Khan,700,12.94,1,1,UDYAM-MH-03-6572449,UNREGISTERED,1,1.24,6.1,149331,62.2,76.6
ENT_IN_24568,Sunil Joshi,638,23.97,1,1,UDYAM-UP-03-8527533,NOT_APPLICABLE,0,9.23,4.0,449819,70.8,67.2
ENT_IN_24569,Prakash Kumar,800,18.62,1,1,UDYAM-KA-03-7033974,ACTIVE,1,3.86,8.3,354835,84.7,100.0
ENT_IN_24570,Sangeeta Kaur,734,22.16,1,1,UDYAM-GJ-03-9727755,NOT_APPLICABLE,1,29.26,1.4,276509,93.6,94.1
ENT_IN_24571,Rekha Shah,824,8.59,1,1,NOT_REGISTERED,ACTIVE,1,0.48,0.3,374766,41.9,85.7
ENT_IN_24572,Radha Reddy,841,21.37,1,0,UDYAM-TN-03-2407189,ACTIVE,1,7.33,2.4,403198,75.2,96.9
ENT_IN_24573,Sujata Deshmukh,848,13.09,1,1,NOT_REGISTERED,ACTIVE,0,28.49,10.7,41348,41.6,69.9
ENT_IN_24574,Ramesh Sheikh,0,7.29,1,1,NOT_REGISTERED,UNREGISTERED,1,33.67,5.7,148687,66.4,51.5
ENT_IN_24575,Rajesh Kaur,610,1.45,1,1,NOT_REGISTERED,ACTIVE,1,30.96,5.1,372378,99.7,82.0
ENT_IN_24576,Sanjay Joshi,677,4.39,0,0,UDYAM-GJ-03-2981410,UNREGISTERED,1,44.54,1.9,126216,44.8,56.4
ENT_IN_24577,Geeta Joshi,653,5.74,1,0,NOT_REGISTERED,NOT_APPLICABLE,1,10.64,6.1,374029,50.4,62.9
ENT_IN_24578,Rajesh Gowda,597,22.2,1,1,NOT_REGISTERED,NOT_APPLICABLE,1,34.51,2.7,341576,76.0,70.8
ENT_IN_24579,Preeti Mehta,599,9.24,1,1,NOT_REGISTERED,ACTIVE,1,11.66,9.1,261751,94.0,82.5
ENT_IN_24580,Prakash Chatterjee,837,20.68,1,0,UDYAM-KA-03-3473886,NOT_APPLICABLE,1,17.02,7.3,171136,62.7,86.0
ENT_IN_24581,Rohan Rao,806,11.25,1,1,UDYAM-PB-03-8213918,NOT_APPLICABLE,1,18.21,12.0,248805,88.3,100.0
ENT_IN_24582,Sunil Banerjee,738,2.85,0,0,UDYAM-TN-03-2030420,ACTIVE,0,33.35,9.5,357296,66.9,63.8
ENT_IN_24583,Prakash Kumar,639,18.18,1,1,UDYAM-UP-03-2373747,NOT_APPLICABLE,0,35.18,7.0,346484,37.2,58.7
ENT_IN_24584,Radha Das,782,2.58,0,1,UDYAM-GJ-03-3457928,ACTIVE,1,14.07,8.4,150354,39.1,85.1
ENT_IN_24585,Sunil Banerjee,765,24.0,1,1,UDYAM-GJ-03-3823976,NOT_APPLICABLE,1,0.22,3.8,255762,82.4,96.1
ENT_IN_24586,Rekha Mehta,688,8.73,1,1,NOT_REGISTERED,NOT_APPLICABLE,1,7.61,9.3,382192,69.4,77.1
ENT_IN_24587,Manoj Verma,628,3.49,1,1,NOT_REGISTERED,ACTIVE,1,17.59,3.6,389117,80.8,76.0
ENT_IN_24588,Kavita Patil,0,12.32,1,0,UDYAM-GJ-03-3266732,UNREGISTERED,1,44.1,6.1,419049,52.4,52.6
ENT_IN_24589,Pooja Rao,0,20.15,1,1,UDYAM-UP-03-8993381,ACTIVE,1,24.96,10.1,40748,91.6,67.5
ENT_IN_24590,Deepak Patel,629,22.42,1,1,UDYAM-GJ-03-2788999,ACTIVE,1,28.84,8.2,272102,70.2,82.1
ENT_IN_24591,Arjun Shah,599,2.3,1,1,NOT_REGISTERED,NOT_APPLICABLE,1,9.98,2.3,235044,57.3,65.7
ENT_IN_24592,Geeta Nair,0,15.79,1,1,UDYAM-PB-03-4225531,ACTIVE,0,10.91,8.5,417899,92.0,69.2
ENT_IN_24593,Fatima Reddy,770,12.04,1,1,UDYAM-GJ-03-8695125,ACTIVE,1,34.28,4.7,188819,55.4,94.9
ENT_IN_24594,Preeti Sharma,593,13.45,1,1,UDYAM-KA-03-1754194,ACTIVE,0,14.85,6.5,308114,71.1,70.0
ENT_IN_24595,Preeti Khan,610,4.81,1,1,NOT_REGISTERED,NOT_APPLICABLE,0,29.19,4.0,201995,49.3,48.4
ENT_IN_24596,Neha Verma,847,5.83,1,1,UDYAM-PB-03-1972625,UNREGISTERED,1,14.0,4.3,130171,50.2,83.4
ENT_IN_24597,Anil Kulkarni,815,24.06,1,1,UDYAM-UP-03-2582809,NOT_APPLICABLE,0,34.83,6.4,417454,42.0,77.2
ENT_IN_24598,Dinesh Kumar,849,14.42,1,1,UDYAM-UP-03-5137177,UNREGISTERED,1,38.95,1.9,429442,43.8,90.6
ENT_IN_24599,Suresh Reddy,724,9.13,1,1,UDYAM-TN-03-5520273,NOT_APPLICABLE,1,43.46,4.6,118164,87.0,82.7
ENT_IN_24600,Fatima Rao,763,11.09,1,1,UDYAM-TN-03-9856962,NOT_APPLICABLE,1,5.62,6.9,338085,42.8,91.6
ENT_IN_24601,Gurpreet Banerjee,734,8.64,1,1,UDYAM-UP-03-7262461,NOT_APPLICABLE,1,32.14,1.0,186838,92.2,90.3
ENT_IN_24602,Deepika Rao,609,22.82,1,1,UDYAM-MH-03-7939898,ACTIVE,1,27.82,8.5,302504,98.3,92.0
ENT_IN_24603,Gurpreet Kaur,745,21.05,1,1,NOT_REGISTERED,ACTIVE,0,5.92,7.1,299210,36.7,65.5
ENT_IN_24604,Bhavna Das,722,14.89,1,1,NOT_REGISTERED,NOT_APPLICABLE,1,24.57,9.9,218819,66.9,76.5
ENT_IN_24605,Suresh Gupta,562,17.25,1,1,NOT_REGISTERED,ACTIVE,1,12.27,6.3,49446,43.9,62.8
ENT_IN_24606,Anita Chaudhary,800,8.59,1,1,UDYAM-KA-03-1996229,NOT_APPLICABLE,1,1.99,3.1,271427,54.8,90.5
ENT_IN_24607,Anil Khan,587,15.35,1,1,UDYAM-TN-03-4192583,ACTIVE,0,10.79,11.2,397767,40.2,67.8
ENT_IN_24608,Ashok Kaur,833,16.44,1,1,UDYAM-GJ-03-4255254,ACTIVE,0,20.01,11.5,290301,37.7,84.1
ENT_IN_24609,Anil Rao,662,6.35,1,0,UDYAM-PB-03-8141328,UNREGISTERED,1,13.75,5.6,393331,73.8,81.6
ENT_IN_24610,Suresh Rao,553,12.61,1,1,UDYAM-UP-03-2849703,ACTIVE,1,18.01,0.0,139094,72.0,79.3
ENT_IN_24611,Ayesha Kumar,672,21.65,0,1,UDYAM-GJ-03-2455741,ACTIVE,1,35.1,11.2,408135,48.2,81.1
ENT_IN_24612,Mahesh Singh,769,23.19,1,1,UDYAM-PB-03-8686131,ACTIVE,1,33.66,8.0,155266,90.8,100.0
ENT_IN_24613,Sunil Chaudhary,785,8.45,1,0,UDYAM-TN-03-8101377,ACTIVE,1,41.96,6.5,334234,84.7,98.1
ENT_IN_24614,Meena Kumar,608,9.55,1,1,UDYAM-PB-03-5416047,ACTIVE,0,42.78,4.4,267100,66.5,68.9
ENT_IN_24615,Savita Mehta,764,17.5,1,1,UDYAM-GJ-03-3481548,UNREGISTERED,1,16.27,0.0,79219,94.5,92.9
ENT_IN_24616,Gurpreet Deshmukh,728,14.73,1,1,UDYAM-TN-03-5880757,ACTIVE,0,44.49,5.7,82495,36.2,66.3
ENT_IN_24617,Sunita Shah,699,10.37,0,1,UDYAM-UP-03-8145155,NOT_APPLICABLE,0,23.28,11.6,306747,68.6,66.8
ENT_IN_24618,Rahul Banerjee,765,6.56,1,1,UDYAM-MH-03-8599907,ACTIVE,1,8.31,3.9,58767,65.5,91.5
ENT_IN_24619,Manoj Sheikh,692,24.39,1,1,UDYAM-PB-03-9866738,NOT_APPLICABLE,1,21.48,7.9,39323,63.0,73.9
ENT_IN_24620,Ramesh Mishra,832,17.46,1,1,UDYAM-TN-03-1356496,NOT_APPLICABLE,1,5.48,10.2,406609,95.0,100.0
ENT_IN_24621,Sangeeta Sheikh,766,7.48,1,1,UDYAM-TN-03-3890550,NOT_APPLICABLE,0,31.24,10.2,111023,66.8,81.8
ENT_IN_24622,Karan Das,796,15.6,1,1,UDYAM-GJ-03-4460146,UNREGISTERED,1,39.56,2.5,436976,61.3,94.6
ENT_IN_24623,Manoj Singh,0,0.02,0,1,NOT_REGISTERED,UNREGISTERED,1,8.67,2.0,258014,84.0,54.7
ENT_IN_24624,Ashok Gowda,0,23.01,1,1,UDYAM-MH-03-7345747,ACTIVE,0,33.48,7.1,297762,62.5,62.2
ENT_IN_24625,Sunita Sheikh,0,1.0,1,1,NOT_REGISTERED,ACTIVE,1,4.16,5.3,396143,51.5,57.3
ENT_IN_24626,Savita Joshi,805,12.66,1,0,UDYAM-GJ-03-9331061,NOT_APPLICABLE,1,11.7,10.4,96069,63.0,78.5
ENT_IN_24627,Simran Kaur,698,2.62,1,1,UDYAM-GJ-03-9422903,UNREGISTERED,1,26.74,6.0,75324,53.2,72.0
ENT_IN_24628,Vikram Kumar,638,19.82,1,1,UDYAM-GJ-03-2544114,NOT_APPLICABLE,1,6.91,0.6,281490,78.5,78.2
ENT_IN_24629,Amit Nair,664,10.04,1,1,UDYAM-KA-03-6278366,NOT_APPLICABLE,1,37.59,10.1,109653,94.5,86.5
ENT_IN_24630,Mohammed Joshi,0,19.28,1,1,UDYAM-TN-03-8766615,ACTIVE,1,26.31,11.5,340695,48.2,66.3
ENT_IN_24631,Seema Patil,0,23.39,1,1,NOT_REGISTERED,NOT_APPLICABLE,1,15.71,4.6,41989,92.8,54.0
ENT_IN_24632,Tariq Patil,844,11.59,1,0,UDYAM-GJ-03-5081036,NOT_APPLICABLE,1,25.03,6.3,413987,96.5,93.1
ENT_IN_24633,Savita Singh,831,24.62,1,1,NOT_REGISTERED,NOT_APPLICABLE,1,16.25,10.4,158251,91.7,90.5
ENT_IN_24634,Harpreet Das,576,19.42,1,0,UDYAM-GJ-03-6642465,NOT_APPLICABLE,1,17.06,8.2,91267,89.6,69.9
ENT_IN_24635,Ramesh Sheikh,717,0.6,1,1,NOT_REGISTERED,NOT_APPLICABLE,1,41.24,0.2,160460,49.8,67.7
ENT_IN_24636,Pradeep Mishra,594,23.37,0,1,UDYAM-MH-03-4812612,NOT_APPLICABLE,1,43.65,4.5,447954,76.8,68.7
ENT_IN_24637,Geeta Patil,798,24.24,1,1,UDYAM-TN-03-3869007,NOT_APPLICABLE,1,13.7,2.6,60981,98.5,93.9
ENT_IN_24638,Anita Sheikh,752,9.27,0,1,UDYAM-MH-03-8671493,UNREGISTERED,1,25.53,6.7,196772,56.3,83.9
ENT_IN_24639,Geeta Chaudhary,582,16.41,1,1,NOT_REGISTERED,NOT_APPLICABLE,1,2.11,2.9,212590,76.2,69.8
ENT_IN_24640,Vijay Deshmukh,0,2.1,1,1,UDYAM-PB-03-2728921,ACTIVE,1,32.26,3.7,116782,94.2,74.6
ENT_IN_24641,Savita Banerjee,790,13.05,1,1,UDYAM-GJ-03-7472548,ACTIVE,1,27.99,2.3,331747,75.8,100.0
ENT_IN_24642,Simran Shah,792,24.34,1,1,UDYAM-UP-03-3479582,NOT_APPLICABLE,1,36.27,4.2,180893,44.2,87.2
ENT_IN_24643,Priya Das,709,11.29,0,0,NOT_REGISTERED,ACTIVE,1,1.37,4.9,245455,51.6,64.3
ENT_IN_24644,Bhavna Patil,564,6.73,1,1,UDYAM-MH-03-8959581,UNREGISTERED,1,36.36,3.9,186258,88.1,75.5
ENT_IN_24645,Rahul Chaudhary,629,3.68,1,1,UDYAM-KA-03-8921235,NOT_APPLICABLE,1,25.68,8.6,374507,93.8,83.7
ENT_IN_24646,Prakash Yadav,771,3.91,1,0,NOT_REGISTERED,NOT_APPLICABLE,0,26.11,3.2,138227,98.7,74.0
ENT_IN_24647,Geeta Reddy,672,6.79,1,1,UDYAM-MH-03-8678761,NOT_APPLICABLE,1,8.38,11.4,396821,47.1,79.7
ENT_IN_24648,Gurpreet Das,604,13.83,1,1,NOT_REGISTERED,ACTIVE,1,36.43,9.4,373730,36.7,66.2
ENT_IN_24649,Rekha Gupta,846,24.73,1,1,UDYAM-UP-03-2635091,NOT_APPLICABLE,1,8.45,7.4,393028,53.4,91.2
ENT_IN_24650,Sangeeta Joshi,0,1.88,0,1,UDYAM-TN-03-7838258,ACTIVE,1,15.92,5.0,105231,67.8,60.0
ENT_IN_24651,Sangeeta Reddy,774,13.42,1,1,UDYAM-PB-03-7866174,ACTIVE,1,40.07,9.5,82810,55.2,94.4
ENT_IN_24652,Shweta Rao,741,24.82,1,1,UDYAM-KA-03-4299621,NOT_APPLICABLE,1,41.6,7.7,378056,84.1,87.3
ENT_IN_24653,Ananya Yadav,0,23.41,1,1,UDYAM-TN-03-7530592,NOT_APPLICABLE,1,14.7,0.4,301299,60.5,65.1
ENT_IN_24654,Geeta Das,726,0.47,1,1,NOT_REGISTERED,UNREGISTERED,0,27.63,3.5,37116,46.7,55.5
ENT_IN_24655,Kiran Kulkarni,848,0.1,1,0,UDYAM-MH-03-9872528,NOT_APPLICABLE,1,2.45,7.9,20419,55.3,74.4
ENT_IN_24656,Neha Kaur,735,2.7,1,1,UDYAM-KA-03-3859382,NOT_APPLICABLE,1,7.88,8.1,75486,66.8,75.4
ENT_IN_24657,Radha Banerjee,781,5.84,1,1,UDYAM-PB-03-5222955,ACTIVE,1,18.54,5.3,233167,62.4,100.0
ENT_IN_24658,Savita Mehta,0,11.66,1,1,UDYAM-UP-03-9810947,UNREGISTERED,1,18.67,1.2,51061,60.6,52.3
ENT_IN_24659,Neha Mishra,719,4.82,1,1,UDYAM-PB-03-5158072,NOT_APPLICABLE,0,19.38,7.8,282001,65.7,73.1
ENT_IN_24660,Rohan Shah,710,16.27,1,1,UDYAM-GJ-03-6491467,NOT_APPLICABLE,1,13.96,9.0,58782,70.8,76.6
ENT_IN_24661,Pradeep Yadav,0,11.02,1,1,UDYAM-UP-03-3979986,NOT_APPLICABLE,0,26.61,0.3,234219,42.6,48.5
ENT_IN_24662,Meena Chaudhary,0,23.73,1,1,NOT_REGISTERED,ACTIVE,1,42.38,4.2,76957,68.4,55.4
ENT_IN_24663,Preeti Shah,727,16.56,1,1,UDYAM-GJ-03-5666033,ACTIVE,1,23.53,7.0,297816,38.7,85.7
ENT_IN_24664,Ganesh Kumar,838,24.82,1,1,UDYAM-TN-03-9767422,ACTIVE,1,11.03,4.2,20050,51.5,87.0
ENT_IN_24665,Priya Kumar,578,11.79,1,1,UDYAM-KA-03-4275137,NOT_APPLICABLE,1,31.71,3.9,20683,46.9,60.8
ENT_IN_24666,Gurpreet Banerjee,844,9.3,1,1,UDYAM-TN-03-3129363,UNREGISTERED,1,44.45,2.3,446798,54.3,91.4
ENT_IN_24667,Rohan Chatterjee,616,6.96,1,1,UDYAM-MH-03-3569871,UNREGISTERED,1,44.76,7.2,243526,82.4,75.6
ENT_IN_24668,Sunil Chaudhary,573,4.82,1,1,NOT_REGISTERED,ACTIVE,1,25.85,4.0,93258,42.0,59.3
ENT_IN_24669,Sunita Mehta,787,4.69,1,1,UDYAM-PB-03-6025586,NOT_APPLICABLE,1,34.46,6.0,39681,56.7,86.3
ENT_IN_24670,Prakash Patil,626,5.94,0,0,UDYAM-TN-03-1646151,NOT_APPLICABLE,1,31.33,4.4,153194,59.7,51.6
ENT_IN_24671,Dinesh Mehta,757,23.31,1,1,UDYAM-GJ-03-4441402,ACTIVE,1,22.75,7.4,61534,49.2,91.5
ENT_IN_24672,Radha Joshi,801,12.06,1,1,NOT_REGISTERED,ACTIVE,1,9.55,12.0,192593,91.9,96.5
ENT_IN_24673,Radha Kulkarni,849,24.66,1,1,UDYAM-MH-03-4878708,ACTIVE,1,39.7,9.9,349066,58.4,100.0
ENT_IN_24674,Shweta Patel,669,7.97,1,1,NOT_REGISTERED,ACTIVE,0,40.17,9.9,391400,58.2,73.6
ENT_IN_24675,Anita Sharma,806,16.54,1,1,UDYAM-KA-03-1422402,NOT_APPLICABLE,1,44.75,1.6,322651,81.1,99.0
ENT_IN_24676,Ananya Chaudhary,770,23.72,1,1,UDYAM-KA-03-3277996,NOT_APPLICABLE,1,16.68,7.8,126828,71.9,90.6
ENT_IN_24677,Kavita Chaudhary,708,8.65,1,0,UDYAM-MH-03-6753433,NOT_APPLICABLE,1,6.79,7.3,202955,71.6,75.0
ENT_IN_24678,Dinesh Sheikh,609,22.36,0,1,UDYAM-UP-03-3862374,NOT_APPLICABLE,1,39.32,6.1,110752,42.3,53.8
ENT_IN_24679,Prakash Patil,0,4.21,1,1,NOT_REGISTERED,NOT_APPLICABLE,1,2.42,10.2,83173,39.9,40.4
ENT_IN_24680,Lakshmi Das,624,3.15,1,1,UDYAM-GJ-03-9936230,NOT_APPLICABLE,0,41.24,10.9,389768,62.6,62.7
ENT_IN_24681,Seema Gupta,844,24.84,1,1,UDYAM-TN-03-2800084,NOT_APPLICABLE,1,38.3,5.5,204725,97.6,100.0
ENT_IN_24682,Harpreet Sheikh,649,5.24,1,1,UDYAM-UP-03-6780865,ACTIVE,0,11.69,1.8,16079,93.8,72.0
ENT_IN_24683,Harpreet Khan,720,17.58,1,1,UDYAM-PB-03-2059788,UNREGISTERED,1,12.96,8.7,283860,94.0,89.0
ENT_IN_24684,Deepika Mehta,576,7.46,1,1,NOT_REGISTERED,ACTIVE,1,40.77,4.4,289384,44.7,70.2
ENT_IN_24685,Sunil Kaur,803,7.87,1,1,UDYAM-TN-03-6607402,ACTIVE,1,24.15,4.2,101597,71.4,97.8
ENT_IN_24686,Amit Rao,664,24.02,1,1,UDYAM-UP-03-6737129,NOT_APPLICABLE,0,1.47,10.9,147231,46.8,66.1
ENT_IN_24687,Mamta Rao,821,0.93,1,1,UDYAM-GJ-03-9241144,NOT_APPLICABLE,0,15.59,10.4,186451,41.6,73.1
ENT_IN_24688,Preeti Banerjee,763,8.7,1,1,NOT_REGISTERED,NOT_APPLICABLE,1,37.52,1.7,58496,41.4,70.7
ENT_IN_24689,Savita Patil,635,14.52,1,1,UDYAM-KA-03-9280770,NOT_APPLICABLE,1,9.48,4.5,296568,65.2,73.4
ENT_IN_24690,Anita Patel,751,6.83,0,1,UDYAM-PB-03-6176908,ACTIVE,1,18.68,1.5,443856,88.2,100.0
ENT_IN_24691,Ashok Kaur,844,9.41,1,1,UDYAM-GJ-03-8778582,ACTIVE,1,28.09,6.8,213074,67.9,100.0
ENT_IN_24692,Shweta Joshi,677,18.48,1,1,UDYAM-TN-03-7691729,NOT_APPLICABLE,1,27.32,6.9,166319,76.9,81.7
ENT_IN_24693,Mohammed Nair,0,9.98,1,1,UDYAM-GJ-03-1054752,ACTIVE,0,18.56,1.0,77424,55.8,52.9
ENT_IN_24694,Rekha Rao,615,11.92,1,1,UDYAM-PB-03-1076547,UNREGISTERED,1,37.06,3.2,341076,79.5,77.2
ENT_IN_24695,Priya Shah,562,22.6,1,1,UDYAM-TN-03-8707127,ACTIVE,0,12.89,8.0,448995,35.7,62.8
ENT_IN_24696,Shweta Kaur,623,18.61,1,1,UDYAM-PB-03-7283982,UNREGISTERED,0,31.97,6.1,322733,79.8,70.6
ENT_IN_24697,Suresh Nair,0,22.55,1,0,UDYAM-UP-03-6080937,UNREGISTERED,0,6.24,1.7,253868,96.9,53.2
ENT_IN_24698,Meena Singh,631,19.25,0,0,NOT_REGISTERED,ACTIVE,1,28.61,6.4,389362,36.6,50.7
ENT_IN_24699,Sangeeta Banerjee,601,2.93,1,1,UDYAM-UP-03-8333930,ACTIVE,1,15.64,7.9,67622,67.1,72.0
ENT_IN_24700,Prakash Gupta,798,19.36,1,1,UDYAM-GJ-03-6834583,ACTIVE,1,35.36,6.1,350679,66.1,100.0
ENT_IN_24701,Pooja Gupta,705,19.91,1,1,NOT_REGISTERED,ACTIVE,1,32.04,2.2,407725,84.3,90.0
ENT_IN_24702,Mamta Mishra,0,15.91,1,0,UDYAM-KA-03-1283311,ACTIVE,1,37.27,10.1,52146,99.5,67.3
ENT_IN_24703,Tariq Patel,783,21.18,1,1,UDYAM-UP-03-5315034,NOT_APPLICABLE,0,10.88,0.2,193191,68.6,82.8
ENT_IN_24704,Manoj Das,772,22.16,1,1,UDYAM-GJ-03-6720515,NOT_APPLICABLE,1,20.08,4.0,134740,89.4,97.3
ENT_IN_24705,Seema Mehta,715,14.71,1,1,UDYAM-MH-03-9500055,ACTIVE,1,20.44,3.4,416297,56.2,91.2
ENT_IN_24706,Deepika Banerjee,794,11.17,0,0,NOT_REGISTERED,NOT_APPLICABLE,1,41.22,9.1,427699,75.3,75.9
ENT_IN_24707,Lakshmi Sharma,569,15.72,1,1,UDYAM-PB-03-5704539,ACTIVE,1,28.61,9.1,201356,45.9,76.6
ENT_IN_24708,Deepika Banerjee,623,23.86,1,1,UDYAM-KA-03-7516986,ACTIVE,1,38.6,4.8,245437,89.0,88.6
ENT_IN_24709,Lakshmi Patil,832,10.47,1,1,UDYAM-MH-03-5975009,ACTIVE,1,44.56,5.2,94906,94.3,100.0
ENT_IN_24710,Sujata Sheikh,809,24.25,1,1,UDYAM-PB-03-2624232,ACTIVE,1,36.31,3.0,63824,57.5,91.7
ENT_IN_24711,Gurpreet Verma,830,17.66,1,1,UDYAM-KA-03-7509228,NOT_APPLICABLE,1,36.33,8.3,122470,57.8,89.8
ENT_IN_24712,Anil Sharma,599,16.94,1,1,UDYAM-KA-03-9167903,ACTIVE,1,29.43,10.6,187756,37.3,70.5
ENT_IN_24713,Mohammed Sharma,704,21.8,1,1,UDYAM-TN-03-5460166,ACTIVE,0,17.9,0.9,436368,68.0,80.4
ENT_IN_24714,Manoj Patil,736,9.16,1,1,UDYAM-MH-03-3254787,ACTIVE,1,28.48,11.7,15918,36.4,77.4
ENT_IN_24715,Simran Kaur,565,20.31,1,1,NOT_REGISTERED,NOT_APPLICABLE,1,41.16,4.5,392497,43.1,62.0
ENT_IN_24716,Sujata Yadav,735,11.84,1,1,NOT_REGISTERED,NOT_APPLICABLE,1,23.49,5.6,392935,97.4,85.0
ENT_IN_24717,Mohammed Deshmukh,567,20.7,1,1,NOT_REGISTERED,ACTIVE,1,2.45,8.3,86475,82.8,72.3
ENT_IN_24718,Sunil Das,610,17.98,1,1,UDYAM-TN-03-3714009,NOT_APPLICABLE,0,0.0,0.5,229205,64.4,65.2
ENT_IN_24719,Mamta Mehta,806,1.64,1,1,UDYAM-GJ-03-5238255,UNREGISTERED,1,38.95,0.1,193242,52.3,91.4
ENT_IN_24720,Priya Joshi,605,8.57,1,1,UDYAM-TN-03-2652735,ACTIVE,1,24.73,7.2,315421,38.6,76.0
ENT_IN_24721,Ganesh Reddy,757,16.84,1,1,UDYAM-KA-03-1231515,ACTIVE,1,28.06,5.2,143103,92.1,100.0
ENT_IN_24722,Neha Nair,0,8.5,1,1,UDYAM-TN-03-9808944,NOT_APPLICABLE,1,29.95,9.8,221897,70.2,62.4
ENT_IN_24723,Lakshmi Kaur,612,5.98,1,1,NOT_REGISTERED,UNREGISTERED,1,15.76,11.3,237378,46.0,59.3
ENT_IN_24724,Ganesh Khan,632,17.34,1,1,UDYAM-MH-03-1430207,NOT_APPLICABLE,1,42.37,4.3,139138,58.8,66.3
ENT_IN_24725,Prakash Verma,766,21.46,1,1,UDYAM-KA-03-1265480,NOT_APPLICABLE,1,23.69,6.5,213119,78.5,97.8
ENT_IN_24726,Deepak Shah,717,19.03,1,1,NOT_REGISTERED,ACTIVE,1,13.95,7.8,232389,65.0,83.6
ENT_IN_24727,Ashok Sharma,573,18.52,1,0,UDYAM-TN-03-6407577,ACTIVE,1,10.4,1.6,167616,69.6,69.7
ENT_IN_24728,Fatima Sheikh,605,14.24,1,1,UDYAM-MH-03-5342592,ACTIVE,1,5.91,11.3,77802,91.2,81.7
ENT_IN_24729,Suresh Mishra,600,7.58,1,1,NOT_REGISTERED,NOT_APPLICABLE,1,36.56,9.5,424130,61.8,67.6
ENT_IN_24730,Mahesh Verma,745,12.82,1,1,UDYAM-PB-03-7973953,NOT_APPLICABLE,0,21.65,3.1,148150,79.5,72.9
ENT_IN_24731,Priya Reddy,733,15.01,1,1,NOT_REGISTERED,ACTIVE,1,15.6,2.7,397194,76.7,85.7
ENT_IN_24732,Tariq Deshmukh,620,5.56,1,1,UDYAM-MH-03-8760410,NOT_APPLICABLE,0,25.57,9.0,286926,56.8,64.1
ENT_IN_24733,Rekha Joshi,594,9.02,0,1,NOT_REGISTERED,NOT_APPLICABLE,1,9.69,4.3,301269,72.4,57.6
ENT_IN_24734,Fatima Verma,631,18.76,1,1,NOT_REGISTERED,ACTIVE,1,30.1,5.3,71956,52.0,65.7
ENT_IN_24735,Anita Rao,771,9.47,1,1,UDYAM-PB-03-6923441,NOT_APPLICABLE,0,21.79,10.8,351312,47.4,78.2
ENT_IN_24736,Rohan Yadav,0,14.09,1,1,UDYAM-MH-03-2699576,NOT_APPLICABLE,1,20.12,1.6,397128,55.7,63.6
ENT_IN_24737,Mamta Yadav,586,16.21,1,1,UDYAM-GJ-03-3807102,UNREGISTERED,1,22.41,2.5,411438,83.2,78.9
ENT_IN_24738,Fatima Kumar,810,5.35,1,0,UDYAM-KA-03-8311621,UNREGISTERED,1,0.27,6.5,390344,79.5,93.6
ENT_IN_24739,Rajesh Singh,670,1.24,1,1,UDYAM-GJ-03-9996649,ACTIVE,1,32.68,0.7,196185,51.2,83.2
ENT_IN_24740,Deepika Mehta,652,11.68,1,1,UDYAM-TN-03-7772578,ACTIVE,1,39.33,3.8,348937,54.8,87.0
ENT_IN_24741,Sunil Nair,604,9.5,1,1,NOT_REGISTERED,ACTIVE,1,0.43,8.3,208584,74.4,74.3
ENT_IN_24742,Sunil Yadav,718,6.07,1,1,NOT_REGISTERED,NOT_APPLICABLE,1,8.25,2.8,231783,90.6,80.1
ENT_IN_24743,Rekha Shah,699,5.89,1,0,NOT_REGISTERED,NOT_APPLICABLE,1,34.87,6.1,228543,91.8,75.2
ENT_IN_24744,Ganesh Chaudhary,770,21.25,0,1,UDYAM-MH-03-9418357,ACTIVE,1,2.32,2.2,239042,84.2,96.4
ENT_IN_24745,Sunil Kaur,782,4.76,1,1,UDYAM-GJ-03-3272054,ACTIVE,1,43.54,4.7,330224,87.7,100.0
ENT_IN_24746,Geeta Joshi,848,11.15,1,1,UDYAM-UP-03-1679444,ACTIVE,1,2.27,7.0,178681,81.2,100.0
ENT_IN_24747,Ganesh Mehta,828,22.34,1,1,UDYAM-MH-03-7737974,NOT_APPLICABLE,1,29.01,6.1,40833,81.4,90.7
ENT_IN_24748,Shweta Rao,0,20.62,1,1,NOT_REGISTERED,ACTIVE,1,17.65,6.0,248864,75.8,66.3
ENT_IN_24749,Tariq Shah,656,7.31,1,1,UDYAM-UP-03-8109175,NOT_APPLICABLE,1,24.96,6.5,33283,82.3,77.2
ENT_IN_24750,Anil Chaudhary,0,21.94,0,1,UDYAM-TN-03-5103233,NOT_APPLICABLE,1,10.49,7.3,191335,63.0,55.0
ENT_IN_24751,Neha Yadav,0,20.35,1,1,UDYAM-GJ-03-2674719,ACTIVE,1,41.63,11.6,83812,89.9,69.8
ENT_IN_24752,Sunil Mehta,741,10.34,1,0,UDYAM-PB-03-2467142,NOT_APPLICABLE,0,33.94,10.7,291206,42.3,62.7
ENT_IN_24753,Vijay Shah,784,11.0,1,1,UDYAM-TN-03-2707198,ACTIVE,1,31.65,10.0,136856,71.2,99.6
ENT_IN_24754,Rahul Verma,757,13.85,1,1,NOT_REGISTERED,ACTIVE,0,33.02,3.0,425634,44.1,75.1
ENT_IN_24755,Simran Mishra,0,20.14,1,1,NOT_REGISTERED,ACTIVE,1,31.96,10.6,169767,99.7,70.2
ENT_IN_24756,Ganesh Nair,728,16.24,1,1,UDYAM-UP-03-5890851,UNREGISTERED,1,24.49,2.6,71461,54.1,71.8
ENT_IN_24757,Simran Deshmukh,842,8.89,1,1,NOT_REGISTERED,NOT_APPLICABLE,0,6.48,1.9,256096,54.4,72.1
ENT_IN_24758,Deepika Patil,694,18.08,1,0,UDYAM-PB-03-1862531,NOT_APPLICABLE,1,23.82,4.7,372030,50.0,75.6
ENT_IN_24759,Karan Chatterjee,802,7.77,1,1,UDYAM-UP-03-4373583,NOT_APPLICABLE,1,33.25,6.1,205942,91.3,100.0
ENT_IN_24760,Sangeeta Reddy,692,14.34,1,1,UDYAM-UP-03-9333446,UNREGISTERED,1,18.52,7.1,38090,67.0,78.0
ENT_IN_24761,Neha Singh,592,2.35,1,1,NOT_REGISTERED,ACTIVE,1,40.06,1.6,52745,67.9,65.9
ENT_IN_24762,Amit Chaudhary,697,16.19,1,1,UDYAM-PB-03-4849419,NOT_APPLICABLE,1,35.43,1.4,280956,52.1,82.8
ENT_IN_24763,Arjun Gupta,632,7.34,1,1,UDYAM-PB-03-2046484,NOT_APPLICABLE,0,13.37,8.7,52411,85.1,58.7
ENT_IN_24764,Priya Chaudhary,663,22.73,1,1,UDYAM-PB-03-1343339,ACTIVE,1,6.5,4.1,305174,56.0,88.1
ENT_IN_24765,Rajesh Rao,810,10.33,1,1,UDYAM-GJ-03-6677872,NOT_APPLICABLE,0,25.74,3.8,273439,74.1,88.9
ENT_IN_24766,Gurpreet Shah,697,11.72,1,0,UDYAM-UP-03-3454773,ACTIVE,1,27.33,10.5,124918,70.3,80.6
ENT_IN_24767,Rohan Sharma,654,23.19,1,1,UDYAM-UP-03-3424801,NOT_APPLICABLE,1,31.64,2.7,187239,51.6,76.1
ENT_IN_24768,Arjun Das,750,19.29,1,1,UDYAM-GJ-03-3974952,UNREGISTERED,1,22.86,9.4,329068,94.8,100.0
ENT_IN_24769,Pradeep Chatterjee,810,8.17,1,1,UDYAM-TN-03-5424348,ACTIVE,0,19.76,5.0,155533,95.4,95.2
ENT_IN_24770,Fatima Khan,659,7.3,1,0,NOT_REGISTERED,ACTIVE,1,28.23,7.8,356171,37.5,69.0
ENT_IN_24771,Ashok Joshi,569,9.75,1,1,UDYAM-MH-03-7060107,ACTIVE,1,25.22,10.0,347995,41.9,73.7
ENT_IN_24772,Savita Mehta,678,1.33,1,1,NOT_REGISTERED,NOT_APPLICABLE,1,19.01,10.0,129764,83.9,77.1
ENT_IN_24773,Mohammed Kulkarni,723,9.51,1,1,NOT_REGISTERED,ACTIVE,1,1.05,7.9,438160,50.5,79.1
ENT_IN_24774,Sangeeta Shah,783,22.53,0,1,UDYAM-TN-03-6780781,ACTIVE,0,22.82,5.5,428957,49.9,81.3
ENT_IN_24775,Vijay Joshi,842,8.37,1,1,UDYAM-GJ-03-2254888,ACTIVE,1,39.19,1.4,228961,69.5,100.0
ENT_IN_24776,Simran Gowda,629,7.06,1,1,UDYAM-PB-03-3066239,NOT_APPLICABLE,1,19.45,10.5,205790,76.4,78.2
ENT_IN_24777,Vijay Das,577,15.35,1,1,UDYAM-UP-03-1545401,NOT_APPLICABLE,1,9.85,11.3,104181,40.1,62.1
ENT_IN_24778,Pradeep Nair,644,7.66,1,1,UDYAM-MH-03-2786467,UNREGISTERED,1,14.89,10.1,322811,55.0,72.8
ENT_IN_24779,Ayesha Verma,617,10.06,1,1,NOT_REGISTERED,ACTIVE,1,22.29,0.9,299034,92.5,82.3
ENT_IN_24780,Vikram Singh,721,10.97,0,1,UDYAM-PB-03-7966450,NOT_APPLICABLE,1,20.79,9.3,264643,73.5,75.5
ENT_IN_24781,Anita Sharma,748,14.06,1,0,NOT_REGISTERED,ACTIVE,1,39.73,3.4,106051,91.4,77.8
ENT_IN_24782,Mohammed Singh,798,12.07,1,0,UDYAM-GJ-03-6530242,NOT_APPLICABLE,1,39.48,6.8,82268,91.9,86.5
ENT_IN_24783,Ananya Verma,0,22.59,1,1,NOT_REGISTERED,NOT_APPLICABLE,0,41.24,11.6,396517,74.7,50.3
ENT_IN_24784,Sangeeta Patil,689,8.93,1,1,UDYAM-GJ-03-9158486,ACTIVE,1,44.43,4.8,261013,61.7,91.5
ENT_IN_24785,Manoj Singh,799,16.31,1,0,NOT_REGISTERED,NOT_APPLICABLE,1,23.67,3.9,395876,67.6,81.4
ENT_IN_24786,Sangeeta Nair,797,16.87,1,1,UDYAM-GJ-03-3662509,UNREGISTERED,1,43.52,4.5,410596,80.3,98.3
ENT_IN_24787,Geeta Sheikh,668,9.39,1,1,UDYAM-GJ-03-8792158,NOT_APPLICABLE,0,14.83,10.3,446553,61.4,74.8
ENT_IN_24788,Harpreet Banerjee,709,4.51,1,1,UDYAM-UP-03-6088083,ACTIVE,1,13.56,4.9,145517,43.1,82.1
ENT_IN_24789,Pooja Patil,0,8.3,1,1,NOT_REGISTERED,ACTIVE,1,3.97,6.3,442541,37.1,54.3
ENT_IN_24790,Arjun Yadav,0,4.65,1,1,NOT_REGISTERED,UNREGISTERED,1,23.16,2.6,25895,42.5,41.5
ENT_IN_24791,Sunil Reddy,833,17.58,1,1,UDYAM-GJ-03-7056721,ACTIVE,1,34.21,9.0,88859,60.8,95.9
ENT_IN_24792,Preeti Kumar,780,20.83,1,1,UDYAM-UP-03-7499881,NOT_APPLICABLE,1,28.86,4.1,398714,64.9,92.0
ENT_IN_24793,Deepak Sharma,695,22.61,0,1,UDYAM-PB-03-8554368,ACTIVE,1,23.97,4.8,365246,49.2,79.0
ENT_IN_24794,Rekha Singh,603,15.24,1,1,NOT_REGISTERED,ACTIVE,1,26.82,7.3,216045,70.9,71.3
ENT_IN_24795,Anita Deshmukh,780,3.57,0,1,UDYAM-PB-03-5230368,ACTIVE,1,14.44,0.7,289042,55.3,91.5
ENT_IN_24796,Savita Mishra,695,22.27,1,1,UDYAM-TN-03-8755232,NOT_APPLICABLE,1,28.77,8.9,447258,77.6,84.6
ENT_IN_24797,Deepak Patil,678,5.79,1,1,UDYAM-PB-03-9181054,ACTIVE,1,33.97,8.9,255721,39.3,85.7
ENT_IN_24798,Amit Khan,706,6.21,1,1,UDYAM-MH-03-4332873,ACTIVE,1,37.29,7.7,399347,43.2,85.4
ENT_IN_24799,Rohan Patel,796,10.65,1,1,NOT_REGISTERED,NOT_APPLICABLE,1,28.3,8.4,439316,82.0,90.1
ENT_IN_24800,Kiran Nair,798,18.87,1,0,NOT_REGISTERED,ACTIVE,0,37.78,7.5,295197,50.2,73.4
ENT_IN_24801,Simran Singh,808,10.38,1,0,NOT_REGISTERED,ACTIVE,1,0.72,8.3,97113,81.3,83.4
ENT_IN_24802,Mahesh Rao,580,13.43,1,0,UDYAM-TN-03-5087829,ACTIVE,1,4.25,4.8,414154,59.3,70.3
ENT_IN_24803,Savita Deshmukh,648,4.94,1,1,NOT_REGISTERED,ACTIVE,1,9.51,11.2,102301,61.8,64.5
ENT_IN_24804,Pooja Verma,651,23.62,1,1,UDYAM-TN-03-8185868,ACTIVE,1,10.46,1.0,50031,78.9,87.0
ENT_IN_24805,Mamta Yadav,600,3.95,1,1,UDYAM-GJ-03-3439687,NOT_APPLICABLE,1,9.61,9.9,231746,40.0,69.5
ENT_IN_24806,Karan Sharma,646,12.49,0,1,NOT_REGISTERED,UNREGISTERED,1,30.98,11.1,174651,47.1,53.5
ENT_IN_24807,Rajesh Sharma,784,20.0,1,1,UDYAM-PB-03-4225107,UNREGISTERED,0,26.7,11.7,320041,80.1,86.4
ENT_IN_24808,Neha Nair,798,10.87,1,1,NOT_REGISTERED,ACTIVE,1,10.74,8.2,331180,45.6,87.6
ENT_IN_24809,Suresh Shah,846,9.96,1,0,UDYAM-MH-03-6512422,NOT_APPLICABLE,1,9.76,6.0,103528,78.2,85.6
ENT_IN_24810,Lakshmi Chatterjee,733,21.6,1,1,NOT_REGISTERED,NOT_APPLICABLE,0,29.52,3.7,313694,66.3,69.4
ENT_IN_24811,Harpreet Gowda,692,16.09,1,1,NOT_REGISTERED,UNREGISTERED,1,14.44,9.1,447818,35.7,66.3
ENT_IN_24812,Rahul Deshmukh,731,0.85,1,1,UDYAM-UP-03-8845369,ACTIVE,1,21.76,2.7,133470,60.8,84.7
ENT_IN_24813,Pooja Yadav,770,1.87,1,1,UDYAM-MH-03-2969121,ACTIVE,1,4.89,6.4,122316,86.4,99.5
ENT_IN_24814,Manoj Sheikh,0,11.99,1,1,UDYAM-KA-03-1584097,NOT_APPLICABLE,0,21.28,2.0,367825,96.1,61.7
ENT_IN_24815,Suresh Sheikh,755,13.74,1,1,NOT_REGISTERED,UNREGISTERED,1,22.56,6.5,43568,39.4,71.7
ENT_IN_24816,Vikram Singh,650,5.91,1,1,UDYAM-KA-03-9757104,ACTIVE,1,41.19,11.2,93159,83.5,92.0
ENT_IN_24817,Ayesha Kumar,819,7.63,0,1,UDYAM-MH-03-4985668,ACTIVE,1,28.04,5.2,391971,40.3,87.1
ENT_IN_24818,Pooja Sheikh,607,11.98,1,1,NOT_REGISTERED,ACTIVE,0,43.56,5.2,277557,73.0,67.0
ENT_IN_24819,Geeta Kaur,837,12.42,1,1,UDYAM-PB-03-3630680,UNREGISTERED,1,5.15,2.8,116398,94.9,97.0
ENT_IN_24820,Dinesh Patel,629,15.32,1,1,UDYAM-KA-03-4770493,NOT_APPLICABLE,1,5.44,7.0,89203,75.4,70.5
ENT_IN_24821,Vijay Sheikh,626,14.37,1,0,UDYAM-TN-03-5007383,ACTIVE,0,42.23,9.4,124822,45.0,51.4
ENT_IN_24822,Arjun Patil,764,24.14,1,1,NOT_REGISTERED,NOT_APPLICABLE,1,21.54,3.0,23978,49.0,75.8
ENT_IN_24823,Savita Gowda,0,13.59,1,1,UDYAM-UP-03-1474049,UNREGISTERED,1,29.09,6.0,191565,86.4,69.3
ENT_IN_24824,Arjun Nair,831,18.51,1,1,NOT_REGISTERED,ACTIVE,1,19.25,6.4,298316,40.7,88.7
ENT_IN_24825,Suresh Singh,662,15.64,1,1,UDYAM-GJ-03-5184902,ACTIVE,1,13.26,6.5,407072,63.2,91.0
ENT_IN_24826,Rekha Kaur,804,15.56,1,1,NOT_REGISTERED,ACTIVE,0,35.47,5.5,51523,82.6,79.2
ENT_IN_24827,Priya Khan,730,2.48,1,1,NOT_REGISTERED,UNREGISTERED,1,10.99,9.8,336987,90.7,83.7
ENT_IN_24828,Priya Kulkarni,572,0.3,1,1,UDYAM-GJ-03-4094879,ACTIVE,1,43.45,0.6,427393,42.1,76.6
ENT_IN_24829,Ananya Sheikh,626,12.48,1,1,UDYAM-MH-03-4549250,NOT_APPLICABLE,1,38.13,10.9,362732,84.5,76.7
ENT_IN_24830,Pradeep Nair,681,18.03,1,1,UDYAM-UP-03-6658355,UNREGISTERED,1,27.8,2.7,253004,47.2,81.7
ENT_IN_24831,Rekha Sheikh,847,18.59,1,0,UDYAM-KA-03-9129124,ACTIVE,1,0.34,4.7,73627,89.5,90.7
ENT_IN_24832,Ramesh Verma,619,20.34,1,1,UDYAM-PB-03-5047385,ACTIVE,0,36.86,6.5,55830,84.2,71.3
ENT_IN_24833,Rajesh Yadav,848,22.81,1,1,UDYAM-PB-03-2086456,ACTIVE,0,27.95,11.1,380568,92.9,95.7
ENT_IN_24834,Seema Mishra,639,16.08,1,1,NOT_REGISTERED,NOT_APPLICABLE,1,31.96,4.3,395957,55.2,63.1
ENT_IN_24835,Mohammed Joshi,816,9.54,1,1,UDYAM-TN-03-2071097,NOT_APPLICABLE,1,35.79,5.7,364944,59.6,92.8
ENT_IN_24836,Amit Chaudhary,661,13.96,1,1,UDYAM-PB-03-7919979,NOT_APPLICABLE,1,21.81,3.9,268268,71.1,84.3
ENT_IN_24837,Shweta Kulkarni,795,2.09,1,1,UDYAM-GJ-03-8624146,NOT_APPLICABLE,0,11.7,1.2,164529,87.6,85.4
ENT_IN_24838,Ananya Nair,629,13.42,1,1,UDYAM-MH-03-5173302,UNREGISTERED,1,35.31,11.8,440585,74.1,75.1
ENT_IN_24839,Ayesha Chaudhary,722,22.86,1,1,NOT_REGISTERED,NOT_APPLICABLE,1,15.75,11.7,237020,58.9,76.2
ENT_IN_24840,Anita Singh,568,2.72,1,1,UDYAM-UP-03-2343706,NOT_APPLICABLE,1,24.41,0.3,146477,53.5,65.5
ENT_IN_24841,Priya Verma,668,4.9,1,1,UDYAM-MH-03-8711745,UNREGISTERED,1,7.72,6.3,264670,94.2,92.6
ENT_IN_24842,Arjun Deshmukh,582,23.94,0,1,NOT_REGISTERED,NOT_APPLICABLE,1,21.09,8.6,316222,94.8,65.7
ENT_IN_24843,Suresh Singh,617,17.73,1,1,NOT_REGISTERED,ACTIVE,1,30.36,3.7,389583,73.8,73.2
ENT_IN_24844,Prakash Nair,842,16.1,0,1,UDYAM-TN-03-1362579,NOT_APPLICABLE,1,15.02,7.2,379216,55.3,82.6
ENT_IN_24845,Mahesh Deshmukh,689,2.05,1,1,UDYAM-MH-03-9303350,ACTIVE,1,42.38,0.2,228649,80.8,96.9
ENT_IN_24846,Pradeep Gupta,616,5.47,1,1,UDYAM-UP-03-7863260,NOT_APPLICABLE,1,1.82,5.1,306063,95.0,83.5
ENT_IN_24847,Bhavna Mehta,750,3.2,1,0,UDYAM-MH-03-5811288,NOT_APPLICABLE,1,23.46,8.4,343601,76.1,88.7
ENT_IN_24848,Ananya Verma,815,10.87,1,1,UDYAM-KA-03-1289562,NOT_APPLICABLE,1,15.69,10.9,66920,89.3,92.6
ENT_IN_24849,Sujata Singh,850,7.35,1,1,UDYAM-TN-03-6233845,ACTIVE,1,39.81,7.9,60415,83.0,99.2
ENT_IN_24850,Priya Singh,0,14.03,1,1,NOT_REGISTERED,ACTIVE,1,43.38,5.1,316717,76.5,67.8
ENT_IN_24851,Kavita Shah,816,19.89,1,1,UDYAM-KA-03-9228450,ACTIVE,1,5.89,11.0,180358,49.4,96.5
ENT_IN_24852,Ganesh Verma,666,9.19,1,1,NOT_REGISTERED,ACTIVE,1,35.21,7.5,359359,98.1,93.4
ENT_IN_24853,Harpreet Chatterjee,709,0.62,1,1,UDYAM-MH-03-6746709,ACTIVE,1,17.1,4.5,331387,95.3,99.7
ENT_IN_24854,Rekha Khan,595,6.4,1,1,UDYAM-KA-03-7870420,ACTIVE,1,29.54,3.0,223208,68.3,82.9
ENT_IN_24855,Rajesh Rao,847,8.54,1,1,UDYAM-GJ-03-5273719,NOT_APPLICABLE,0,15.74,11.4,376752,88.2,89.6
ENT_IN_24856,Anita Shah,789,16.45,0,1,NOT_REGISTERED,NOT_APPLICABLE,1,1.94,11.9,235412,67.3,76.7
ENT_IN_24857,Anita Sheikh,590,11.23,1,1,UDYAM-PB-03-2835411,NOT_APPLICABLE,0,42.79,10.2,216302,66.7,64.5
ENT_IN_24858,Meena Kaur,830,14.03,1,1,UDYAM-GJ-03-5006271,NOT_APPLICABLE,1,28.52,7.2,319272,77.0,99.4
ENT_IN_24859,Prakash Shah,662,22.18,0,1,NOT_REGISTERED,ACTIVE,1,0.68,7.2,205491,75.6,74.0
ENT_IN_24860,Mahesh Patil,644,10.76,1,1,UDYAM-UP-03-9971874,NOT_APPLICABLE,1,12.43,1.1,268543,35.2,66.6
ENT_IN_24861,Pooja Kulkarni,609,10.78,0,1,NOT_REGISTERED,NOT_APPLICABLE,1,29.03,1.9,92357,66.4,54.5
ENT_IN_24862,Rahul Gupta,830,11.13,1,1,UDYAM-GJ-03-3826948,ACTIVE,1,5.97,5.8,264402,48.0,97.0
ENT_IN_24863,Pradeep Das,580,23.36,1,1,UDYAM-MH-03-3877905,NOT_APPLICABLE,1,44.03,10.9,300279,62.0,70.9
ENT_IN_24864,Prakash Rao,766,16.09,1,1,NOT_REGISTERED,UNREGISTERED,0,44.97,8.4,206554,35.5,65.7
ENT_IN_24865,Kavita Joshi,603,20.79,1,1,UDYAM-PB-03-9434607,NOT_APPLICABLE,1,24.84,7.1,161861,52.1,67.8
ENT_IN_24866,Kiran Gowda,774,12.57,1,1,NOT_REGISTERED,ACTIVE,0,32.3,1.4,201766,52.4,78.6
ENT_IN_24867,Rohan Verma,812,22.74,1,0,NOT_REGISTERED,UNREGISTERED,1,17.26,4.9,248511,83.7,83.8
ENT_IN_24868,Shweta Nair,737,3.08,1,1,UDYAM-GJ-03-1136234,ACTIVE,1,7.29,0.3,26990,37.7,74.7
ENT_IN_24869,Rajesh Singh,0,5.94,1,1,UDYAM-TN-03-1242277,NOT_APPLICABLE,0,26.48,3.2,267369,38.4,49.9
ENT_IN_24870,Anita Yadav,827,17.68,1,1,UDYAM-UP-03-2494074,NOT_APPLICABLE,1,1.53,7.0,102887,65.8,89.0
ENT_IN_24871,Ashok Khan,728,3.49,1,1,NOT_REGISTERED,NOT_APPLICABLE,1,41.7,0.6,407385,43.8,70.3
ENT_IN_24872,Savita Singh,555,10.64,1,1,UDYAM-KA-03-1850955,NOT_APPLICABLE,0,24.73,9.0,276583,57.1,63.5
ENT_IN_24873,Gurpreet Kaur,633,14.1,1,1,NOT_REGISTERED,NOT_APPLICABLE,1,41.19,3.7,31380,89.2,65.3
ENT_IN_24874,Pooja Kulkarni,0,11.54,1,0,UDYAM-GJ-03-9615553,ACTIVE,1,34.49,1.7,392641,48.4,63.0
ENT_IN_24875,Tariq Das,0,14.99,1,1,UDYAM-TN-03-1259518,NOT_APPLICABLE,1,13.04,5.7,449009,39.3,56.5
ENT_IN_24876,Vikram Yadav,722,22.55,1,1,UDYAM-UP-03-2873531,NOT_APPLICABLE,1,35.63,8.2,245696,47.6,78.8
ENT_IN_24877,Neha Yadav,581,0.27,1,0,UDYAM-GJ-03-4115499,ACTIVE,1,12.65,1.5,134621,72.1,73.9
ENT_IN_24878,Lakshmi Chatterjee,0,1.64,1,1,UDYAM-PB-03-7642743,UNREGISTERED,0,42.16,9.5,236446,94.3,59.6
ENT_IN_24879,Vijay Kumar,787,12.42,1,1,UDYAM-KA-03-6525682,NOT_APPLICABLE,1,33.86,6.1,140447,52.8,86.9
ENT_IN_24880,Suresh Yadav,837,8.63,1,1,UDYAM-MH-03-5437416,UNREGISTERED,1,43.82,4.8,94252,82.9,94.1
ENT_IN_24881,Karan Singh,683,18.66,1,0,NOT_REGISTERED,ACTIVE,1,2.72,8.8,418187,56.3,75.7
ENT_IN_24882,Harpreet Sharma,830,19.41,1,1,UDYAM-UP-03-8828677,ACTIVE,1,10.0,10.0,176657,67.4,96.6
ENT_IN_24883,Kiran Kumar,739,11.41,1,1,NOT_REGISTERED,ACTIVE,1,22.48,9.4,412579,72.4,84.8
ENT_IN_24884,Sunita Banerjee,630,21.21,1,1,NOT_REGISTERED,NOT_APPLICABLE,1,12.27,0.1,393883,95.4,75.0
ENT_IN_24885,Ayesha Kaur,844,5.39,1,1,UDYAM-TN-03-5874330,NOT_APPLICABLE,0,25.9,7.0,147058,38.1,74.7
ENT_IN_24886,Prakash Gowda,722,20.97,1,1,NOT_REGISTERED,ACTIVE,1,3.6,0.3,94615,61.4,76.8
ENT_IN_24887,Bhavna Chatterjee,571,11.31,1,1,UDYAM-MH-03-9547237,NOT_APPLICABLE,0,17.4,7.4,281270,50.3,59.4
ENT_IN_24888,Rohan Yadav,593,3.67,1,1,UDYAM-KA-03-9624818,NOT_APPLICABLE,1,3.1,9.6,337463,72.6,78.8
ENT_IN_24889,Rahul Patel,727,1.05,1,1,NOT_REGISTERED,NOT_APPLICABLE,1,42.83,9.3,229508,59.2,74.3
ENT_IN_24890,Tariq Nair,660,14.06,1,1,UDYAM-UP-03-9727727,ACTIVE,1,8.02,8.7,38798,98.4,91.2
ENT_IN_24891,Neha Mishra,727,0.86,1,1,UDYAM-KA-03-3389344,ACTIVE,1,14.04,2.0,168497,65.8,86.5
ENT_IN_24892,Meena Chatterjee,656,11.95,1,0,UDYAM-GJ-03-5903096,NOT_APPLICABLE,1,11.29,7.1,32486,88.0,74.3
ENT_IN_24893,Mamta Shah,792,9.83,1,1,NOT_REGISTERED,NOT_APPLICABLE,1,32.4,0.0,314599,58.7,87.4
ENT_IN_24894,Prakash Sheikh,673,1.78,1,1,UDYAM-MH-03-7921856,ACTIVE,1,4.83,2.9,232441,84.1,97.6
ENT_IN_24895,Geeta Kumar,773,14.06,1,1,UDYAM-TN-03-1259506,NOT_APPLICABLE,1,17.56,0.5,51805,46.7,84.4
ENT_IN_24896,Mahesh Deshmukh,692,7.47,1,1,NOT_REGISTERED,NOT_APPLICABLE,1,14.77,4.6,444729,85.7,81.0
ENT_IN_24897,Meena Shah,564,20.69,1,1,UDYAM-MH-03-6529708,NOT_APPLICABLE,1,26.96,4.3,307760,90.8,82.0
ENT_IN_24898,Rekha Mehta,614,23.44,1,1,UDYAM-MH-03-2582326,UNREGISTERED,1,19.81,7.1,71684,76.1,72.1
ENT_IN_24899,Suresh Khan,774,5.46,1,1,UDYAM-UP-03-3026071,ACTIVE,1,33.95,2.7,77896,80.0,97.4
ENT_IN_24900,Sujata Kaur,849,20.92,1,1,UDYAM-GJ-03-8354445,ACTIVE,1,44.74,3.7,383007,92.6,100.0
ENT_IN_24901,Anil Kaur,658,6.42,1,1,UDYAM-UP-03-5023856,ACTIVE,1,11.18,11.6,178617,98.7,94.6
ENT_IN_24902,Gurpreet Mehta,747,2.58,1,1,NOT_REGISTERED,ACTIVE,0,33.25,10.6,316572,91.4,81.4
ENT_IN_24903,Mohammed Patel,593,18.16,1,1,NOT_REGISTERED,ACTIVE,1,40.79,7.7,443999,95.9,80.3
ENT_IN_24904,Pradeep Deshmukh,636,1.38,1,1,UDYAM-TN-03-8897259,ACTIVE,0,35.81,11.0,35352,71.9,61.9
ENT_IN_24905,Anita Mehta,735,22.24,1,1,UDYAM-MH-03-1652003,UNREGISTERED,1,38.12,5.8,141893,36.4,74.0
ENT_IN_24906,Ashok Chatterjee,737,18.07,1,1,UDYAM-MH-03-3978381,NOT_APPLICABLE,0,38.07,0.4,253509,55.4,72.5
ENT_IN_24907,Prakash Kaur,586,6.39,1,1,UDYAM-KA-03-9336131,NOT_APPLICABLE,1,9.68,2.4,106743,79.4,70.3
ENT_IN_24908,Ganesh Joshi,774,7.05,0,1,UDYAM-GJ-03-7777971,ACTIVE,1,16.48,0.1,113607,54.5,88.1
ENT_IN_24909,Prakash Sheikh,739,19.93,1,1,UDYAM-TN-03-2172249,ACTIVE,0,42.92,1.3,315182,53.7,78.2
ENT_IN_24910,Geeta Kulkarni,705,9.44,1,1,UDYAM-MH-03-9582991,ACTIVE,1,30.71,1.2,289733,75.0,95.8
ENT_IN_24911,Fatima Chatterjee,0,23.99,1,1,UDYAM-UP-03-9978484,ACTIVE,1,6.46,0.7,218692,42.4,62.0
ENT_IN_24912,Dinesh Shah,594,15.86,1,1,NOT_REGISTERED,NOT_APPLICABLE,1,24.72,3.1,356281,40.9,58.5
ENT_IN_24913,Bhavna Gowda,778,16.79,1,1,UDYAM-KA-03-5815276,ACTIVE,1,17.65,5.2,147316,65.2,96.2
ENT_IN_24914,Lakshmi Chatterjee,597,2.41,1,1,UDYAM-UP-03-7813254,ACTIVE,1,25.62,11.3,375644,88.7,88.6
ENT_IN_24915,Fatima Mishra,787,11.2,1,1,NOT_REGISTERED,ACTIVE,0,14.47,10.1,330594,95.0,92.6
ENT_IN_24916,Anita Das,701,6.98,1,1,UDYAM-PB-03-3293363,ACTIVE,1,19.72,6.7,276287,38.8,85.9
ENT_IN_24917,Neha Das,588,3.96,1,1,UDYAM-UP-03-8757825,NOT_APPLICABLE,1,36.48,2.9,401726,61.9,75.3
ENT_IN_24918,Rohan Nair,561,12.65,1,1,UDYAM-GJ-03-9157614,ACTIVE,1,21.01,9.7,17554,37.0,62.4
ENT_IN_24919,Tariq Nair,621,5.9,1,1,NOT_REGISTERED,ACTIVE,1,27.79,10.0,157889,39.3,60.6
ENT_IN_24920,Ayesha Sharma,728,15.63,1,0,UDYAM-UP-03-8311860,ACTIVE,1,44.88,10.7,276045,98.1,93.1
ENT_IN_24921,Vikram Nair,612,22.78,1,0,NOT_REGISTERED,UNREGISTERED,0,39.67,0.7,264809,95.7,55.3
ENT_IN_24922,Anita Singh,781,6.62,1,1,UDYAM-KA-03-6627514,ACTIVE,1,12.76,11.8,173088,36.4,88.1
ENT_IN_24923,Ganesh Khan,849,4.38,1,1,UDYAM-MH-03-3798033,UNREGISTERED,1,1.17,4.9,341331,79.3,98.6
ENT_IN_24924,Rohan Khan,702,15.96,1,1,NOT_REGISTERED,NOT_APPLICABLE,1,13.98,6.0,288365,75.7,77.6
ENT_IN_24925,Dinesh Shah,808,3.48,1,1,NOT_REGISTERED,NOT_APPLICABLE,1,7.29,1.5,383334,83.7,90.0
ENT_IN_24926,Ganesh Yadav,686,4.83,1,0,NOT_REGISTERED,ACTIVE,1,24.12,7.6,371771,97.6,85.8
ENT_IN_24927,Seema Nair,850,21.26,1,1,NOT_REGISTERED,UNREGISTERED,1,29.54,10.1,92437,53.9,77.6
ENT_IN_24928,Rekha Joshi,761,23.39,1,1,UDYAM-GJ-03-6545772,ACTIVE,1,37.41,1.7,376585,52.8,100.0
ENT_IN_24929,Sunil Sharma,743,10.44,1,0,UDYAM-KA-03-1301922,NOT_APPLICABLE,1,43.36,4.3,160443,39.1,65.5
ENT_IN_24930,Sujata Reddy,850,4.64,1,1,NOT_REGISTERED,NOT_APPLICABLE,1,15.08,9.6,134985,76.4,86.6
ENT_IN_24931,Meena Sheikh,654,6.68,1,1,UDYAM-PB-03-1079776,NOT_APPLICABLE,1,12.23,1.6,56711,98.7,85.5
ENT_IN_24932,Deepika Joshi,712,23.22,0,1,NOT_REGISTERED,ACTIVE,0,1.02,6.1,271504,48.4,58.4
ENT_IN_24933,Pradeep Reddy,791,10.0,1,1,UDYAM-KA-03-6743500,UNREGISTERED,0,29.67,9.1,240564,68.6,86.0
ENT_IN_24934,Simran Das,671,21.82,1,1,UDYAM-PB-03-4714560,NOT_APPLICABLE,1,35.49,5.4,405109,99.3,93.8
ENT_IN_24935,Anil Sharma,582,10.44,1,1,NOT_REGISTERED,NOT_APPLICABLE,1,22.25,10.8,361076,40.3,59.0
ENT_IN_24936,Amit Rao,660,16.05,1,1,UDYAM-GJ-03-4194682,NOT_APPLICABLE,1,17.92,0.6,275831,57.6,79.9
ENT_IN_24937,Lakshmi Verma,0,14.5,1,1,UDYAM-KA-03-4069286,UNREGISTERED,0,31.27,10.3,28540,87.0,49.1
ENT_IN_24938,Mamta Singh,734,10.8,1,1,UDYAM-TN-03-4314913,NOT_APPLICABLE,1,12.86,1.7,360345,91.0,92.4
ENT_IN_24939,Sunita Chatterjee,707,21.16,0,1,UDYAM-GJ-03-7832067,UNREGISTERED,1,31.4,3.0,404736,42.5,69.7
ENT_IN_24940,Simran Kumar,0,21.0,1,1,UDYAM-PB-03-7455201,ACTIVE,1,36.16,4.0,23550,52.2,59.4
ENT_IN_24941,Kiran Shah,725,22.85,1,0,UDYAM-UP-03-1044915,NOT_APPLICABLE,1,8.92,5.0,319821,95.7,83.9
ENT_IN_24942,Vikram Rao,790,10.23,1,1,UDYAM-GJ-03-1357663,NOT_APPLICABLE,1,9.33,0.4,236793,89.0,97.0
ENT_IN_24943,Prakash Khan,649,5.67,1,0,UDYAM-GJ-03-6233624,NOT_APPLICABLE,1,8.27,10.3,412320,70.1,66.9
ENT_IN_24944,Mahesh Chatterjee,658,10.01,1,1,UDYAM-KA-03-2892616,NOT_APPLICABLE,1,20.12,6.4,222704,46.8,78.2
ENT_IN_24945,Rekha Kaur,666,19.16,1,1,UDYAM-MH-03-7793670,UNREGISTERED,1,39.75,0.7,285103,100.0,93.6
ENT_IN_24946,Simran Reddy,565,23.35,1,1,UDYAM-MH-03-1649779,NOT_APPLICABLE,1,38.6,0.2,329946,60.9,70.5
ENT_IN_24947,Manoj Sharma,717,12.22,1,1,UDYAM-KA-03-1374310,ACTIVE,1,4.85,1.6,278886,79.5,92.9
ENT_IN_24948,Karan Banerjee,821,2.22,1,1,NOT_REGISTERED,ACTIVE,1,16.64,0.2,368967,41.6,89.3
ENT_IN_24949,Neha Joshi,772,14.58,1,1,UDYAM-UP-03-4457714,ACTIVE,0,0.49,8.1,378199,60.2,87.7
ENT_IN_24950,Fatima Verma,839,11.47,1,1,UDYAM-PB-03-8215015,ACTIVE,1,9.32,1.3,93419,55.8,89.7
ENT_IN_24951,Ashok Chatterjee,0,24.69,1,1,UDYAM-UP-03-3548518,ACTIVE,1,27.75,2.2,261604,48.7,65.0
ENT_IN_24952,Vijay Patil,651,16.56,1,1,UDYAM-KA-03-1673439,UNREGISTERED,1,40.82,5.5,412510,84.0,89.1
ENT_IN_24953,Deepika Banerjee,665,16.09,1,1,UDYAM-KA-03-3581372,NOT_APPLICABLE,1,43.42,0.7,296218,79.3,86.0
ENT_IN_24954,Simran Nair,570,14.68,1,0,UDYAM-KA-03-4060803,ACTIVE,1,34.24,10.8,223937,76.9,75.3
ENT_IN_24955,Anita Kulkarni,619,1.35,1,1,NOT_REGISTERED,NOT_APPLICABLE,0,31.46,1.7,77042,42.8,46.5
ENT_IN_24956,Deepika Kaur,782,17.42,1,0,UDYAM-UP-03-9800681,ACTIVE,0,0.42,5.1,175590,80.5,83.2
ENT_IN_24957,Vijay Patel,732,13.37,1,1,UDYAM-KA-03-3875651,NOT_APPLICABLE,1,39.14,5.1,391722,89.0,89.0
ENT_IN_24958,Geeta Nair,803,15.06,1,1,UDYAM-GJ-03-9694037,ACTIVE,1,20.58,3.3,67072,66.3,94.8
ENT_IN_24959,Rahul Sharma,752,15.9,1,1,UDYAM-PB-03-4280854,NOT_APPLICABLE,1,27.83,11.1,128511,81.8,91.8
ENT_IN_24960,Ashok Sheikh,777,17.67,1,1,UDYAM-UP-03-3212782,ACTIVE,1,6.5,4.2,328221,63.1,98.5
ENT_IN_24961,Mahesh Sheikh,580,15.62,1,1,UDYAM-GJ-03-1671070,ACTIVE,1,4.5,6.1,173129,41.7,72.4
ENT_IN_24962,Ashok Sharma,554,17.19,1,1,UDYAM-PB-03-5490946,ACTIVE,1,30.95,11.3,446202,57.8,81.7
ENT_IN_24963,Harpreet Patil,656,6.73,1,1,NOT_REGISTERED,NOT_APPLICABLE,1,24.3,8.3,218668,97.0,85.1
ENT_IN_24964,Manoj Yadav,628,8.75,1,1,UDYAM-TN-03-9253869,NOT_APPLICABLE,0,14.88,10.1,164673,99.6,72.4
ENT_IN_24965,Amit Khan,836,20.24,0,0,UDYAM-GJ-03-6635645,NOT_APPLICABLE,1,38.39,10.6,216139,96.4,86.4
ENT_IN_24966,Suresh Gupta,697,16.07,1,1,UDYAM-PB-03-5181506,ACTIVE,1,31.29,2.8,23647,99.4,89.2
ENT_IN_24967,Sangeeta Das,622,15.56,0,1,UDYAM-PB-03-2896536,NOT_APPLICABLE,1,34.83,9.2,84821,84.5,64.8
ENT_IN_24968,Ananya Kumar,556,17.82,1,1,UDYAM-KA-03-1239696,NOT_APPLICABLE,1,27.61,0.6,437867,50.4,73.0
ENT_IN_24969,Manoj Kaur,817,20.2,1,0,NOT_REGISTERED,ACTIVE,0,37.09,9.4,216096,74.0,75.2
ENT_IN_24970,Rekha Khan,768,18.75,1,1,UDYAM-TN-03-9538614,NOT_APPLICABLE,1,7.37,4.6,345813,74.3,99.1
ENT_IN_24971,Mohammed Sharma,634,23.61,1,1,NOT_REGISTERED,ACTIVE,1,43.69,4.0,314632,62.4,74.5
ENT_IN_24972,Vikram Joshi,824,22.9,1,1,UDYAM-KA-03-1087688,NOT_APPLICABLE,1,35.76,11.1,100156,46.1,81.5
ENT_IN_24973,Rajesh Gupta,804,3.78,1,0,UDYAM-MH-03-5781809,NOT_APPLICABLE,1,9.42,9.8,172422,95.6,91.8
ENT_IN_24974,Anita Yadav,841,10.84,1,1,UDYAM-UP-03-6443216,ACTIVE,1,17.83,3.6,350526,45.9,97.9
ENT_IN_24975,Gurpreet Chaudhary,555,19.94,1,1,NOT_REGISTERED,UNREGISTERED,0,21.47,10.3,185425,86.8,60.3
ENT_IN_24976,Geeta Gowda,797,8.95,1,1,NOT_REGISTERED,NOT_APPLICABLE,0,37.21,7.5,181165,40.4,64.9
ENT_IN_24977,Pradeep Chaudhary,816,20.74,1,0,UDYAM-MH-03-5109843,NOT_APPLICABLE,1,14.67,8.3,245450,72.9,88.2
ENT_IN_24978,Mohammed Chatterjee,578,0.21,0,0,UDYAM-PB-03-7511175,ACTIVE,1,29.94,8.5,427758,68.5,66.8
ENT_IN_24979,Radha Yadav,566,18.46,0,1,UDYAM-GJ-03-3477310,NOT_APPLICABLE,1,17.23,9.3,23087,81.6,58.6
ENT_IN_24980,Ananya Verma,589,7.0,0,1,NOT_REGISTERED,ACTIVE,1,23.72,6.1,227671,35.3,58.6
ENT_IN_24981,Deepika Nair,565,11.36,1,1,NOT_REGISTERED,NOT_APPLICABLE,0,31.61,0.3,322319,44.4,52.7
ENT_IN_24982,Meena Joshi,643,1.02,1,1,NOT_REGISTERED,NOT_APPLICABLE,1,26.7,9.9,394158,87.0,74.4
ENT_IN_24983,Amit Mehta,819,2.17,0,1,UDYAM-UP-03-5918147,ACTIVE,1,8.18,2.0,187261,68.4,93.4
ENT_IN_24984,Harpreet Deshmukh,0,23.53,1,1,UDYAM-KA-03-6024655,NOT_APPLICABLE,0,0.21,9.0,194800,48.4,48.5
ENT_IN_24985,Mahesh Chatterjee,654,17.74,1,1,UDYAM-PB-03-2202859,NOT_APPLICABLE,1,3.84,3.8,314784,84.5,90.3
ENT_IN_24986,Tariq Patil,648,4.59,0,1,UDYAM-PB-03-6732723,ACTIVE,1,21.43,4.2,157348,80.2,74.4
ENT_IN_24987,Kiran Mehta,789,21.51,1,1,NOT_REGISTERED,NOT_APPLICABLE,1,1.44,9.9,223919,43.9,80.9
ENT_IN_24988,Gurpreet Deshmukh,668,14.9,1,1,UDYAM-GJ-03-3707124,NOT_APPLICABLE,1,29.36,5.9,74235,89.0,84.8
ENT_IN_24989,Ashok Gowda,834,9.95,1,1,UDYAM-MH-03-3919954,NOT_APPLICABLE,1,10.35,6.7,251552,58.0,90.5
ENT_IN_24990,Mahesh Shah,798,4.93,0,1,UDYAM-MH-03-6203347,ACTIVE,1,18.85,3.7,416638,48.7,90.4
ENT_IN_24991,Priya Mehta,764,6.38,0,1,NOT_REGISTERED,NOT_APPLICABLE,1,29.22,11.1,433818,75.7,79.2
ENT_IN_24992,Prakash Reddy,818,24.21,1,1,UDYAM-GJ-03-6378283,NOT_APPLICABLE,1,1.78,4.8,231805,80.0,100.0
ENT_IN_24993,Deepak Nair,722,4.03,1,1,UDYAM-MH-03-8723724,NOT_APPLICABLE,0,16.35,3.3,116937,40.1,59.7
ENT_IN_24994,Sangeeta Mishra,648,3.9,1,1,UDYAM-TN-03-1737904,NOT_APPLICABLE,1,2.57,10.5,151035,41.0,67.1
ENT_IN_24995,Sunil Verma,598,9.83,1,1,NOT_REGISTERED,UNREGISTERED,0,41.03,0.3,401509,66.1,55.2
ENT_IN_24996,Neha Shah,572,3.94,1,1,UDYAM-GJ-03-9589330,ACTIVE,1,42.71,10.4,269110,46.2,74.0
ENT_IN_24997,Arjun Joshi,628,4.7,0,1,UDYAM-PB-03-5724675,ACTIVE,1,3.69,7.9,242605,89.1,77.0
ENT_IN_24998,Sujata Mehta,619,21.92,1,1,UDYAM-KA-03-9033044,UNREGISTERED,1,43.15,2.1,176296,93.1,79.2
ENT_IN_24999,Vikram Joshi,699,3.15,1,1,NOT_REGISTERED,UNREGISTERED,1,29.27,6.7,229058,77.9,77.7
ENT_IN_25000,Simran Patil,705,3.29,1,1,UDYAM-KA-03-3089304,NOT_APPLICABLE,1,15.33,5.8,423831,47.8,77.9
