application_id,applicant_name,state,reported_annual_income_inr,tax_vault_verified_income_inr,income_discrepancy_ratio,duplicate_bank_account_flag,duplicate_aadhaar_flag,ip_geo_mismatch,ip_address_changes_count,document_forgery_risk_score,caste_certificate_verification_status,target_is_fraudulent
FRAUD_IN_40001,Gurpreet Das,Bihar,135647,1027861,7.58,0,0,1,21,0.93,SUSPICIOUS,1
FRAUD_IN_40002,Ramesh Yadav,Madhya Pradesh,177115,171158,0.97,0,0,0,2,0.12,NOT_REQUIRED,0
FRAUD_IN_40003,Pooja Khan,Odisha,222574,1388783,6.24,1,1,0,25,0.71,UNVERIFIED,1
FRAUD_IN_40004,Rajesh Reddy,Karnataka,198791,205027,1.03,0,0,1,2,0.12,VERIFIED_VALID,0
FRAUD_IN_40005,Pradeep Deshmukh,Gujarat,292173,279132,0.96,0,0,0,1,0.14,VERIFIED_VALID,0
FRAUD_IN_40006,Ayesha Patil,Uttar Pradesh,88070,84514,0.96,0,0,0,3,0.05,VERIFIED_VALID,0
FRAUD_IN_40007,Seema Nair,Karnataka,296532,332547,1.12,0,0,0,4,0.13,VERIFIED_VALID,0
FRAUD_IN_40008,Sangeeta Chaudhary,Assam,273206,258144,0.94,0,0,0,1,0.08,VERIFIED_VALID,0
FRAUD_IN_40009,Kiran Yadav,Uttar Pradesh,410303,448668,1.09,0,0,0,1,0.17,VERIFIED_VALID,0
FRAUD_IN_40010,Sunil Nair,Uttar Pradesh,92637,93876,1.01,0,0,0,4,0.05,VERIFIED_VALID,0
FRAUD_IN_40011,Ayesha Joshi,Bihar,426632,3257458,7.64,1,0,1,25,0.71,FAKE_CERTIFICATE,1
FRAUD_IN_40012,Meena Das,Kerala,241519,225864,0.94,0,0,1,3,0.04,VERIFIED_VALID,0
FRAUD_IN_40013,Amit Sheikh,Gujarat,416453,476679,1.14,0,0,0,2,0.11,VERIFIED_VALID,0
FRAUD_IN_40014,Anita Kumar,Bihar,327770,320391,0.98,0,0,0,3,0.11,VERIFIED_VALID,0
FRAUD_IN_40015,Simran Das,Assam,399537,418441,1.05,0,0,0,1,0.22,VERIFIED_VALID,0
FRAUD_IN_40016,Bhavna Gupta,Haryana,325094,356068,1.1,0,0,0,1,0.01,VERIFIED_VALID,0
FRAUD_IN_40017,Ayesha Deshmukh,Gujarat,152067,151427,1.0,0,0,0,4,0.09,VERIFIED_VALID,0
FRAUD_IN_40018,Dinesh Singh,Madhya Pradesh,243612,243641,1.0,0,0,0,4,0.1,VERIFIED_VALID,0
FRAUD_IN_40019,Neha Kulkarni,Punjab,390356,429198,1.1,0,0,1,1,0.07,VERIFIED_VALID,0
FRAUD_IN_40020,Meena Kaur,Tamil Nadu,355011,331876,0.93,0,0,0,2,0.08,VERIFIED_VALID,0
FRAUD_IN_40021,Meena Singh,Maharashtra,185817,209195,1.13,0,0,0,4,0.01,NOT_REQUIRED,0
FRAUD_IN_40022,Sangeeta Kulkarni,Gujarat,80404,88204,1.1,0,0,0,4,0.14,NOT_REQUIRED,0
FRAUD_IN_40023,Rohan Mishra,Kerala,373653,373710,1.0,0,0,0,4,0.14,NOT_REQUIRED,0
FRAUD_IN_40024,Geeta Gowda,Karnataka,436724,436804,1.0,0,0,0,2,0.03,VERIFIED_VALID,0
FRAUD_IN_40025,Priya Mehta,Gujarat,333948,373232,1.12,0,0,0,3,0.07,VERIFIED_VALID,0
FRAUD_IN_40026,Anil Yadav,Uttar Pradesh,270920,278692,1.03,0,0,0,1,0.03,VERIFIED_VALID,0
FRAUD_IN_40027,Vijay Gowda,Assam,320290,294962,0.92,0,0,0,3,0.15,VERIFIED_VALID,0
FRAUD_IN_40028,Kiran Shah,Tamil Nadu,69399,68542,0.99,0,0,0,4,0.18,VERIFIED_VALID,0
FRAUD_IN_40029,Dinesh Sharma,Bihar,377349,370408,0.98,0,0,0,1,0.06,VERIFIED_VALID,0
FRAUD_IN_40030,Vikram Mishra,Tamil Nadu,255526,290232,1.14,0,0,0,3,0.09,VERIFIED_VALID,0
FRAUD_IN_40031,Pradeep Gupta,Assam,412167,407263,0.99,0,0,0,1,0.05,VERIFIED_VALID,0
FRAUD_IN_40032,Geeta Rao,Gujarat,45329,44082,0.97,0,0,0,1,0.02,NOT_REQUIRED,0
FRAUD_IN_40033,Ananya Gowda,Gujarat,122121,126375,1.03,0,0,0,1,0.07,VERIFIED_VALID,0
FRAUD_IN_40034,Deepika Verma,Odisha,258989,245442,0.95,0,0,0,4,0.02,VERIFIED_VALID,0
FRAUD_IN_40035,Mohammed Mishra,Maharashtra,310622,311719,1.0,0,0,1,2,0.16,VERIFIED_VALID,0
FRAUD_IN_40036,Priya Kumar,Maharashtra,50703,51564,1.02,0,0,0,1,0.13,VERIFIED_VALID,0
FRAUD_IN_40037,Tariq Kaur,Gujarat,404740,428137,1.06,0,0,0,2,0.04,VERIFIED_VALID,0
FRAUD_IN_40038,Sunil Banerjee,Gujarat,307080,308078,1.0,0,0,0,3,0.06,VERIFIED_VALID,0
FRAUD_IN_40039,Meena Das,Gujarat,383341,376682,0.98,0,0,0,3,0.21,VERIFIED_VALID,0
FRAUD_IN_40040,Shweta Nair,Bihar,417108,387744,0.93,0,0,0,3,0.2,VERIFIED_VALID,0
FRAUD_IN_40041,Pradeep Singh,Assam,131196,126583,0.96,0,0,0,4,0.01,NOT_REQUIRED,0
FRAUD_IN_40042,Geeta Kulkarni,Madhya Pradesh,250259,279901,1.12,0,0,1,4,0.2,VERIFIED_VALID,0
FRAUD_IN_40043,Rajesh Kulkarni,Assam,249307,280551,1.13,0,0,0,4,0.05,VERIFIED_VALID,0
FRAUD_IN_40044,Kiran Verma,Bihar,136984,154729,1.13,0,0,0,3,0.13,VERIFIED_VALID,0
FRAUD_IN_40045,Vijay Rao,Uttar Pradesh,336965,378273,1.12,0,0,0,4,0.05,VERIFIED_VALID,0
FRAUD_IN_40046,Preeti Kulkarni,Punjab,421355,473022,1.12,0,0,0,4,0.11,VERIFIED_VALID,0
FRAUD_IN_40047,Anil Sheikh,Uttar Pradesh,54776,52859,0.97,0,0,0,2,0.16,VERIFIED_VALID,0
FRAUD_IN_40048,Sunil Das,West Bengal,161119,150803,0.94,0,0,0,2,0.08,VERIFIED_VALID,0
FRAUD_IN_40049,Sanjay Gowda,Gujarat,212158,239522,1.13,0,0,0,1,0.09,NOT_REQUIRED,0
FRAUD_IN_40050,Pradeep Sharma,Bihar,323357,306930,0.95,0,0,0,2,0.15,VERIFIED_VALID,0
FRAUD_IN_40051,Gurpreet Kumar,Bihar,303307,330266,1.09,0,0,0,3,0.06,VERIFIED_VALID,0
FRAUD_IN_40052,Lakshmi Khan,Madhya Pradesh,333081,314792,0.95,0,0,0,2,0.06,VERIFIED_VALID,0
FRAUD_IN_40053,Ananya Mishra,West Bengal,113216,126738,1.12,0,0,0,3,0.04,VERIFIED_VALID,0
FRAUD_IN_40054,Geeta Das,Tamil Nadu,367825,361763,0.98,0,0,0,1,0.08,NOT_REQUIRED,0
FRAUD_IN_40055,Meena Shah,Uttar Pradesh,66758,72570,1.09,0,0,0,1,0.11,VERIFIED_VALID,0
FRAUD_IN_40056,Harpreet Rao,Madhya Pradesh,439941,492785,1.12,0,0,1,1,0.17,VERIFIED_VALID,0
FRAUD_IN_40057,Sunita Singh,Odisha,221059,240666,1.09,0,0,0,1,0.07,VERIFIED_VALID,0
FRAUD_IN_40058,Bhavna Mehta,Punjab,184688,190479,1.03,0,0,0,1,0.12,VERIFIED_VALID,0
FRAUD_IN_40059,Sunita Banerjee,West Bengal,283451,278452,0.98,0,0,0,3,0.07,NOT_REQUIRED,0
FRAUD_IN_40060,Harpreet Sheikh,Gujarat,238927,225112,0.94,0,0,0,2,0.07,VERIFIED_VALID,0
FRAUD_IN_40061,Lakshmi Rao,Odisha,56000,58610,1.05,0,0,0,2,0.22,NOT_REQUIRED,0
FRAUD_IN_40062,Anita Gupta,Karnataka,119059,122182,1.03,0,0,0,1,0.21,NOT_REQUIRED,0
FRAUD_IN_40063,Rahul Chatterjee,Kerala,191136,575411,3.01,0,0,0,16,0.69,UNVERIFIED,1
FRAUD_IN_40064,Deepak Shah,Madhya Pradesh,310940,332715,1.07,0,0,0,2,0.08,VERIFIED_VALID,0
FRAUD_IN_40065,Bhavna Chaudhary,Haryana,247050,232286,0.94,0,0,0,4,0.12,NOT_REQUIRED,0
FRAUD_IN_40066,Amit Patil,Karnataka,352453,382359,1.08,0,0,0,1,0.21,VERIFIED_VALID,0
FRAUD_IN_40067,Rajesh Mishra,Kerala,435105,452748,1.04,0,0,0,2,0.06,VERIFIED_VALID,0
FRAUD_IN_40068,Ganesh Singh,Kerala,380309,402381,1.06,0,0,0,4,0.05,NOT_REQUIRED,0
FRAUD_IN_40069,Mahesh Patil,Madhya Pradesh,287906,289254,1.0,0,0,0,2,0.16,NOT_REQUIRED,0
FRAUD_IN_40070,Kiran Chaudhary,Assam,90847,90116,0.99,0,0,0,3,0.04,NOT_REQUIRED,0
FRAUD_IN_40071,Geeta Chaudhary,Rajasthan,437448,448021,1.02,0,0,0,4,0.21,VERIFIED_VALID,0
FRAUD_IN_40072,Arjun Deshmukh,Madhya Pradesh,368386,392242,1.06,0,0,0,2,0.03,VERIFIED_VALID,0
FRAUD_IN_40073,Harpreet Khan,Uttar Pradesh,50746,47369,0.93,0,0,0,2,0.08,VERIFIED_VALID,0
FRAUD_IN_40074,Savita Reddy,Bihar,129522,119427,0.92,0,0,0,3,0.02,VERIFIED_VALID,0
FRAUD_IN_40075,Kiran Nair,Kerala,176488,190068,1.08,0,0,0,1,0.1,VERIFIED_VALID,0
FRAUD_IN_40076,Rahul Mishra,Madhya Pradesh,51609,49826,0.97,0,0,0,2,0.21,VERIFIED_VALID,0
FRAUD_IN_40077,Kavita Sharma,Odisha,437618,487267,1.11,0,0,0,3,0.22,VERIFIED_VALID,0
FRAUD_IN_40078,Kavita Reddy,Maharashtra,85044,79332,0.93,0,0,0,3,0.09,VERIFIED_VALID,0
FRAUD_IN_40079,Pooja Khan,Kerala,78682,89874,1.14,0,0,0,4,0.15,VERIFIED_VALID,0
FRAUD_IN_40080,Simran Kumar,Gujarat,318852,321400,1.01,0,0,0,2,0.05,VERIFIED_VALID,0
FRAUD_IN_40081,Sunita Mehta,Uttar Pradesh,104453,116366,1.11,0,0,0,1,0.03,VERIFIED_VALID,0
FRAUD_IN_40082,Kiran Gowda,Punjab,152355,144931,0.95,0,0,0,2,0.11,VERIFIED_VALID,0
FRAUD_IN_40083,Mahesh Sheikh,Punjab,59369,62470,1.05,0,0,0,4,0.22,NOT_REQUIRED,0
FRAUD_IN_40084,Arjun Kaur,Bihar,289769,282993,0.98,0,0,0,2,0.19,VERIFIED_VALID,0
FRAUD_IN_40085,Rahul Sheikh,Odisha,229095,240430,1.05,0,0,0,2,0.02,NOT_REQUIRED,0
FRAUD_IN_40086,Meena Kulkarni,Madhya Pradesh,277773,305778,1.1,0,0,0,3,0.05,NOT_REQUIRED,0
FRAUD_IN_40087,Suresh Mishra,Bihar,257256,257566,1.0,0,0,0,1,0.22,VERIFIED_VALID,0
FRAUD_IN_40088,Seema Chaudhary,Rajasthan,204253,194255,0.95,0,0,0,4,0.13,NOT_REQUIRED,0
FRAUD_IN_40089,Pooja Khan,Bihar,153114,141853,0.93,0,0,0,4,0.21,VERIFIED_VALID,0
FRAUD_IN_40090,Vikram Joshi,Gujarat,192938,196775,1.02,0,0,0,3,0.14,VERIFIED_VALID,0
FRAUD_IN_40091,Sunil Verma,West Bengal,290062,298131,1.03,0,0,0,3,0.12,VERIFIED_VALID,0
FRAUD_IN_40092,Harpreet Yadav,Assam,121809,133610,1.1,0,0,0,2,0.13,VERIFIED_VALID,0
FRAUD_IN_40093,Rekha Nair,Punjab,50962,54804,1.08,0,0,0,4,0.19,NOT_REQUIRED,0
FRAUD_IN_40094,Ayesha Kaur,Maharashtra,108374,103180,0.95,0,0,1,1,0.2,NOT_REQUIRED,0
FRAUD_IN_40095,Rajesh Shah,Punjab,337706,334012,0.99,0,0,0,1,0.02,NOT_REQUIRED,0
FRAUD_IN_40096,Pooja Sharma,Uttar Pradesh,110695,126934,1.15,0,0,1,2,0.13,VERIFIED_VALID,0
FRAUD_IN_40097,Sujata Singh,Maharashtra,304601,297180,0.98,0,0,0,4,0.12,VERIFIED_VALID,0
FRAUD_IN_40098,Prakash Gowda,Bihar,115869,118781,1.03,0,0,1,4,0.1,VERIFIED_VALID,0
FRAUD_IN_40099,Vijay Sharma,Punjab,332865,316752,0.95,0,0,0,1,0.2,VERIFIED_VALID,0
FRAUD_IN_40100,Meena Deshmukh,Kerala,172093,1347885,7.83,1,0,1,34,0.98,SUSPICIOUS,1
FRAUD_IN_40101,Pooja Gupta,Uttar Pradesh,57053,56311,0.99,0,0,0,3,0.19,NOT_REQUIRED,0
FRAUD_IN_40102,Preeti Reddy,Odisha,127548,128581,1.01,0,0,0,1,0.02,VERIFIED_VALID,0
FRAUD_IN_40103,Deepak Kumar,Assam,316831,327211,1.03,0,0,0,2,0.2,VERIFIED_VALID,0
FRAUD_IN_40104,Sunita Kumar,Maharashtra,124280,134399,1.08,0,0,0,4,0.0,VERIFIED_VALID,0
FRAUD_IN_40105,Vikram Sharma,Maharashtra,91136,93055,1.02,0,0,0,4,0.0,VERIFIED_VALID,0
FRAUD_IN_40106,Neha Banerjee,Tamil Nadu,148151,155619,1.05,0,0,0,2,0.17,VERIFIED_VALID,0
FRAUD_IN_40107,Mamta Shah,Bihar,127277,129520,1.02,0,0,0,1,0.14,NOT_REQUIRED,0
FRAUD_IN_40108,Meena Sheikh,Assam,72719,67753,0.93,0,0,0,4,0.22,VERIFIED_VALID,0
FRAUD_IN_40109,Lakshmi Kulkarni,Tamil Nadu,185414,204955,1.11,0,0,0,3,0.08,VERIFIED_VALID,0
FRAUD_IN_40110,Deepika Deshmukh,Rajasthan,367676,1575860,4.29,0,0,1,14,0.79,SUSPICIOUS,1
FRAUD_IN_40111,Sanjay Singh,Uttar Pradesh,153344,152643,1.0,0,0,0,4,0.06,VERIFIED_VALID,0
FRAUD_IN_40112,Sangeeta Khan,Odisha,153503,174862,1.14,0,0,0,3,0.0,VERIFIED_VALID,0
FRAUD_IN_40113,Harpreet Sheikh,West Bengal,306973,291241,0.95,0,0,0,3,0.11,VERIFIED_VALID,0
FRAUD_IN_40114,Kavita Kulkarni,Uttar Pradesh,397901,366775,0.92,0,0,0,3,0.07,VERIFIED_VALID,0
FRAUD_IN_40115,Manoj Nair,Uttar Pradesh,252406,247475,0.98,0,0,0,1,0.18,VERIFIED_VALID,0
FRAUD_IN_40116,Rajesh Kumar,Kerala,82050,79151,0.96,0,0,0,1,0.1,NOT_REQUIRED,0
FRAUD_IN_40117,Ramesh Rao,Karnataka,202351,216632,1.07,0,0,0,2,0.07,VERIFIED_VALID,0
FRAUD_IN_40118,Suresh Mishra,Tamil Nadu,242529,242245,1.0,0,0,0,4,0.19,VERIFIED_VALID,0
FRAUD_IN_40119,Ashok Yadav,Odisha,45285,47056,1.04,0,0,0,3,0.06,VERIFIED_VALID,0
FRAUD_IN_40120,Anita Nair,West Bengal,236109,222526,0.94,0,0,0,1,0.07,VERIFIED_VALID,0
FRAUD_IN_40121,Rahul Patil,Kerala,261023,254316,0.97,0,0,0,3,0.04,VERIFIED_VALID,0
FRAUD_IN_40122,Ananya Reddy,Uttar Pradesh,432655,435015,1.01,0,0,0,3,0.09,VERIFIED_VALID,0
FRAUD_IN_40123,Rahul Verma,Maharashtra,293136,304897,1.04,0,0,0,1,0.01,VERIFIED_VALID,0
FRAUD_IN_40124,Simran Kaur,Tamil Nadu,270060,270293,1.0,0,0,0,1,0.03,VERIFIED_VALID,0
FRAUD_IN_40125,Manoj Nair,Tamil Nadu,65386,74851,1.14,0,0,0,3,0.09,VERIFIED_VALID,0
FRAUD_IN_40126,Rohan Patil,Maharashtra,130769,123726,0.95,0,0,0,4,0.1,VERIFIED_VALID,0
FRAUD_IN_40127,Neha Gupta,Maharashtra,149986,142884,0.95,0,0,0,1,0.07,VERIFIED_VALID,0
FRAUD_IN_40128,Sangeeta Sharma,Bihar,258258,285296,1.1,0,0,0,4,0.17,VERIFIED_VALID,0
FRAUD_IN_40129,Mohammed Verma,Rajasthan,235009,226348,0.96,0,0,0,1,0.05,NOT_REQUIRED,0
FRAUD_IN_40130,Seema Das,Assam,97195,97062,1.0,0,0,0,4,0.07,VERIFIED_VALID,0
FRAUD_IN_40131,Sujata Sheikh,Kerala,67026,63494,0.95,0,0,0,1,0.12,NOT_REQUIRED,0
FRAUD_IN_40132,Mamta Deshmukh,Rajasthan,230772,251297,1.09,0,0,0,2,0.09,VERIFIED_VALID,0
FRAUD_IN_40133,Priya Das,Odisha,361257,342464,0.95,0,0,0,2,0.14,VERIFIED_VALID,0
FRAUD_IN_40134,Gurpreet Singh,Madhya Pradesh,45486,46947,1.03,0,0,0,2,0.22,NOT_REQUIRED,0
FRAUD_IN_40135,Gurpreet Mishra,Gujarat,78490,74420,0.95,0,0,1,3,0.17,NOT_REQUIRED,0
FRAUD_IN_40136,Sunil Reddy,Tamil Nadu,231097,1019406,4.41,0,1,0,26,0.74,FAKE_CERTIFICATE,1
FRAUD_IN_40137,Rohan Mishra,Haryana,125747,126783,1.01,0,0,0,2,0.12,VERIFIED_VALID,0
FRAUD_IN_40138,Savita Banerjee,Tamil Nadu,179935,666141,3.7,1,0,1,7,0.79,FAKE_CERTIFICATE,1
FRAUD_IN_40139,Amit Sharma,Karnataka,64504,70810,1.1,0,0,0,3,0.09,VERIFIED_VALID,0
FRAUD_IN_40140,Vikram Chaudhary,Odisha,106448,105034,0.99,0,0,0,2,0.13,VERIFIED_VALID,0
FRAUD_IN_40141,Rekha Sheikh,Bihar,229754,215497,0.94,0,0,0,2,0.01,VERIFIED_VALID,0
FRAUD_IN_40142,Kiran Verma,Gujarat,170508,159988,0.94,0,0,0,2,0.02,VERIFIED_VALID,0
FRAUD_IN_40143,Rohan Patel,Kerala,405372,2487819,6.14,0,0,1,23,0.92,UNVERIFIED,1
FRAUD_IN_40144,Ashok Chatterjee,Bihar,121316,132974,1.1,0,0,0,3,0.15,NOT_REQUIRED,0
FRAUD_IN_40145,Mahesh Reddy,Haryana,424484,441994,1.04,0,0,0,1,0.2,VERIFIED_VALID,0
FRAUD_IN_40146,Ramesh Khan,Punjab,406655,420049,1.03,0,0,0,2,0.15,VERIFIED_VALID,0
FRAUD_IN_40147,Dinesh Verma,Maharashtra,253905,247354,0.97,0,0,0,3,0.17,NOT_REQUIRED,0
FRAUD_IN_40148,Kavita Gupta,Haryana,385768,442784,1.15,0,0,0,1,0.12,VERIFIED_VALID,0
FRAUD_IN_40149,Karan Gowda,Haryana,276502,293210,1.06,0,0,0,3,0.08,VERIFIED_VALID,0
FRAUD_IN_40150,Sanjay Kumar,Uttar Pradesh,191306,183584,0.96,0,0,0,4,0.19,VERIFIED_VALID,0
FRAUD_IN_40151,Ganesh Khan,Gujarat,298811,288338,0.96,0,0,0,1,0.06,NOT_REQUIRED,0
FRAUD_IN_40152,Dinesh Chatterjee,Maharashtra,199669,183795,0.92,0,0,0,2,0.09,VERIFIED_VALID,0
FRAUD_IN_40153,Rahul Reddy,West Bengal,65897,67093,1.02,0,0,0,1,0.16,VERIFIED_VALID,0
FRAUD_IN_40154,Pradeep Sheikh,Tamil Nadu,398210,448328,1.13,0,0,1,3,0.04,NOT_REQUIRED,0
FRAUD_IN_40155,Fatima Das,Rajasthan,103028,96227,0.93,0,0,0,2,0.06,VERIFIED_VALID,0
FRAUD_IN_40156,Kiran Gowda,Uttar Pradesh,258038,1339818,5.19,0,1,1,18,0.82,SUSPICIOUS,1
FRAUD_IN_40157,Sujata Reddy,Madhya Pradesh,200677,1116326,5.56,1,1,1,30,0.78,SUSPICIOUS,1
FRAUD_IN_40158,Lakshmi Sharma,Gujarat,328197,370636,1.13,0,0,0,2,0.18,VERIFIED_VALID,0
FRAUD_IN_40159,Dinesh Reddy,Assam,391182,3142204,8.03,1,0,1,31,0.69,FAKE_CERTIFICATE,1
FRAUD_IN_40160,Amit Gupta,West Bengal,222229,230146,1.04,0,0,0,2,0.01,VERIFIED_VALID,0
FRAUD_IN_40161,Ashok Chaudhary,Rajasthan,261421,294159,1.13,0,0,0,3,0.22,VERIFIED_VALID,0
FRAUD_IN_40162,Dinesh Kaur,Madhya Pradesh,127990,130499,1.02,0,0,0,3,0.11,VERIFIED_VALID,0
FRAUD_IN_40163,Priya Mehta,Rajasthan,408165,412876,1.01,0,0,0,1,0.09,NOT_REQUIRED,0
FRAUD_IN_40164,Ramesh Singh,Bihar,114719,439945,3.83,0,0,1,35,0.97,SUSPICIOUS,1
FRAUD_IN_40165,Ashok Verma,Gujarat,50334,47641,0.95,0,0,0,1,0.05,VERIFIED_VALID,0
FRAUD_IN_40166,Neha Kaur,Punjab,413938,422097,1.02,0,0,0,1,0.14,VERIFIED_VALID,0
FRAUD_IN_40167,Anil Rao,Kerala,235034,256365,1.09,0,0,0,3,0.18,VERIFIED_VALID,0
FRAUD_IN_40168,Sunita Patel,Haryana,366075,338801,0.93,0,0,0,4,0.19,VERIFIED_VALID,0
FRAUD_IN_40169,Lakshmi Mishra,Gujarat,51716,57942,1.12,0,0,0,4,0.2,VERIFIED_VALID,0
FRAUD_IN_40170,Simran Kumar,Tamil Nadu,228367,228046,1.0,0,0,0,4,0.08,VERIFIED_VALID,0
FRAUD_IN_40171,Savita Verma,Punjab,408213,398822,0.98,0,0,0,1,0.08,VERIFIED_VALID,0
FRAUD_IN_40172,Sangeeta Deshmukh,Rajasthan,290333,271012,0.93,0,0,0,1,0.15,NOT_REQUIRED,0
FRAUD_IN_40173,Karan Chaudhary,Gujarat,315413,295790,0.94,0,0,0,3,0.2,VERIFIED_VALID,0
FRAUD_IN_40174,Seema Reddy,Madhya Pradesh,121319,112976,0.93,0,0,0,4,0.2,VERIFIED_VALID,0
FRAUD_IN_40175,Harpreet Sharma,Odisha,92508,90953,0.98,0,0,0,1,0.02,VERIFIED_VALID,0
FRAUD_IN_40176,Neha Kulkarni,Tamil Nadu,235871,260312,1.1,0,0,0,3,0.11,NOT_REQUIRED,0
FRAUD_IN_40177,Harpreet Khan,Maharashtra,401064,420744,1.05,0,0,0,1,0.07,VERIFIED_VALID,0
FRAUD_IN_40178,Rohan Verma,Uttar Pradesh,393418,423453,1.08,0,0,0,4,0.19,NOT_REQUIRED,0
FRAUD_IN_40179,Manoj Gupta,Haryana,391851,393493,1.0,0,0,0,3,0.06,VERIFIED_VALID,0
FRAUD_IN_40180,Sangeeta Mishra,West Bengal,82363,552935,6.71,1,0,0,18,0.82,FAKE_CERTIFICATE,1
FRAUD_IN_40181,Tariq Chatterjee,West Bengal,273268,264248,0.97,0,0,0,1,0.08,VERIFIED_VALID,0
FRAUD_IN_40182,Mamta Chaudhary,Tamil Nadu,290157,312420,1.08,0,0,0,3,0.02,VERIFIED_VALID,0
FRAUD_IN_40183,Sangeeta Sheikh,Odisha,403739,395954,0.98,0,0,0,2,0.21,NOT_REQUIRED,0
FRAUD_IN_40184,Neha Patel,Gujarat,396025,450299,1.14,0,0,0,1,0.13,VERIFIED_VALID,0
FRAUD_IN_40185,Rahul Reddy,Rajasthan,358761,411280,1.15,0,0,0,4,0.18,VERIFIED_VALID,0
FRAUD_IN_40186,Ganesh Singh,Assam,146133,156159,1.07,0,0,0,2,0.17,VERIFIED_VALID,0
FRAUD_IN_40187,Lakshmi Banerjee,Kerala,385569,384366,1.0,0,0,0,4,0.21,VERIFIED_VALID,0
FRAUD_IN_40188,Meena Chaudhary,Uttar Pradesh,417008,450369,1.08,0,0,1,4,0.1,VERIFIED_VALID,0
FRAUD_IN_40189,Vikram Rao,Haryana,61526,65763,1.07,0,0,1,3,0.06,NOT_REQUIRED,0
FRAUD_IN_40190,Neha Chaudhary,Maharashtra,89812,96792,1.08,0,0,0,1,0.13,VERIFIED_VALID,0
FRAUD_IN_40191,Dinesh Sheikh,Rajasthan,233519,244071,1.05,0,0,0,4,0.08,VERIFIED_VALID,0
FRAUD_IN_40192,Ganesh Mehta,Maharashtra,259518,247067,0.95,0,0,0,2,0.15,NOT_REQUIRED,0
FRAUD_IN_40193,Manoj Gowda,Karnataka,144993,159556,1.1,0,0,0,2,0.06,NOT_REQUIRED,0
FRAUD_IN_40194,Harpreet Nair,Kerala,254032,235528,0.93,0,0,0,4,0.09,VERIFIED_VALID,0
FRAUD_IN_40195,Priya Mehta,Madhya Pradesh,420505,397169,0.94,0,0,1,1,0.16,VERIFIED_VALID,0
FRAUD_IN_40196,Anil Chaudhary,Assam,234850,265044,1.13,0,0,0,4,0.08,VERIFIED_VALID,0
FRAUD_IN_40197,Karan Kumar,Punjab,182812,183722,1.0,0,0,0,4,0.01,VERIFIED_VALID,0
FRAUD_IN_40198,Ananya Mishra,Madhya Pradesh,276246,268996,0.97,0,0,1,1,0.0,VERIFIED_VALID,0
FRAUD_IN_40199,Sanjay Kulkarni,Uttar Pradesh,123057,137027,1.11,0,0,0,1,0.22,VERIFIED_VALID,0
FRAUD_IN_40200,Radha Khan,Assam,430009,406928,0.95,0,0,0,4,0.06,VERIFIED_VALID,0
FRAUD_IN_40201,Arjun Rao,West Bengal,330640,346408,1.05,0,0,0,3,0.19,VERIFIED_VALID,0
FRAUD_IN_40202,Pooja Deshmukh,Assam,449552,442785,0.98,0,0,0,4,0.01,VERIFIED_VALID,0
FRAUD_IN_40203,Pooja Chatterjee,Haryana,346260,352138,1.02,0,0,1,2,0.0,NOT_REQUIRED,0
FRAUD_IN_40204,Simran Kaur,Haryana,429865,484251,1.13,0,0,0,3,0.05,VERIFIED_VALID,0
FRAUD_IN_40205,Dinesh Mehta,Rajasthan,159040,170718,1.07,0,0,0,3,0.1,VERIFIED_VALID,0
FRAUD_IN_40206,Seema Joshi,Kerala,175000,175147,1.0,0,0,0,3,0.12,VERIFIED_VALID,0
FRAUD_IN_40207,Deepika Singh,Tamil Nadu,439595,468590,1.07,0,0,0,2,0.15,NOT_REQUIRED,0
FRAUD_IN_40208,Sunil Khan,Rajasthan,349381,379302,1.09,0,0,0,3,0.06,VERIFIED_VALID,0
FRAUD_IN_40209,Sujata Kumar,Karnataka,432056,466019,1.08,0,0,0,2,0.04,VERIFIED_VALID,0
FRAUD_IN_40210,Neha Patel,Gujarat,109330,655233,5.99,1,0,0,14,0.88,FAKE_CERTIFICATE,1
FRAUD_IN_40211,Vikram Chatterjee,West Bengal,141343,158041,1.12,0,0,0,3,0.2,VERIFIED_VALID,0
FRAUD_IN_40212,Sunil Mishra,Kerala,69713,70274,1.01,0,0,0,4,0.14,VERIFIED_VALID,0
FRAUD_IN_40213,Vijay Mishra,Gujarat,377911,360635,0.95,0,0,0,3,0.05,NOT_REQUIRED,0
FRAUD_IN_40214,Deepika Chaudhary,Haryana,216730,244261,1.13,0,0,0,2,0.21,VERIFIED_VALID,0
FRAUD_IN_40215,Shweta Sharma,Madhya Pradesh,280598,280106,1.0,0,0,0,3,0.11,VERIFIED_VALID,0
FRAUD_IN_40216,Ganesh Khan,Kerala,49946,57430,1.15,0,0,0,1,0.15,VERIFIED_VALID,0
FRAUD_IN_40217,Deepak Deshmukh,Odisha,368708,403424,1.09,0,0,0,1,0.14,VERIFIED_VALID,0
FRAUD_IN_40218,Mohammed Das,Odisha,217031,225540,1.04,0,0,0,3,0.08,VERIFIED_VALID,0
FRAUD_IN_40219,Harpreet Rao,West Bengal,339685,379121,1.12,0,0,1,2,0.17,VERIFIED_VALID,0
FRAUD_IN_40220,Rekha Khan,Kerala,125336,138494,1.1,0,0,0,3,0.14,VERIFIED_VALID,0
FRAUD_IN_40221,Vijay Mehta,Odisha,426503,401311,0.94,0,0,0,2,0.06,VERIFIED_VALID,0
FRAUD_IN_40222,Neha Kaur,Karnataka,333190,378523,1.14,0,0,0,2,0.08,NOT_REQUIRED,0
FRAUD_IN_40223,Rohan Sheikh,Haryana,60096,67318,1.12,0,0,0,1,0.21,VERIFIED_VALID,0
FRAUD_IN_40224,Deepak Sheikh,Gujarat,218164,230921,1.06,0,0,0,2,0.2,NOT_REQUIRED,0
FRAUD_IN_40225,Sangeeta Sheikh,Gujarat,207280,231551,1.12,0,0,0,3,0.13,VERIFIED_VALID,0
FRAUD_IN_40226,Lakshmi Gowda,Uttar Pradesh,374392,395025,1.06,0,0,0,1,0.1,VERIFIED_VALID,0
FRAUD_IN_40227,Sunil Shah,Tamil Nadu,109726,122156,1.11,0,0,0,4,0.11,VERIFIED_VALID,0
FRAUD_IN_40228,Anita Mehta,Bihar,103449,115962,1.12,0,0,0,2,0.15,NOT_REQUIRED,0
FRAUD_IN_40229,Vikram Gowda,Gujarat,301649,339804,1.13,0,0,0,3,0.11,VERIFIED_VALID,0
FRAUD_IN_40230,Vikram Kulkarni,Karnataka,279451,311595,1.12,0,0,0,2,0.06,VERIFIED_VALID,0
FRAUD_IN_40231,Suresh Khan,Punjab,192544,182132,0.95,0,0,1,3,0.04,VERIFIED_VALID,0
FRAUD_IN_40232,Vijay Mehta,Punjab,35349,37381,1.06,0,0,0,1,0.08,VERIFIED_VALID,0
FRAUD_IN_40233,Mahesh Gupta,Kerala,36572,36027,0.99,0,0,0,3,0.19,VERIFIED_VALID,0
FRAUD_IN_40234,Amit Banerjee,Bihar,326895,330340,1.01,0,0,0,2,0.09,VERIFIED_VALID,0
FRAUD_IN_40235,Preeti Chaudhary,Karnataka,86458,96996,1.12,0,0,0,2,0.17,VERIFIED_VALID,0
FRAUD_IN_40236,Kavita Reddy,Madhya Pradesh,174334,1378995,7.91,1,0,1,12,0.78,UNVERIFIED,1
FRAUD_IN_40237,Arjun Banerjee,Karnataka,381045,409908,1.08,0,0,0,4,0.18,NOT_REQUIRED,0
FRAUD_IN_40238,Simran Chatterjee,West Bengal,297703,279356,0.94,0,0,0,3,0.14,NOT_REQUIRED,0
FRAUD_IN_40239,Deepak Reddy,Maharashtra,174834,194367,1.11,0,0,0,1,0.21,VERIFIED_VALID,0
FRAUD_IN_40240,Karan Nair,Assam,310363,311343,1.0,0,0,1,2,0.13,VERIFIED_VALID,0
FRAUD_IN_40241,Sujata Reddy,Haryana,377945,365867,0.97,0,0,0,4,0.15,NOT_REQUIRED,0
FRAUD_IN_40242,Shweta Gupta,Punjab,241112,273290,1.13,0,0,0,1,0.19,VERIFIED_VALID,0
FRAUD_IN_40243,Sangeeta Mehta,Uttar Pradesh,169911,195062,1.15,0,0,0,3,0.02,VERIFIED_VALID,0
FRAUD_IN_40244,Manoj Rao,Odisha,260327,271152,1.04,0,0,0,4,0.17,VERIFIED_VALID,0
FRAUD_IN_40245,Ashok Joshi,West Bengal,256067,269525,1.05,0,0,0,3,0.2,NOT_REQUIRED,0
FRAUD_IN_40246,Deepika Joshi,Punjab,50346,57390,1.14,0,0,0,4,0.14,VERIFIED_VALID,0
FRAUD_IN_40247,Anil Gowda,Kerala,277159,266265,0.96,0,0,0,4,0.11,NOT_REQUIRED,0
FRAUD_IN_40248,Sujata Das,Assam,83962,79905,0.95,0,0,1,2,0.09,VERIFIED_VALID,0
FRAUD_IN_40249,Tariq Gupta,Gujarat,326465,349561,1.07,0,0,0,1,0.16,VERIFIED_VALID,0
FRAUD_IN_40250,Ananya Patel,Gujarat,340996,342019,1.0,0,0,0,3,0.19,NOT_REQUIRED,0
FRAUD_IN_40251,Tariq Gowda,Kerala,112065,127066,1.13,0,0,0,2,0.0,NOT_REQUIRED,0
FRAUD_IN_40252,Pooja Das,Madhya Pradesh,288500,325627,1.13,0,0,0,2,0.15,NOT_REQUIRED,0
FRAUD_IN_40253,Ramesh Kaur,Karnataka,413760,414067,1.0,0,0,0,1,0.2,NOT_REQUIRED,0
FRAUD_IN_40254,Kavita Joshi,Odisha,204286,224918,1.1,0,0,0,3,0.07,VERIFIED_VALID,0
FRAUD_IN_40255,Radha Kumar,Odisha,69919,80372,1.15,0,0,0,2,0.13,VERIFIED_VALID,0
FRAUD_IN_40256,Sanjay Singh,Assam,345112,324894,0.94,0,0,0,3,0.12,VERIFIED_VALID,0
FRAUD_IN_40257,Ganesh Verma,Karnataka,233926,249694,1.07,0,0,0,2,0.04,NOT_REQUIRED,0
FRAUD_IN_40258,Shweta Verma,Punjab,182566,177578,0.97,0,0,0,4,0.02,NOT_REQUIRED,0
FRAUD_IN_40259,Simran Mehta,Madhya Pradesh,109310,117354,1.07,0,0,0,1,0.12,VERIFIED_VALID,0
FRAUD_IN_40260,Kavita Banerjee,Tamil Nadu,213580,239952,1.12,0,0,0,3,0.21,VERIFIED_VALID,0
FRAUD_IN_40261,Karan Kaur,Kerala,293627,1828203,6.23,1,1,1,24,0.73,FAKE_CERTIFICATE,1
FRAUD_IN_40262,Anil Das,West Bengal,319989,339884,1.06,0,0,0,4,0.07,VERIFIED_VALID,0
FRAUD_IN_40263,Neha Patil,Bihar,402103,438509,1.09,0,0,0,4,0.0,VERIFIED_VALID,0
FRAUD_IN_40264,Sanjay Chaudhary,Gujarat,128424,134724,1.05,0,0,0,4,0.09,NOT_REQUIRED,0
FRAUD_IN_40265,Suresh Sheikh,Rajasthan,297496,330073,1.11,0,0,0,3,0.14,NOT_REQUIRED,0
FRAUD_IN_40266,Shweta Gupta,Gujarat,343142,334798,0.98,0,0,0,4,0.01,VERIFIED_VALID,0
FRAUD_IN_40267,Mohammed Gowda,Gujarat,421521,437992,1.04,0,0,0,2,0.11,VERIFIED_VALID,0
FRAUD_IN_40268,Ganesh Sheikh,Assam,438305,1303221,2.97,1,0,1,15,0.68,UNVERIFIED,1
FRAUD_IN_40269,Harpreet Reddy,Gujarat,249052,256094,1.03,0,0,0,3,0.03,VERIFIED_VALID,0
FRAUD_IN_40270,Tariq Joshi,Kerala,121617,139303,1.15,0,0,0,3,0.03,VERIFIED_VALID,0
FRAUD_IN_40271,Anita Reddy,Rajasthan,91961,91488,0.99,0,0,0,2,0.04,VERIFIED_VALID,0
FRAUD_IN_40272,Ramesh Singh,Madhya Pradesh,312583,307605,0.98,0,0,0,3,0.21,VERIFIED_VALID,0
FRAUD_IN_40273,Sanjay Gowda,Odisha,265907,251539,0.95,0,0,0,3,0.18,VERIFIED_VALID,0
FRAUD_IN_40274,Kiran Kulkarni,Madhya Pradesh,62802,62068,0.99,0,0,0,3,0.15,NOT_REQUIRED,0
FRAUD_IN_40275,Preeti Khan,Bihar,101719,108270,1.06,0,0,0,4,0.19,VERIFIED_VALID,0
FRAUD_IN_40276,Mamta Kumar,Assam,138064,141959,1.03,0,0,0,3,0.06,VERIFIED_VALID,0
FRAUD_IN_40277,Vijay Nair,Rajasthan,138683,130368,0.94,0,0,0,4,0.14,VERIFIED_VALID,0
FRAUD_IN_40278,Dinesh Patel,Odisha,411767,397861,0.97,0,0,0,1,0.06,VERIFIED_VALID,0
FRAUD_IN_40279,Sangeeta Mehta,Tamil Nadu,261363,277266,1.06,0,0,0,2,0.18,VERIFIED_VALID,0
FRAUD_IN_40280,Rajesh Gupta,Bihar,169693,193837,1.14,0,0,0,4,0.03,VERIFIED_VALID,0
FRAUD_IN_40281,Priya Shah,Madhya Pradesh,304512,283503,0.93,0,0,0,1,0.09,VERIFIED_VALID,0
FRAUD_IN_40282,Sujata Mishra,Madhya Pradesh,345771,324317,0.94,0,0,0,2,0.19,VERIFIED_VALID,0
FRAUD_IN_40283,Ganesh Mehta,Rajasthan,159085,147152,0.92,0,0,0,4,0.08,VERIFIED_VALID,0
FRAUD_IN_40284,Vikram Chatterjee,Gujarat,326249,307356,0.94,0,0,1,3,0.12,VERIFIED_VALID,0
FRAUD_IN_40285,Suresh Verma,Haryana,330186,321913,0.97,0,0,0,3,0.14,VERIFIED_VALID,0
FRAUD_IN_40286,Rekha Sheikh,Assam,332447,373141,1.12,0,0,0,1,0.02,VERIFIED_VALID,0
FRAUD_IN_40287,Ayesha Shah,Gujarat,320681,307111,0.96,0,0,0,4,0.13,VERIFIED_VALID,0
FRAUD_IN_40288,Geeta Gupta,Punjab,253581,282104,1.11,0,0,0,2,0.11,VERIFIED_VALID,0
FRAUD_IN_40289,Prakash Rao,Punjab,93015,91684,0.99,0,0,0,1,0.14,NOT_REQUIRED,0
FRAUD_IN_40290,Meena Yadav,Gujarat,134593,143734,1.07,0,0,0,4,0.21,VERIFIED_VALID,0
FRAUD_IN_40291,Deepak Das,Karnataka,181898,171197,0.94,0,0,0,4,0.2,VERIFIED_VALID,0
FRAUD_IN_40292,Mahesh Chatterjee,Odisha,436416,408602,0.94,0,0,0,1,0.05,VERIFIED_VALID,0
FRAUD_IN_40293,Savita Nair,Uttar Pradesh,328796,1674120,5.09,1,0,1,22,0.9,UNVERIFIED,1
FRAUD_IN_40294,Sunita Rao,Uttar Pradesh,300880,294637,0.98,0,0,1,3,0.21,VERIFIED_VALID,0
FRAUD_IN_40295,Manoj Kulkarni,Odisha,214913,200140,0.93,0,0,0,4,0.15,VERIFIED_VALID,0
FRAUD_IN_40296,Deepika Das,Odisha,91898,592504,6.45,1,0,1,26,0.84,SUSPICIOUS,1
FRAUD_IN_40297,Ramesh Gupta,Tamil Nadu,432737,496874,1.15,0,0,0,3,0.13,NOT_REQUIRED,0
FRAUD_IN_40298,Priya Mehta,Kerala,279142,275413,0.99,0,0,0,1,0.03,NOT_REQUIRED,0
FRAUD_IN_40299,Ramesh Banerjee,Madhya Pradesh,100424,94907,0.95,0,0,0,2,0.14,VERIFIED_VALID,0
FRAUD_IN_40300,Pradeep Kumar,Uttar Pradesh,239226,220949,0.92,0,0,0,2,0.06,VERIFIED_VALID,0
FRAUD_IN_40301,Vijay Shah,Maharashtra,38120,38169,1.0,0,0,0,1,0.05,VERIFIED_VALID,0
FRAUD_IN_40302,Simran Kulkarni,Maharashtra,191386,211864,1.11,0,0,0,2,0.08,VERIFIED_VALID,0
FRAUD_IN_40303,Rahul Das,Madhya Pradesh,186762,185035,0.99,0,0,0,4,0.18,VERIFIED_VALID,0
FRAUD_IN_40304,Dinesh Banerjee,Punjab,292966,318774,1.09,0,0,0,3,0.12,VERIFIED_VALID,0
FRAUD_IN_40305,Simran Khan,Bihar,235997,218195,0.92,0,0,0,2,0.07,NOT_REQUIRED,0
FRAUD_IN_40306,Fatima Mehta,Karnataka,444588,496504,1.12,0,0,0,2,0.02,VERIFIED_VALID,0
FRAUD_IN_40307,Ayesha Nair,Bihar,237559,220669,0.93,0,0,0,1,0.15,NOT_REQUIRED,0
FRAUD_IN_40308,Tariq Mehta,Gujarat,411885,435186,1.06,0,0,0,4,0.03,NOT_REQUIRED,0
FRAUD_IN_40309,Sunil Reddy,Bihar,68439,440311,6.43,1,0,0,11,0.88,SUSPICIOUS,1
FRAUD_IN_40310,Sunita Mishra,Karnataka,133155,147463,1.11,0,0,0,3,0.07,VERIFIED_VALID,0
FRAUD_IN_40311,Vikram Singh,Assam,422499,463846,1.1,0,0,0,1,0.08,NOT_REQUIRED,0
FRAUD_IN_40312,Sunil Banerjee,Assam,325596,1061243,3.26,1,0,1,33,0.89,FAKE_CERTIFICATE,1
FRAUD_IN_40313,Vijay Kumar,Madhya Pradesh,253096,257043,1.02,0,0,0,3,0.08,VERIFIED_VALID,0
FRAUD_IN_40314,Pradeep Das,Bihar,435838,483718,1.11,0,0,0,2,0.08,VERIFIED_VALID,0
FRAUD_IN_40315,Meena Rao,Karnataka,379010,402357,1.06,0,0,0,2,0.19,VERIFIED_VALID,0
FRAUD_IN_40316,Mahesh Das,Bihar,352899,328764,0.93,0,0,0,3,0.14,VERIFIED_VALID,0
FRAUD_IN_40317,Sanjay Nair,Assam,289941,283152,0.98,0,0,1,1,0.12,NOT_REQUIRED,0
FRAUD_IN_40318,Priya Patel,Maharashtra,425343,395884,0.93,0,0,0,1,0.14,NOT_REQUIRED,0
FRAUD_IN_40319,Pradeep Yadav,Bihar,141854,143667,1.01,0,0,0,1,0.01,VERIFIED_VALID,0
FRAUD_IN_40320,Savita Shah,Karnataka,331151,347498,1.05,0,0,0,3,0.03,NOT_REQUIRED,0
FRAUD_IN_40321,Pooja Gowda,Karnataka,180343,205533,1.14,0,0,0,1,0.15,VERIFIED_VALID,0
FRAUD_IN_40322,Pooja Nair,Odisha,326208,312988,0.96,0,0,0,3,0.03,VERIFIED_VALID,0
FRAUD_IN_40323,Rohan Das,Rajasthan,293293,869908,2.97,1,1,1,19,0.75,SUSPICIOUS,1
FRAUD_IN_40324,Lakshmi Yadav,Gujarat,345846,367949,1.06,0,0,0,1,0.13,VERIFIED_VALID,0
FRAUD_IN_40325,Pooja Das,Bihar,127509,140991,1.11,0,0,0,3,0.17,VERIFIED_VALID,0
FRAUD_IN_40326,Bhavna Yadav,Maharashtra,420224,428607,1.02,0,0,0,4,0.18,VERIFIED_VALID,0
FRAUD_IN_40327,Amit Singh,Maharashtra,185448,202202,1.09,0,0,0,1,0.04,VERIFIED_VALID,0
FRAUD_IN_40328,Rekha Gupta,West Bengal,386929,426166,1.1,0,0,0,1,0.09,VERIFIED_VALID,0
FRAUD_IN_40329,Sangeeta Kumar,Karnataka,264771,269156,1.02,0,0,0,3,0.2,VERIFIED_VALID,0
FRAUD_IN_40330,Mohammed Patil,Karnataka,221323,211961,0.96,0,0,0,4,0.11,VERIFIED_VALID,0
FRAUD_IN_40331,Deepika Sheikh,Karnataka,312079,355843,1.14,0,0,0,3,0.18,NOT_REQUIRED,0
FRAUD_IN_40332,Preeti Banerjee,Odisha,174970,189964,1.09,0,0,0,4,0.05,VERIFIED_VALID,0
FRAUD_IN_40333,Sujata Sharma,Karnataka,165595,161580,0.98,0,0,0,4,0.06,VERIFIED_VALID,0
FRAUD_IN_40334,Ashok Chatterjee,Haryana,283214,307519,1.09,0,0,0,1,0.08,VERIFIED_VALID,0
FRAUD_IN_40335,Simran Shah,Kerala,216893,201912,0.93,0,0,0,4,0.02,VERIFIED_VALID,0
FRAUD_IN_40336,Bhavna Patil,Assam,294242,296089,1.01,0,0,0,1,0.05,NOT_REQUIRED,0
FRAUD_IN_40337,Pooja Banerjee,Maharashtra,296039,333465,1.13,0,0,0,1,0.09,VERIFIED_VALID,0
FRAUD_IN_40338,Prakash Das,Karnataka,289399,328292,1.13,0,0,1,2,0.02,VERIFIED_VALID,0
FRAUD_IN_40339,Pradeep Mishra,Maharashtra,370118,342061,0.92,0,0,0,2,0.02,VERIFIED_VALID,0
FRAUD_IN_40340,Rajesh Kumar,Uttar Pradesh,93374,419757,4.5,1,1,1,9,0.96,SUSPICIOUS,1
FRAUD_IN_40341,Arjun Patil,Punjab,404189,458707,1.13,0,0,0,1,0.04,VERIFIED_VALID,0
FRAUD_IN_40342,Preeti Reddy,Tamil Nadu,46153,51996,1.13,0,0,0,2,0.21,VERIFIED_VALID,0
FRAUD_IN_40343,Rahul Nair,Maharashtra,175551,174778,1.0,0,0,0,1,0.01,VERIFIED_VALID,0
FRAUD_IN_40344,Simran Mishra,Tamil Nadu,220586,252366,1.14,0,0,0,3,0.16,NOT_REQUIRED,0
FRAUD_IN_40345,Shweta Sheikh,Madhya Pradesh,427746,491582,1.15,0,0,0,4,0.14,VERIFIED_VALID,0
FRAUD_IN_40346,Rahul Patil,Madhya Pradesh,267873,301453,1.13,0,0,0,3,0.14,VERIFIED_VALID,0
FRAUD_IN_40347,Sanjay Khan,Gujarat,80670,80874,1.0,0,0,0,1,0.03,VERIFIED_VALID,0
FRAUD_IN_40348,Dinesh Joshi,Bihar,224879,248335,1.1,0,0,0,1,0.05,VERIFIED_VALID,0
FRAUD_IN_40349,Arjun Patil,Karnataka,86173,91535,1.06,0,0,0,4,0.13,VERIFIED_VALID,0
FRAUD_IN_40350,Shweta Sharma,Rajasthan,442263,420207,0.95,0,0,0,3,0.13,VERIFIED_VALID,0
FRAUD_IN_40351,Neha Kulkarni,Assam,246431,248510,1.01,0,0,0,1,0.05,NOT_REQUIRED,0
FRAUD_IN_40352,Dinesh Patel,Uttar Pradesh,405662,2745548,6.77,0,0,0,17,0.72,UNVERIFIED,1
FRAUD_IN_40353,Mahesh Gowda,Punjab,129115,126718,0.98,0,0,0,3,0.08,NOT_REQUIRED,0
FRAUD_IN_40354,Radha Shah,Assam,325761,374495,1.15,0,0,0,3,0.09,VERIFIED_VALID,0
FRAUD_IN_40355,Fatima Chatterjee,Tamil Nadu,436768,408930,0.94,0,0,0,1,0.18,VERIFIED_VALID,0
FRAUD_IN_40356,Sujata Gupta,Assam,369395,419967,1.14,0,0,0,1,0.16,VERIFIED_VALID,0
FRAUD_IN_40357,Mohammed Gowda,Madhya Pradesh,108355,105853,0.98,0,0,0,4,0.19,VERIFIED_VALID,0
FRAUD_IN_40358,Amit Sharma,Assam,379558,392486,1.03,0,0,0,2,0.05,NOT_REQUIRED,0
FRAUD_IN_40359,Sunil Patel,Bihar,119776,802491,6.7,0,1,1,33,0.89,SUSPICIOUS,1
FRAUD_IN_40360,Kavita Verma,Odisha,200145,198950,0.99,0,0,0,4,0.07,VERIFIED_VALID,0
FRAUD_IN_40361,Anil Banerjee,Punjab,448889,502549,1.12,0,0,0,1,0.1,VERIFIED_VALID,0
FRAUD_IN_40362,Shweta Yadav,Madhya Pradesh,171151,537868,3.14,1,0,1,29,0.98,UNVERIFIED,1
FRAUD_IN_40363,Amit Patel,Haryana,160827,157334,0.98,0,0,0,2,0.14,VERIFIED_VALID,0
FRAUD_IN_40364,Ayesha Singh,Gujarat,276432,262226,0.95,0,0,0,4,0.13,VERIFIED_VALID,0
FRAUD_IN_40365,Anil Joshi,Madhya Pradesh,142083,1063088,7.48,1,0,1,29,0.87,SUSPICIOUS,1
FRAUD_IN_40366,Geeta Kaur,Kerala,195714,214539,1.1,0,0,0,2,0.11,NOT_REQUIRED,0
FRAUD_IN_40367,Neha Mishra,Haryana,443711,419514,0.95,0,0,0,3,0.17,VERIFIED_VALID,0
FRAUD_IN_40368,Vijay Gowda,Karnataka,320245,313406,0.98,0,0,0,2,0.2,VERIFIED_VALID,0
FRAUD_IN_40369,Kiran Khan,Haryana,207464,198277,0.96,0,0,0,1,0.13,NOT_REQUIRED,0
FRAUD_IN_40370,Mahesh Verma,Rajasthan,139023,153318,1.1,0,0,0,1,0.18,VERIFIED_VALID,0
FRAUD_IN_40371,Priya Singh,Uttar Pradesh,422842,425008,1.01,0,0,0,1,0.15,VERIFIED_VALID,0
FRAUD_IN_40372,Ganesh Chaudhary,Kerala,400069,368950,0.92,0,0,0,2,0.07,VERIFIED_VALID,0
FRAUD_IN_40373,Vikram Joshi,Haryana,364717,357260,0.98,0,0,0,4,0.01,VERIFIED_VALID,0
FRAUD_IN_40374,Shweta Rao,Punjab,149426,1149346,7.69,1,0,1,13,0.95,UNVERIFIED,1
FRAUD_IN_40375,Tariq Gupta,Uttar Pradesh,332219,1371027,4.13,0,1,1,14,0.76,UNVERIFIED,1
FRAUD_IN_40376,Ganesh Gowda,Uttar Pradesh,323710,328974,1.02,0,0,0,1,0.18,VERIFIED_VALID,0
FRAUD_IN_40377,Preeti Sheikh,Assam,296853,311343,1.05,0,0,0,4,0.02,VERIFIED_VALID,0
FRAUD_IN_40378,Preeti Mishra,Karnataka,40657,38645,0.95,0,0,0,3,0.18,VERIFIED_VALID,0
FRAUD_IN_40379,Neha Patil,Madhya Pradesh,78453,521055,6.64,1,0,1,20,0.84,FAKE_CERTIFICATE,1
FRAUD_IN_40380,Gurpreet Kaur,Madhya Pradesh,172795,192252,1.11,0,0,0,2,0.18,VERIFIED_VALID,0
FRAUD_IN_40381,Anil Chaudhary,Tamil Nadu,289317,288730,1.0,0,0,0,1,0.16,VERIFIED_VALID,0
FRAUD_IN_40382,Arjun Deshmukh,Maharashtra,327832,331494,1.01,0,0,0,2,0.0,VERIFIED_VALID,0
FRAUD_IN_40383,Manoj Banerjee,Haryana,286499,298836,1.04,0,0,0,3,0.05,NOT_REQUIRED,0
FRAUD_IN_40384,Sunil Kaur,Assam,260684,297335,1.14,0,0,0,4,0.07,VERIFIED_VALID,0
FRAUD_IN_40385,Rekha Patel,Gujarat,252802,955483,3.78,1,1,1,20,0.93,SUSPICIOUS,1
FRAUD_IN_40386,Rohan Sharma,Maharashtra,407571,438554,1.08,0,0,1,1,0.19,VERIFIED_VALID,0
FRAUD_IN_40387,Mahesh Das,Assam,386525,357561,0.93,0,0,0,2,0.04,VERIFIED_VALID,0
FRAUD_IN_40388,Anita Patil,Kerala,449306,421347,0.94,0,0,1,3,0.05,VERIFIED_VALID,0
FRAUD_IN_40389,Mamta Joshi,Assam,254094,271227,1.07,0,0,0,2,0.19,NOT_REQUIRED,0
FRAUD_IN_40390,Vijay Verma,Rajasthan,140769,142002,1.01,0,0,0,1,0.08,VERIFIED_VALID,0
FRAUD_IN_40391,Sanjay Shah,Karnataka,280191,1422855,5.08,0,0,1,22,0.97,UNVERIFIED,1
FRAUD_IN_40392,Mamta Das,Tamil Nadu,281734,283244,1.01,0,0,0,3,0.02,VERIFIED_VALID,0
FRAUD_IN_40393,Kavita Chaudhary,Gujarat,41195,39700,0.96,0,0,0,3,0.09,VERIFIED_VALID,0
FRAUD_IN_40394,Rahul Das,Madhya Pradesh,446927,448432,1.0,0,0,0,1,0.03,VERIFIED_VALID,0
FRAUD_IN_40395,Rahul Chaudhary,Rajasthan,128114,126926,0.99,0,0,0,1,0.06,VERIFIED_VALID,0
FRAUD_IN_40396,Deepak Chatterjee,West Bengal,384263,406320,1.06,0,0,0,4,0.14,VERIFIED_VALID,0
FRAUD_IN_40397,Sanjay Reddy,Karnataka,68864,70475,1.02,0,0,0,2,0.13,VERIFIED_VALID,0
FRAUD_IN_40398,Rekha Kumar,Uttar Pradesh,432055,476277,1.1,0,0,0,4,0.05,VERIFIED_VALID,0
FRAUD_IN_40399,Sunil Shah,Haryana,370957,362708,0.98,0,0,0,1,0.08,VERIFIED_VALID,0
FRAUD_IN_40400,Arjun Rao,Tamil Nadu,58985,57900,0.98,0,0,0,1,0.03,VERIFIED_VALID,0
FRAUD_IN_40401,Seema Chatterjee,Gujarat,430984,486166,1.13,0,0,0,2,0.15,VERIFIED_VALID,0
FRAUD_IN_40402,Deepak Patil,Kerala,175707,196813,1.12,0,0,0,2,0.09,VERIFIED_VALID,0
FRAUD_IN_40403,Pooja Gupta,Madhya Pradesh,92164,104451,1.13,0,0,0,1,0.21,VERIFIED_VALID,0
FRAUD_IN_40404,Ramesh Mishra,Uttar Pradesh,198659,211496,1.06,0,0,0,2,0.15,VERIFIED_VALID,0
FRAUD_IN_40405,Geeta Sheikh,Bihar,345267,2706783,7.84,1,0,1,17,0.8,UNVERIFIED,1
FRAUD_IN_40406,Pooja Chaudhary,Karnataka,273078,294587,1.08,0,0,0,4,0.17,VERIFIED_VALID,0
FRAUD_IN_40407,Mamta Deshmukh,West Bengal,311106,334889,1.08,0,0,0,1,0.07,VERIFIED_VALID,0
FRAUD_IN_40408,Mohammed Kaur,Uttar Pradesh,376694,389093,1.03,0,0,0,3,0.04,VERIFIED_VALID,0
FRAUD_IN_40409,Kiran Yadav,West Bengal,448296,470960,1.05,0,0,0,4,0.11,VERIFIED_VALID,0
FRAUD_IN_40410,Sangeeta Joshi,Odisha,170253,171801,1.01,0,0,0,3,0.08,VERIFIED_VALID,0
FRAUD_IN_40411,Meena Verma,Haryana,355679,399920,1.12,0,0,0,2,0.1,VERIFIED_VALID,0
FRAUD_IN_40412,Rekha Chaudhary,Bihar,408600,402250,0.98,0,0,0,3,0.06,VERIFIED_VALID,0
FRAUD_IN_40413,Deepika Das,Maharashtra,391634,392944,1.0,0,0,0,4,0.16,NOT_REQUIRED,0
FRAUD_IN_40414,Seema Shah,Uttar Pradesh,422335,468788,1.11,0,0,0,2,0.19,VERIFIED_VALID,0
FRAUD_IN_40415,Gurpreet Kumar,Rajasthan,190784,207404,1.09,0,0,0,4,0.14,NOT_REQUIRED,0
FRAUD_IN_40416,Ashok Kumar,Madhya Pradesh,432600,484222,1.12,0,0,0,3,0.12,VERIFIED_VALID,0
FRAUD_IN_40417,Ananya Mishra,Karnataka,122591,113604,0.93,0,0,0,4,0.05,VERIFIED_VALID,0
FRAUD_IN_40418,Anita Kumar,Odisha,318785,297715,0.93,0,0,0,4,0.15,VERIFIED_VALID,0
FRAUD_IN_40419,Bhavna Shah,Madhya Pradesh,98163,93536,0.95,0,0,0,3,0.17,NOT_REQUIRED,0
FRAUD_IN_40420,Pooja Gowda,Kerala,55728,63416,1.14,0,0,0,4,0.19,NOT_REQUIRED,0
FRAUD_IN_40421,Rekha Shah,Kerala,167538,161552,0.96,0,0,0,1,0.18,VERIFIED_VALID,0
FRAUD_IN_40422,Kiran Banerjee,Kerala,71345,81503,1.14,0,0,0,1,0.09,VERIFIED_VALID,0
FRAUD_IN_40423,Deepak Chaudhary,Bihar,325326,357939,1.1,0,0,0,4,0.03,NOT_REQUIRED,0
FRAUD_IN_40424,Harpreet Singh,Odisha,55396,63123,1.14,0,0,0,1,0.05,VERIFIED_VALID,0
FRAUD_IN_40425,Radha Das,Gujarat,112205,110851,0.99,0,0,0,3,0.01,VERIFIED_VALID,0
FRAUD_IN_40426,Shweta Joshi,Maharashtra,210560,207022,0.98,0,0,0,3,0.22,VERIFIED_VALID,0
FRAUD_IN_40427,Ayesha Kumar,West Bengal,295331,274171,0.93,0,0,0,2,0.03,VERIFIED_VALID,0
FRAUD_IN_40428,Sunita Patel,Punjab,273864,306114,1.12,0,0,0,1,0.14,VERIFIED_VALID,0
FRAUD_IN_40429,Pradeep Shah,West Bengal,289754,306302,1.06,0,0,0,3,0.14,VERIFIED_VALID,0
FRAUD_IN_40430,Simran Gupta,Punjab,308443,314817,1.02,0,0,0,1,0.05,NOT_REQUIRED,0
FRAUD_IN_40431,Priya Banerjee,Tamil Nadu,334001,375935,1.13,0,0,0,3,0.1,VERIFIED_VALID,0
FRAUD_IN_40432,Harpreet Gowda,Punjab,277551,1894755,6.83,0,0,1,16,0.87,SUSPICIOUS,1
FRAUD_IN_40433,Sujata Chaudhary,Madhya Pradesh,174521,162711,0.93,0,0,0,2,0.15,VERIFIED_VALID,0
FRAUD_IN_40434,Priya Singh,Haryana,305894,316793,1.04,0,0,0,2,0.16,VERIFIED_VALID,0
FRAUD_IN_40435,Rekha Khan,Kerala,103555,99128,0.96,0,0,0,3,0.09,VERIFIED_VALID,0
FRAUD_IN_40436,Ayesha Yadav,Karnataka,227353,234132,1.03,0,0,0,3,0.18,VERIFIED_VALID,0
FRAUD_IN_40437,Rajesh Kulkarni,Kerala,374750,355307,0.95,0,0,1,1,0.02,VERIFIED_VALID,0
FRAUD_IN_40438,Arjun Joshi,Rajasthan,141780,144163,1.02,0,0,1,3,0.09,VERIFIED_VALID,0
FRAUD_IN_40439,Deepak Sheikh,Uttar Pradesh,196194,180600,0.92,0,0,0,1,0.17,NOT_REQUIRED,0
FRAUD_IN_40440,Ramesh Mehta,Kerala,156813,162259,1.03,0,0,0,2,0.04,VERIFIED_VALID,0
FRAUD_IN_40441,Sujata Kumar,Bihar,134582,153724,1.14,0,0,0,4,0.14,VERIFIED_VALID,0
FRAUD_IN_40442,Lakshmi Yadav,Uttar Pradesh,241168,245343,1.02,0,0,0,2,0.08,VERIFIED_VALID,0
FRAUD_IN_40443,Arjun Kulkarni,Assam,183835,194494,1.06,0,0,0,3,0.2,NOT_REQUIRED,0
FRAUD_IN_40444,Priya Yadav,Madhya Pradesh,415040,415787,1.0,0,0,0,3,0.19,VERIFIED_VALID,0
FRAUD_IN_40445,Pooja Reddy,Karnataka,102947,98349,0.96,0,0,0,3,0.12,VERIFIED_VALID,0
FRAUD_IN_40446,Lakshmi Joshi,Odisha,347767,2392516,6.88,1,0,1,10,0.96,SUSPICIOUS,1
FRAUD_IN_40447,Karan Mishra,Assam,280780,304362,1.08,0,0,0,4,0.19,VERIFIED_VALID,0
FRAUD_IN_40448,Kiran Shah,Karnataka,414167,398710,0.96,0,0,0,3,0.08,NOT_REQUIRED,0
FRAUD_IN_40449,Dinesh Joshi,Karnataka,408555,468070,1.15,0,0,0,1,0.14,VERIFIED_VALID,0
FRAUD_IN_40450,Sunil Kaur,Uttar Pradesh,429058,461847,1.08,0,0,0,3,0.06,VERIFIED_VALID,0
FRAUD_IN_40451,Anil Chaudhary,Tamil Nadu,283331,290831,1.03,0,0,0,4,0.1,VERIFIED_VALID,0
FRAUD_IN_40452,Arjun Gowda,Madhya Pradesh,300706,313233,1.04,0,0,0,2,0.11,VERIFIED_VALID,0
FRAUD_IN_40453,Tariq Sheikh,Gujarat,92449,92687,1.0,0,0,0,2,0.03,VERIFIED_VALID,0
FRAUD_IN_40454,Shweta Chaudhary,Rajasthan,214352,214643,1.0,0,0,0,3,0.0,VERIFIED_VALID,0
FRAUD_IN_40455,Pradeep Banerjee,Bihar,308834,299453,0.97,0,0,0,4,0.06,VERIFIED_VALID,0
FRAUD_IN_40456,Tariq Singh,Punjab,234734,266398,1.13,0,0,0,1,0.12,VERIFIED_VALID,0
FRAUD_IN_40457,Mahesh Singh,Odisha,257611,247227,0.96,0,0,1,3,0.2,VERIFIED_VALID,0
FRAUD_IN_40458,Rajesh Yadav,Punjab,105794,119355,1.13,0,0,0,2,0.01,NOT_REQUIRED,0
FRAUD_IN_40459,Ashok Reddy,Maharashtra,343888,371289,1.08,0,0,0,2,0.16,VERIFIED_VALID,0
FRAUD_IN_40460,Ananya Sharma,Gujarat,213837,1053945,4.93,0,0,0,26,0.85,SUSPICIOUS,1
FRAUD_IN_40461,Rahul Sheikh,Assam,424035,445301,1.05,0,0,0,4,0.21,NOT_REQUIRED,0
FRAUD_IN_40462,Dinesh Gupta,Bihar,166548,191500,1.15,0,0,0,2,0.02,VERIFIED_VALID,0
FRAUD_IN_40463,Pooja Reddy,Bihar,371964,386334,1.04,0,0,0,3,0.05,VERIFIED_VALID,0
FRAUD_IN_40464,Sunita Sharma,Punjab,230469,227129,0.99,0,0,0,4,0.03,VERIFIED_VALID,0
FRAUD_IN_40465,Geeta Singh,Assam,109811,648095,5.9,1,1,1,8,0.77,SUSPICIOUS,1
FRAUD_IN_40466,Ananya Patil,Madhya Pradesh,126900,118538,0.93,0,0,0,4,0.13,VERIFIED_VALID,0
FRAUD_IN_40467,Meena Khan,Tamil Nadu,390581,404693,1.04,0,0,0,2,0.09,VERIFIED_VALID,0
FRAUD_IN_40468,Sanjay Das,Bihar,338835,356472,1.05,0,0,0,3,0.21,NOT_REQUIRED,0
FRAUD_IN_40469,Deepak Chaudhary,Uttar Pradesh,221097,217025,0.98,0,0,0,4,0.01,VERIFIED_VALID,0
FRAUD_IN_40470,Amit Banerjee,Rajasthan,407874,385220,0.94,0,0,0,4,0.04,VERIFIED_VALID,0
FRAUD_IN_40471,Sujata Reddy,Uttar Pradesh,370890,407176,1.1,0,0,1,2,0.08,VERIFIED_VALID,0
FRAUD_IN_40472,Prakash Singh,Madhya Pradesh,39912,41850,1.05,0,0,0,3,0.11,VERIFIED_VALID,0
FRAUD_IN_40473,Dinesh Chatterjee,Gujarat,214400,229884,1.07,0,0,0,3,0.2,NOT_REQUIRED,0
FRAUD_IN_40474,Geeta Chaudhary,Karnataka,415204,413088,0.99,0,0,1,4,0.1,VERIFIED_VALID,0
FRAUD_IN_40475,Meena Singh,Karnataka,84786,88023,1.04,0,0,0,3,0.17,NOT_REQUIRED,0
FRAUD_IN_40476,Amit Singh,Maharashtra,275723,255834,0.93,0,0,0,1,0.02,VERIFIED_VALID,0
FRAUD_IN_40477,Anita Reddy,Madhya Pradesh,432300,473704,1.1,0,0,0,1,0.18,VERIFIED_VALID,0
FRAUD_IN_40478,Kavita Das,Gujarat,177064,177478,1.0,0,0,0,4,0.08,NOT_REQUIRED,0
FRAUD_IN_40479,Ayesha Deshmukh,Madhya Pradesh,122685,840673,6.85,0,1,1,21,0.88,FAKE_CERTIFICATE,1
FRAUD_IN_40480,Shweta Chatterjee,Uttar Pradesh,160173,151551,0.95,0,0,0,3,0.19,VERIFIED_VALID,0
FRAUD_IN_40481,Ganesh Khan,West Bengal,362505,365616,1.01,0,0,0,2,0.11,NOT_REQUIRED,0
FRAUD_IN_40482,Bhavna Sharma,Uttar Pradesh,179169,173334,0.97,0,0,0,3,0.2,VERIFIED_VALID,0
FRAUD_IN_40483,Mohammed Banerjee,Kerala,350699,360095,1.03,0,0,0,3,0.18,VERIFIED_VALID,0
FRAUD_IN_40484,Simran Verma,Karnataka,197587,209231,1.06,0,0,0,3,0.17,VERIFIED_VALID,0
FRAUD_IN_40485,Priya Patil,Kerala,299909,282904,0.94,0,0,0,1,0.08,VERIFIED_VALID,0
FRAUD_IN_40486,Ananya Yadav,Karnataka,40375,43579,1.08,0,0,0,3,0.0,NOT_REQUIRED,0
FRAUD_IN_40487,Bhavna Sheikh,Kerala,183520,1398816,7.62,0,1,0,28,0.72,FAKE_CERTIFICATE,1
FRAUD_IN_40488,Suresh Chatterjee,Odisha,100523,111507,1.11,0,0,0,3,0.16,NOT_REQUIRED,0
FRAUD_IN_40489,Arjun Kulkarni,Bihar,202258,215819,1.07,0,0,0,4,0.18,VERIFIED_VALID,0
FRAUD_IN_40490,Priya Verma,Madhya Pradesh,178621,1371797,7.68,0,0,0,10,0.9,FAKE_CERTIFICATE,1
FRAUD_IN_40491,Mohammed Yadav,Kerala,82198,77728,0.95,0,0,0,2,0.11,NOT_REQUIRED,0
FRAUD_IN_40492,Vijay Chaudhary,Kerala,216557,210141,0.97,0,0,0,1,0.15,VERIFIED_VALID,0
FRAUD_IN_40493,Preeti Kulkarni,Haryana,297167,296001,1.0,0,0,0,1,0.05,VERIFIED_VALID,0
FRAUD_IN_40494,Savita Patil,West Bengal,217572,1665865,7.66,1,1,1,7,0.82,UNVERIFIED,1
FRAUD_IN_40495,Dinesh Yadav,Odisha,124560,138712,1.11,0,0,0,4,0.12,VERIFIED_VALID,0
FRAUD_IN_40496,Sanjay Mehta,Kerala,347250,324886,0.94,0,0,0,2,0.17,VERIFIED_VALID,0
FRAUD_IN_40497,Dinesh Mehta,West Bengal,48598,50695,1.04,0,0,0,3,0.13,VERIFIED_VALID,0
FRAUD_IN_40498,Ganesh Verma,West Bengal,35845,38069,1.06,0,0,0,4,0.22,NOT_REQUIRED,0
FRAUD_IN_40499,Mohammed Gowda,West Bengal,125480,142261,1.13,0,0,1,3,0.2,VERIFIED_VALID,0
FRAUD_IN_40500,Mamta Shah,Haryana,343657,1537859,4.47,1,0,1,29,0.88,UNVERIFIED,1
FRAUD_IN_40501,Neha Patel,Bihar,444554,488506,1.1,0,0,0,3,0.21,VERIFIED_VALID,0
FRAUD_IN_40502,Deepak Sheikh,Assam,406536,456448,1.12,0,0,0,4,0.04,NOT_REQUIRED,0
FRAUD_IN_40503,Rekha Verma,Uttar Pradesh,138646,131625,0.95,0,0,0,1,0.08,VERIFIED_VALID,0
FRAUD_IN_40504,Mamta Shah,Uttar Pradesh,197370,201352,1.02,0,0,0,4,0.05,VERIFIED_VALID,0
FRAUD_IN_40505,Mamta Joshi,Madhya Pradesh,395458,394642,1.0,0,0,0,2,0.11,VERIFIED_VALID,0
FRAUD_IN_40506,Anil Deshmukh,Madhya Pradesh,324542,345582,1.06,0,0,0,3,0.15,VERIFIED_VALID,0
FRAUD_IN_40507,Tariq Khan,Odisha,360736,378609,1.05,0,0,0,3,0.19,VERIFIED_VALID,0
FRAUD_IN_40508,Kavita Kumar,Kerala,341818,370549,1.08,0,0,0,1,0.18,VERIFIED_VALID,0
FRAUD_IN_40509,Vikram Kaur,Tamil Nadu,333099,1446484,4.34,0,0,1,33,0.89,SUSPICIOUS,1
FRAUD_IN_40510,Anil Mehta,Odisha,329812,373745,1.13,0,0,0,3,0.0,VERIFIED_VALID,0
FRAUD_IN_40511,Vikram Deshmukh,Karnataka,395782,433221,1.09,0,0,0,1,0.09,VERIFIED_VALID,0
FRAUD_IN_40512,Preeti Shah,West Bengal,399240,403188,1.01,0,0,1,4,0.15,VERIFIED_VALID,0
FRAUD_IN_40513,Neha Das,Haryana,382027,1751752,4.59,0,0,1,15,0.79,SUSPICIOUS,1
FRAUD_IN_40514,Mohammed Kulkarni,Gujarat,177697,164154,0.92,0,0,0,4,0.15,VERIFIED_VALID,0
FRAUD_IN_40515,Sunil Reddy,Gujarat,436905,409635,0.94,0,0,0,3,0.15,VERIFIED_VALID,0
FRAUD_IN_40516,Mohammed Khan,Punjab,100726,638492,6.34,1,0,1,27,0.75,UNVERIFIED,1
FRAUD_IN_40517,Mamta Chaudhary,West Bengal,38635,44135,1.14,0,0,0,1,0.09,VERIFIED_VALID,0
FRAUD_IN_40518,Kiran Khan,Uttar Pradesh,429348,470577,1.1,0,0,0,1,0.15,VERIFIED_VALID,0
FRAUD_IN_40519,Savita Shah,Rajasthan,206233,193950,0.94,0,0,0,4,0.04,VERIFIED_VALID,0
FRAUD_IN_40520,Mamta Shah,Bihar,80261,89108,1.11,0,0,1,2,0.11,VERIFIED_VALID,0
FRAUD_IN_40521,Mamta Patil,Karnataka,316914,304828,0.96,0,0,0,4,0.03,VERIFIED_VALID,0
FRAUD_IN_40522,Kavita Rao,Rajasthan,70992,74658,1.05,0,0,0,1,0.13,VERIFIED_VALID,0
FRAUD_IN_40523,Mohammed Joshi,Haryana,307558,352129,1.14,0,0,0,3,0.01,VERIFIED_VALID,0
FRAUD_IN_40524,Vikram Reddy,Rajasthan,325047,1824031,5.61,0,1,1,12,0.89,FAKE_CERTIFICATE,1
FRAUD_IN_40525,Pooja Sharma,Tamil Nadu,321855,342128,1.06,0,0,0,2,0.0,VERIFIED_VALID,0
FRAUD_IN_40526,Ganesh Nair,West Bengal,347977,356854,1.03,0,0,0,2,0.15,VERIFIED_VALID,0
FRAUD_IN_40527,Pradeep Patil,Rajasthan,184954,206629,1.12,0,0,0,2,0.1,NOT_REQUIRED,0
FRAUD_IN_40528,Savita Kumar,Rajasthan,434853,429580,0.99,0,0,0,4,0.03,VERIFIED_VALID,0
FRAUD_IN_40529,Manoj Mehta,Punjab,351983,380690,1.08,0,0,0,2,0.09,VERIFIED_VALID,0
FRAUD_IN_40530,Mohammed Banerjee,Maharashtra,139998,155931,1.11,0,0,0,3,0.06,VERIFIED_VALID,0
FRAUD_IN_40531,Vijay Patil,Kerala,416076,2798017,6.72,1,1,0,9,0.95,SUSPICIOUS,1
FRAUD_IN_40532,Vikram Yadav,Uttar Pradesh,324984,331781,1.02,0,0,0,2,0.09,NOT_REQUIRED,0
FRAUD_IN_40533,Rahul Yadav,Assam,62874,67724,1.08,0,0,0,1,0.2,VERIFIED_VALID,0
FRAUD_IN_40534,Priya Joshi,West Bengal,275113,282263,1.03,0,0,0,2,0.14,VERIFIED_VALID,0
FRAUD_IN_40535,Prakash Mishra,Uttar Pradesh,393213,401591,1.02,0,0,0,3,0.2,NOT_REQUIRED,0
FRAUD_IN_40536,Sujata Joshi,Uttar Pradesh,374288,357053,0.95,0,0,0,2,0.0,NOT_REQUIRED,0
FRAUD_IN_40537,Suresh Verma,Punjab,290909,301579,1.04,0,0,0,4,0.05,VERIFIED_VALID,0
FRAUD_IN_40538,Mohammed Mehta,Haryana,163885,186368,1.14,0,0,0,3,0.16,VERIFIED_VALID,0
FRAUD_IN_40539,Ayesha Nair,Maharashtra,343149,351703,1.02,0,0,0,4,0.02,VERIFIED_VALID,0
FRAUD_IN_40540,Savita Khan,Karnataka,114066,127810,1.12,0,0,0,2,0.14,VERIFIED_VALID,0
FRAUD_IN_40541,Seema Mishra,Uttar Pradesh,265055,302094,1.14,0,0,0,2,0.17,VERIFIED_VALID,0
FRAUD_IN_40542,Simran Kumar,Punjab,419375,396068,0.94,0,0,0,3,0.12,VERIFIED_VALID,0
FRAUD_IN_40543,Sanjay Singh,Kerala,388686,432753,1.11,0,0,0,2,0.05,VERIFIED_VALID,0
FRAUD_IN_40544,Geeta Verma,Tamil Nadu,300260,340425,1.13,0,0,0,2,0.21,VERIFIED_VALID,0
FRAUD_IN_40545,Ramesh Chaudhary,Bihar,413128,420146,1.02,0,0,0,4,0.19,VERIFIED_VALID,0
FRAUD_IN_40546,Kavita Das,West Bengal,216282,225036,1.04,0,0,0,2,0.2,VERIFIED_VALID,0
FRAUD_IN_40547,Fatima Reddy,Maharashtra,412189,435634,1.06,0,0,0,1,0.22,VERIFIED_VALID,0
FRAUD_IN_40548,Amit Kaur,Tamil Nadu,334140,368709,1.1,0,0,1,1,0.12,VERIFIED_VALID,0
FRAUD_IN_40549,Arjun Chatterjee,Kerala,227259,225787,0.99,0,0,0,3,0.04,VERIFIED_VALID,0
FRAUD_IN_40550,Sanjay Mehta,Kerala,218276,222011,1.02,0,0,0,1,0.0,VERIFIED_VALID,0
FRAUD_IN_40551,Arjun Banerjee,Karnataka,264849,268101,1.01,0,0,0,4,0.1,VERIFIED_VALID,0
FRAUD_IN_40552,Bhavna Sharma,Haryana,355726,360482,1.01,0,0,0,1,0.09,NOT_REQUIRED,0
FRAUD_IN_40553,Sunita Reddy,Assam,57844,57028,0.99,0,0,0,1,0.02,VERIFIED_VALID,0
FRAUD_IN_40554,Kiran Nair,Gujarat,334420,1845371,5.52,1,0,1,12,0.91,UNVERIFIED,1
FRAUD_IN_40555,Deepika Gowda,Kerala,71316,72259,1.01,0,0,0,1,0.03,VERIFIED_VALID,0
FRAUD_IN_40556,Pooja Kaur,Punjab,207937,191957,0.92,0,0,0,4,0.01,VERIFIED_VALID,0
FRAUD_IN_40557,Lakshmi Kulkarni,Kerala,186334,212563,1.14,0,0,0,4,0.13,VERIFIED_VALID,0
FRAUD_IN_40558,Mahesh Reddy,Madhya Pradesh,376864,414910,1.1,0,0,0,1,0.2,VERIFIED_VALID,0
FRAUD_IN_40559,Ananya Kaur,Tamil Nadu,245560,276534,1.13,0,0,0,2,0.19,VERIFIED_VALID,0
FRAUD_IN_40560,Radha Patel,Bihar,418146,472136,1.13,0,0,0,2,0.18,VERIFIED_VALID,0
FRAUD_IN_40561,Rohan Mishra,Rajasthan,360460,341041,0.95,0,0,0,4,0.0,VERIFIED_VALID,0
FRAUD_IN_40562,Ayesha Mishra,Bihar,414308,1315497,3.18,0,0,1,22,0.79,FAKE_CERTIFICATE,1
FRAUD_IN_40563,Deepika Mishra,Maharashtra,146155,165985,1.14,0,0,0,3,0.06,VERIFIED_VALID,0
FRAUD_IN_40564,Sujata Mishra,Punjab,259170,1828818,7.06,1,0,0,16,0.91,UNVERIFIED,1
FRAUD_IN_40565,Geeta Singh,Maharashtra,394752,420573,1.07,0,0,0,1,0.08,VERIFIED_VALID,0
FRAUD_IN_40566,Pradeep Yadav,Kerala,169621,182533,1.08,0,0,0,4,0.18,VERIFIED_VALID,0
FRAUD_IN_40567,Pradeep Sheikh,Gujarat,231122,219498,0.95,0,0,0,2,0.18,VERIFIED_VALID,0
FRAUD_IN_40568,Amit Banerjee,Karnataka,328703,370731,1.13,0,0,0,4,0.22,VERIFIED_VALID,0
FRAUD_IN_40569,Anil Mishra,Punjab,365321,406577,1.11,0,0,0,2,0.0,VERIFIED_VALID,0
FRAUD_IN_40570,Deepika Mehta,Rajasthan,57989,56613,0.98,0,0,0,4,0.1,VERIFIED_VALID,0
FRAUD_IN_40571,Ayesha Gupta,Haryana,90711,84697,0.93,0,0,0,1,0.21,VERIFIED_VALID,0
FRAUD_IN_40572,Ayesha Deshmukh,Tamil Nadu,391780,410193,1.05,0,0,0,1,0.16,VERIFIED_VALID,0
FRAUD_IN_40573,Manoj Kulkarni,Rajasthan,80405,81190,1.01,0,0,0,2,0.12,VERIFIED_VALID,0
FRAUD_IN_40574,Rajesh Joshi,West Bengal,119667,137041,1.15,0,0,0,4,0.19,VERIFIED_VALID,0
FRAUD_IN_40575,Rohan Shah,Rajasthan,119639,119688,1.0,0,0,0,2,0.03,VERIFIED_VALID,0
FRAUD_IN_40576,Pradeep Chaudhary,Punjab,198037,198192,1.0,0,0,0,4,0.03,VERIFIED_VALID,0
FRAUD_IN_40577,Pradeep Shah,Odisha,91962,96733,1.05,0,0,0,2,0.1,NOT_REQUIRED,0
FRAUD_IN_40578,Sunil Sharma,Punjab,295452,294908,1.0,0,0,0,4,0.01,VERIFIED_VALID,0
FRAUD_IN_40579,Rahul Rao,Gujarat,230587,243065,1.05,0,0,0,4,0.22,VERIFIED_VALID,0
FRAUD_IN_40580,Rekha Gowda,Karnataka,425049,393891,0.93,0,0,0,3,0.06,VERIFIED_VALID,0
FRAUD_IN_40581,Meena Mehta,Gujarat,183512,189768,1.03,0,0,0,3,0.01,NOT_REQUIRED,0
FRAUD_IN_40582,Meena Khan,Odisha,178925,192694,1.08,0,0,0,4,0.15,VERIFIED_VALID,0
FRAUD_IN_40583,Anil Sharma,Madhya Pradesh,412975,388528,0.94,0,0,0,3,0.12,VERIFIED_VALID,0
FRAUD_IN_40584,Arjun Khan,Bihar,35013,39646,1.13,0,0,0,4,0.2,VERIFIED_VALID,0
FRAUD_IN_40585,Arjun Kumar,Karnataka,213210,200358,0.94,0,0,0,3,0.02,VERIFIED_VALID,0
FRAUD_IN_40586,Anil Gowda,Kerala,404936,387472,0.96,0,0,0,1,0.16,NOT_REQUIRED,0
FRAUD_IN_40587,Radha Khan,Assam,243693,254362,1.04,0,0,0,1,0.01,VERIFIED_VALID,0
FRAUD_IN_40588,Geeta Kumar,Madhya Pradesh,291489,302424,1.04,0,0,0,4,0.01,VERIFIED_VALID,0
FRAUD_IN_40589,Sujata Banerjee,Kerala,218557,232950,1.07,0,0,0,4,0.19,VERIFIED_VALID,0
FRAUD_IN_40590,Sangeeta Khan,Haryana,417761,400232,0.96,0,0,0,2,0.1,NOT_REQUIRED,0
FRAUD_IN_40591,Vikram Kaur,Uttar Pradesh,436345,436105,1.0,0,0,0,1,0.06,VERIFIED_VALID,0
FRAUD_IN_40592,Prakash Verma,Karnataka,99825,111510,1.12,0,0,0,2,0.06,VERIFIED_VALID,0
FRAUD_IN_40593,Seema Verma,Odisha,149503,171656,1.15,0,0,0,2,0.11,VERIFIED_VALID,0
FRAUD_IN_40594,Sujata Chatterjee,Gujarat,144642,157894,1.09,0,0,0,3,0.21,NOT_REQUIRED,0
FRAUD_IN_40595,Pooja Singh,Rajasthan,377064,378369,1.0,0,0,0,4,0.14,VERIFIED_VALID,0
FRAUD_IN_40596,Rahul Kaur,Tamil Nadu,177907,1307748,7.35,0,0,1,12,0.99,UNVERIFIED,1
FRAUD_IN_40597,Sunil Nair,Odisha,206962,219842,1.06,0,0,0,3,0.19,NOT_REQUIRED,0
FRAUD_IN_40598,Seema Kumar,Karnataka,37952,41444,1.09,0,0,0,4,0.06,VERIFIED_VALID,0
FRAUD_IN_40599,Ramesh Gowda,Bihar,270835,310550,1.15,0,0,0,2,0.14,VERIFIED_VALID,0
FRAUD_IN_40600,Suresh Sharma,Punjab,124588,125164,1.0,0,0,0,4,0.2,VERIFIED_VALID,0
FRAUD_IN_40601,Kavita Das,Punjab,231527,233144,1.01,0,0,0,4,0.06,NOT_REQUIRED,0
FRAUD_IN_40602,Meena Das,Bihar,362870,345220,0.95,0,0,0,1,0.07,VERIFIED_VALID,0
FRAUD_IN_40603,Sunil Singh,Maharashtra,201895,191762,0.95,0,0,0,3,0.19,VERIFIED_VALID,0
FRAUD_IN_40604,Mamta Mishra,Uttar Pradesh,246340,234242,0.95,0,0,0,4,0.18,NOT_REQUIRED,0
FRAUD_IN_40605,Kavita Gupta,Assam,210607,233289,1.11,0,0,0,1,0.07,VERIFIED_VALID,0
FRAUD_IN_40606,Prakash Chaudhary,Tamil Nadu,47084,52443,1.11,0,0,0,3,0.04,VERIFIED_VALID,0
FRAUD_IN_40607,Kiran Patil,Uttar Pradesh,214903,199553,0.93,0,0,0,1,0.03,VERIFIED_VALID,0
FRAUD_IN_40608,Mohammed Banerjee,Bihar,389179,367009,0.94,0,0,1,2,0.21,VERIFIED_VALID,0
FRAUD_IN_40609,Bhavna Chaudhary,Rajasthan,270977,251110,0.93,0,0,0,4,0.12,VERIFIED_VALID,0
FRAUD_IN_40610,Tariq Patel,Bihar,202653,202357,1.0,0,0,0,2,0.01,VERIFIED_VALID,0
FRAUD_IN_40611,Ganesh Sharma,Tamil Nadu,294238,289809,0.98,0,0,0,3,0.06,NOT_REQUIRED,0
FRAUD_IN_40612,Sanjay Deshmukh,Madhya Pradesh,93702,105193,1.12,0,0,0,1,0.14,VERIFIED_VALID,0
FRAUD_IN_40613,Suresh Das,Madhya Pradesh,83735,284906,3.4,1,0,1,15,0.85,UNVERIFIED,1
FRAUD_IN_40614,Vikram Kumar,Haryana,53871,61282,1.14,0,0,0,2,0.16,NOT_REQUIRED,0
FRAUD_IN_40615,Sunita Patel,Tamil Nadu,123826,130303,1.05,0,0,0,3,0.12,VERIFIED_VALID,0
FRAUD_IN_40616,Bhavna Reddy,Kerala,438923,484865,1.1,0,0,0,1,0.13,VERIFIED_VALID,0
FRAUD_IN_40617,Shweta Banerjee,Karnataka,433561,415504,0.96,0,0,0,2,0.12,VERIFIED_VALID,0
FRAUD_IN_40618,Simran Khan,Rajasthan,120043,131788,1.1,0,0,0,4,0.21,VERIFIED_VALID,0
FRAUD_IN_40619,Rekha Kumar,West Bengal,385027,442650,1.15,0,0,0,1,0.15,VERIFIED_VALID,0
FRAUD_IN_40620,Mohammed Gupta,Rajasthan,243915,277840,1.14,0,0,0,3,0.2,VERIFIED_VALID,0
FRAUD_IN_40621,Karan Yadav,Assam,424372,474830,1.12,0,0,0,4,0.02,VERIFIED_VALID,0
FRAUD_IN_40622,Anil Rao,Gujarat,272665,261588,0.96,0,0,0,1,0.2,VERIFIED_VALID,0
FRAUD_IN_40623,Bhavna Joshi,Rajasthan,37573,37646,1.0,0,0,1,1,0.15,VERIFIED_VALID,0
FRAUD_IN_40624,Sunita Banerjee,Assam,343697,322530,0.94,0,0,0,2,0.01,VERIFIED_VALID,0
FRAUD_IN_40625,Pradeep Chatterjee,Odisha,130607,136477,1.04,0,0,0,4,0.12,VERIFIED_VALID,0
FRAUD_IN_40626,Ganesh Kulkarni,West Bengal,378310,426849,1.13,0,0,0,2,0.08,NOT_REQUIRED,0
FRAUD_IN_40627,Geeta Yadav,Maharashtra,356749,385302,1.08,0,0,0,2,0.17,NOT_REQUIRED,0
FRAUD_IN_40628,Fatima Mishra,Karnataka,344800,382689,1.11,0,0,0,2,0.15,NOT_REQUIRED,0
FRAUD_IN_40629,Ayesha Khan,Bihar,305729,318167,1.04,0,0,0,2,0.22,VERIFIED_VALID,0
FRAUD_IN_40630,Mohammed Kaur,Rajasthan,62891,62930,1.0,0,0,0,1,0.01,VERIFIED_VALID,0
FRAUD_IN_40631,Vijay Nair,West Bengal,301280,280551,0.93,0,0,0,4,0.09,NOT_REQUIRED,0
FRAUD_IN_40632,Sunil Mehta,Odisha,97490,99503,1.02,0,0,0,1,0.22,NOT_REQUIRED,0
FRAUD_IN_40633,Deepak Mehta,Tamil Nadu,407850,451479,1.11,0,0,0,1,0.01,VERIFIED_VALID,0
FRAUD_IN_40634,Sujata Chatterjee,Kerala,402522,423069,1.05,0,0,0,2,0.17,VERIFIED_VALID,0
FRAUD_IN_40635,Gurpreet Deshmukh,Tamil Nadu,361792,389568,1.08,0,0,0,4,0.12,NOT_REQUIRED,0
FRAUD_IN_40636,Tariq Das,Rajasthan,338734,380379,1.12,0,0,0,3,0.03,VERIFIED_VALID,0
FRAUD_IN_40637,Neha Patil,Assam,92115,97430,1.06,0,0,0,3,0.05,VERIFIED_VALID,0
FRAUD_IN_40638,Meena Kaur,Rajasthan,248811,1103113,4.43,0,0,1,24,0.83,FAKE_CERTIFICATE,1
FRAUD_IN_40639,Rekha Reddy,Rajasthan,169649,167539,0.99,0,0,0,1,0.08,VERIFIED_VALID,0
FRAUD_IN_40640,Mahesh Mehta,Uttar Pradesh,229678,248918,1.08,0,0,0,1,0.11,NOT_REQUIRED,0
FRAUD_IN_40641,Deepak Gupta,Odisha,303058,317668,1.05,0,0,1,3,0.16,NOT_REQUIRED,0
FRAUD_IN_40642,Anita Yadav,Punjab,260303,274500,1.05,0,0,0,1,0.01,VERIFIED_VALID,0
FRAUD_IN_40643,Vikram Mehta,West Bengal,266302,1805463,6.78,1,0,1,27,0.9,SUSPICIOUS,1
FRAUD_IN_40644,Neha Nair,Karnataka,125889,143100,1.14,0,0,0,2,0.18,VERIFIED_VALID,0
FRAUD_IN_40645,Fatima Gupta,Tamil Nadu,322924,336880,1.04,0,0,0,1,0.22,VERIFIED_VALID,0
FRAUD_IN_40646,Vijay Sheikh,Punjab,173407,162108,0.93,0,0,0,1,0.03,VERIFIED_VALID,0
FRAUD_IN_40647,Rohan Mehta,Haryana,226372,246902,1.09,0,0,0,3,0.04,VERIFIED_VALID,0
FRAUD_IN_40648,Seema Gupta,Uttar Pradesh,313893,292128,0.93,0,0,0,2,0.22,VERIFIED_VALID,0
FRAUD_IN_40649,Bhavna Shah,Madhya Pradesh,421596,429254,1.02,0,0,0,3,0.22,NOT_REQUIRED,0
FRAUD_IN_40650,Deepika Chatterjee,Kerala,387028,405835,1.05,0,0,0,3,0.18,VERIFIED_VALID,0
FRAUD_IN_40651,Deepak Patil,Tamil Nadu,446268,443002,0.99,0,0,0,3,0.18,VERIFIED_VALID,0
FRAUD_IN_40652,Geeta Das,Gujarat,374193,362850,0.97,0,0,0,4,0.11,VERIFIED_VALID,0
FRAUD_IN_40653,Vikram Kumar,West Bengal,190809,1020451,5.35,1,1,1,11,0.92,SUSPICIOUS,1
FRAUD_IN_40654,Rohan Mishra,Punjab,149939,154184,1.03,0,0,0,1,0.13,VERIFIED_VALID,0
FRAUD_IN_40655,Mohammed Patil,Madhya Pradesh,262119,1496262,5.71,1,0,1,33,0.91,SUSPICIOUS,1
FRAUD_IN_40656,Savita Verma,Kerala,117067,575984,4.92,1,0,1,32,0.89,SUSPICIOUS,1
FRAUD_IN_40657,Pooja Kumar,Maharashtra,220840,247289,1.12,0,0,0,1,0.17,VERIFIED_VALID,0
FRAUD_IN_40658,Savita Joshi,West Bengal,55682,56526,1.02,0,0,0,2,0.11,VERIFIED_VALID,0
FRAUD_IN_40659,Ashok Rao,Kerala,153043,838388,5.48,1,0,0,28,0.8,FAKE_CERTIFICATE,1
FRAUD_IN_40660,Radha Patil,Tamil Nadu,253828,279486,1.1,0,0,0,4,0.01,VERIFIED_VALID,0
FRAUD_IN_40661,Deepika Patel,Punjab,377778,1846567,4.89,1,0,0,16,0.79,SUSPICIOUS,1
FRAUD_IN_40662,Prakash Reddy,Assam,86879,81242,0.94,0,0,0,2,0.07,VERIFIED_VALID,0
FRAUD_IN_40663,Deepak Verma,Karnataka,148405,139774,0.94,0,0,0,4,0.07,VERIFIED_VALID,0
FRAUD_IN_40664,Prakash Rao,Bihar,74978,79345,1.06,0,0,0,1,0.14,VERIFIED_VALID,0
FRAUD_IN_40665,Kavita Mishra,Assam,252162,282179,1.12,0,0,0,4,0.13,VERIFIED_VALID,0
FRAUD_IN_40666,Preeti Kaur,Maharashtra,449839,427058,0.95,0,0,0,4,0.15,NOT_REQUIRED,0
FRAUD_IN_40667,Ayesha Kumar,West Bengal,45660,47554,1.04,0,0,0,2,0.09,VERIFIED_VALID,0
FRAUD_IN_40668,Ashok Shah,Punjab,394180,3007292,7.63,1,1,0,15,0.75,UNVERIFIED,1
FRAUD_IN_40669,Deepak Singh,Kerala,130626,124731,0.95,0,0,0,1,0.01,VERIFIED_VALID,0
FRAUD_IN_40670,Karan Rao,Madhya Pradesh,329534,932452,2.83,1,0,1,33,0.72,FAKE_CERTIFICATE,1
FRAUD_IN_40671,Radha Gowda,Punjab,245753,244814,1.0,0,0,0,2,0.08,VERIFIED_VALID,0
FRAUD_IN_40672,Sunita Chaudhary,Uttar Pradesh,118723,958811,8.08,1,1,1,34,0.71,SUSPICIOUS,1
FRAUD_IN_40673,Geeta Mishra,Assam,412500,1165172,2.82,1,1,1,15,0.9,SUSPICIOUS,1
FRAUD_IN_40674,Mahesh Chatterjee,Bihar,429207,1287577,3.0,1,0,1,28,0.88,UNVERIFIED,1
FRAUD_IN_40675,Vijay Singh,Tamil Nadu,432254,447284,1.03,0,0,0,4,0.1,VERIFIED_VALID,0
FRAUD_IN_40676,Sunil Banerjee,Uttar Pradesh,38322,39274,1.02,0,0,0,2,0.19,VERIFIED_VALID,0
FRAUD_IN_40677,Rahul Gupta,Karnataka,319604,343482,1.07,0,0,0,1,0.19,NOT_REQUIRED,0
FRAUD_IN_40678,Lakshmi Gupta,Haryana,304630,303605,1.0,0,0,0,1,0.1,VERIFIED_VALID,0
FRAUD_IN_40679,Rajesh Das,West Bengal,326118,324613,1.0,0,0,0,2,0.19,VERIFIED_VALID,0
FRAUD_IN_40680,Preeti Kumar,Haryana,285539,300397,1.05,0,0,0,3,0.12,NOT_REQUIRED,0
FRAUD_IN_40681,Deepika Das,Haryana,366860,405185,1.1,0,0,1,1,0.03,VERIFIED_VALID,0
FRAUD_IN_40682,Geeta Gupta,West Bengal,260233,270165,1.04,0,0,0,1,0.04,VERIFIED_VALID,0
FRAUD_IN_40683,Savita Gowda,Tamil Nadu,245210,227984,0.93,0,0,0,3,0.21,VERIFIED_VALID,0
FRAUD_IN_40684,Ganesh Gowda,Madhya Pradesh,169540,171899,1.01,0,0,0,2,0.13,VERIFIED_VALID,0
FRAUD_IN_40685,Anita Mehta,Kerala,121110,133633,1.1,0,0,0,2,0.2,VERIFIED_VALID,0
FRAUD_IN_40686,Rahul Mehta,Maharashtra,438892,462537,1.05,0,0,0,1,0.15,NOT_REQUIRED,0
FRAUD_IN_40687,Vijay Chatterjee,Odisha,208218,230159,1.11,0,0,0,3,0.15,VERIFIED_VALID,0
FRAUD_IN_40688,Tariq Reddy,Karnataka,286057,312867,1.09,0,0,0,2,0.11,VERIFIED_VALID,0
FRAUD_IN_40689,Ganesh Sheikh,Uttar Pradesh,310993,312713,1.01,0,0,0,1,0.03,VERIFIED_VALID,0
FRAUD_IN_40690,Mohammed Das,Bihar,292914,2174848,7.42,0,0,1,27,0.88,UNVERIFIED,1
FRAUD_IN_40691,Rohan Mishra,Kerala,156517,774007,4.95,1,1,0,19,0.73,UNVERIFIED,1
FRAUD_IN_40692,Preeti Kaur,Kerala,138911,133519,0.96,0,0,0,1,0.2,VERIFIED_VALID,0
FRAUD_IN_40693,Anil Das,West Bengal,225551,225921,1.0,0,0,0,1,0.16,VERIFIED_VALID,0
FRAUD_IN_40694,Mahesh Mishra,Karnataka,325962,304335,0.93,0,0,0,4,0.07,VERIFIED_VALID,0
FRAUD_IN_40695,Mahesh Joshi,Haryana,138595,130325,0.94,0,0,0,2,0.21,VERIFIED_VALID,0
FRAUD_IN_40696,Lakshmi Chatterjee,Assam,45318,50163,1.11,0,0,0,2,0.09,VERIFIED_VALID,0
FRAUD_IN_40697,Lakshmi Gupta,Gujarat,283850,262270,0.92,0,0,0,4,0.08,NOT_REQUIRED,0
FRAUD_IN_40698,Ashok Banerjee,Gujarat,360273,362441,1.01,0,0,0,2,0.07,VERIFIED_VALID,0
FRAUD_IN_40699,Meena Joshi,West Bengal,308760,342466,1.11,0,0,0,2,0.03,VERIFIED_VALID,0
FRAUD_IN_40700,Ayesha Kumar,Punjab,74346,72308,0.97,0,0,0,3,0.05,VERIFIED_VALID,0
FRAUD_IN_40701,Ananya Gowda,Uttar Pradesh,432317,461888,1.07,0,0,0,1,0.03,VERIFIED_VALID,0
FRAUD_IN_40702,Sunil Patel,Assam,220905,250270,1.13,0,0,0,2,0.01,VERIFIED_VALID,0
FRAUD_IN_40703,Shweta Das,Haryana,431057,454558,1.05,0,0,1,3,0.07,VERIFIED_VALID,0
FRAUD_IN_40704,Ganesh Verma,Kerala,353020,332967,0.94,0,0,0,2,0.05,VERIFIED_VALID,0
FRAUD_IN_40705,Sujata Khan,Rajasthan,404668,375202,0.93,0,0,0,3,0.04,VERIFIED_VALID,0
FRAUD_IN_40706,Savita Kaur,Karnataka,41461,45006,1.09,0,0,0,1,0.17,VERIFIED_VALID,0
FRAUD_IN_40707,Sunita Nair,Tamil Nadu,256367,254206,0.99,0,0,0,3,0.21,VERIFIED_VALID,0
FRAUD_IN_40708,Fatima Das,Uttar Pradesh,264832,264490,1.0,0,0,0,3,0.17,NOT_REQUIRED,0
FRAUD_IN_40709,Bhavna Banerjee,Kerala,109376,402000,3.68,1,1,1,17,0.7,UNVERIFIED,1
FRAUD_IN_40710,Preeti Reddy,Punjab,180300,851185,4.72,1,1,1,20,0.9,SUSPICIOUS,1
FRAUD_IN_40711,Neha Kumar,Tamil Nadu,190623,198156,1.04,0,0,0,4,0.09,VERIFIED_VALID,0
FRAUD_IN_40712,Mohammed Gupta,West Bengal,255253,252105,0.99,0,0,0,1,0.2,VERIFIED_VALID,0
FRAUD_IN_40713,Simran Chaudhary,Maharashtra,321616,303281,0.94,0,0,0,2,0.06,NOT_REQUIRED,0
FRAUD_IN_40714,Rohan Joshi,Haryana,74449,73534,0.99,0,0,0,3,0.07,VERIFIED_VALID,0
FRAUD_IN_40715,Ayesha Shah,West Bengal,157382,166633,1.06,0,0,0,2,0.12,VERIFIED_VALID,0
FRAUD_IN_40716,Ananya Verma,Kerala,306527,287560,0.94,0,0,0,2,0.09,VERIFIED_VALID,0
FRAUD_IN_40717,Lakshmi Banerjee,Punjab,345246,342492,0.99,0,0,0,2,0.07,VERIFIED_VALID,0
FRAUD_IN_40718,Gurpreet Banerjee,Punjab,377877,424154,1.12,0,0,0,2,0.08,VERIFIED_VALID,0
FRAUD_IN_40719,Mamta Nair,Punjab,251698,289436,1.15,0,0,0,4,0.15,NOT_REQUIRED,0
FRAUD_IN_40720,Rahul Sheikh,Gujarat,444126,442773,1.0,0,0,0,3,0.22,VERIFIED_VALID,0
FRAUD_IN_40721,Ananya Kumar,Assam,383210,386218,1.01,0,0,0,2,0.15,NOT_REQUIRED,0
FRAUD_IN_40722,Kiran Chatterjee,Punjab,175175,174101,0.99,0,0,0,1,0.22,VERIFIED_VALID,0
FRAUD_IN_40723,Sunita Reddy,Kerala,223755,207333,0.93,0,0,0,3,0.08,VERIFIED_VALID,0
FRAUD_IN_40724,Mahesh Sharma,Punjab,207520,193936,0.93,0,0,1,1,0.11,VERIFIED_VALID,0
FRAUD_IN_40725,Ramesh Rao,Maharashtra,205059,221795,1.08,0,0,0,4,0.04,VERIFIED_VALID,0
FRAUD_IN_40726,Ramesh Verma,Assam,403346,432921,1.07,0,0,0,3,0.07,NOT_REQUIRED,0
FRAUD_IN_40727,Mamta Gupta,Madhya Pradesh,180003,165636,0.92,0,0,0,3,0.04,VERIFIED_VALID,0
FRAUD_IN_40728,Mahesh Kulkarni,Odisha,311270,301653,0.97,0,0,0,2,0.1,VERIFIED_VALID,0
FRAUD_IN_40729,Pradeep Mishra,Odisha,85041,93072,1.09,0,0,0,3,0.11,VERIFIED_VALID,0
FRAUD_IN_40730,Vikram Kaur,Madhya Pradesh,374426,376228,1.0,0,0,0,4,0.1,VERIFIED_VALID,0
FRAUD_IN_40731,Arjun Sheikh,West Bengal,56185,57965,1.03,0,0,0,1,0.08,VERIFIED_VALID,0
FRAUD_IN_40732,Kavita Deshmukh,Gujarat,161008,174363,1.08,0,0,0,3,0.18,VERIFIED_VALID,0
FRAUD_IN_40733,Sangeeta Chaudhary,Odisha,184357,206618,1.12,0,0,0,1,0.17,VERIFIED_VALID,0
FRAUD_IN_40734,Sunil Kumar,Madhya Pradesh,327572,354767,1.08,0,0,0,1,0.19,VERIFIED_VALID,0
FRAUD_IN_40735,Karan Chatterjee,Madhya Pradesh,307200,351809,1.15,0,0,0,1,0.11,NOT_REQUIRED,0
FRAUD_IN_40736,Bhavna Nair,Karnataka,231538,228532,0.99,0,0,0,1,0.09,VERIFIED_VALID,0
FRAUD_IN_40737,Kiran Verma,Bihar,75913,79472,1.05,0,0,0,4,0.09,VERIFIED_VALID,0
FRAUD_IN_40738,Prakash Khan,Kerala,75290,76703,1.02,0,0,0,1,0.22,VERIFIED_VALID,0
FRAUD_IN_40739,Tariq Singh,Karnataka,428248,3040423,7.1,1,0,0,27,0.95,SUSPICIOUS,1
FRAUD_IN_40740,Sunil Nair,Tamil Nadu,171879,187238,1.09,0,0,0,1,0.02,VERIFIED_VALID,0
FRAUD_IN_40741,Simran Kaur,Punjab,345777,366781,1.06,0,0,0,1,0.06,VERIFIED_VALID,0
FRAUD_IN_40742,Sangeeta Gowda,Kerala,240706,272608,1.13,0,0,0,4,0.15,VERIFIED_VALID,0
FRAUD_IN_40743,Ramesh Deshmukh,Madhya Pradesh,260493,256309,0.98,0,0,0,1,0.16,VERIFIED_VALID,0
FRAUD_IN_40744,Meena Chatterjee,Punjab,73039,77421,1.06,0,0,0,1,0.16,VERIFIED_VALID,0
FRAUD_IN_40745,Meena Deshmukh,Tamil Nadu,139826,143825,1.03,0,0,0,3,0.05,VERIFIED_VALID,0
FRAUD_IN_40746,Anita Sharma,Haryana,394374,448919,1.14,0,0,0,1,0.15,VERIFIED_VALID,0
FRAUD_IN_40747,Simran Khan,Bihar,319776,322202,1.01,0,0,0,1,0.05,VERIFIED_VALID,0
FRAUD_IN_40748,Sangeeta Banerjee,Assam,160557,156761,0.98,0,0,0,3,0.2,VERIFIED_VALID,0
FRAUD_IN_40749,Karan Yadav,Gujarat,90144,97627,1.08,0,0,0,2,0.17,VERIFIED_VALID,0
FRAUD_IN_40750,Anita Das,Odisha,102054,115302,1.13,0,0,0,4,0.07,VERIFIED_VALID,0
FRAUD_IN_40751,Ramesh Rao,Rajasthan,112279,126316,1.13,0,0,0,3,0.05,VERIFIED_VALID,0
FRAUD_IN_40752,Priya Chatterjee,Madhya Pradesh,265003,298799,1.13,0,0,0,1,0.03,VERIFIED_VALID,0
FRAUD_IN_40753,Rohan Reddy,West Bengal,38294,36277,0.95,0,0,0,2,0.1,VERIFIED_VALID,0
FRAUD_IN_40754,Fatima Sharma,Karnataka,442949,475807,1.07,0,0,0,3,0.05,VERIFIED_VALID,0
FRAUD_IN_40755,Deepika Gupta,Gujarat,387988,404807,1.04,0,0,0,3,0.1,VERIFIED_VALID,0
FRAUD_IN_40756,Bhavna Mishra,Odisha,385751,438040,1.14,0,0,0,1,0.09,VERIFIED_VALID,0
FRAUD_IN_40757,Radha Sheikh,Haryana,43806,41436,0.95,0,0,0,3,0.05,VERIFIED_VALID,0
FRAUD_IN_40758,Seema Gowda,Odisha,399797,395838,0.99,0,0,0,2,0.15,VERIFIED_VALID,0
FRAUD_IN_40759,Tariq Mehta,Kerala,49145,47607,0.97,0,0,0,3,0.11,VERIFIED_VALID,0
FRAUD_IN_40760,Preeti Patil,Maharashtra,204698,197837,0.97,0,0,0,2,0.1,VERIFIED_VALID,0
FRAUD_IN_40761,Shweta Rao,Bihar,385971,355270,0.92,0,0,0,3,0.22,VERIFIED_VALID,0
FRAUD_IN_40762,Gurpreet Sharma,Maharashtra,366848,345858,0.94,0,0,0,4,0.19,NOT_REQUIRED,0
FRAUD_IN_40763,Sunil Kumar,Rajasthan,226276,244554,1.08,0,0,0,2,0.19,VERIFIED_VALID,0
FRAUD_IN_40764,Priya Sharma,Bihar,141476,131877,0.93,0,0,0,4,0.01,VERIFIED_VALID,0
FRAUD_IN_40765,Priya Nair,Rajasthan,308663,337901,1.09,0,0,0,4,0.08,NOT_REQUIRED,0
FRAUD_IN_40766,Pooja Rao,Tamil Nadu,166816,169118,1.01,0,0,0,3,0.2,NOT_REQUIRED,0
FRAUD_IN_40767,Ananya Gowda,Haryana,323182,332302,1.03,0,0,0,3,0.04,VERIFIED_VALID,0
FRAUD_IN_40768,Mamta Sheikh,Odisha,160325,149351,0.93,0,0,0,4,0.22,VERIFIED_VALID,0
FRAUD_IN_40769,Suresh Joshi,Karnataka,91875,710106,7.73,0,0,0,26,0.94,SUSPICIOUS,1
FRAUD_IN_40770,Mamta Deshmukh,Maharashtra,366432,342335,0.93,0,0,0,1,0.08,VERIFIED_VALID,0
FRAUD_IN_40771,Vijay Rao,Bihar,62729,358432,5.71,1,0,1,33,0.89,FAKE_CERTIFICATE,1
FRAUD_IN_40772,Dinesh Kaur,Punjab,389595,439649,1.13,0,0,0,2,0.12,VERIFIED_VALID,0
FRAUD_IN_40773,Karan Shah,Karnataka,265379,256204,0.97,0,0,0,3,0.1,VERIFIED_VALID,0
FRAUD_IN_40774,Sanjay Shah,Uttar Pradesh,344839,344668,1.0,0,0,0,4,0.0,VERIFIED_VALID,0
FRAUD_IN_40775,Deepak Gowda,Assam,320653,320349,1.0,0,0,0,3,0.2,VERIFIED_VALID,0
FRAUD_IN_40776,Deepika Deshmukh,Kerala,342441,350550,1.02,0,0,0,3,0.1,NOT_REQUIRED,0
FRAUD_IN_40777,Shweta Patel,Haryana,231098,245729,1.06,0,0,0,1,0.12,VERIFIED_VALID,0
FRAUD_IN_40778,Simran Das,Maharashtra,248036,245987,0.99,0,0,0,1,0.13,VERIFIED_VALID,0
FRAUD_IN_40779,Ganesh Kumar,Punjab,47498,44822,0.94,0,0,0,3,0.11,VERIFIED_VALID,0
FRAUD_IN_40780,Ganesh Mishra,Uttar Pradesh,260428,291778,1.12,0,0,0,4,0.04,VERIFIED_VALID,0
FRAUD_IN_40781,Priya Verma,Uttar Pradesh,55675,53804,0.97,0,0,0,4,0.1,VERIFIED_VALID,0
FRAUD_IN_40782,Kiran Verma,Madhya Pradesh,426850,408114,0.96,0,0,0,1,0.22,VERIFIED_VALID,0
FRAUD_IN_40783,Sujata Nair,Uttar Pradesh,265750,293348,1.1,0,0,0,1,0.05,NOT_REQUIRED,0
FRAUD_IN_40784,Prakash Gowda,Maharashtra,255531,275198,1.08,0,0,0,1,0.19,VERIFIED_VALID,0
FRAUD_IN_40785,Ananya Joshi,Haryana,69659,69056,0.99,0,0,0,2,0.06,VERIFIED_VALID,0
FRAUD_IN_40786,Deepak Singh,Bihar,147089,164684,1.12,0,0,0,4,0.18,VERIFIED_VALID,0
FRAUD_IN_40787,Manoj Das,Tamil Nadu,448320,435721,0.97,0,0,0,2,0.08,VERIFIED_VALID,0
FRAUD_IN_40788,Preeti Mehta,Madhya Pradesh,391229,403788,1.03,0,0,0,1,0.09,VERIFIED_VALID,0
FRAUD_IN_40789,Harpreet Gupta,Punjab,341167,388350,1.14,0,0,0,2,0.17,VERIFIED_VALID,0
FRAUD_IN_40790,Gurpreet Patil,Bihar,324857,333271,1.03,0,0,0,3,0.16,VERIFIED_VALID,0
FRAUD_IN_40791,Arjun Gupta,Kerala,398378,370484,0.93,0,0,0,4,0.03,VERIFIED_VALID,0
FRAUD_IN_40792,Sunita Reddy,Haryana,279773,2316019,8.28,1,1,1,12,0.92,UNVERIFIED,1
FRAUD_IN_40793,Tariq Das,Uttar Pradesh,215946,217779,1.01,0,0,0,3,0.19,VERIFIED_VALID,0
FRAUD_IN_40794,Mahesh Shah,Odisha,344447,377008,1.09,0,0,0,1,0.16,VERIFIED_VALID,0
FRAUD_IN_40795,Rohan Patel,Bihar,194487,197965,1.02,0,0,0,1,0.17,NOT_REQUIRED,0
FRAUD_IN_40796,Karan Rao,Tamil Nadu,114936,846337,7.36,0,0,1,34,0.8,UNVERIFIED,1
FRAUD_IN_40797,Lakshmi Nair,Assam,342117,373953,1.09,0,0,0,1,0.04,VERIFIED_VALID,0
FRAUD_IN_40798,Shweta Deshmukh,Tamil Nadu,88347,89752,1.02,0,0,0,3,0.0,VERIFIED_VALID,0
FRAUD_IN_40799,Lakshmi Patil,Rajasthan,317783,315029,0.99,0,0,0,3,0.05,VERIFIED_VALID,0
FRAUD_IN_40800,Sunita Das,Punjab,144575,151301,1.05,0,0,0,3,0.15,VERIFIED_VALID,0
FRAUD_IN_40801,Rekha Kumar,Kerala,267036,257408,0.96,0,0,0,3,0.15,NOT_REQUIRED,0
FRAUD_IN_40802,Kiran Gupta,Tamil Nadu,177576,172339,0.97,0,0,0,1,0.1,VERIFIED_VALID,0
FRAUD_IN_40803,Gurpreet Banerjee,Punjab,292451,324863,1.11,0,0,0,2,0.17,VERIFIED_VALID,0
FRAUD_IN_40804,Rajesh Mishra,Tamil Nadu,328875,328846,1.0,0,0,0,2,0.05,NOT_REQUIRED,0
FRAUD_IN_40805,Rajesh Patel,Assam,152863,167026,1.09,0,0,0,3,0.12,NOT_REQUIRED,0
FRAUD_IN_40806,Meena Patil,West Bengal,162880,180853,1.11,0,0,0,3,0.2,VERIFIED_VALID,0
FRAUD_IN_40807,Fatima Deshmukh,Maharashtra,217438,204944,0.94,0,0,0,2,0.13,VERIFIED_VALID,0
FRAUD_IN_40808,Mamta Sharma,Haryana,202966,225427,1.11,0,0,0,3,0.17,VERIFIED_VALID,0
FRAUD_IN_40809,Sunita Kaur,Tamil Nadu,400245,1253207,3.13,0,1,1,18,0.84,FAKE_CERTIFICATE,1
FRAUD_IN_40810,Mohammed Patil,Karnataka,443563,482023,1.09,0,0,0,4,0.09,NOT_REQUIRED,0
FRAUD_IN_40811,Sunil Rao,Punjab,74601,84097,1.13,0,0,0,3,0.03,VERIFIED_VALID,0
FRAUD_IN_40812,Fatima Kumar,Maharashtra,206228,232571,1.13,0,0,0,2,0.22,NOT_REQUIRED,0
FRAUD_IN_40813,Deepak Mehta,Maharashtra,101370,102570,1.01,0,0,0,2,0.1,NOT_REQUIRED,0
FRAUD_IN_40814,Deepak Gupta,Kerala,419033,480239,1.15,0,0,0,1,0.0,VERIFIED_VALID,0
FRAUD_IN_40815,Ramesh Chatterjee,Tamil Nadu,380005,423285,1.11,0,0,0,1,0.11,VERIFIED_VALID,0
FRAUD_IN_40816,Gurpreet Shah,Bihar,291529,334303,1.15,0,0,0,1,0.08,VERIFIED_VALID,0
FRAUD_IN_40817,Lakshmi Khan,Karnataka,208332,229368,1.1,0,0,0,1,0.09,VERIFIED_VALID,0
FRAUD_IN_40818,Ananya Shah,Uttar Pradesh,362915,334871,0.92,0,0,0,3,0.19,VERIFIED_VALID,0
FRAUD_IN_40819,Ananya Patel,Assam,79028,76269,0.97,0,0,0,3,0.02,VERIFIED_VALID,0
FRAUD_IN_40820,Priya Rao,Odisha,350983,377299,1.07,0,0,0,3,0.06,VERIFIED_VALID,0
FRAUD_IN_40821,Ganesh Singh,Tamil Nadu,52395,208231,3.97,1,1,1,33,0.7,UNVERIFIED,1
FRAUD_IN_40822,Manoj Banerjee,Uttar Pradesh,49666,50710,1.02,0,0,0,3,0.16,VERIFIED_VALID,0
FRAUD_IN_40823,Sangeeta Rao,Karnataka,288732,266044,0.92,0,0,0,1,0.05,NOT_REQUIRED,0
FRAUD_IN_40824,Shweta Das,Kerala,127425,144653,1.14,0,0,0,4,0.18,VERIFIED_VALID,0
FRAUD_IN_40825,Savita Verma,Punjab,223882,236601,1.06,0,0,0,1,0.13,VERIFIED_VALID,0
FRAUD_IN_40826,Karan Kulkarni,Rajasthan,388353,429509,1.11,0,0,0,1,0.09,VERIFIED_VALID,0
FRAUD_IN_40827,Priya Rao,Maharashtra,246375,1817374,7.38,0,0,1,22,0.93,FAKE_CERTIFICATE,1
FRAUD_IN_40828,Sangeeta Chaudhary,Haryana,125116,131879,1.05,0,0,0,1,0.08,NOT_REQUIRED,0
FRAUD_IN_40829,Ashok Das,Punjab,177942,184270,1.04,0,0,0,4,0.08,VERIFIED_VALID,0
FRAUD_IN_40830,Radha Patel,Odisha,260658,759834,2.92,1,1,1,30,0.78,SUSPICIOUS,1
FRAUD_IN_40831,Ashok Mishra,Haryana,281068,1624677,5.78,1,0,1,22,0.83,FAKE_CERTIFICATE,1
FRAUD_IN_40832,Kavita Joshi,Kerala,201731,209039,1.04,0,0,0,3,0.13,VERIFIED_VALID,0
FRAUD_IN_40833,Prakash Joshi,Odisha,422628,412723,0.98,0,0,0,3,0.14,VERIFIED_VALID,0
FRAUD_IN_40834,Gurpreet Reddy,Punjab,181109,185688,1.03,0,0,0,2,0.21,VERIFIED_VALID,0
FRAUD_IN_40835,Kavita Deshmukh,Odisha,43785,40979,0.94,0,0,0,1,0.03,VERIFIED_VALID,0
FRAUD_IN_40836,Simran Nair,Rajasthan,225558,220027,0.98,0,0,0,3,0.01,VERIFIED_VALID,0
FRAUD_IN_40837,Anil Gupta,Tamil Nadu,264526,259257,0.98,0,0,0,1,0.17,VERIFIED_VALID,0
FRAUD_IN_40838,Sunil Reddy,Assam,110006,125455,1.14,0,0,0,3,0.02,VERIFIED_VALID,0
FRAUD_IN_40839,Geeta Mehta,Bihar,323625,320000,0.99,0,0,0,4,0.15,VERIFIED_VALID,0
FRAUD_IN_40840,Gurpreet Nair,West Bengal,207528,195484,0.94,0,0,0,1,0.21,VERIFIED_VALID,0
FRAUD_IN_40841,Anita Nair,Kerala,234589,237292,1.01,0,0,0,1,0.06,VERIFIED_VALID,0
FRAUD_IN_40842,Priya Gupta,Rajasthan,243772,277814,1.14,0,0,0,3,0.22,VERIFIED_VALID,0
FRAUD_IN_40843,Sunita Das,West Bengal,40914,42870,1.05,0,0,0,1,0.08,VERIFIED_VALID,0
FRAUD_IN_40844,Sunita Singh,Gujarat,282566,290097,1.03,0,0,0,4,0.21,VERIFIED_VALID,0
FRAUD_IN_40845,Priya Chatterjee,Odisha,332882,370370,1.11,0,0,0,3,0.2,VERIFIED_VALID,0
FRAUD_IN_40846,Priya Sheikh,Uttar Pradesh,112870,127705,1.13,0,0,0,4,0.2,VERIFIED_VALID,0
FRAUD_IN_40847,Pradeep Patil,Uttar Pradesh,280261,1046223,3.73,0,0,1,27,0.93,UNVERIFIED,1
FRAUD_IN_40848,Simran Mishra,Kerala,435919,467400,1.07,0,0,0,1,0.06,VERIFIED_VALID,0
FRAUD_IN_40849,Manoj Reddy,Rajasthan,160320,162663,1.01,0,0,0,4,0.15,VERIFIED_VALID,0
FRAUD_IN_40850,Vijay Mishra,Tamil Nadu,365840,396102,1.08,0,0,0,1,0.17,VERIFIED_VALID,0
FRAUD_IN_40851,Ananya Chatterjee,Tamil Nadu,155064,177545,1.14,0,0,0,1,0.18,VERIFIED_VALID,0
FRAUD_IN_40852,Savita Deshmukh,Maharashtra,191473,209685,1.1,0,0,0,1,0.09,VERIFIED_VALID,0
FRAUD_IN_40853,Ganesh Patil,Maharashtra,255503,291331,1.14,0,0,0,1,0.04,VERIFIED_VALID,0
FRAUD_IN_40854,Gurpreet Kumar,Haryana,63186,60665,0.96,0,0,0,2,0.14,VERIFIED_VALID,0
FRAUD_IN_40855,Gurpreet Patil,Madhya Pradesh,153902,153859,1.0,0,0,0,3,0.15,VERIFIED_VALID,0
FRAUD_IN_40856,Geeta Shah,Assam,322416,307213,0.95,0,0,0,1,0.16,VERIFIED_VALID,0
FRAUD_IN_40857,Sanjay Reddy,Karnataka,384842,364229,0.95,0,0,0,3,0.12,VERIFIED_VALID,0
FRAUD_IN_40858,Pooja Chaudhary,Odisha,239581,223130,0.93,0,0,0,3,0.16,VERIFIED_VALID,0
FRAUD_IN_40859,Amit Reddy,Haryana,177303,179334,1.01,0,0,0,3,0.1,NOT_REQUIRED,0
FRAUD_IN_40860,Karan Banerjee,Rajasthan,313071,298641,0.95,0,0,0,2,0.14,VERIFIED_VALID,0
FRAUD_IN_40861,Rohan Khan,Tamil Nadu,279306,304088,1.09,0,0,0,2,0.12,VERIFIED_VALID,0
FRAUD_IN_40862,Dinesh Sharma,Odisha,155672,160537,1.03,0,0,0,2,0.17,VERIFIED_VALID,0
FRAUD_IN_40863,Harpreet Kaur,Bihar,192249,195160,1.02,0,0,1,4,0.05,VERIFIED_VALID,0
FRAUD_IN_40864,Karan Mehta,Karnataka,118974,131637,1.11,0,0,0,1,0.0,NOT_REQUIRED,0
FRAUD_IN_40865,Rekha Reddy,Assam,432316,435870,1.01,0,0,1,4,0.06,VERIFIED_VALID,0
FRAUD_IN_40866,Radha Deshmukh,Bihar,297144,339140,1.14,0,0,0,4,0.1,VERIFIED_VALID,0
FRAUD_IN_40867,Ganesh Reddy,Uttar Pradesh,231767,254014,1.1,0,0,0,2,0.13,VERIFIED_VALID,0
FRAUD_IN_40868,Radha Rao,Madhya Pradesh,223133,208342,0.93,0,0,0,2,0.2,NOT_REQUIRED,0
FRAUD_IN_40869,Prakash Gowda,Uttar Pradesh,387633,406749,1.05,0,0,0,4,0.05,VERIFIED_VALID,0
FRAUD_IN_40870,Kavita Gowda,Tamil Nadu,376887,403962,1.07,0,0,0,2,0.17,VERIFIED_VALID,0
FRAUD_IN_40871,Sunil Mehta,Uttar Pradesh,213030,206933,0.97,0,0,0,1,0.12,VERIFIED_VALID,0
FRAUD_IN_40872,Deepak Kaur,Punjab,156866,168267,1.07,0,0,0,1,0.19,NOT_REQUIRED,0
FRAUD_IN_40873,Savita Kumar,Gujarat,61661,70352,1.14,0,0,0,2,0.18,VERIFIED_VALID,0
FRAUD_IN_40874,Geeta Patil,Kerala,94195,105758,1.12,0,0,0,2,0.05,VERIFIED_VALID,0
FRAUD_IN_40875,Harpreet Patel,Rajasthan,365576,405690,1.11,0,0,0,2,0.21,VERIFIED_VALID,0
FRAUD_IN_40876,Bhavna Gowda,Punjab,296262,2193558,7.4,0,1,0,34,0.84,FAKE_CERTIFICATE,1
FRAUD_IN_40877,Deepak Nair,Tamil Nadu,270055,280262,1.04,0,0,0,3,0.2,VERIFIED_VALID,0
FRAUD_IN_40878,Vijay Gupta,Karnataka,290637,284397,0.98,0,0,0,4,0.15,VERIFIED_VALID,0
FRAUD_IN_40879,Ashok Patel,Tamil Nadu,404885,419228,1.04,0,0,0,4,0.14,VERIFIED_VALID,0
FRAUD_IN_40880,Manoj Sheikh,Madhya Pradesh,185001,193620,1.05,0,0,0,2,0.17,VERIFIED_VALID,0
FRAUD_IN_40881,Pooja Patel,Haryana,230264,224228,0.97,0,0,0,2,0.15,VERIFIED_VALID,0
FRAUD_IN_40882,Tariq Deshmukh,West Bengal,206688,197945,0.96,0,0,0,2,0.08,VERIFIED_VALID,0
FRAUD_IN_40883,Simran Joshi,West Bengal,58380,57811,0.99,0,0,0,1,0.04,VERIFIED_VALID,0
FRAUD_IN_40884,Sangeeta Gowda,Madhya Pradesh,43183,41498,0.96,0,0,0,4,0.09,VERIFIED_VALID,0
FRAUD_IN_40885,Fatima Kaur,Rajasthan,419930,1383371,3.29,1,0,0,12,0.74,FAKE_CERTIFICATE,1
FRAUD_IN_40886,Dinesh Das,Kerala,278310,316732,1.14,0,0,0,2,0.07,VERIFIED_VALID,0
FRAUD_IN_40887,Vijay Mehta,West Bengal,262561,275883,1.05,0,0,0,1,0.21,VERIFIED_VALID,0
FRAUD_IN_40888,Karan Mishra,Maharashtra,246329,281044,1.14,0,0,0,4,0.06,VERIFIED_VALID,0
FRAUD_IN_40889,Priya Chatterjee,Haryana,409541,413448,1.01,0,0,0,1,0.04,NOT_REQUIRED,0
FRAUD_IN_40890,Anita Singh,Kerala,399228,1789148,4.48,1,0,1,23,0.73,SUSPICIOUS,1
FRAUD_IN_40891,Vijay Chatterjee,Rajasthan,270137,298908,1.11,0,0,0,4,0.09,VERIFIED_VALID,0
FRAUD_IN_40892,Kavita Das,Haryana,248743,285868,1.15,0,0,0,4,0.13,VERIFIED_VALID,0
FRAUD_IN_40893,Vijay Singh,Maharashtra,241439,264441,1.1,0,0,0,4,0.04,VERIFIED_VALID,0
FRAUD_IN_40894,Harpreet Chaudhary,Punjab,297512,320687,1.08,0,0,0,1,0.11,NOT_REQUIRED,0
FRAUD_IN_40895,Suresh Sheikh,Haryana,135954,153798,1.13,0,0,0,4,0.2,NOT_REQUIRED,0
FRAUD_IN_40896,Ananya Khan,Assam,389940,372864,0.96,0,0,0,1,0.19,VERIFIED_VALID,0
FRAUD_IN_40897,Mahesh Deshmukh,Punjab,264499,253143,0.96,0,0,0,2,0.17,VERIFIED_VALID,0
FRAUD_IN_40898,Sujata Gupta,Kerala,303162,339450,1.12,0,0,0,3,0.01,VERIFIED_VALID,0
FRAUD_IN_40899,Shweta Sheikh,Haryana,181509,175926,0.97,0,0,0,1,0.04,VERIFIED_VALID,0
FRAUD_IN_40900,Meena Nair,Kerala,347836,368459,1.06,0,0,0,3,0.08,VERIFIED_VALID,0
FRAUD_IN_40901,Bhavna Patel,Gujarat,102967,98028,0.95,0,0,0,2,0.18,VERIFIED_VALID,0
FRAUD_IN_40902,Ayesha Das,Haryana,301824,341764,1.13,0,0,0,1,0.13,VERIFIED_VALID,0
FRAUD_IN_40903,Ganesh Mehta,Uttar Pradesh,357487,377846,1.06,0,0,0,4,0.09,NOT_REQUIRED,0
FRAUD_IN_40904,Simran Nair,West Bengal,368795,387389,1.05,0,0,0,3,0.19,VERIFIED_VALID,0
FRAUD_IN_40905,Sanjay Patel,Punjab,59088,337903,5.72,1,0,0,25,0.86,UNVERIFIED,1
FRAUD_IN_40906,Meena Kulkarni,West Bengal,363953,335551,0.92,0,0,0,4,0.01,NOT_REQUIRED,0
FRAUD_IN_40907,Rohan Reddy,Maharashtra,359508,2964412,8.25,1,1,1,11,0.75,SUSPICIOUS,1
FRAUD_IN_40908,Dinesh Nair,Assam,361981,339237,0.94,0,0,0,2,0.14,NOT_REQUIRED,0
FRAUD_IN_40909,Geeta Das,Assam,95249,108054,1.13,0,0,0,1,0.03,VERIFIED_VALID,0
FRAUD_IN_40910,Radha Rao,Kerala,351552,375319,1.07,0,0,0,3,0.03,NOT_REQUIRED,0
FRAUD_IN_40911,Sujata Khan,Maharashtra,49821,54063,1.09,0,0,0,2,0.12,NOT_REQUIRED,0
FRAUD_IN_40912,Deepika Kumar,Gujarat,85680,98520,1.15,0,0,0,3,0.16,NOT_REQUIRED,0
FRAUD_IN_40913,Radha Shah,Gujarat,410082,432691,1.06,0,0,0,2,0.03,VERIFIED_VALID,0
FRAUD_IN_40914,Rahul Khan,West Bengal,208400,205920,0.99,0,0,0,2,0.04,NOT_REQUIRED,0
FRAUD_IN_40915,Bhavna Singh,Odisha,442685,429568,0.97,0,0,0,3,0.2,VERIFIED_VALID,0
FRAUD_IN_40916,Tariq Shah,Karnataka,161531,175938,1.09,0,0,0,4,0.19,NOT_REQUIRED,0
FRAUD_IN_40917,Karan Mehta,Karnataka,226570,222179,0.98,0,0,0,3,0.06,VERIFIED_VALID,0
FRAUD_IN_40918,Gurpreet Shah,Assam,378913,356352,0.94,0,0,0,1,0.08,VERIFIED_VALID,0
FRAUD_IN_40919,Kavita Joshi,Karnataka,69871,217393,3.11,0,0,1,27,0.71,SUSPICIOUS,1
FRAUD_IN_40920,Mahesh Mehta,Uttar Pradesh,88761,83757,0.94,0,0,0,4,0.16,VERIFIED_VALID,0
FRAUD_IN_40921,Rajesh Patel,Karnataka,305341,338660,1.11,0,0,0,4,0.17,VERIFIED_VALID,0
FRAUD_IN_40922,Fatima Yadav,Gujarat,421207,442847,1.05,0,0,0,4,0.19,VERIFIED_VALID,0
FRAUD_IN_40923,Seema Chatterjee,Rajasthan,207994,207239,1.0,0,0,0,1,0.2,VERIFIED_VALID,0
FRAUD_IN_40924,Sunil Chatterjee,Bihar,398223,382961,0.96,0,0,0,2,0.1,VERIFIED_VALID,0
FRAUD_IN_40925,Rahul Yadav,Maharashtra,115828,117231,1.01,0,0,0,4,0.08,VERIFIED_VALID,0
FRAUD_IN_40926,Prakash Chatterjee,Haryana,232373,255131,1.1,0,0,0,1,0.14,NOT_REQUIRED,0
FRAUD_IN_40927,Ramesh Verma,Madhya Pradesh,389899,440127,1.13,0,0,0,3,0.17,VERIFIED_VALID,0
FRAUD_IN_40928,Amit Joshi,Gujarat,224082,218539,0.98,0,0,0,1,0.16,NOT_REQUIRED,0
FRAUD_IN_40929,Sanjay Rao,Odisha,413455,403882,0.98,0,0,0,2,0.17,VERIFIED_VALID,0
FRAUD_IN_40930,Deepak Gupta,Maharashtra,212238,238573,1.12,0,0,1,3,0.12,VERIFIED_VALID,0
FRAUD_IN_40931,Mohammed Kumar,West Bengal,349839,324300,0.93,0,0,0,3,0.19,VERIFIED_VALID,0
FRAUD_IN_40932,Rohan Gowda,Haryana,58098,55834,0.96,0,0,0,2,0.07,VERIFIED_VALID,0
FRAUD_IN_40933,Rekha Patel,Tamil Nadu,367096,342870,0.93,0,0,0,2,0.07,NOT_REQUIRED,0
FRAUD_IN_40934,Deepak Khan,Haryana,161415,171378,1.06,0,0,0,1,0.13,VERIFIED_VALID,0
FRAUD_IN_40935,Geeta Reddy,Odisha,192974,215007,1.11,0,0,0,2,0.0,VERIFIED_VALID,0
FRAUD_IN_40936,Meena Kumar,Odisha,408544,445297,1.09,0,0,0,2,0.19,NOT_REQUIRED,0
FRAUD_IN_40937,Vikram Chaudhary,Karnataka,206710,208758,1.01,0,0,0,3,0.01,VERIFIED_VALID,0
FRAUD_IN_40938,Rajesh Banerjee,Tamil Nadu,186669,174429,0.93,0,0,0,3,0.13,VERIFIED_VALID,0
FRAUD_IN_40939,Rohan Kulkarni,Maharashtra,387068,3048607,7.88,1,1,1,17,0.77,SUSPICIOUS,1
FRAUD_IN_40940,Priya Nair,Kerala,348318,341275,0.98,0,0,0,2,0.17,VERIFIED_VALID,0
FRAUD_IN_40941,Karan Gowda,Gujarat,365671,341130,0.93,0,0,0,2,0.19,NOT_REQUIRED,0
FRAUD_IN_40942,Mahesh Reddy,Assam,303873,309986,1.02,0,0,0,4,0.15,NOT_REQUIRED,0
FRAUD_IN_40943,Ayesha Reddy,Kerala,101026,98571,0.98,0,0,0,1,0.19,VERIFIED_VALID,0
FRAUD_IN_40944,Sangeeta Nair,Uttar Pradesh,407524,440144,1.08,0,0,0,1,0.19,VERIFIED_VALID,0
FRAUD_IN_40945,Rajesh Chatterjee,Bihar,176573,173499,0.98,0,0,0,4,0.2,VERIFIED_VALID,0
FRAUD_IN_40946,Suresh Reddy,Madhya Pradesh,100916,113678,1.13,0,0,1,4,0.03,VERIFIED_VALID,0
FRAUD_IN_40947,Kavita Singh,Madhya Pradesh,49278,50081,1.02,0,0,0,4,0.01,NOT_REQUIRED,0
FRAUD_IN_40948,Vikram Kumar,Punjab,407243,3053139,7.5,0,1,1,27,0.85,SUSPICIOUS,1
FRAUD_IN_40949,Mamta Khan,Odisha,356566,396025,1.11,0,0,0,1,0.21,VERIFIED_VALID,0
FRAUD_IN_40950,Amit Reddy,Kerala,80065,89778,1.12,0,0,0,4,0.11,VERIFIED_VALID,0
FRAUD_IN_40951,Radha Singh,Gujarat,94667,108273,1.14,0,0,0,3,0.15,VERIFIED_VALID,0
FRAUD_IN_40952,Kavita Das,Gujarat,145163,145959,1.01,0,0,0,2,0.0,VERIFIED_VALID,0
FRAUD_IN_40953,Vikram Verma,Assam,231222,252751,1.09,0,0,0,4,0.03,VERIFIED_VALID,0
FRAUD_IN_40954,Radha Deshmukh,Madhya Pradesh,159793,157035,0.98,0,0,0,2,0.01,VERIFIED_VALID,0
FRAUD_IN_40955,Geeta Kumar,Assam,37297,34483,0.92,0,0,0,2,0.14,NOT_REQUIRED,0
FRAUD_IN_40956,Sujata Sharma,Haryana,289361,327173,1.13,0,0,0,1,0.08,NOT_REQUIRED,0
FRAUD_IN_40957,Mahesh Patel,Karnataka,213809,239055,1.12,0,0,0,4,0.21,VERIFIED_VALID,0
FRAUD_IN_40958,Rajesh Mehta,Maharashtra,155581,143578,0.92,0,0,0,2,0.16,VERIFIED_VALID,0
FRAUD_IN_40959,Pooja Patil,Punjab,96391,90903,0.94,0,0,0,1,0.16,VERIFIED_VALID,0
FRAUD_IN_40960,Harpreet Sheikh,Rajasthan,88948,97225,1.09,0,0,0,3,0.21,VERIFIED_VALID,0
FRAUD_IN_40961,Deepika Patil,Uttar Pradesh,219956,233567,1.06,0,0,0,2,0.17,VERIFIED_VALID,0
FRAUD_IN_40962,Preeti Nair,Bihar,394513,368167,0.93,0,0,0,3,0.0,VERIFIED_VALID,0
FRAUD_IN_40963,Anil Gupta,Punjab,173810,164299,0.95,0,0,0,4,0.16,VERIFIED_VALID,0
FRAUD_IN_40964,Prakash Patel,Odisha,417039,437879,1.05,0,0,0,4,0.18,VERIFIED_VALID,0
FRAUD_IN_40965,Ayesha Chatterjee,Punjab,89763,96622,1.08,0,0,0,3,0.2,VERIFIED_VALID,0
FRAUD_IN_40966,Mohammed Sheikh,Gujarat,73241,83284,1.14,0,0,0,2,0.06,VERIFIED_VALID,0
FRAUD_IN_40967,Deepika Kulkarni,Odisha,120303,123218,1.02,0,0,0,4,0.17,VERIFIED_VALID,0
FRAUD_IN_40968,Deepak Gupta,Madhya Pradesh,229715,230622,1.0,0,0,0,1,0.12,NOT_REQUIRED,0
FRAUD_IN_40969,Ramesh Gowda,Uttar Pradesh,109797,115165,1.05,0,0,0,4,0.03,VERIFIED_VALID,0
FRAUD_IN_40970,Karan Patel,Odisha,128502,130671,1.02,0,0,0,1,0.01,NOT_REQUIRED,0
FRAUD_IN_40971,Deepak Chaudhary,Punjab,407149,389426,0.96,0,0,0,4,0.06,NOT_REQUIRED,0
FRAUD_IN_40972,Gurpreet Rao,Kerala,400333,396709,0.99,0,0,0,3,0.14,VERIFIED_VALID,0
FRAUD_IN_40973,Rajesh Yadav,Karnataka,106117,115650,1.09,0,0,0,3,0.07,VERIFIED_VALID,0
FRAUD_IN_40974,Geeta Nair,Punjab,346204,343849,0.99,0,0,1,2,0.12,VERIFIED_VALID,0
FRAUD_IN_40975,Anil Chatterjee,Assam,145597,507777,3.49,1,1,0,15,0.77,SUSPICIOUS,1
FRAUD_IN_40976,Geeta Chaudhary,Tamil Nadu,254878,265731,1.04,0,0,0,3,0.11,NOT_REQUIRED,0
FRAUD_IN_40977,Gurpreet Das,Haryana,129253,141440,1.09,0,0,0,2,0.17,NOT_REQUIRED,0
FRAUD_IN_40978,Sangeeta Chaudhary,Punjab,103266,103280,1.0,0,0,0,3,0.0,VERIFIED_VALID,0
FRAUD_IN_40979,Seema Joshi,Madhya Pradesh,158563,165557,1.04,0,0,1,3,0.2,VERIFIED_VALID,0
FRAUD_IN_40980,Rajesh Banerjee,West Bengal,223061,212185,0.95,0,0,0,2,0.09,VERIFIED_VALID,0
FRAUD_IN_40981,Anil Sheikh,Kerala,81249,76080,0.94,0,0,0,1,0.16,VERIFIED_VALID,0
FRAUD_IN_40982,Sangeeta Khan,Haryana,272709,1881007,6.9,1,0,0,10,0.95,FAKE_CERTIFICATE,1
FRAUD_IN_40983,Sunil Chatterjee,Kerala,153883,143635,0.93,0,0,0,2,0.17,VERIFIED_VALID,0
FRAUD_IN_40984,Geeta Rao,Uttar Pradesh,371417,417420,1.12,0,0,0,1,0.19,VERIFIED_VALID,0
FRAUD_IN_40985,Karan Singh,West Bengal,402951,377805,0.94,0,0,0,2,0.02,VERIFIED_VALID,0
FRAUD_IN_40986,Ayesha Patel,Maharashtra,274918,307975,1.12,0,0,0,3,0.13,VERIFIED_VALID,0
FRAUD_IN_40987,Vijay Kulkarni,Uttar Pradesh,294538,318350,1.08,0,0,0,4,0.21,VERIFIED_VALID,0
FRAUD_IN_40988,Vijay Kaur,Punjab,383957,400073,1.04,0,0,0,4,0.17,VERIFIED_VALID,0
FRAUD_IN_40989,Meena Das,Kerala,296760,296103,1.0,0,0,0,2,0.22,VERIFIED_VALID,0
FRAUD_IN_40990,Rekha Sheikh,Madhya Pradesh,215519,1004186,4.66,1,0,1,25,0.86,SUSPICIOUS,1
FRAUD_IN_40991,Sujata Singh,Rajasthan,327433,316886,0.97,0,0,0,2,0.21,VERIFIED_VALID,0
FRAUD_IN_40992,Sangeeta Patel,Gujarat,87571,83387,0.95,0,0,0,4,0.04,VERIFIED_VALID,0
FRAUD_IN_40993,Sujata Verma,Punjab,377137,1276092,3.38,1,0,0,27,0.88,UNVERIFIED,1
FRAUD_IN_40994,Rahul Kulkarni,Uttar Pradesh,314762,1477018,4.69,1,0,1,8,0.83,SUSPICIOUS,1
FRAUD_IN_40995,Pradeep Chaudhary,West Bengal,367909,361166,0.98,0,0,0,2,0.1,VERIFIED_VALID,0
FRAUD_IN_40996,Rahul Nair,Assam,198712,224214,1.13,0,0,0,1,0.16,VERIFIED_VALID,0
FRAUD_IN_40997,Savita Sharma,Karnataka,337172,323705,0.96,0,0,0,3,0.09,VERIFIED_VALID,0
FRAUD_IN_40998,Rahul Sheikh,Uttar Pradesh,378073,390771,1.03,0,0,0,1,0.18,VERIFIED_VALID,0
FRAUD_IN_40999,Rahul Joshi,Tamil Nadu,375863,1947401,5.18,1,0,0,33,0.81,SUSPICIOUS,1
FRAUD_IN_41000,Ayesha Chatterjee,West Bengal,389017,371832,0.96,0,0,0,1,0.01,VERIFIED_VALID,0
FRAUD_IN_41001,Rajesh Kumar,Bihar,237280,1218750,5.14,1,0,1,15,0.72,SUSPICIOUS,1
FRAUD_IN_41002,Shweta Deshmukh,Uttar Pradesh,414684,2287136,5.52,1,0,1,10,0.96,UNVERIFIED,1
FRAUD_IN_41003,Sunil Patil,Maharashtra,387558,443168,1.14,0,0,0,4,0.12,NOT_REQUIRED,0
FRAUD_IN_41004,Rahul Banerjee,Maharashtra,370902,342618,0.92,0,0,0,2,0.04,NOT_REQUIRED,0
FRAUD_IN_41005,Neha Singh,Karnataka,373748,390470,1.04,0,0,0,3,0.16,VERIFIED_VALID,0
FRAUD_IN_41006,Sanjay Chatterjee,Rajasthan,391610,397644,1.02,0,0,0,1,0.0,VERIFIED_VALID,0
FRAUD_IN_41007,Shweta Mehta,Uttar Pradesh,118510,116761,0.99,0,0,0,4,0.09,VERIFIED_VALID,0
FRAUD_IN_41008,Vijay Kaur,Rajasthan,65946,69673,1.06,0,0,0,2,0.06,VERIFIED_VALID,0
FRAUD_IN_41009,Suresh Nair,Odisha,196759,190526,0.97,0,0,0,2,0.08,VERIFIED_VALID,0
FRAUD_IN_41010,Karan Patil,Karnataka,106111,102334,0.96,0,0,0,3,0.18,NOT_REQUIRED,0
FRAUD_IN_41011,Anita Patel,Rajasthan,321043,302980,0.94,0,0,0,3,0.16,VERIFIED_VALID,0
FRAUD_IN_41012,Savita Reddy,Madhya Pradesh,38148,37616,0.99,0,0,0,2,0.22,VERIFIED_VALID,0
FRAUD_IN_41013,Simran Sharma,Madhya Pradesh,394361,379253,0.96,0,0,0,4,0.2,VERIFIED_VALID,0
FRAUD_IN_41014,Mahesh Singh,Madhya Pradesh,156187,144583,0.93,0,0,0,4,0.12,VERIFIED_VALID,0
FRAUD_IN_41015,Meena Rao,Uttar Pradesh,214094,226563,1.06,0,0,0,3,0.02,VERIFIED_VALID,0
FRAUD_IN_41016,Sanjay Patil,Kerala,300847,309960,1.03,0,0,0,2,0.17,VERIFIED_VALID,0
FRAUD_IN_41017,Sunita Singh,Bihar,392544,391085,1.0,0,0,0,1,0.06,VERIFIED_VALID,0
FRAUD_IN_41018,Ananya Shah,Bihar,41765,40881,0.98,0,0,0,3,0.08,NOT_REQUIRED,0
FRAUD_IN_41019,Anita Singh,Kerala,156862,607749,3.87,0,0,1,11,0.87,SUSPICIOUS,1
FRAUD_IN_41020,Mamta Joshi,Gujarat,281063,299067,1.06,0,0,0,2,0.15,VERIFIED_VALID,0
FRAUD_IN_41021,Ayesha Shah,Tamil Nadu,127709,140648,1.1,0,0,0,4,0.1,VERIFIED_VALID,0
FRAUD_IN_41022,Radha Sharma,Bihar,269361,300215,1.11,0,0,0,3,0.02,VERIFIED_VALID,0
FRAUD_IN_41023,Geeta Singh,Karnataka,72939,69751,0.96,0,0,0,1,0.0,NOT_REQUIRED,0
FRAUD_IN_41024,Arjun Kumar,Assam,202490,220479,1.09,0,0,0,3,0.03,VERIFIED_VALID,0
FRAUD_IN_41025,Vikram Nair,Maharashtra,99938,109551,1.1,0,0,0,4,0.0,NOT_REQUIRED,0
FRAUD_IN_41026,Mohammed Chatterjee,Maharashtra,224923,213893,0.95,0,0,0,2,0.18,VERIFIED_VALID,0
FRAUD_IN_41027,Arjun Verma,Bihar,293122,307972,1.05,0,0,0,3,0.02,VERIFIED_VALID,0
FRAUD_IN_41028,Lakshmi Rao,Madhya Pradesh,49819,47729,0.96,0,0,0,1,0.14,VERIFIED_VALID,0
FRAUD_IN_41029,Dinesh Deshmukh,Uttar Pradesh,256056,290826,1.14,0,0,0,4,0.05,VERIFIED_VALID,0
FRAUD_IN_41030,Suresh Chatterjee,Assam,140907,143127,1.02,0,0,0,1,0.11,VERIFIED_VALID,0
FRAUD_IN_41031,Fatima Gowda,Punjab,146317,150037,1.03,0,0,0,2,0.2,NOT_REQUIRED,0
FRAUD_IN_41032,Arjun Shah,Punjab,374829,381648,1.02,0,0,0,3,0.15,VERIFIED_VALID,0
FRAUD_IN_41033,Rahul Gupta,Rajasthan,307184,1902090,6.19,1,1,1,30,0.72,FAKE_CERTIFICATE,1
FRAUD_IN_41034,Geeta Chatterjee,Odisha,245320,1803501,7.35,0,0,1,35,0.71,SUSPICIOUS,1
FRAUD_IN_41035,Radha Chatterjee,Punjab,255789,282081,1.1,0,0,0,4,0.02,VERIFIED_VALID,0
FRAUD_IN_41036,Sanjay Reddy,Karnataka,330380,315094,0.95,0,0,0,4,0.16,NOT_REQUIRED,0
FRAUD_IN_41037,Rajesh Joshi,Bihar,53585,60552,1.13,0,0,0,3,0.22,VERIFIED_VALID,0
FRAUD_IN_41038,Kavita Banerjee,Tamil Nadu,312826,296137,0.95,0,0,1,3,0.19,VERIFIED_VALID,0
FRAUD_IN_41039,Amit Sheikh,Kerala,343271,382786,1.12,0,0,0,4,0.2,VERIFIED_VALID,0
FRAUD_IN_41040,Harpreet Singh,Kerala,125415,127555,1.02,0,0,0,4,0.03,VERIFIED_VALID,0
FRAUD_IN_41041,Vijay Banerjee,Gujarat,64655,68824,1.06,0,0,0,1,0.09,VERIFIED_VALID,0
FRAUD_IN_41042,Lakshmi Kulkarni,West Bengal,334757,340016,1.02,0,0,0,1,0.02,VERIFIED_VALID,0
FRAUD_IN_41043,Pradeep Chaudhary,Madhya Pradesh,300956,307093,1.02,0,0,0,4,0.1,VERIFIED_VALID,0
FRAUD_IN_41044,Neha Sharma,Karnataka,433955,480529,1.11,0,0,0,2,0.18,VERIFIED_VALID,0
FRAUD_IN_41045,Arjun Rao,Odisha,80941,326671,4.04,1,1,0,35,0.84,SUSPICIOUS,1
FRAUD_IN_41046,Prakash Sharma,Gujarat,311547,303085,0.97,0,0,0,2,0.14,VERIFIED_VALID,0
FRAUD_IN_41047,Savita Kulkarni,Haryana,404233,447570,1.11,0,0,0,1,0.05,VERIFIED_VALID,0
FRAUD_IN_41048,Dinesh Rao,Karnataka,358463,349003,0.97,0,0,0,2,0.06,NOT_REQUIRED,0
FRAUD_IN_41049,Vikram Verma,West Bengal,332625,342863,1.03,0,0,0,3,0.06,VERIFIED_VALID,0
FRAUD_IN_41050,Sujata Mehta,Karnataka,170841,167785,0.98,0,0,0,1,0.07,VERIFIED_VALID,0
FRAUD_IN_41051,Gurpreet Joshi,Kerala,153091,170156,1.11,0,0,0,3,0.1,NOT_REQUIRED,0
FRAUD_IN_41052,Tariq Chatterjee,Maharashtra,253445,238243,0.94,0,0,0,3,0.08,NOT_REQUIRED,0
FRAUD_IN_41053,Simran Kumar,West Bengal,278188,315846,1.14,0,0,0,1,0.04,VERIFIED_VALID,0
FRAUD_IN_41054,Bhavna Chaudhary,Kerala,154736,157747,1.02,0,0,1,1,0.07,NOT_REQUIRED,0
FRAUD_IN_41055,Prakash Shah,Kerala,62691,62150,0.99,0,0,0,2,0.05,VERIFIED_VALID,0
FRAUD_IN_41056,Vikram Das,Haryana,444705,493918,1.11,0,0,0,3,0.0,NOT_REQUIRED,0
FRAUD_IN_41057,Savita Das,Punjab,393729,367052,0.93,0,0,0,2,0.17,VERIFIED_VALID,0
FRAUD_IN_41058,Gurpreet Chatterjee,Haryana,363388,402129,1.11,0,0,0,1,0.04,VERIFIED_VALID,0
FRAUD_IN_41059,Geeta Chatterjee,Assam,179800,170063,0.95,0,0,0,2,0.14,NOT_REQUIRED,0
FRAUD_IN_41060,Lakshmi Chaudhary,Tamil Nadu,376112,369592,0.98,0,0,0,1,0.1,VERIFIED_VALID,0
FRAUD_IN_41061,Dinesh Singh,Odisha,238362,224946,0.94,0,0,0,3,0.0,VERIFIED_VALID,0
FRAUD_IN_41062,Sunita Rao,Karnataka,46789,48817,1.04,0,0,0,2,0.01,VERIFIED_VALID,0
FRAUD_IN_41063,Mahesh Patil,Karnataka,408078,454806,1.11,0,0,0,3,0.17,VERIFIED_VALID,0
FRAUD_IN_41064,Fatima Nair,Tamil Nadu,438574,467939,1.07,0,0,0,3,0.08,VERIFIED_VALID,0
FRAUD_IN_41065,Ayesha Das,Assam,183734,210710,1.15,0,0,1,2,0.04,VERIFIED_VALID,0
FRAUD_IN_41066,Pradeep Kaur,Kerala,414432,399343,0.96,0,0,0,4,0.13,VERIFIED_VALID,0
FRAUD_IN_41067,Rahul Patel,Bihar,208301,200535,0.96,0,0,0,4,0.04,VERIFIED_VALID,0
FRAUD_IN_41068,Meena Kumar,Rajasthan,425734,392596,0.92,0,0,0,3,0.17,VERIFIED_VALID,0
FRAUD_IN_41069,Lakshmi Banerjee,Karnataka,371559,357846,0.96,0,0,1,2,0.21,VERIFIED_VALID,0
FRAUD_IN_41070,Priya Kaur,Haryana,149803,149484,1.0,0,0,0,4,0.06,VERIFIED_VALID,0
FRAUD_IN_41071,Lakshmi Mehta,Karnataka,209012,223862,1.07,0,0,0,3,0.16,VERIFIED_VALID,0
FRAUD_IN_41072,Ganesh Singh,Kerala,399564,367804,0.92,0,0,0,3,0.21,VERIFIED_VALID,0
FRAUD_IN_41073,Suresh Joshi,Odisha,322295,303134,0.94,0,0,0,1,0.17,VERIFIED_VALID,0
FRAUD_IN_41074,Pooja Nair,Maharashtra,97005,105296,1.09,0,0,0,2,0.13,VERIFIED_VALID,0
FRAUD_IN_41075,Ashok Patil,Madhya Pradesh,444018,480793,1.08,0,0,1,3,0.03,VERIFIED_VALID,0
FRAUD_IN_41076,Pradeep Mishra,Punjab,370303,394760,1.07,0,0,0,1,0.11,VERIFIED_VALID,0
FRAUD_IN_41077,Ganesh Banerjee,Gujarat,249153,1086995,4.36,1,0,1,35,0.74,FAKE_CERTIFICATE,1
FRAUD_IN_41078,Mahesh Yadav,Punjab,356676,342856,0.96,0,0,1,3,0.16,VERIFIED_VALID,0
FRAUD_IN_41079,Deepika Joshi,Gujarat,155471,148016,0.95,0,0,0,3,0.03,VERIFIED_VALID,0
FRAUD_IN_41080,Vijay Yadav,Karnataka,205844,199930,0.97,0,0,1,2,0.17,VERIFIED_VALID,0
FRAUD_IN_41081,Preeti Khan,Odisha,317883,347396,1.09,0,0,0,2,0.08,VERIFIED_VALID,0
FRAUD_IN_41082,Sujata Gowda,West Bengal,97168,94722,0.97,0,0,0,4,0.03,VERIFIED_VALID,0
FRAUD_IN_41083,Savita Chatterjee,Tamil Nadu,345973,1023074,2.96,1,0,0,19,0.81,SUSPICIOUS,1
FRAUD_IN_41084,Amit Mishra,Maharashtra,433495,486192,1.12,0,0,0,2,0.14,VERIFIED_VALID,0
FRAUD_IN_41085,Simran Verma,Maharashtra,45695,48613,1.06,0,0,0,2,0.03,NOT_REQUIRED,0
FRAUD_IN_41086,Ramesh Khan,Gujarat,41937,39598,0.94,0,0,0,2,0.05,VERIFIED_VALID,0
FRAUD_IN_41087,Sanjay Sheikh,Karnataka,49922,51105,1.02,0,0,0,3,0.06,VERIFIED_VALID,0
FRAUD_IN_41088,Ramesh Gupta,Haryana,179557,195129,1.09,0,0,0,1,0.13,VERIFIED_VALID,0
FRAUD_IN_41089,Ashok Gowda,Haryana,305471,281648,0.92,0,0,0,4,0.0,VERIFIED_VALID,0
FRAUD_IN_41090,Sujata Kulkarni,Odisha,300970,303511,1.01,0,0,0,2,0.17,VERIFIED_VALID,0
FRAUD_IN_41091,Ashok Kulkarni,Madhya Pradesh,268006,248273,0.93,0,0,0,1,0.1,VERIFIED_VALID,0
FRAUD_IN_41092,Harpreet Chaudhary,Gujarat,169933,1159809,6.83,1,0,0,27,0.71,SUSPICIOUS,1
FRAUD_IN_41093,Deepika Singh,Punjab,137699,147319,1.07,0,0,0,4,0.01,VERIFIED_VALID,0
FRAUD_IN_41094,Pooja Banerjee,Karnataka,165309,157470,0.95,0,0,0,4,0.15,VERIFIED_VALID,0
FRAUD_IN_41095,Ganesh Nair,Kerala,274291,283012,1.03,0,0,0,4,0.17,VERIFIED_VALID,0
FRAUD_IN_41096,Tariq Sheikh,Odisha,160548,645911,4.02,1,1,1,24,0.92,SUSPICIOUS,1
FRAUD_IN_41097,Ramesh Patil,Rajasthan,255576,273019,1.07,0,0,0,3,0.14,VERIFIED_VALID,0
FRAUD_IN_41098,Anita Mishra,Karnataka,73902,416513,5.64,0,0,1,15,0.9,UNVERIFIED,1
FRAUD_IN_41099,Anita Shah,Kerala,236554,244219,1.03,0,0,0,2,0.05,VERIFIED_VALID,0
FRAUD_IN_41100,Deepika Das,Odisha,204463,188826,0.92,0,0,0,2,0.22,NOT_REQUIRED,0
FRAUD_IN_41101,Seema Singh,Uttar Pradesh,63216,415547,6.57,0,0,1,22,0.83,FAKE_CERTIFICATE,1
FRAUD_IN_41102,Mamta Banerjee,Rajasthan,448870,2470627,5.5,0,0,1,9,0.69,UNVERIFIED,1
FRAUD_IN_41103,Suresh Verma,Punjab,370419,364647,0.98,0,0,0,4,0.08,NOT_REQUIRED,0
FRAUD_IN_41104,Prakash Verma,Assam,381030,419167,1.1,0,0,0,2,0.1,VERIFIED_VALID,0
FRAUD_IN_41105,Deepika Yadav,Bihar,85247,95194,1.12,0,0,0,3,0.02,VERIFIED_VALID,0
FRAUD_IN_41106,Deepak Deshmukh,Uttar Pradesh,96744,103905,1.07,0,0,0,4,0.2,VERIFIED_VALID,0
FRAUD_IN_41107,Sunita Das,Kerala,424970,408161,0.96,0,0,0,2,0.09,VERIFIED_VALID,0
FRAUD_IN_41108,Rajesh Shah,Odisha,154561,156129,1.01,0,0,0,3,0.01,NOT_REQUIRED,0
FRAUD_IN_41109,Neha Kulkarni,Odisha,101843,104603,1.03,0,0,0,2,0.01,VERIFIED_VALID,0
FRAUD_IN_41110,Kiran Kumar,Kerala,178750,179798,1.01,0,0,0,3,0.01,VERIFIED_VALID,0
FRAUD_IN_41111,Manoj Reddy,Uttar Pradesh,449663,457769,1.02,0,0,0,3,0.2,NOT_REQUIRED,0
FRAUD_IN_41112,Ramesh Patil,West Bengal,285526,294111,1.03,0,0,0,2,0.18,NOT_REQUIRED,0
FRAUD_IN_41113,Ashok Khan,Assam,180900,192348,1.06,0,0,0,4,0.14,NOT_REQUIRED,0
FRAUD_IN_41114,Rajesh Chatterjee,Madhya Pradesh,404960,453860,1.12,0,0,0,3,0.12,VERIFIED_VALID,0
FRAUD_IN_41115,Arjun Kulkarni,Tamil Nadu,163322,185850,1.14,0,0,0,3,0.09,VERIFIED_VALID,0
FRAUD_IN_41116,Prakash Deshmukh,Uttar Pradesh,77907,89021,1.14,0,0,0,4,0.02,VERIFIED_VALID,0
FRAUD_IN_41117,Neha Banerjee,Kerala,264264,250069,0.95,0,0,0,1,0.13,VERIFIED_VALID,0
FRAUD_IN_41118,Ramesh Verma,Bihar,296181,324488,1.1,0,0,0,4,0.2,VERIFIED_VALID,0
FRAUD_IN_41119,Dinesh Joshi,Punjab,417306,433852,1.04,0,0,0,3,0.17,VERIFIED_VALID,0
FRAUD_IN_41120,Sanjay Khan,Odisha,232006,262245,1.13,0,0,0,1,0.21,VERIFIED_VALID,0
FRAUD_IN_41121,Shweta Das,Maharashtra,255917,271699,1.06,0,0,0,1,0.2,VERIFIED_VALID,0
FRAUD_IN_41122,Preeti Mishra,Karnataka,88580,95120,1.07,0,0,0,4,0.02,VERIFIED_VALID,0
FRAUD_IN_41123,Ashok Das,Madhya Pradesh,335316,379908,1.13,0,0,0,2,0.13,VERIFIED_VALID,0
FRAUD_IN_41124,Priya Nair,Kerala,283430,320984,1.13,0,0,0,4,0.12,VERIFIED_VALID,0
FRAUD_IN_41125,Rahul Reddy,Haryana,391065,400502,1.02,0,0,0,1,0.13,NOT_REQUIRED,0
FRAUD_IN_41126,Ashok Das,Rajasthan,413485,1520551,3.68,0,0,0,19,0.73,SUSPICIOUS,1
FRAUD_IN_41127,Ganesh Patel,Rajasthan,386385,433297,1.12,0,0,0,4,0.12,NOT_REQUIRED,0
FRAUD_IN_41128,Bhavna Gowda,Karnataka,260245,268370,1.03,0,0,0,4,0.06,VERIFIED_VALID,0
FRAUD_IN_41129,Ramesh Mehta,Madhya Pradesh,182588,992335,5.43,1,0,1,8,0.98,UNVERIFIED,1
FRAUD_IN_41130,Arjun Kumar,Gujarat,302933,338129,1.12,0,0,0,1,0.14,VERIFIED_VALID,0
FRAUD_IN_41131,Vijay Gowda,West Bengal,114225,114459,1.0,0,0,0,2,0.17,VERIFIED_VALID,0
FRAUD_IN_41132,Vijay Mehta,Odisha,300169,301183,1.0,0,0,0,4,0.11,VERIFIED_VALID,0
FRAUD_IN_41133,Rajesh Kumar,Odisha,76442,80109,1.05,0,0,0,3,0.0,VERIFIED_VALID,0
FRAUD_IN_41134,Harpreet Nair,Punjab,375379,364560,0.97,0,0,1,1,0.08,VERIFIED_VALID,0
FRAUD_IN_41135,Pooja Patel,Rajasthan,261778,297288,1.14,0,0,0,2,0.06,VERIFIED_VALID,0
FRAUD_IN_41136,Mohammed Patel,Rajasthan,166516,164031,0.99,0,0,0,2,0.17,NOT_REQUIRED,0
FRAUD_IN_41137,Lakshmi Mehta,Kerala,428396,480561,1.12,0,0,0,1,0.13,VERIFIED_VALID,0
FRAUD_IN_41138,Deepak Sharma,Gujarat,286544,317247,1.11,0,0,0,1,0.19,VERIFIED_VALID,0
FRAUD_IN_41139,Ananya Singh,Punjab,268822,1065675,3.96,1,1,1,34,0.83,SUSPICIOUS,1
FRAUD_IN_41140,Rahul Singh,Madhya Pradesh,253465,290322,1.15,0,0,0,2,0.2,VERIFIED_VALID,0
FRAUD_IN_41141,Manoj Shah,Rajasthan,67211,65839,0.98,0,0,0,1,0.02,VERIFIED_VALID,0
FRAUD_IN_41142,Pradeep Khan,West Bengal,323075,329726,1.02,0,0,0,2,0.03,NOT_REQUIRED,0
FRAUD_IN_41143,Neha Shah,Rajasthan,311865,318491,1.02,0,0,0,4,0.13,VERIFIED_VALID,0
FRAUD_IN_41144,Ananya Nair,Assam,257314,265547,1.03,0,0,0,3,0.16,VERIFIED_VALID,0
FRAUD_IN_41145,Savita Sharma,Uttar Pradesh,385834,1978951,5.13,1,1,0,14,0.72,UNVERIFIED,1
FRAUD_IN_41146,Sangeeta Shah,Assam,299925,338627,1.13,0,0,0,4,0.1,VERIFIED_VALID,0
FRAUD_IN_41147,Mohammed Singh,Gujarat,182716,208838,1.14,0,0,0,2,0.0,VERIFIED_VALID,0
FRAUD_IN_41148,Harpreet Joshi,Gujarat,38885,40030,1.03,0,0,0,4,0.21,NOT_REQUIRED,0
FRAUD_IN_41149,Sunil Chatterjee,Uttar Pradesh,92749,99912,1.08,0,0,0,3,0.07,VERIFIED_VALID,0
FRAUD_IN_41150,Tariq Yadav,Bihar,199180,196481,0.99,0,0,0,1,0.18,VERIFIED_VALID,0
FRAUD_IN_41151,Pooja Mehta,Bihar,82160,85100,1.04,0,0,0,2,0.09,VERIFIED_VALID,0
FRAUD_IN_41152,Meena Chaudhary,Rajasthan,52521,57920,1.1,0,0,0,2,0.14,VERIFIED_VALID,0
FRAUD_IN_41153,Radha Kumar,Haryana,178505,1115079,6.25,1,0,1,19,0.94,SUSPICIOUS,1
FRAUD_IN_41154,Amit Kumar,Maharashtra,435880,424923,0.97,0,0,0,4,0.17,VERIFIED_VALID,0
FRAUD_IN_41155,Fatima Kaur,Punjab,292114,329049,1.13,0,0,1,2,0.04,VERIFIED_VALID,0
FRAUD_IN_41156,Pradeep Reddy,Maharashtra,129500,465438,3.59,0,0,0,35,0.96,SUSPICIOUS,1
FRAUD_IN_41157,Rahul Singh,Kerala,333345,366768,1.1,0,0,0,1,0.03,VERIFIED_VALID,0
FRAUD_IN_41158,Priya Patel,West Bengal,445978,511544,1.15,0,0,0,1,0.09,NOT_REQUIRED,0
FRAUD_IN_41159,Sunita Banerjee,Assam,245613,269172,1.1,0,0,0,2,0.02,VERIFIED_VALID,0
FRAUD_IN_41160,Harpreet Nair,Maharashtra,324642,299436,0.92,0,0,1,3,0.02,VERIFIED_VALID,0
FRAUD_IN_41161,Harpreet Chatterjee,Bihar,139514,147785,1.06,0,0,0,1,0.08,VERIFIED_VALID,0
FRAUD_IN_41162,Ananya Mehta,Karnataka,151451,147088,0.97,0,0,0,3,0.19,VERIFIED_VALID,0
FRAUD_IN_41163,Deepak Patel,Odisha,137405,131978,0.96,0,0,0,1,0.07,VERIFIED_VALID,0
FRAUD_IN_41164,Sunil Chatterjee,Kerala,446649,504665,1.13,0,0,0,1,0.17,NOT_REQUIRED,0
FRAUD_IN_41165,Ashok Gowda,West Bengal,445800,467373,1.05,0,0,0,4,0.18,VERIFIED_VALID,0
FRAUD_IN_41166,Seema Rao,Kerala,320644,324540,1.01,0,0,0,3,0.01,VERIFIED_VALID,0
FRAUD_IN_41167,Vikram Kaur,Karnataka,268833,282947,1.05,0,0,0,1,0.16,VERIFIED_VALID,0
FRAUD_IN_41168,Fatima Verma,Punjab,128901,137293,1.07,0,0,0,4,0.0,VERIFIED_VALID,0
FRAUD_IN_41169,Harpreet Gupta,Karnataka,254383,255899,1.01,0,0,0,2,0.01,VERIFIED_VALID,0
FRAUD_IN_41170,Pradeep Mishra,Rajasthan,381836,408055,1.07,0,0,0,2,0.05,NOT_REQUIRED,0
FRAUD_IN_41171,Tariq Deshmukh,Kerala,265032,268881,1.01,0,0,0,1,0.16,VERIFIED_VALID,0
FRAUD_IN_41172,Deepika Verma,Haryana,101531,112339,1.11,0,0,0,1,0.21,NOT_REQUIRED,0
FRAUD_IN_41173,Ananya Rao,Gujarat,387206,437789,1.13,0,0,0,1,0.14,NOT_REQUIRED,0
FRAUD_IN_41174,Preeti Kulkarni,Bihar,73727,74213,1.01,0,0,0,1,0.13,VERIFIED_VALID,0
FRAUD_IN_41175,Ramesh Verma,Odisha,215957,222071,1.03,0,0,0,3,0.16,VERIFIED_VALID,0
FRAUD_IN_41176,Deepika Joshi,Gujarat,189282,211386,1.12,0,0,0,4,0.01,VERIFIED_VALID,0
FRAUD_IN_41177,Prakash Mehta,Rajasthan,74072,76188,1.03,0,0,0,3,0.17,VERIFIED_VALID,0
FRAUD_IN_41178,Vikram Joshi,Maharashtra,419628,406297,0.97,0,0,0,3,0.18,VERIFIED_VALID,0
FRAUD_IN_41179,Prakash Verma,Assam,130827,147478,1.13,0,0,0,3,0.03,VERIFIED_VALID,0
FRAUD_IN_41180,Vijay Sheikh,Maharashtra,128024,125708,0.98,0,0,0,4,0.05,VERIFIED_VALID,0
FRAUD_IN_41181,Deepika Das,Bihar,436753,435662,1.0,0,0,0,4,0.0,VERIFIED_VALID,0
FRAUD_IN_41182,Sangeeta Yadav,Haryana,193831,189752,0.98,0,0,0,4,0.08,VERIFIED_VALID,0
FRAUD_IN_41183,Ashok Patil,Odisha,273522,307799,1.13,0,0,0,3,0.11,VERIFIED_VALID,0
FRAUD_IN_41184,Bhavna Reddy,Karnataka,251923,250818,1.0,0,0,0,2,0.17,NOT_REQUIRED,0
FRAUD_IN_41185,Ganesh Reddy,Maharashtra,252031,280942,1.11,0,0,0,2,0.17,VERIFIED_VALID,0
FRAUD_IN_41186,Sangeeta Mishra,Maharashtra,278448,281006,1.01,0,0,0,1,0.19,VERIFIED_VALID,0
FRAUD_IN_41187,Savita Verma,Haryana,440484,3610399,8.2,1,1,0,19,0.82,UNVERIFIED,1
FRAUD_IN_41188,Sangeeta Gupta,Kerala,72295,524750,7.26,1,0,1,8,0.92,SUSPICIOUS,1
FRAUD_IN_41189,Sunita Sharma,Bihar,115371,805141,6.98,1,0,1,15,0.96,FAKE_CERTIFICATE,1
FRAUD_IN_41190,Harpreet Mishra,West Bengal,393172,371062,0.94,0,0,0,1,0.1,VERIFIED_VALID,0
FRAUD_IN_41191,Gurpreet Khan,Odisha,186801,214338,1.15,0,0,0,4,0.15,VERIFIED_VALID,0
FRAUD_IN_41192,Ashok Nair,Uttar Pradesh,335194,370314,1.1,0,0,0,4,0.0,NOT_REQUIRED,0
FRAUD_IN_41193,Mahesh Sheikh,Maharashtra,234137,232110,0.99,0,0,0,2,0.13,VERIFIED_VALID,0
FRAUD_IN_41194,Fatima Sheikh,Punjab,424583,455529,1.07,0,0,0,2,0.15,VERIFIED_VALID,0
FRAUD_IN_41195,Shweta Yadav,Bihar,349036,365751,1.05,0,0,0,3,0.15,VERIFIED_VALID,0
FRAUD_IN_41196,Prakash Das,Kerala,111880,123385,1.1,0,0,0,1,0.04,NOT_REQUIRED,0
FRAUD_IN_41197,Preeti Sheikh,Punjab,77988,77226,0.99,0,0,0,3,0.13,VERIFIED_VALID,0
FRAUD_IN_41198,Sangeeta Chaudhary,Assam,359382,363875,1.01,0,0,0,1,0.17,VERIFIED_VALID,0
FRAUD_IN_41199,Radha Kaur,Kerala,111368,117155,1.05,0,0,0,4,0.11,VERIFIED_VALID,0
FRAUD_IN_41200,Prakash Gowda,Rajasthan,35808,33184,0.93,0,0,0,3,0.16,VERIFIED_VALID,0
FRAUD_IN_41201,Preeti Das,Maharashtra,194219,207968,1.07,0,0,0,2,0.08,VERIFIED_VALID,0
FRAUD_IN_41202,Rohan Gupta,Madhya Pradesh,100137,99094,0.99,0,0,0,3,0.09,VERIFIED_VALID,0
FRAUD_IN_41203,Tariq Gupta,Kerala,145736,140940,0.97,0,0,0,1,0.17,VERIFIED_VALID,0
FRAUD_IN_41204,Ramesh Nair,Punjab,368440,356832,0.97,0,0,0,1,0.03,NOT_REQUIRED,0
FRAUD_IN_41205,Ramesh Deshmukh,Maharashtra,309308,314908,1.02,0,0,0,3,0.15,VERIFIED_VALID,0
FRAUD_IN_41206,Savita Das,Haryana,116787,112764,0.97,0,0,0,4,0.06,VERIFIED_VALID,0
FRAUD_IN_41207,Simran Kaur,West Bengal,59323,59586,1.0,0,0,0,1,0.15,VERIFIED_VALID,0
FRAUD_IN_41208,Rekha Sharma,Madhya Pradesh,90322,93690,1.04,0,0,0,2,0.16,VERIFIED_VALID,0
FRAUD_IN_41209,Anita Patil,Uttar Pradesh,298814,288740,0.97,0,0,1,2,0.14,VERIFIED_VALID,0
FRAUD_IN_41210,Suresh Kulkarni,Uttar Pradesh,158459,173161,1.09,0,0,0,1,0.08,NOT_REQUIRED,0
FRAUD_IN_41211,Meena Mehta,Rajasthan,69322,68988,1.0,0,0,1,4,0.06,VERIFIED_VALID,0
FRAUD_IN_41212,Anita Kaur,Gujarat,165590,158098,0.95,0,0,1,3,0.08,VERIFIED_VALID,0
FRAUD_IN_41213,Deepak Kumar,Bihar,253208,268333,1.06,0,0,0,3,0.06,NOT_REQUIRED,0
FRAUD_IN_41214,Deepak Shah,Rajasthan,343664,362301,1.05,0,0,0,3,0.01,VERIFIED_VALID,0
FRAUD_IN_41215,Tariq Khan,Kerala,347118,326600,0.94,0,0,0,3,0.16,VERIFIED_VALID,0
FRAUD_IN_41216,Anil Kulkarni,Punjab,384289,368021,0.96,0,0,0,3,0.07,VERIFIED_VALID,0
FRAUD_IN_41217,Kiran Singh,Madhya Pradesh,218194,245508,1.13,0,0,0,1,0.1,VERIFIED_VALID,0
FRAUD_IN_41218,Sunita Kumar,Odisha,115779,510219,4.41,1,0,1,31,0.76,SUSPICIOUS,1
FRAUD_IN_41219,Sanjay Mehta,Maharashtra,204035,195390,0.96,0,0,0,4,0.01,VERIFIED_VALID,0
FRAUD_IN_41220,Rekha Nair,Punjab,275030,281087,1.02,0,0,0,1,0.2,VERIFIED_VALID,0
FRAUD_IN_41221,Anita Shah,Maharashtra,52764,57935,1.1,0,0,0,3,0.16,VERIFIED_VALID,0
FRAUD_IN_41222,Sanjay Sharma,Gujarat,171119,165988,0.97,0,0,0,2,0.09,VERIFIED_VALID,0
FRAUD_IN_41223,Ananya Patel,Punjab,225273,217801,0.97,0,0,0,1,0.03,VERIFIED_VALID,0
FRAUD_IN_41224,Tariq Mehta,Haryana,82800,77389,0.93,0,0,0,1,0.04,VERIFIED_VALID,0
FRAUD_IN_41225,Arjun Yadav,Assam,275626,307010,1.11,0,0,0,2,0.19,VERIFIED_VALID,0
FRAUD_IN_41226,Deepika Das,Kerala,434002,472820,1.09,0,0,0,1,0.05,VERIFIED_VALID,0
FRAUD_IN_41227,Radha Chatterjee,Haryana,189223,201089,1.06,0,0,1,1,0.06,VERIFIED_VALID,0
FRAUD_IN_41228,Rohan Shah,Karnataka,100251,95460,0.95,0,0,0,2,0.02,NOT_REQUIRED,0
FRAUD_IN_41229,Karan Singh,Madhya Pradesh,53929,57641,1.07,0,0,0,3,0.05,VERIFIED_VALID,0
FRAUD_IN_41230,Prakash Patil,Rajasthan,212518,244227,1.15,0,0,0,2,0.1,VERIFIED_VALID,0
FRAUD_IN_41231,Simran Khan,Madhya Pradesh,278644,277878,1.0,0,0,0,4,0.12,NOT_REQUIRED,0
FRAUD_IN_41232,Dinesh Sheikh,Tamil Nadu,115217,128900,1.12,0,0,0,1,0.21,VERIFIED_VALID,0
FRAUD_IN_41233,Savita Deshmukh,Uttar Pradesh,241233,239979,0.99,0,0,0,2,0.17,VERIFIED_VALID,0
FRAUD_IN_41234,Preeti Mehta,Madhya Pradesh,282266,268820,0.95,0,0,0,3,0.19,VERIFIED_VALID,0
FRAUD_IN_41235,Tariq Singh,Uttar Pradesh,106612,122568,1.15,0,0,0,2,0.15,VERIFIED_VALID,0
FRAUD_IN_41236,Kiran Khan,Bihar,424355,394487,0.93,0,0,0,2,0.13,VERIFIED_VALID,0
FRAUD_IN_41237,Mamta Mishra,Madhya Pradesh,214471,198550,0.93,0,0,0,1,0.19,VERIFIED_VALID,0
FRAUD_IN_41238,Anita Khan,Assam,76891,79860,1.04,0,0,0,2,0.1,VERIFIED_VALID,0
FRAUD_IN_41239,Vijay Kumar,West Bengal,244503,261047,1.07,0,0,0,4,0.22,VERIFIED_VALID,0
FRAUD_IN_41240,Ramesh Patil,Bihar,172056,160685,0.93,0,0,0,3,0.06,VERIFIED_VALID,0
FRAUD_IN_41241,Ashok Gowda,Kerala,307573,293926,0.96,0,0,0,4,0.08,VERIFIED_VALID,0
FRAUD_IN_41242,Rajesh Patel,Assam,408854,429034,1.05,0,0,0,4,0.05,VERIFIED_VALID,0
FRAUD_IN_41243,Rajesh Sheikh,Karnataka,49319,55586,1.13,0,0,0,4,0.1,VERIFIED_VALID,0
FRAUD_IN_41244,Tariq Khan,Odisha,240444,247975,1.03,0,0,0,1,0.09,NOT_REQUIRED,0
FRAUD_IN_41245,Deepika Kumar,Gujarat,398221,424726,1.07,0,0,0,4,0.21,VERIFIED_VALID,0
FRAUD_IN_41246,Geeta Chaudhary,Gujarat,118118,110914,0.94,0,0,0,3,0.18,VERIFIED_VALID,0
FRAUD_IN_41247,Seema Chaudhary,Rajasthan,75363,75899,1.01,0,0,0,4,0.18,VERIFIED_VALID,0
FRAUD_IN_41248,Ganesh Mehta,West Bengal,333556,335593,1.01,0,0,1,4,0.17,VERIFIED_VALID,0
FRAUD_IN_41249,Seema Mishra,Kerala,387776,363323,0.94,0,0,0,2,0.13,VERIFIED_VALID,0
FRAUD_IN_41250,Radha Gupta,Punjab,161506,154205,0.95,0,0,0,1,0.2,VERIFIED_VALID,0
FRAUD_IN_41251,Mamta Chaudhary,Karnataka,241370,269873,1.12,0,0,0,1,0.14,NOT_REQUIRED,0
FRAUD_IN_41252,Rajesh Kaur,West Bengal,309713,334750,1.08,0,0,0,2,0.0,VERIFIED_VALID,0
FRAUD_IN_41253,Sujata Reddy,Uttar Pradesh,105436,99564,0.94,0,0,0,2,0.05,VERIFIED_VALID,0
FRAUD_IN_41254,Mahesh Rao,Karnataka,446155,512677,1.15,0,0,0,4,0.19,NOT_REQUIRED,0
FRAUD_IN_41255,Ayesha Singh,Punjab,372101,388829,1.04,0,0,1,2,0.17,VERIFIED_VALID,0
FRAUD_IN_41256,Kiran Das,Assam,145703,154087,1.06,0,0,0,4,0.12,NOT_REQUIRED,0
FRAUD_IN_41257,Sunita Nair,Kerala,429266,413072,0.96,0,0,0,3,0.2,VERIFIED_VALID,0
FRAUD_IN_41258,Ganesh Verma,Madhya Pradesh,393051,416667,1.06,0,0,0,1,0.18,NOT_REQUIRED,0
FRAUD_IN_41259,Ayesha Reddy,Rajasthan,148450,157835,1.06,0,0,0,3,0.03,VERIFIED_VALID,0
FRAUD_IN_41260,Ganesh Deshmukh,Uttar Pradesh,317934,316719,1.0,0,0,0,3,0.22,VERIFIED_VALID,0
FRAUD_IN_41261,Ashok Shah,Uttar Pradesh,372752,419486,1.13,0,0,0,1,0.2,VERIFIED_VALID,0
FRAUD_IN_41262,Deepak Singh,Madhya Pradesh,414141,469537,1.13,0,0,0,4,0.15,NOT_REQUIRED,0
FRAUD_IN_41263,Vijay Chatterjee,Kerala,310506,321041,1.03,0,0,0,2,0.01,VERIFIED_VALID,0
FRAUD_IN_41264,Manoj Gupta,Bihar,325301,330700,1.02,0,0,0,1,0.17,VERIFIED_VALID,0
FRAUD_IN_41265,Suresh Verma,Madhya Pradesh,344889,343374,1.0,0,0,0,4,0.11,VERIFIED_VALID,0
FRAUD_IN_41266,Mamta Kaur,Punjab,388921,440600,1.13,0,0,0,2,0.02,VERIFIED_VALID,0
FRAUD_IN_41267,Mohammed Chaudhary,Madhya Pradesh,157609,173713,1.1,0,0,0,4,0.03,VERIFIED_VALID,0
FRAUD_IN_41268,Bhavna Kaur,Karnataka,291145,322696,1.11,0,0,1,1,0.15,VERIFIED_VALID,0
FRAUD_IN_41269,Anita Joshi,Gujarat,245954,1707132,6.94,1,0,0,30,0.94,SUSPICIOUS,1
FRAUD_IN_41270,Rahul Deshmukh,Odisha,103992,115388,1.11,0,0,0,3,0.13,VERIFIED_VALID,0
FRAUD_IN_41271,Amit Chatterjee,Bihar,297107,322754,1.09,0,0,0,4,0.02,VERIFIED_VALID,0
FRAUD_IN_41272,Simran Gowda,Kerala,157965,159157,1.01,0,0,0,3,0.12,VERIFIED_VALID,0
FRAUD_IN_41273,Prakash Chaudhary,Assam,59877,59565,0.99,0,0,0,4,0.11,VERIFIED_VALID,0
FRAUD_IN_41274,Sujata Singh,Karnataka,253305,288758,1.14,0,0,0,4,0.2,VERIFIED_VALID,0
FRAUD_IN_41275,Kiran Sharma,Madhya Pradesh,166362,166635,1.0,0,0,0,2,0.22,NOT_REQUIRED,0
FRAUD_IN_41276,Sunita Chatterjee,Punjab,159035,146436,0.92,0,0,0,1,0.18,VERIFIED_VALID,0
FRAUD_IN_41277,Suresh Reddy,Karnataka,125744,120512,0.96,0,0,0,1,0.06,VERIFIED_VALID,0
FRAUD_IN_41278,Rekha Banerjee,West Bengal,288084,1581189,5.49,1,1,0,22,0.94,UNVERIFIED,1
FRAUD_IN_41279,Sunita Gowda,Assam,238324,226448,0.95,0,0,0,1,0.21,VERIFIED_VALID,0
FRAUD_IN_41280,Mohammed Patel,Kerala,202773,212465,1.05,0,0,0,1,0.14,VERIFIED_VALID,0
FRAUD_IN_41281,Seema Chaudhary,Tamil Nadu,355291,407024,1.15,0,0,0,4,0.19,NOT_REQUIRED,0
FRAUD_IN_41282,Lakshmi Mehta,Rajasthan,212712,233799,1.1,0,0,0,1,0.21,VERIFIED_VALID,0
FRAUD_IN_41283,Mamta Das,Kerala,67902,75565,1.11,0,0,0,3,0.2,VERIFIED_VALID,0
FRAUD_IN_41284,Rohan Sheikh,Punjab,273392,271872,0.99,0,0,0,3,0.17,VERIFIED_VALID,0
FRAUD_IN_41285,Pooja Kumar,Uttar Pradesh,207894,192601,0.93,0,0,0,1,0.06,NOT_REQUIRED,0
FRAUD_IN_41286,Vijay Patil,Gujarat,260466,284409,1.09,0,0,0,3,0.09,VERIFIED_VALID,0
FRAUD_IN_41287,Bhavna Nair,Kerala,54869,56242,1.03,0,0,0,2,0.01,VERIFIED_VALID,0
FRAUD_IN_41288,Anil Khan,Bihar,325275,322766,0.99,0,0,0,3,0.01,VERIFIED_VALID,0
FRAUD_IN_41289,Rekha Yadav,Maharashtra,319188,362425,1.14,0,0,0,3,0.04,NOT_REQUIRED,0
FRAUD_IN_41290,Rohan Kumar,Punjab,394586,382976,0.97,0,0,0,1,0.08,VERIFIED_VALID,0
FRAUD_IN_41291,Pradeep Banerjee,Tamil Nadu,89963,90942,1.01,0,0,0,4,0.19,VERIFIED_VALID,0
FRAUD_IN_41292,Vijay Gupta,West Bengal,298269,334070,1.12,0,0,0,3,0.09,VERIFIED_VALID,0
FRAUD_IN_41293,Vijay Patil,Odisha,423921,395261,0.93,0,0,0,3,0.13,VERIFIED_VALID,0
FRAUD_IN_41294,Sujata Yadav,Rajasthan,215482,201887,0.94,0,0,0,1,0.11,NOT_REQUIRED,0
FRAUD_IN_41295,Sujata Joshi,Odisha,303305,340112,1.12,0,0,0,3,0.06,VERIFIED_VALID,0
FRAUD_IN_41296,Anita Patel,Tamil Nadu,150335,138435,0.92,0,0,0,1,0.07,VERIFIED_VALID,0
FRAUD_IN_41297,Lakshmi Sharma,Odisha,444076,495888,1.12,0,0,0,4,0.05,NOT_REQUIRED,0
FRAUD_IN_41298,Vijay Deshmukh,Bihar,447759,430838,0.96,0,0,0,3,0.16,NOT_REQUIRED,0
FRAUD_IN_41299,Sunita Kumar,Rajasthan,338047,331138,0.98,0,0,0,3,0.03,VERIFIED_VALID,0
FRAUD_IN_41300,Sangeeta Sheikh,Uttar Pradesh,244020,261662,1.07,0,0,0,1,0.19,VERIFIED_VALID,0
FRAUD_IN_41301,Vijay Shah,Haryana,447554,460102,1.03,0,0,0,3,0.14,NOT_REQUIRED,0
FRAUD_IN_41302,Karan Verma,Madhya Pradesh,184836,176365,0.95,0,0,0,4,0.01,VERIFIED_VALID,0
FRAUD_IN_41303,Mohammed Mehta,Rajasthan,151668,162673,1.07,0,0,0,3,0.11,NOT_REQUIRED,0
FRAUD_IN_41304,Bhavna Kumar,Kerala,78969,73609,0.93,0,0,0,4,0.18,VERIFIED_VALID,0
FRAUD_IN_41305,Sunita Gowda,Haryana,224901,245810,1.09,0,0,0,3,0.19,NOT_REQUIRED,0
FRAUD_IN_41306,Sanjay Sharma,Assam,415278,471001,1.13,0,0,0,3,0.05,NOT_REQUIRED,0
FRAUD_IN_41307,Tariq Sheikh,Karnataka,191769,195942,1.02,0,0,0,4,0.02,NOT_REQUIRED,0
FRAUD_IN_41308,Bhavna Shah,Gujarat,64797,69456,1.07,0,0,0,4,0.13,NOT_REQUIRED,0
FRAUD_IN_41309,Arjun Kaur,Odisha,298910,282166,0.94,0,0,1,4,0.22,VERIFIED_VALID,0
FRAUD_IN_41310,Geeta Khan,Madhya Pradesh,167888,173426,1.03,0,0,0,2,0.17,NOT_REQUIRED,0
FRAUD_IN_41311,Geeta Joshi,Karnataka,399308,369371,0.93,0,0,0,3,0.11,NOT_REQUIRED,0
FRAUD_IN_41312,Mamta Yadav,Rajasthan,347842,380803,1.09,0,0,0,1,0.11,VERIFIED_VALID,0
FRAUD_IN_41313,Harpreet Shah,Kerala,386763,377238,0.98,0,0,0,3,0.09,VERIFIED_VALID,0
FRAUD_IN_41314,Mohammed Patil,Rajasthan,190749,207893,1.09,0,0,0,3,0.13,VERIFIED_VALID,0
FRAUD_IN_41315,Anil Rao,Maharashtra,237792,266478,1.12,0,0,0,3,0.1,VERIFIED_VALID,0
FRAUD_IN_41316,Ramesh Sharma,Punjab,183185,188524,1.03,0,0,0,4,0.18,NOT_REQUIRED,0
FRAUD_IN_41317,Neha Banerjee,Madhya Pradesh,315314,344959,1.09,0,0,0,4,0.16,VERIFIED_VALID,0
FRAUD_IN_41318,Manoj Gowda,Punjab,420903,428060,1.02,0,0,0,3,0.07,NOT_REQUIRED,0
FRAUD_IN_41319,Rahul Joshi,Kerala,50050,47664,0.95,0,0,0,1,0.11,VERIFIED_VALID,0
FRAUD_IN_41320,Sangeeta Das,Maharashtra,173918,178609,1.03,0,0,0,3,0.08,VERIFIED_VALID,0
FRAUD_IN_41321,Vikram Khan,Karnataka,53263,53348,1.0,0,0,0,3,0.0,VERIFIED_VALID,0
FRAUD_IN_41322,Sanjay Sharma,Assam,247811,252056,1.02,0,0,0,3,0.08,VERIFIED_VALID,0
FRAUD_IN_41323,Ananya Chatterjee,Kerala,171459,163334,0.95,0,0,0,1,0.14,VERIFIED_VALID,0
FRAUD_IN_41324,Rohan Joshi,Uttar Pradesh,256898,249564,0.97,0,0,0,4,0.13,VERIFIED_VALID,0
FRAUD_IN_41325,Sunil Gowda,Odisha,124727,131930,1.06,0,0,0,1,0.17,VERIFIED_VALID,0
FRAUD_IN_41326,Fatima Verma,Madhya Pradesh,48330,46373,0.96,0,0,0,2,0.03,VERIFIED_VALID,0
FRAUD_IN_41327,Sujata Joshi,Gujarat,103784,602748,5.81,1,1,1,18,0.95,UNVERIFIED,1
FRAUD_IN_41328,Ananya Kulkarni,Madhya Pradesh,323907,301570,0.93,0,0,0,3,0.03,VERIFIED_VALID,0
FRAUD_IN_41329,Seema Kulkarni,Rajasthan,74858,81098,1.08,0,0,1,2,0.11,VERIFIED_VALID,0
FRAUD_IN_41330,Dinesh Kulkarni,Odisha,105731,118246,1.12,0,0,0,2,0.07,VERIFIED_VALID,0
FRAUD_IN_41331,Rajesh Chaudhary,Gujarat,85673,402784,4.7,1,1,0,18,0.97,UNVERIFIED,1
FRAUD_IN_41332,Mahesh Gupta,Karnataka,51834,55363,1.07,0,0,0,3,0.16,VERIFIED_VALID,0
FRAUD_IN_41333,Tariq Shah,Karnataka,185066,206385,1.12,0,0,0,2,0.03,VERIFIED_VALID,0
FRAUD_IN_41334,Ganesh Chatterjee,Madhya Pradesh,102687,109250,1.06,0,0,0,1,0.02,VERIFIED_VALID,0
FRAUD_IN_41335,Preeti Khan,Odisha,109299,120528,1.1,0,0,0,2,0.18,VERIFIED_VALID,0
FRAUD_IN_41336,Anil Chatterjee,Gujarat,150723,172729,1.15,0,0,0,1,0.09,VERIFIED_VALID,0
FRAUD_IN_41337,Vijay Kumar,Gujarat,35895,34495,0.96,0,0,0,1,0.09,VERIFIED_VALID,0
FRAUD_IN_41338,Pooja Gowda,Kerala,93376,103472,1.11,0,0,0,3,0.15,VERIFIED_VALID,0
FRAUD_IN_41339,Anil Kumar,Karnataka,104001,118864,1.14,0,0,0,3,0.02,VERIFIED_VALID,0
FRAUD_IN_41340,Dinesh Chatterjee,West Bengal,288449,283761,0.98,0,0,0,3,0.08,VERIFIED_VALID,0
FRAUD_IN_41341,Bhavna Nair,Assam,325236,338858,1.04,0,0,0,2,0.15,NOT_REQUIRED,0
FRAUD_IN_41342,Mamta Mehta,Madhya Pradesh,364258,337415,0.93,0,0,0,3,0.05,VERIFIED_VALID,0
FRAUD_IN_41343,Lakshmi Nair,Uttar Pradesh,217958,236562,1.09,0,0,0,1,0.1,VERIFIED_VALID,0
FRAUD_IN_41344,Ananya Chaudhary,Maharashtra,71779,78406,1.09,0,0,0,2,0.19,NOT_REQUIRED,0
FRAUD_IN_41345,Rahul Khan,Gujarat,221688,213032,0.96,0,0,0,3,0.16,VERIFIED_VALID,0
FRAUD_IN_41346,Manoj Banerjee,Assam,336085,373383,1.11,0,0,0,2,0.11,VERIFIED_VALID,0
FRAUD_IN_41347,Simran Mehta,Bihar,444233,464759,1.05,0,0,0,2,0.15,VERIFIED_VALID,0
FRAUD_IN_41348,Neha Joshi,Karnataka,358664,1070639,2.99,1,0,1,12,0.96,FAKE_CERTIFICATE,1
FRAUD_IN_41349,Ganesh Chatterjee,Uttar Pradesh,314853,294926,0.94,0,0,0,4,0.09,NOT_REQUIRED,0
FRAUD_IN_41350,Seema Deshmukh,Haryana,159035,179976,1.13,0,0,0,4,0.21,VERIFIED_VALID,0
FRAUD_IN_41351,Rohan Khan,Bihar,323026,348512,1.08,0,0,0,3,0.16,VERIFIED_VALID,0
FRAUD_IN_41352,Amit Deshmukh,Tamil Nadu,281520,302112,1.07,0,0,1,4,0.18,VERIFIED_VALID,0
FRAUD_IN_41353,Preeti Rao,Gujarat,388886,391600,1.01,0,0,0,3,0.09,VERIFIED_VALID,0
FRAUD_IN_41354,Bhavna Das,Assam,71904,447237,6.22,1,0,1,21,0.71,SUSPICIOUS,1
FRAUD_IN_41355,Mohammed Gowda,Odisha,133192,124900,0.94,0,0,0,4,0.02,VERIFIED_VALID,0
FRAUD_IN_41356,Lakshmi Chaudhary,Rajasthan,415665,466691,1.12,0,0,0,2,0.07,VERIFIED_VALID,0
FRAUD_IN_41357,Preeti Gowda,Karnataka,287777,290277,1.01,0,0,0,2,0.15,VERIFIED_VALID,0
FRAUD_IN_41358,Radha Kumar,Kerala,395446,435762,1.1,0,0,0,3,0.03,VERIFIED_VALID,0
FRAUD_IN_41359,Kavita Das,Punjab,155909,153607,0.99,0,0,0,1,0.1,VERIFIED_VALID,0
FRAUD_IN_41360,Mamta Banerjee,Uttar Pradesh,173583,169376,0.98,0,0,0,1,0.22,VERIFIED_VALID,0
FRAUD_IN_41361,Savita Singh,Uttar Pradesh,335974,343042,1.02,0,0,0,4,0.05,VERIFIED_VALID,0
FRAUD_IN_41362,Anita Patel,Assam,300027,319684,1.07,0,0,0,4,0.2,NOT_REQUIRED,0
FRAUD_IN_41363,Seema Mishra,Haryana,349913,331301,0.95,0,0,0,1,0.2,VERIFIED_VALID,0
FRAUD_IN_41364,Fatima Patil,Madhya Pradesh,262254,299837,1.14,0,0,0,1,0.19,VERIFIED_VALID,0
FRAUD_IN_41365,Amit Reddy,Kerala,47434,45307,0.96,0,0,0,3,0.09,VERIFIED_VALID,0
FRAUD_IN_41366,Seema Mishra,Kerala,307480,332831,1.08,0,0,0,3,0.04,VERIFIED_VALID,0
FRAUD_IN_41367,Shweta Joshi,West Bengal,61215,61154,1.0,0,0,0,2,0.13,VERIFIED_VALID,0
FRAUD_IN_41368,Manoj Rao,Kerala,210061,210976,1.0,0,0,0,1,0.22,VERIFIED_VALID,0
FRAUD_IN_41369,Meena Sharma,Maharashtra,304951,285358,0.94,0,0,0,3,0.22,VERIFIED_VALID,0
FRAUD_IN_41370,Sanjay Patel,Punjab,421524,434426,1.03,0,0,0,4,0.22,VERIFIED_VALID,0
FRAUD_IN_41371,Mamta Gupta,Uttar Pradesh,126314,126776,1.0,0,0,0,2,0.1,VERIFIED_VALID,0
FRAUD_IN_41372,Preeti Reddy,Madhya Pradesh,216192,233900,1.08,0,0,0,2,0.16,VERIFIED_VALID,0
FRAUD_IN_41373,Simran Das,Bihar,166220,1117400,6.72,1,0,1,7,0.8,UNVERIFIED,1
FRAUD_IN_41374,Vijay Patil,Bihar,168131,189609,1.13,0,0,0,4,0.0,VERIFIED_VALID,0
FRAUD_IN_41375,Seema Patel,Gujarat,361429,2209594,6.11,0,1,0,12,0.68,SUSPICIOUS,1
FRAUD_IN_41376,Neha Banerjee,Gujarat,267242,254055,0.95,0,0,0,1,0.04,VERIFIED_VALID,0
FRAUD_IN_41377,Neha Chaudhary,Karnataka,162005,176252,1.09,0,0,0,1,0.11,VERIFIED_VALID,0
FRAUD_IN_41378,Mohammed Joshi,Madhya Pradesh,330250,313358,0.95,0,0,0,3,0.2,VERIFIED_VALID,0
FRAUD_IN_41379,Sanjay Singh,Bihar,305727,299934,0.98,0,0,0,2,0.1,VERIFIED_VALID,0
FRAUD_IN_41380,Amit Das,Kerala,432665,491810,1.14,0,0,0,2,0.19,NOT_REQUIRED,0
FRAUD_IN_41381,Radha Nair,Rajasthan,137374,130708,0.95,0,0,0,2,0.1,VERIFIED_VALID,0
FRAUD_IN_41382,Sangeeta Deshmukh,Assam,151069,172578,1.14,0,0,0,1,0.11,VERIFIED_VALID,0
FRAUD_IN_41383,Dinesh Singh,Assam,373050,348295,0.93,0,0,0,2,0.21,VERIFIED_VALID,0
FRAUD_IN_41384,Rahul Kumar,Rajasthan,278776,317813,1.14,0,0,0,3,0.07,VERIFIED_VALID,0
FRAUD_IN_41385,Kiran Kulkarni,Rajasthan,156885,168577,1.07,0,0,0,1,0.14,VERIFIED_VALID,0
FRAUD_IN_41386,Mamta Shah,Uttar Pradesh,204264,208545,1.02,0,0,0,3,0.11,NOT_REQUIRED,0
FRAUD_IN_41387,Gurpreet Gowda,Kerala,395859,439052,1.11,0,0,0,4,0.2,VERIFIED_VALID,0
FRAUD_IN_41388,Neha Sharma,Punjab,435123,404142,0.93,0,0,0,4,0.0,NOT_REQUIRED,0
FRAUD_IN_41389,Amit Verma,Kerala,82144,89189,1.09,0,0,0,3,0.18,VERIFIED_VALID,0
FRAUD_IN_41390,Radha Das,Assam,52624,59565,1.13,0,0,0,4,0.16,VERIFIED_VALID,0
FRAUD_IN_41391,Kiran Mehta,Rajasthan,167857,155650,0.93,0,0,0,1,0.09,VERIFIED_VALID,0
FRAUD_IN_41392,Harpreet Singh,Haryana,394055,407689,1.03,0,0,0,3,0.04,VERIFIED_VALID,0
FRAUD_IN_41393,Meena Verma,West Bengal,345198,2184304,6.33,1,0,1,11,0.9,SUSPICIOUS,1
FRAUD_IN_41394,Seema Mehta,Odisha,146045,154155,1.06,0,0,0,1,0.04,VERIFIED_VALID,0
FRAUD_IN_41395,Suresh Singh,Uttar Pradesh,351431,335193,0.95,0,0,0,2,0.07,VERIFIED_VALID,0
FRAUD_IN_41396,Kiran Joshi,Assam,224757,245060,1.09,0,0,0,4,0.22,VERIFIED_VALID,0
FRAUD_IN_41397,Rekha Rao,Uttar Pradesh,71091,73902,1.04,0,0,0,3,0.01,VERIFIED_VALID,0
FRAUD_IN_41398,Rohan Patil,Haryana,333908,309210,0.93,0,0,0,4,0.21,VERIFIED_VALID,0
FRAUD_IN_41399,Mahesh Deshmukh,Tamil Nadu,127648,146693,1.15,0,0,0,4,0.2,VERIFIED_VALID,0
FRAUD_IN_41400,Vijay Chatterjee,Gujarat,207054,231207,1.12,0,0,0,2,0.03,VERIFIED_VALID,0
FRAUD_IN_41401,Vijay Deshmukh,Bihar,336252,335319,1.0,0,0,0,4,0.18,VERIFIED_VALID,0
FRAUD_IN_41402,Arjun Mishra,Odisha,82846,85666,1.03,0,0,0,3,0.07,NOT_REQUIRED,0
FRAUD_IN_41403,Ananya Banerjee,Uttar Pradesh,127192,130210,1.02,0,0,0,1,0.11,VERIFIED_VALID,0
FRAUD_IN_41404,Rekha Sharma,Rajasthan,424770,432984,1.02,0,0,0,3,0.0,VERIFIED_VALID,0
FRAUD_IN_41405,Deepak Joshi,Punjab,406488,410036,1.01,0,0,0,3,0.09,VERIFIED_VALID,0
FRAUD_IN_41406,Anil Kumar,Kerala,323996,364216,1.12,0,0,0,1,0.1,VERIFIED_VALID,0
FRAUD_IN_41407,Vikram Gowda,Assam,310072,319281,1.03,0,0,0,1,0.06,VERIFIED_VALID,0
FRAUD_IN_41408,Ramesh Kaur,Gujarat,428134,437997,1.02,0,0,0,3,0.11,NOT_REQUIRED,0
FRAUD_IN_41409,Shweta Kulkarni,Punjab,112666,115452,1.02,0,0,0,4,0.11,VERIFIED_VALID,0
FRAUD_IN_41410,Vijay Kumar,Maharashtra,116251,738172,6.35,0,1,0,32,0.74,SUSPICIOUS,1
FRAUD_IN_41411,Kiran Deshmukh,Maharashtra,430010,398344,0.93,0,0,0,1,0.0,VERIFIED_VALID,0
FRAUD_IN_41412,Ashok Sharma,Bihar,365932,410002,1.12,0,0,0,3,0.03,VERIFIED_VALID,0
FRAUD_IN_41413,Shweta Yadav,Odisha,248385,242625,0.98,0,0,1,2,0.2,VERIFIED_VALID,0
FRAUD_IN_41414,Sujata Patel,Odisha,116955,116069,0.99,0,0,0,4,0.13,NOT_REQUIRED,0
FRAUD_IN_41415,Deepak Kaur,Punjab,390470,421900,1.08,0,0,0,1,0.18,NOT_REQUIRED,0
FRAUD_IN_41416,Mahesh Gupta,Assam,48928,52564,1.07,0,0,0,1,0.13,VERIFIED_VALID,0
FRAUD_IN_41417,Anil Das,Gujarat,159775,182237,1.14,0,0,0,3,0.21,NOT_REQUIRED,0
FRAUD_IN_41418,Seema Rao,Odisha,428742,426985,1.0,0,0,0,4,0.19,VERIFIED_VALID,0
FRAUD_IN_41419,Karan Sheikh,Haryana,129374,139079,1.08,0,0,0,1,0.2,VERIFIED_VALID,0
FRAUD_IN_41420,Sangeeta Kumar,Maharashtra,190212,198848,1.05,0,0,0,1,0.21,VERIFIED_VALID,0
FRAUD_IN_41421,Lakshmi Reddy,Uttar Pradesh,397792,371736,0.93,0,0,0,4,0.09,VERIFIED_VALID,0
FRAUD_IN_41422,Tariq Shah,West Bengal,421921,2107993,5.0,1,0,1,18,0.85,UNVERIFIED,1
FRAUD_IN_41423,Deepak Mehta,Gujarat,379953,2406949,6.33,1,1,1,12,0.87,UNVERIFIED,1
FRAUD_IN_41424,Mamta Joshi,Madhya Pradesh,35042,36161,1.03,0,0,0,3,0.04,VERIFIED_VALID,0
FRAUD_IN_41425,Radha Kulkarni,Kerala,406482,397815,0.98,0,0,0,2,0.07,VERIFIED_VALID,0
FRAUD_IN_41426,Sujata Deshmukh,Uttar Pradesh,238609,262814,1.1,0,0,0,3,0.06,NOT_REQUIRED,0
FRAUD_IN_41427,Ganesh Das,Rajasthan,214490,224518,1.05,0,0,0,4,0.15,VERIFIED_VALID,0
FRAUD_IN_41428,Amit Sheikh,Rajasthan,71897,67477,0.94,0,0,0,3,0.09,VERIFIED_VALID,0
FRAUD_IN_41429,Shweta Khan,Kerala,117913,109715,0.93,0,0,0,3,0.02,VERIFIED_VALID,0
FRAUD_IN_41430,Mohammed Shah,Assam,278381,286047,1.03,0,0,0,2,0.19,VERIFIED_VALID,0
FRAUD_IN_41431,Neha Kumar,Assam,129218,131938,1.02,0,0,0,3,0.16,VERIFIED_VALID,0
FRAUD_IN_41432,Sangeeta Singh,Odisha,115594,118496,1.03,0,0,0,3,0.1,VERIFIED_VALID,0
FRAUD_IN_41433,Rajesh Khan,Kerala,233480,222266,0.95,0,0,0,3,0.12,NOT_REQUIRED,0
FRAUD_IN_41434,Sunita Sharma,Maharashtra,300158,300916,1.0,0,0,0,1,0.03,VERIFIED_VALID,0
FRAUD_IN_41435,Deepak Mehta,Punjab,332899,377900,1.14,0,0,0,4,0.03,NOT_REQUIRED,0
FRAUD_IN_41436,Sunil Joshi,Maharashtra,94453,94716,1.0,0,0,0,3,0.12,VERIFIED_VALID,0
FRAUD_IN_41437,Ananya Sheikh,Bihar,339437,352668,1.04,0,0,0,4,0.14,VERIFIED_VALID,0
FRAUD_IN_41438,Amit Gupta,Punjab,396193,439574,1.11,0,0,0,3,0.03,VERIFIED_VALID,0
FRAUD_IN_41439,Kavita Das,Karnataka,427791,455684,1.07,0,0,0,1,0.15,VERIFIED_VALID,0
FRAUD_IN_41440,Priya Khan,Uttar Pradesh,218809,211936,0.97,0,0,0,1,0.02,VERIFIED_VALID,0
FRAUD_IN_41441,Meena Banerjee,Rajasthan,156670,155150,0.99,0,0,0,1,0.09,VERIFIED_VALID,0
FRAUD_IN_41442,Pradeep Chatterjee,Kerala,204913,209496,1.02,0,0,0,1,0.16,NOT_REQUIRED,0
FRAUD_IN_41443,Arjun Mehta,Tamil Nadu,103552,777008,7.5,1,0,1,18,0.95,UNVERIFIED,1
FRAUD_IN_41444,Vikram Gupta,West Bengal,73542,71910,0.98,0,0,0,3,0.1,VERIFIED_VALID,0
FRAUD_IN_41445,Savita Gowda,Haryana,377893,361681,0.96,0,0,0,2,0.04,VERIFIED_VALID,0
FRAUD_IN_41446,Prakash Sheikh,West Bengal,48931,51217,1.05,0,0,0,1,0.04,VERIFIED_VALID,0
FRAUD_IN_41447,Preeti Kaur,Rajasthan,44923,43019,0.96,0,0,0,1,0.11,VERIFIED_VALID,0
FRAUD_IN_41448,Deepak Singh,Assam,402099,377037,0.94,0,0,0,4,0.01,NOT_REQUIRED,0
FRAUD_IN_41449,Mahesh Gupta,Assam,423409,435311,1.03,0,0,0,4,0.12,VERIFIED_VALID,0
FRAUD_IN_41450,Fatima Yadav,Bihar,96938,111307,1.15,0,0,0,3,0.14,VERIFIED_VALID,0
FRAUD_IN_41451,Harpreet Shah,Assam,279210,261880,0.94,0,0,0,4,0.18,VERIFIED_VALID,0
FRAUD_IN_41452,Manoj Gupta,Maharashtra,315524,291752,0.92,0,0,0,1,0.22,NOT_REQUIRED,0
FRAUD_IN_41453,Sunil Deshmukh,Kerala,426372,423726,0.99,0,0,0,2,0.19,VERIFIED_VALID,0
FRAUD_IN_41454,Harpreet Das,Haryana,378342,428188,1.13,0,0,0,3,0.16,VERIFIED_VALID,0
FRAUD_IN_41455,Pooja Shah,Uttar Pradesh,213413,220185,1.03,0,0,0,2,0.15,VERIFIED_VALID,0
FRAUD_IN_41456,Shweta Yadav,Gujarat,353221,404145,1.14,0,0,1,2,0.08,VERIFIED_VALID,0
FRAUD_IN_41457,Suresh Sheikh,Bihar,264394,298957,1.13,0,0,0,3,0.13,VERIFIED_VALID,0
FRAUD_IN_41458,Bhavna Rao,Madhya Pradesh,65413,73050,1.12,0,0,0,1,0.12,VERIFIED_VALID,0
FRAUD_IN_41459,Meena Gupta,Gujarat,395281,373060,0.94,0,0,0,1,0.13,VERIFIED_VALID,0
FRAUD_IN_41460,Sangeeta Shah,Assam,331603,337472,1.02,0,0,0,2,0.11,VERIFIED_VALID,0
FRAUD_IN_41461,Amit Nair,Tamil Nadu,237393,263932,1.11,0,0,0,1,0.06,VERIFIED_VALID,0
FRAUD_IN_41462,Vijay Kumar,Punjab,140965,707280,5.02,1,1,0,26,0.76,FAKE_CERTIFICATE,1
FRAUD_IN_41463,Pooja Shah,West Bengal,273956,263371,0.96,0,0,0,3,0.05,VERIFIED_VALID,0
FRAUD_IN_41464,Dinesh Mehta,Punjab,296810,316792,1.07,0,0,0,4,0.13,NOT_REQUIRED,0
FRAUD_IN_41465,Preeti Chatterjee,Punjab,264327,1908489,7.22,1,0,0,12,0.9,SUSPICIOUS,1
FRAUD_IN_41466,Priya Kaur,Odisha,84606,79463,0.94,0,0,0,3,0.04,NOT_REQUIRED,0
FRAUD_IN_41467,Vijay Reddy,Punjab,164835,179883,1.09,0,0,0,1,0.17,VERIFIED_VALID,0
FRAUD_IN_41468,Manoj Patil,Odisha,380575,423629,1.11,0,0,0,2,0.21,VERIFIED_VALID,0
FRAUD_IN_41469,Vikram Verma,Bihar,318545,1106732,3.47,0,0,1,23,0.79,SUSPICIOUS,1
FRAUD_IN_41470,Tariq Das,Haryana,379778,431664,1.14,0,0,0,4,0.01,NOT_REQUIRED,0
FRAUD_IN_41471,Ayesha Joshi,Kerala,214436,208534,0.97,0,0,0,1,0.12,VERIFIED_VALID,0
FRAUD_IN_41472,Kiran Kumar,Maharashtra,190583,211329,1.11,0,0,0,4,0.18,VERIFIED_VALID,0
FRAUD_IN_41473,Radha Singh,Kerala,428973,2999122,6.99,0,1,1,23,0.86,SUSPICIOUS,1
FRAUD_IN_41474,Bhavna Yadav,Haryana,101607,98763,0.97,0,0,0,3,0.05,VERIFIED_VALID,0
FRAUD_IN_41475,Savita Patil,Punjab,40878,39978,0.98,0,0,1,3,0.07,VERIFIED_VALID,0
FRAUD_IN_41476,Bhavna Chatterjee,Karnataka,416933,464290,1.11,0,0,0,1,0.01,VERIFIED_VALID,0
FRAUD_IN_41477,Rahul Mishra,Punjab,128568,146459,1.14,0,0,0,3,0.07,NOT_REQUIRED,0
FRAUD_IN_41478,Vikram Banerjee,Kerala,266750,253287,0.95,0,0,0,3,0.08,VERIFIED_VALID,0
FRAUD_IN_41479,Gurpreet Deshmukh,Madhya Pradesh,415674,470934,1.13,0,0,0,1,0.12,VERIFIED_VALID,0
FRAUD_IN_41480,Karan Deshmukh,Bihar,102391,100011,0.98,0,0,0,1,0.21,VERIFIED_VALID,0
FRAUD_IN_41481,Ganesh Kumar,Odisha,48933,55618,1.14,0,0,0,4,0.03,VERIFIED_VALID,0
FRAUD_IN_41482,Shweta Joshi,Punjab,413342,388813,0.94,0,0,0,1,0.07,VERIFIED_VALID,0
FRAUD_IN_41483,Rohan Kumar,Tamil Nadu,437022,420152,0.96,0,0,0,3,0.07,VERIFIED_VALID,0
FRAUD_IN_41484,Vijay Patel,West Bengal,102562,100133,0.98,0,0,0,2,0.01,NOT_REQUIRED,0
FRAUD_IN_41485,Savita Patel,Kerala,138679,133258,0.96,0,0,0,2,0.21,VERIFIED_VALID,0
FRAUD_IN_41486,Harpreet Yadav,Rajasthan,235944,269369,1.14,0,0,0,3,0.1,VERIFIED_VALID,0
FRAUD_IN_41487,Harpreet Gowda,Bihar,231343,229159,0.99,0,0,0,3,0.03,VERIFIED_VALID,0
FRAUD_IN_41488,Sujata Kulkarni,Karnataka,44231,48034,1.09,0,0,0,2,0.22,VERIFIED_VALID,0
FRAUD_IN_41489,Sangeeta Shah,Punjab,172374,168875,0.98,0,0,0,1,0.09,VERIFIED_VALID,0
FRAUD_IN_41490,Pooja Gowda,Haryana,292030,293152,1.0,0,0,0,2,0.11,VERIFIED_VALID,0
FRAUD_IN_41491,Seema Chaudhary,Bihar,309088,293374,0.95,0,0,0,1,0.13,VERIFIED_VALID,0
FRAUD_IN_41492,Savita Deshmukh,Karnataka,302944,310885,1.03,0,0,0,4,0.16,VERIFIED_VALID,0
FRAUD_IN_41493,Geeta Reddy,Kerala,342518,361328,1.05,0,0,0,2,0.15,VERIFIED_VALID,0
FRAUD_IN_41494,Rekha Shah,Punjab,65044,65256,1.0,0,0,0,4,0.17,VERIFIED_VALID,0
FRAUD_IN_41495,Geeta Kaur,Haryana,67395,67828,1.01,0,0,0,3,0.18,VERIFIED_VALID,0
FRAUD_IN_41496,Vijay Das,Odisha,389174,2877046,7.39,0,1,1,35,0.74,FAKE_CERTIFICATE,1
FRAUD_IN_41497,Suresh Verma,Maharashtra,65091,64529,0.99,0,0,0,3,0.02,VERIFIED_VALID,0
FRAUD_IN_41498,Mohammed Chaudhary,Karnataka,304290,346694,1.14,0,0,0,2,0.2,VERIFIED_VALID,0
FRAUD_IN_41499,Rahul Shah,West Bengal,369966,421382,1.14,0,0,0,1,0.06,VERIFIED_VALID,0
FRAUD_IN_41500,Sunil Chatterjee,Maharashtra,72335,74552,1.03,0,0,0,2,0.09,VERIFIED_VALID,0
FRAUD_IN_41501,Kiran Chatterjee,Bihar,209877,233936,1.11,0,0,0,2,0.21,VERIFIED_VALID,0
FRAUD_IN_41502,Simran Mishra,Karnataka,41336,40356,0.98,0,0,1,1,0.05,NOT_REQUIRED,0
FRAUD_IN_41503,Pooja Kumar,Tamil Nadu,300304,343860,1.15,0,0,0,3,0.13,VERIFIED_VALID,0
FRAUD_IN_41504,Priya Mishra,Gujarat,292423,284054,0.97,0,0,1,3,0.05,VERIFIED_VALID,0
FRAUD_IN_41505,Gurpreet Verma,Kerala,133850,613389,4.58,0,0,1,8,0.73,FAKE_CERTIFICATE,1
FRAUD_IN_41506,Bhavna Mehta,Bihar,118396,118936,1.0,0,0,0,4,0.2,VERIFIED_VALID,0
FRAUD_IN_41507,Sujata Sheikh,Odisha,215588,208668,0.97,0,0,0,2,0.12,VERIFIED_VALID,0
FRAUD_IN_41508,Savita Kumar,Haryana,238487,268552,1.13,0,0,0,4,0.04,NOT_REQUIRED,0
FRAUD_IN_41509,Bhavna Patil,Gujarat,396121,442386,1.12,0,0,0,4,0.11,VERIFIED_VALID,0
FRAUD_IN_41510,Deepika Mishra,Punjab,396563,401415,1.01,0,0,0,4,0.02,NOT_REQUIRED,0
FRAUD_IN_41511,Bhavna Das,Uttar Pradesh,252758,266085,1.05,0,0,1,2,0.07,VERIFIED_VALID,0
FRAUD_IN_41512,Suresh Chatterjee,Karnataka,175748,201958,1.15,0,0,0,4,0.11,VERIFIED_VALID,0
FRAUD_IN_41513,Prakash Joshi,Madhya Pradesh,249747,268770,1.08,0,0,0,3,0.04,VERIFIED_VALID,0
FRAUD_IN_41514,Ayesha Khan,Tamil Nadu,336032,356992,1.06,0,0,0,1,0.13,VERIFIED_VALID,0
FRAUD_IN_41515,Amit Kumar,Haryana,404037,456284,1.13,0,0,0,1,0.12,VERIFIED_VALID,0
FRAUD_IN_41516,Bhavna Reddy,Assam,176454,198762,1.13,0,0,0,2,0.22,VERIFIED_VALID,0
FRAUD_IN_41517,Sunil Reddy,Maharashtra,138090,133217,0.96,0,0,0,1,0.19,VERIFIED_VALID,0
FRAUD_IN_41518,Lakshmi Patel,Madhya Pradesh,261654,765838,2.93,1,0,1,33,0.82,UNVERIFIED,1
FRAUD_IN_41519,Vijay Chaudhary,West Bengal,102676,117418,1.14,0,0,0,2,0.2,VERIFIED_VALID,0
FRAUD_IN_41520,Karan Mishra,Uttar Pradesh,366268,347061,0.95,0,0,0,2,0.2,VERIFIED_VALID,0
FRAUD_IN_41521,Meena Kumar,Uttar Pradesh,35307,37924,1.07,0,0,0,1,0.16,VERIFIED_VALID,0
FRAUD_IN_41522,Deepak Shah,Karnataka,155386,695880,4.48,1,0,0,20,0.71,SUSPICIOUS,1
FRAUD_IN_41523,Bhavna Patel,Gujarat,175140,168783,0.96,0,0,0,1,0.1,VERIFIED_VALID,0
FRAUD_IN_41524,Anita Nair,Madhya Pradesh,78581,86509,1.1,0,0,0,2,0.2,VERIFIED_VALID,0
FRAUD_IN_41525,Neha Das,Karnataka,162019,152412,0.94,0,0,0,2,0.04,NOT_REQUIRED,0
FRAUD_IN_41526,Deepak Patel,Karnataka,326130,305538,0.94,0,0,0,1,0.1,VERIFIED_VALID,0
FRAUD_IN_41527,Ayesha Yadav,Odisha,368791,1117214,3.03,1,0,1,12,0.87,UNVERIFIED,1
FRAUD_IN_41528,Pooja Nair,Haryana,100787,97327,0.97,0,0,0,4,0.14,NOT_REQUIRED,0
FRAUD_IN_41529,Harpreet Mehta,Punjab,212787,215539,1.01,0,0,0,4,0.19,VERIFIED_VALID,0
FRAUD_IN_41530,Lakshmi Banerjee,Maharashtra,188507,209725,1.11,0,0,0,4,0.17,VERIFIED_VALID,0
FRAUD_IN_41531,Radha Gupta,West Bengal,172443,178785,1.04,0,0,0,4,0.09,VERIFIED_VALID,0
FRAUD_IN_41532,Arjun Sharma,West Bengal,68595,482780,7.04,1,0,1,15,0.69,SUSPICIOUS,1
FRAUD_IN_41533,Rohan Shah,Kerala,84228,95834,1.14,0,0,0,1,0.18,VERIFIED_VALID,0
FRAUD_IN_41534,Tariq Deshmukh,Haryana,440241,409473,0.93,0,0,0,2,0.12,VERIFIED_VALID,0
FRAUD_IN_41535,Tariq Rao,Karnataka,213652,230049,1.08,0,0,0,3,0.11,VERIFIED_VALID,0
FRAUD_IN_41536,Rahul Rao,Uttar Pradesh,310129,290130,0.94,0,0,0,4,0.11,NOT_REQUIRED,0
FRAUD_IN_41537,Priya Chatterjee,West Bengal,114030,127773,1.12,0,0,0,3,0.17,VERIFIED_VALID,0
FRAUD_IN_41538,Neha Chatterjee,Rajasthan,50353,293266,5.82,0,0,1,24,0.77,SUSPICIOUS,1
FRAUD_IN_41539,Mamta Mehta,Rajasthan,189639,213907,1.13,0,0,0,4,0.22,NOT_REQUIRED,0
FRAUD_IN_41540,Simran Rao,Rajasthan,156103,176387,1.13,0,0,0,2,0.21,VERIFIED_VALID,0
FRAUD_IN_41541,Ayesha Das,Tamil Nadu,333709,347277,1.04,0,0,0,2,0.12,VERIFIED_VALID,0
FRAUD_IN_41542,Priya Reddy,Kerala,78849,89246,1.13,0,0,0,1,0.09,VERIFIED_VALID,0
FRAUD_IN_41543,Dinesh Mehta,Assam,157719,168330,1.07,0,0,0,3,0.19,VERIFIED_VALID,0
FRAUD_IN_41544,Preeti Patel,Gujarat,58889,63821,1.08,0,0,0,2,0.14,NOT_REQUIRED,0
FRAUD_IN_41545,Neha Reddy,Karnataka,57807,66308,1.15,0,0,0,2,0.1,VERIFIED_VALID,0
FRAUD_IN_41546,Mamta Deshmukh,Assam,42675,45066,1.06,0,0,0,1,0.16,VERIFIED_VALID,0
FRAUD_IN_41547,Tariq Khan,Maharashtra,135535,145575,1.07,0,0,0,4,0.15,NOT_REQUIRED,0
FRAUD_IN_41548,Harpreet Reddy,Maharashtra,436095,402061,0.92,0,0,0,1,0.02,VERIFIED_VALID,0
FRAUD_IN_41549,Sangeeta Kumar,Karnataka,166485,186236,1.12,0,0,0,3,0.07,VERIFIED_VALID,0
FRAUD_IN_41550,Sangeeta Deshmukh,Maharashtra,206806,237371,1.15,0,0,0,2,0.18,VERIFIED_VALID,0
FRAUD_IN_41551,Anita Sheikh,Gujarat,328091,318507,0.97,0,0,0,4,0.03,VERIFIED_VALID,0
FRAUD_IN_41552,Ramesh Gowda,Tamil Nadu,318771,322502,1.01,0,0,0,2,0.21,VERIFIED_VALID,0
FRAUD_IN_41553,Harpreet Mehta,West Bengal,85290,92153,1.08,0,0,0,3,0.07,VERIFIED_VALID,0
FRAUD_IN_41554,Anil Rao,Madhya Pradesh,445404,449459,1.01,0,0,0,2,0.14,VERIFIED_VALID,0
FRAUD_IN_41555,Deepak Gowda,Rajasthan,160832,172545,1.07,0,0,0,1,0.14,NOT_REQUIRED,0
FRAUD_IN_41556,Sunil Joshi,Bihar,358337,387257,1.08,0,0,0,3,0.06,VERIFIED_VALID,0
FRAUD_IN_41557,Harpreet Verma,Assam,208177,210818,1.01,0,0,0,2,0.14,VERIFIED_VALID,0
FRAUD_IN_41558,Shweta Nair,Kerala,229407,214507,0.94,0,0,0,1,0.16,VERIFIED_VALID,0
FRAUD_IN_41559,Ananya Khan,Haryana,36660,34183,0.93,0,0,0,4,0.06,NOT_REQUIRED,0
FRAUD_IN_41560,Pooja Reddy,Uttar Pradesh,142233,133019,0.94,0,0,0,1,0.14,VERIFIED_VALID,0
FRAUD_IN_41561,Sunil Das,Gujarat,219441,244170,1.11,0,0,0,2,0.21,NOT_REQUIRED,0
FRAUD_IN_41562,Fatima Patil,Punjab,44995,48392,1.08,0,0,0,1,0.19,VERIFIED_VALID,0
FRAUD_IN_41563,Meena Chaudhary,Haryana,436010,418501,0.96,0,0,0,3,0.04,VERIFIED_VALID,0
FRAUD_IN_41564,Anil Chatterjee,Haryana,120600,133787,1.11,0,0,0,2,0.07,NOT_REQUIRED,0
FRAUD_IN_41565,Manoj Patel,Bihar,255220,277963,1.09,0,0,0,3,0.14,VERIFIED_VALID,0
FRAUD_IN_41566,Geeta Deshmukh,Uttar Pradesh,138165,154089,1.12,0,0,0,3,0.1,VERIFIED_VALID,0
FRAUD_IN_41567,Shweta Das,Rajasthan,262288,281270,1.07,0,0,0,2,0.17,VERIFIED_VALID,0
FRAUD_IN_41568,Tariq Singh,Assam,380010,387252,1.02,0,0,0,1,0.12,VERIFIED_VALID,0
FRAUD_IN_41569,Harpreet Joshi,Bihar,267166,298929,1.12,0,0,0,2,0.2,VERIFIED_VALID,0
FRAUD_IN_41570,Anil Shah,Kerala,391653,413578,1.06,0,0,0,1,0.22,VERIFIED_VALID,0
FRAUD_IN_41571,Manoj Nair,Haryana,362896,407582,1.12,0,0,0,2,0.16,VERIFIED_VALID,0
FRAUD_IN_41572,Rohan Deshmukh,Bihar,85238,84166,0.99,0,0,0,3,0.12,VERIFIED_VALID,0
FRAUD_IN_41573,Prakash Joshi,Gujarat,178686,184784,1.03,0,0,0,4,0.01,NOT_REQUIRED,0
FRAUD_IN_41574,Rohan Nair,Kerala,40481,41292,1.02,0,0,0,1,0.12,NOT_REQUIRED,0
FRAUD_IN_41575,Simran Patel,Bihar,54127,54216,1.0,0,0,0,3,0.14,NOT_REQUIRED,0
FRAUD_IN_41576,Ananya Chaudhary,Haryana,361285,346022,0.96,0,0,0,2,0.03,VERIFIED_VALID,0
FRAUD_IN_41577,Amit Shah,Odisha,308466,286118,0.93,0,0,0,2,0.2,VERIFIED_VALID,0
FRAUD_IN_41578,Suresh Chatterjee,Punjab,259618,279807,1.08,0,0,0,2,0.01,VERIFIED_VALID,0
FRAUD_IN_41579,Kiran Gupta,Assam,226878,221281,0.98,0,0,0,1,0.2,VERIFIED_VALID,0
FRAUD_IN_41580,Geeta Banerjee,Rajasthan,378718,371805,0.98,0,0,0,2,0.18,NOT_REQUIRED,0
FRAUD_IN_41581,Mohammed Yadav,Bihar,35399,36452,1.03,0,0,0,2,0.21,VERIFIED_VALID,0
FRAUD_IN_41582,Shweta Chaudhary,Haryana,124135,126007,1.02,0,0,0,4,0.03,VERIFIED_VALID,0
FRAUD_IN_41583,Anil Verma,Assam,182613,203743,1.12,0,0,0,4,0.18,VERIFIED_VALID,0
FRAUD_IN_41584,Ayesha Joshi,Maharashtra,49884,50453,1.01,0,0,0,1,0.17,NOT_REQUIRED,0
FRAUD_IN_41585,Savita Yadav,Odisha,369492,344895,0.93,0,0,0,2,0.03,NOT_REQUIRED,0
FRAUD_IN_41586,Meena Kaur,Haryana,426862,463802,1.09,0,0,1,3,0.05,VERIFIED_VALID,0
FRAUD_IN_41587,Geeta Reddy,Odisha,353598,356356,1.01,0,0,0,2,0.11,VERIFIED_VALID,0
FRAUD_IN_41588,Pooja Chaudhary,Bihar,279388,272730,0.98,0,0,0,2,0.18,VERIFIED_VALID,0
FRAUD_IN_41589,Shweta Mishra,Kerala,167959,156427,0.93,0,0,0,3,0.1,VERIFIED_VALID,0
FRAUD_IN_41590,Pooja Kumar,Punjab,427887,398885,0.93,0,0,0,2,0.21,NOT_REQUIRED,0
FRAUD_IN_41591,Meena Gupta,Maharashtra,288073,950334,3.3,0,0,0,16,0.92,FAKE_CERTIFICATE,1
FRAUD_IN_41592,Tariq Nair,Uttar Pradesh,180351,195733,1.09,0,0,0,1,0.08,VERIFIED_VALID,0
FRAUD_IN_41593,Ganesh Kaur,Odisha,313818,297675,0.95,0,0,0,1,0.21,VERIFIED_VALID,0
FRAUD_IN_41594,Amit Shah,Rajasthan,381574,420943,1.1,0,0,0,1,0.21,VERIFIED_VALID,0
FRAUD_IN_41595,Tariq Kaur,Bihar,187312,185252,0.99,0,0,0,4,0.18,VERIFIED_VALID,0
FRAUD_IN_41596,Mahesh Banerjee,Gujarat,259583,292319,1.13,0,0,0,1,0.14,VERIFIED_VALID,0
FRAUD_IN_41597,Anil Chatterjee,Odisha,292313,286516,0.98,0,0,0,4,0.05,VERIFIED_VALID,0
FRAUD_IN_41598,Rohan Rao,Kerala,113993,114484,1.0,0,0,0,2,0.16,VERIFIED_VALID,0
FRAUD_IN_41599,Deepika Mehta,Madhya Pradesh,55560,171371,3.08,1,0,0,7,0.8,FAKE_CERTIFICATE,1
FRAUD_IN_41600,Ayesha Das,Madhya Pradesh,410430,399369,0.97,0,0,1,3,0.05,VERIFIED_VALID,0
FRAUD_IN_41601,Fatima Verma,West Bengal,188948,174136,0.92,0,0,0,4,0.09,VERIFIED_VALID,0
FRAUD_IN_41602,Sunita Chatterjee,Uttar Pradesh,398749,455730,1.14,0,0,0,2,0.1,VERIFIED_VALID,0
FRAUD_IN_41603,Geeta Sheikh,Rajasthan,397211,419839,1.06,0,0,0,4,0.13,VERIFIED_VALID,0
FRAUD_IN_41604,Savita Mishra,Kerala,317906,339557,1.07,0,0,0,2,0.05,NOT_REQUIRED,0
FRAUD_IN_41605,Savita Chaudhary,West Bengal,338593,326455,0.96,0,0,0,2,0.03,VERIFIED_VALID,0
FRAUD_IN_41606,Ganesh Kulkarni,Kerala,406462,429584,1.06,0,0,0,4,0.13,VERIFIED_VALID,0
FRAUD_IN_41607,Rohan Sharma,Maharashtra,359528,338179,0.94,0,0,0,3,0.2,VERIFIED_VALID,0
FRAUD_IN_41608,Mahesh Banerjee,Uttar Pradesh,77246,82861,1.07,0,0,0,4,0.07,NOT_REQUIRED,0
FRAUD_IN_41609,Lakshmi Banerjee,Tamil Nadu,160173,858378,5.36,0,1,0,28,0.95,SUSPICIOUS,1
FRAUD_IN_41610,Tariq Verma,Rajasthan,331695,328948,0.99,0,0,0,3,0.18,VERIFIED_VALID,0
FRAUD_IN_41611,Rahul Khan,Maharashtra,276816,309586,1.12,0,0,1,3,0.18,VERIFIED_VALID,0
FRAUD_IN_41612,Rahul Mishra,Odisha,350764,2344938,6.69,0,0,1,17,0.82,FAKE_CERTIFICATE,1
FRAUD_IN_41613,Sunil Joshi,Madhya Pradesh,213576,199597,0.93,0,0,0,3,0.17,VERIFIED_VALID,0
FRAUD_IN_41614,Rohan Das,Punjab,308874,311980,1.01,0,0,0,3,0.22,VERIFIED_VALID,0
FRAUD_IN_41615,Harpreet Kumar,Assam,442951,462296,1.04,0,0,0,3,0.15,VERIFIED_VALID,0
FRAUD_IN_41616,Ganesh Khan,Karnataka,140943,134728,0.96,0,0,0,4,0.21,VERIFIED_VALID,0
FRAUD_IN_41617,Vijay Nair,Tamil Nadu,65610,62921,0.96,0,0,0,1,0.04,VERIFIED_VALID,0
FRAUD_IN_41618,Rahul Shah,Uttar Pradesh,396038,395791,1.0,0,0,0,1,0.04,VERIFIED_VALID,0
FRAUD_IN_41619,Vijay Patel,Tamil Nadu,130782,124621,0.95,0,0,0,4,0.08,VERIFIED_VALID,0
FRAUD_IN_41620,Karan Kaur,Maharashtra,37355,35813,0.96,0,0,0,2,0.18,VERIFIED_VALID,0
FRAUD_IN_41621,Lakshmi Singh,Punjab,241912,228489,0.94,0,0,0,4,0.16,VERIFIED_VALID,0
FRAUD_IN_41622,Arjun Verma,Maharashtra,286039,275016,0.96,0,0,0,3,0.15,VERIFIED_VALID,0
FRAUD_IN_41623,Priya Khan,Assam,381719,421700,1.1,0,0,0,4,0.02,VERIFIED_VALID,0
FRAUD_IN_41624,Mohammed Nair,Tamil Nadu,59197,59304,1.0,0,0,0,3,0.17,VERIFIED_VALID,0
FRAUD_IN_41625,Mohammed Patel,Bihar,70482,583361,8.28,0,0,0,26,0.93,UNVERIFIED,1
FRAUD_IN_41626,Fatima Chatterjee,Karnataka,383895,363003,0.95,0,0,0,2,0.05,VERIFIED_VALID,0
FRAUD_IN_41627,Vijay Gupta,Odisha,202530,195201,0.96,0,0,0,2,0.09,VERIFIED_VALID,0
FRAUD_IN_41628,Anita Yadav,Punjab,376720,408521,1.08,0,0,0,2,0.12,VERIFIED_VALID,0
FRAUD_IN_41629,Rohan Chaudhary,Rajasthan,245618,256732,1.05,0,0,0,4,0.05,VERIFIED_VALID,0
FRAUD_IN_41630,Mamta Singh,Karnataka,436409,498431,1.14,0,0,0,1,0.11,VERIFIED_VALID,0
FRAUD_IN_41631,Vijay Kulkarni,Haryana,212045,235649,1.11,0,0,0,3,0.04,VERIFIED_VALID,0
FRAUD_IN_41632,Rohan Khan,West Bengal,153788,168645,1.1,0,0,0,3,0.04,VERIFIED_VALID,0
FRAUD_IN_41633,Suresh Verma,Bihar,235807,228636,0.97,0,0,0,2,0.13,VERIFIED_VALID,0
FRAUD_IN_41634,Fatima Reddy,Bihar,339374,325540,0.96,0,0,1,1,0.11,VERIFIED_VALID,0
FRAUD_IN_41635,Ananya Das,Kerala,242860,256462,1.06,0,0,0,3,0.06,NOT_REQUIRED,0
FRAUD_IN_41636,Seema Gupta,Maharashtra,202670,212413,1.05,0,0,0,1,0.01,VERIFIED_VALID,0
FRAUD_IN_41637,Neha Nair,Maharashtra,137691,154562,1.12,0,0,0,3,0.14,VERIFIED_VALID,0
FRAUD_IN_41638,Sangeeta Verma,Odisha,370922,369964,1.0,0,0,0,3,0.03,VERIFIED_VALID,0
FRAUD_IN_41639,Sujata Chaudhary,Uttar Pradesh,78780,75266,0.96,0,0,0,1,0.09,NOT_REQUIRED,0
FRAUD_IN_41640,Vikram Mishra,Bihar,257884,277866,1.08,0,0,0,2,0.07,VERIFIED_VALID,0
FRAUD_IN_41641,Ashok Mishra,Punjab,73866,82095,1.11,0,0,0,4,0.03,VERIFIED_VALID,0
FRAUD_IN_41642,Suresh Verma,Rajasthan,60024,65029,1.08,0,0,0,3,0.15,VERIFIED_VALID,0
FRAUD_IN_41643,Sanjay Rao,West Bengal,311202,315839,1.01,0,0,0,1,0.12,VERIFIED_VALID,0
FRAUD_IN_41644,Rekha Das,Maharashtra,411151,407882,0.99,0,0,0,2,0.2,VERIFIED_VALID,0
FRAUD_IN_41645,Gurpreet Patil,Tamil Nadu,313751,347150,1.11,0,0,0,3,0.09,VERIFIED_VALID,0
FRAUD_IN_41646,Kiran Chatterjee,Uttar Pradesh,437598,438123,1.0,0,0,0,4,0.07,NOT_REQUIRED,0
FRAUD_IN_41647,Rohan Chatterjee,Assam,375818,404721,1.08,0,0,0,1,0.01,VERIFIED_VALID,0
FRAUD_IN_41648,Sunil Kaur,Kerala,207562,220310,1.06,0,0,0,2,0.14,VERIFIED_VALID,0
FRAUD_IN_41649,Bhavna Kumar,Tamil Nadu,407169,433759,1.07,0,0,0,4,0.04,VERIFIED_VALID,0
FRAUD_IN_41650,Preeti Joshi,Madhya Pradesh,289288,321089,1.11,0,0,0,2,0.12,NOT_REQUIRED,0
FRAUD_IN_41651,Rahul Kulkarni,Karnataka,184234,182966,0.99,0,0,0,1,0.1,VERIFIED_VALID,0
FRAUD_IN_41652,Vijay Verma,Bihar,404305,461160,1.14,0,0,0,4,0.07,VERIFIED_VALID,0
FRAUD_IN_41653,Lakshmi Kumar,Kerala,248271,283275,1.14,0,0,0,1,0.03,VERIFIED_VALID,0
FRAUD_IN_41654,Anil Singh,Odisha,78240,83323,1.06,0,0,0,1,0.04,VERIFIED_VALID,0
FRAUD_IN_41655,Fatima Mehta,Punjab,168693,181932,1.08,0,0,0,4,0.05,VERIFIED_VALID,0
FRAUD_IN_41656,Ayesha Rao,Kerala,141478,158922,1.12,0,0,0,4,0.04,VERIFIED_VALID,0
FRAUD_IN_41657,Dinesh Gupta,Rajasthan,341555,355972,1.04,0,0,0,1,0.1,NOT_REQUIRED,0
FRAUD_IN_41658,Amit Mishra,Punjab,407038,380236,0.93,0,0,0,2,0.2,VERIFIED_VALID,0
FRAUD_IN_41659,Neha Mishra,Karnataka,274855,269763,0.98,0,0,0,3,0.1,NOT_REQUIRED,0
FRAUD_IN_41660,Sujata Shah,Uttar Pradesh,70026,73370,1.05,0,0,0,4,0.03,VERIFIED_VALID,0
FRAUD_IN_41661,Geeta Chaudhary,Assam,199289,199157,1.0,0,0,0,3,0.18,VERIFIED_VALID,0
FRAUD_IN_41662,Sangeeta Patil,Rajasthan,154838,148782,0.96,0,0,0,2,0.15,VERIFIED_VALID,0
FRAUD_IN_41663,Sunil Verma,Punjab,296521,278770,0.94,0,0,1,4,0.05,VERIFIED_VALID,0
FRAUD_IN_41664,Vikram Mishra,Uttar Pradesh,279818,1324915,4.73,1,1,0,24,0.73,SUSPICIOUS,1
FRAUD_IN_41665,Amit Singh,Maharashtra,75498,71841,0.95,0,0,0,2,0.08,VERIFIED_VALID,0
FRAUD_IN_41666,Prakash Kumar,Maharashtra,339738,375041,1.1,0,0,1,2,0.18,NOT_REQUIRED,0
FRAUD_IN_41667,Preeti Sheikh,Odisha,106618,100426,0.94,0,0,0,1,0.01,VERIFIED_VALID,0
FRAUD_IN_41668,Tariq Chatterjee,Gujarat,175694,201985,1.15,0,0,0,4,0.09,VERIFIED_VALID,0
FRAUD_IN_41669,Simran Gupta,Assam,282286,304992,1.08,0,0,0,1,0.05,VERIFIED_VALID,0
FRAUD_IN_41670,Karan Gowda,Maharashtra,381784,407873,1.07,0,0,0,2,0.2,VERIFIED_VALID,0
FRAUD_IN_41671,Meena Mishra,Assam,409399,394191,0.96,0,0,0,4,0.0,VERIFIED_VALID,0
FRAUD_IN_41672,Seema Mishra,Odisha,157084,174233,1.11,0,0,1,3,0.13,NOT_REQUIRED,0
FRAUD_IN_41673,Rajesh Yadav,Gujarat,80003,79364,0.99,0,0,0,3,0.19,VERIFIED_VALID,0
FRAUD_IN_41674,Mohammed Verma,Maharashtra,424633,424153,1.0,0,0,0,1,0.21,VERIFIED_VALID,0
FRAUD_IN_41675,Sunil Khan,Tamil Nadu,260029,262271,1.01,0,0,0,3,0.16,VERIFIED_VALID,0
FRAUD_IN_41676,Rahul Mishra,Uttar Pradesh,415886,432378,1.04,0,0,0,4,0.05,VERIFIED_VALID,0
FRAUD_IN_41677,Mahesh Mishra,Rajasthan,399770,421749,1.05,0,0,0,2,0.0,VERIFIED_VALID,0
FRAUD_IN_41678,Sangeeta Shah,West Bengal,129788,139863,1.08,0,0,0,1,0.16,VERIFIED_VALID,0
FRAUD_IN_41679,Lakshmi Deshmukh,Karnataka,102872,107794,1.05,0,0,0,3,0.18,VERIFIED_VALID,0
FRAUD_IN_41680,Mahesh Khan,Madhya Pradesh,216527,225129,1.04,0,0,0,4,0.02,VERIFIED_VALID,0
FRAUD_IN_41681,Priya Joshi,Punjab,374690,401894,1.07,0,0,0,2,0.12,NOT_REQUIRED,0
FRAUD_IN_41682,Gurpreet Patel,Maharashtra,77119,85823,1.11,0,0,0,3,0.04,VERIFIED_VALID,0
FRAUD_IN_41683,Pradeep Reddy,Rajasthan,37322,40740,1.09,0,0,0,2,0.22,VERIFIED_VALID,0
FRAUD_IN_41684,Sanjay Reddy,Haryana,65980,67477,1.02,0,0,0,3,0.21,NOT_REQUIRED,0
FRAUD_IN_41685,Pooja Mishra,Rajasthan,294206,332958,1.13,0,0,0,2,0.2,VERIFIED_VALID,0
FRAUD_IN_41686,Vikram Gupta,Uttar Pradesh,239270,265574,1.11,0,0,0,2,0.13,VERIFIED_VALID,0
FRAUD_IN_41687,Preeti Deshmukh,Assam,206573,1743106,8.44,1,0,0,26,0.73,SUSPICIOUS,1
FRAUD_IN_41688,Meena Nair,Maharashtra,172127,166577,0.97,0,0,0,1,0.16,VERIFIED_VALID,0
FRAUD_IN_41689,Sujata Deshmukh,Bihar,179853,177083,0.98,0,0,0,3,0.17,VERIFIED_VALID,0
FRAUD_IN_41690,Lakshmi Das,Madhya Pradesh,256217,238612,0.93,0,0,0,1,0.12,VERIFIED_VALID,0
FRAUD_IN_41691,Kavita Chatterjee,Assam,184001,1503396,8.17,1,1,1,28,0.85,SUSPICIOUS,1
FRAUD_IN_41692,Fatima Nair,Haryana,91502,104024,1.14,0,0,0,1,0.07,VERIFIED_VALID,0
FRAUD_IN_41693,Anil Deshmukh,Maharashtra,444205,446075,1.0,0,0,0,3,0.06,VERIFIED_VALID,0
FRAUD_IN_41694,Anil Yadav,Maharashtra,49322,51180,1.04,0,0,0,4,0.05,VERIFIED_VALID,0
FRAUD_IN_41695,Simran Mehta,Madhya Pradesh,222676,1820326,8.17,0,0,1,23,0.9,SUSPICIOUS,1
FRAUD_IN_41696,Shweta Verma,Madhya Pradesh,55630,62856,1.13,0,0,0,2,0.1,VERIFIED_VALID,0
FRAUD_IN_41697,Lakshmi Gowda,Uttar Pradesh,230795,217036,0.94,0,0,0,2,0.04,VERIFIED_VALID,0
FRAUD_IN_41698,Rahul Deshmukh,Odisha,261787,243174,0.93,0,0,0,2,0.0,VERIFIED_VALID,0
FRAUD_IN_41699,Preeti Gowda,Uttar Pradesh,139558,157279,1.13,0,0,0,1,0.03,VERIFIED_VALID,0
FRAUD_IN_41700,Kavita Patil,Rajasthan,332563,324552,0.98,0,0,0,4,0.07,VERIFIED_VALID,0
FRAUD_IN_41701,Sangeeta Patil,Bihar,37649,35703,0.95,0,0,0,3,0.16,NOT_REQUIRED,0
FRAUD_IN_41702,Radha Chaudhary,Kerala,296607,319570,1.08,0,0,0,2,0.1,VERIFIED_VALID,0
FRAUD_IN_41703,Sunil Kumar,Haryana,408993,425041,1.04,0,0,0,4,0.06,VERIFIED_VALID,0
FRAUD_IN_41704,Kavita Sheikh,Assam,168990,160789,0.95,0,0,0,3,0.07,VERIFIED_VALID,0
FRAUD_IN_41705,Meena Rao,Haryana,358130,364357,1.02,0,0,0,2,0.15,NOT_REQUIRED,0
FRAUD_IN_41706,Geeta Gupta,Madhya Pradesh,152236,154558,1.02,0,0,0,1,0.18,VERIFIED_VALID,0
FRAUD_IN_41707,Kavita Kumar,Karnataka,359970,351381,0.98,0,0,0,1,0.19,VERIFIED_VALID,0
FRAUD_IN_41708,Simran Chatterjee,West Bengal,392297,438441,1.12,0,0,0,2,0.08,VERIFIED_VALID,0
FRAUD_IN_41709,Priya Shah,Haryana,303893,2534929,8.34,1,0,1,32,0.73,UNVERIFIED,1
FRAUD_IN_41710,Ganesh Gupta,Maharashtra,69553,64064,0.92,0,0,0,2,0.06,NOT_REQUIRED,0
FRAUD_IN_41711,Rahul Yadav,Tamil Nadu,97448,108535,1.11,0,0,0,4,0.06,VERIFIED_VALID,0
FRAUD_IN_41712,Mahesh Joshi,Maharashtra,88027,89188,1.01,0,0,0,2,0.14,VERIFIED_VALID,0
FRAUD_IN_41713,Geeta Deshmukh,Tamil Nadu,267542,266407,1.0,0,0,0,4,0.07,NOT_REQUIRED,0
FRAUD_IN_41714,Ayesha Joshi,Rajasthan,68480,63789,0.93,0,0,0,1,0.2,VERIFIED_VALID,0
FRAUD_IN_41715,Kiran Kaur,West Bengal,44478,41424,0.93,0,0,0,1,0.02,VERIFIED_VALID,0
FRAUD_IN_41716,Pradeep Deshmukh,Karnataka,146177,152715,1.04,0,0,0,1,0.19,VERIFIED_VALID,0
FRAUD_IN_41717,Pradeep Yadav,Odisha,395439,451350,1.14,0,0,0,1,0.21,NOT_REQUIRED,0
FRAUD_IN_41718,Rekha Yadav,Punjab,148539,144970,0.98,0,0,0,1,0.11,VERIFIED_VALID,0
FRAUD_IN_41719,Kiran Singh,Punjab,88717,86436,0.97,0,0,0,3,0.16,VERIFIED_VALID,0
FRAUD_IN_41720,Sanjay Das,Rajasthan,78681,88577,1.13,0,0,0,4,0.13,VERIFIED_VALID,0
FRAUD_IN_41721,Sanjay Patel,Bihar,409636,416963,1.02,0,0,0,2,0.02,NOT_REQUIRED,0
FRAUD_IN_41722,Mamta Shah,Rajasthan,85515,84430,0.99,0,0,0,2,0.2,VERIFIED_VALID,0
FRAUD_IN_41723,Seema Kaur,Tamil Nadu,173857,195753,1.13,0,0,0,3,0.05,NOT_REQUIRED,0
FRAUD_IN_41724,Tariq Mehta,Karnataka,182623,185420,1.02,0,0,0,4,0.05,VERIFIED_VALID,0
FRAUD_IN_41725,Rekha Patel,Karnataka,172718,176458,1.02,0,0,0,3,0.03,VERIFIED_VALID,0
FRAUD_IN_41726,Gurpreet Shah,Kerala,48506,53329,1.1,0,0,1,2,0.21,VERIFIED_VALID,0
FRAUD_IN_41727,Shweta Kaur,Uttar Pradesh,249363,1497476,6.01,1,1,0,24,0.77,SUSPICIOUS,1
FRAUD_IN_41728,Meena Verma,Odisha,209779,207740,0.99,0,0,0,1,0.09,VERIFIED_VALID,0
FRAUD_IN_41729,Vijay Mishra,Haryana,402872,406794,1.01,0,0,0,1,0.13,VERIFIED_VALID,0
FRAUD_IN_41730,Mohammed Sheikh,Punjab,189805,179763,0.95,0,0,0,4,0.15,NOT_REQUIRED,0
FRAUD_IN_41731,Anita Gupta,Haryana,285065,305729,1.07,0,0,0,2,0.09,VERIFIED_VALID,0
FRAUD_IN_41732,Savita Khan,Karnataka,252772,271848,1.08,0,0,1,1,0.03,NOT_REQUIRED,0
FRAUD_IN_41733,Bhavna Patil,Karnataka,215770,231026,1.07,0,0,0,1,0.19,VERIFIED_VALID,0
FRAUD_IN_41734,Bhavna Joshi,Karnataka,145721,134807,0.93,0,0,0,3,0.15,VERIFIED_VALID,0
FRAUD_IN_41735,Mohammed Chaudhary,West Bengal,269882,269764,1.0,0,0,0,1,0.05,VERIFIED_VALID,0
FRAUD_IN_41736,Lakshmi Kumar,West Bengal,185187,204002,1.1,0,0,0,2,0.14,NOT_REQUIRED,0
FRAUD_IN_41737,Lakshmi Patel,Uttar Pradesh,366061,336812,0.92,0,0,0,1,0.08,VERIFIED_VALID,0
FRAUD_IN_41738,Preeti Sheikh,West Bengal,250197,276657,1.11,0,0,0,3,0.02,VERIFIED_VALID,0
FRAUD_IN_41739,Vikram Gowda,Assam,113798,110541,0.97,0,0,0,2,0.13,VERIFIED_VALID,0
FRAUD_IN_41740,Geeta Deshmukh,West Bengal,199210,213520,1.07,0,0,0,4,0.08,VERIFIED_VALID,0
FRAUD_IN_41741,Sanjay Yadav,Uttar Pradesh,69373,76095,1.1,0,0,0,1,0.22,VERIFIED_VALID,0
FRAUD_IN_41742,Pooja Reddy,Haryana,52147,57651,1.11,0,0,0,2,0.02,VERIFIED_VALID,0
FRAUD_IN_41743,Anil Deshmukh,Tamil Nadu,334193,356632,1.07,0,0,0,1,0.2,VERIFIED_VALID,0
FRAUD_IN_41744,Vikram Sheikh,Odisha,150213,171757,1.14,0,0,0,4,0.16,VERIFIED_VALID,0
FRAUD_IN_41745,Fatima Gupta,Rajasthan,285322,270334,0.95,0,0,0,3,0.19,NOT_REQUIRED,0
FRAUD_IN_41746,Kiran Khan,Punjab,419890,480104,1.14,0,0,0,1,0.14,VERIFIED_VALID,0
FRAUD_IN_41747,Shweta Deshmukh,Gujarat,449504,457599,1.02,0,0,1,2,0.04,VERIFIED_VALID,0
FRAUD_IN_41748,Suresh Reddy,Tamil Nadu,68687,67664,0.99,0,0,0,3,0.04,NOT_REQUIRED,0
FRAUD_IN_41749,Sujata Shah,Punjab,343784,362520,1.05,0,0,0,2,0.06,VERIFIED_VALID,0
FRAUD_IN_41750,Savita Patel,West Bengal,96647,288565,2.99,1,0,1,26,0.7,UNVERIFIED,1
FRAUD_IN_41751,Ayesha Reddy,West Bengal,273386,969632,3.55,1,1,1,33,0.93,UNVERIFIED,1
FRAUD_IN_41752,Mamta Kulkarni,Rajasthan,164223,187722,1.14,0,0,0,1,0.14,VERIFIED_VALID,0
FRAUD_IN_41753,Seema Das,Haryana,221718,242815,1.1,0,0,0,1,0.17,VERIFIED_VALID,0
FRAUD_IN_41754,Suresh Joshi,Tamil Nadu,51947,56992,1.1,0,0,0,2,0.06,VERIFIED_VALID,0
FRAUD_IN_41755,Simran Khan,Tamil Nadu,284323,275069,0.97,0,0,0,2,0.01,VERIFIED_VALID,0
FRAUD_IN_41756,Mohammed Khan,Haryana,411604,383319,0.93,0,0,1,3,0.22,VERIFIED_VALID,0
FRAUD_IN_41757,Meena Yadav,Rajasthan,325723,351371,1.08,0,0,0,4,0.19,VERIFIED_VALID,0
FRAUD_IN_41758,Kiran Chaudhary,Maharashtra,286885,289573,1.01,0,0,0,2,0.19,VERIFIED_VALID,0
FRAUD_IN_41759,Gurpreet Reddy,Karnataka,58087,58866,1.01,0,0,0,3,0.1,VERIFIED_VALID,0
FRAUD_IN_41760,Karan Joshi,Tamil Nadu,218363,231593,1.06,0,0,0,1,0.02,VERIFIED_VALID,0
FRAUD_IN_41761,Radha Patil,Assam,119265,113047,0.95,0,0,0,4,0.18,VERIFIED_VALID,0
FRAUD_IN_41762,Vikram Shah,Uttar Pradesh,61427,66147,1.08,0,0,0,1,0.21,VERIFIED_VALID,0
FRAUD_IN_41763,Kavita Deshmukh,Assam,306158,302527,0.99,0,0,0,1,0.12,VERIFIED_VALID,0
FRAUD_IN_41764,Rohan Reddy,Uttar Pradesh,409566,462876,1.13,0,0,0,2,0.07,VERIFIED_VALID,0
FRAUD_IN_41765,Fatima Mishra,Uttar Pradesh,398706,388313,0.97,0,0,0,1,0.17,VERIFIED_VALID,0
FRAUD_IN_41766,Anil Reddy,Maharashtra,225645,230860,1.02,0,0,0,4,0.08,VERIFIED_VALID,0
FRAUD_IN_41767,Vikram Mehta,Odisha,233119,257927,1.11,0,0,0,3,0.0,NOT_REQUIRED,0
FRAUD_IN_41768,Shweta Mehta,Tamil Nadu,168592,182388,1.08,0,0,0,2,0.17,VERIFIED_VALID,0
FRAUD_IN_41769,Rahul Gupta,Kerala,239715,2024815,8.45,1,0,1,9,0.73,SUSPICIOUS,1
FRAUD_IN_41770,Rekha Nair,Odisha,345516,366114,1.06,0,0,0,1,0.19,VERIFIED_VALID,0
FRAUD_IN_41771,Savita Verma,Odisha,61706,231326,3.75,1,1,1,15,0.71,SUSPICIOUS,1
FRAUD_IN_41772,Ayesha Nair,Madhya Pradesh,431441,428302,0.99,0,0,0,1,0.1,VERIFIED_VALID,0
FRAUD_IN_41773,Mahesh Khan,Tamil Nadu,308547,308409,1.0,0,0,0,1,0.21,NOT_REQUIRED,0
FRAUD_IN_41774,Neha Das,Kerala,178007,175153,0.98,0,0,0,3,0.05,VERIFIED_VALID,0
FRAUD_IN_41775,Lakshmi Reddy,Haryana,161986,178083,1.1,0,0,0,2,0.1,VERIFIED_VALID,0
FRAUD_IN_41776,Rekha Deshmukh,Kerala,138700,137063,0.99,0,0,0,4,0.22,VERIFIED_VALID,0
FRAUD_IN_41777,Deepak Nair,West Bengal,65102,67172,1.03,0,0,0,2,0.09,NOT_REQUIRED,0
FRAUD_IN_41778,Deepika Patil,Karnataka,397830,1177521,2.96,1,1,0,30,0.73,SUSPICIOUS,1
FRAUD_IN_41779,Anita Das,Gujarat,122962,124300,1.01,0,0,0,4,0.1,NOT_REQUIRED,0
FRAUD_IN_41780,Rajesh Kaur,Karnataka,182081,170761,0.94,0,0,0,2,0.02,NOT_REQUIRED,0
FRAUD_IN_41781,Pradeep Joshi,Uttar Pradesh,207900,211436,1.02,0,0,0,3,0.0,VERIFIED_VALID,0
FRAUD_IN_41782,Sanjay Patil,Kerala,245464,228327,0.93,0,0,0,4,0.16,VERIFIED_VALID,0
FRAUD_IN_41783,Sunita Mishra,West Bengal,148020,148802,1.01,0,0,0,2,0.22,VERIFIED_VALID,0
FRAUD_IN_41784,Pradeep Joshi,Uttar Pradesh,273019,272698,1.0,0,0,0,2,0.01,VERIFIED_VALID,0
FRAUD_IN_41785,Rajesh Gowda,Tamil Nadu,36753,37944,1.03,0,0,0,2,0.1,VERIFIED_VALID,0
FRAUD_IN_41786,Bhavna Patil,Assam,323633,345829,1.07,0,0,0,1,0.04,NOT_REQUIRED,0
FRAUD_IN_41787,Suresh Kulkarni,Odisha,300798,306601,1.02,0,0,0,3,0.1,VERIFIED_VALID,0
FRAUD_IN_41788,Anita Nair,Gujarat,104795,113927,1.09,0,0,0,2,0.15,VERIFIED_VALID,0
FRAUD_IN_41789,Rekha Deshmukh,Karnataka,105929,115214,1.09,0,0,0,1,0.17,VERIFIED_VALID,0
FRAUD_IN_41790,Karan Rao,Uttar Pradesh,84336,95930,1.14,0,0,0,4,0.09,VERIFIED_VALID,0
FRAUD_IN_41791,Sanjay Mishra,Uttar Pradesh,175538,871875,4.97,0,1,0,21,0.89,UNVERIFIED,1
FRAUD_IN_41792,Sunil Sharma,Maharashtra,393019,399954,1.02,0,0,0,4,0.09,VERIFIED_VALID,0
FRAUD_IN_41793,Ayesha Chaudhary,Haryana,337534,387827,1.15,0,0,0,1,0.12,VERIFIED_VALID,0
FRAUD_IN_41794,Suresh Kumar,West Bengal,295732,323214,1.09,0,0,0,3,0.09,VERIFIED_VALID,0
FRAUD_IN_41795,Sunita Banerjee,Rajasthan,207823,236700,1.14,0,0,0,3,0.03,VERIFIED_VALID,0
FRAUD_IN_41796,Sanjay Kumar,West Bengal,197134,191725,0.97,0,0,1,2,0.07,VERIFIED_VALID,0
FRAUD_IN_41797,Prakash Sheikh,Uttar Pradesh,74521,68894,0.92,0,0,0,3,0.14,VERIFIED_VALID,0
FRAUD_IN_41798,Deepika Kaur,Haryana,293564,1983929,6.76,1,0,0,15,0.95,SUSPICIOUS,1
FRAUD_IN_41799,Sunita Das,Assam,336480,365627,1.09,0,0,0,2,0.11,VERIFIED_VALID,0
FRAUD_IN_41800,Seema Patil,Bihar,209312,226785,1.08,0,0,0,1,0.02,VERIFIED_VALID,0
FRAUD_IN_41801,Simran Mehta,Odisha,317619,362008,1.14,0,0,0,1,0.2,NOT_REQUIRED,0
FRAUD_IN_41802,Sunil Sheikh,West Bengal,241315,242305,1.0,0,0,0,3,0.08,NOT_REQUIRED,0
FRAUD_IN_41803,Fatima Deshmukh,Maharashtra,249011,245657,0.99,0,0,0,4,0.07,VERIFIED_VALID,0
FRAUD_IN_41804,Sujata Deshmukh,Maharashtra,194104,187418,0.97,0,0,1,3,0.03,VERIFIED_VALID,0
FRAUD_IN_41805,Neha Mehta,Bihar,48479,53078,1.09,0,0,0,3,0.12,VERIFIED_VALID,0
FRAUD_IN_41806,Mahesh Chatterjee,West Bengal,80296,77540,0.97,0,0,0,4,0.09,NOT_REQUIRED,0
FRAUD_IN_41807,Bhavna Nair,Odisha,330136,366522,1.11,0,0,0,3,0.09,NOT_REQUIRED,0
FRAUD_IN_41808,Ashok Banerjee,Haryana,289470,313943,1.08,0,0,0,1,0.21,VERIFIED_VALID,0
FRAUD_IN_41809,Amit Gupta,Madhya Pradesh,203743,228054,1.12,0,0,0,1,0.04,VERIFIED_VALID,0
FRAUD_IN_41810,Sunil Mehta,Kerala,176756,171981,0.97,0,0,0,4,0.08,VERIFIED_VALID,0
FRAUD_IN_41811,Sunil Deshmukh,Uttar Pradesh,269150,261130,0.97,0,0,0,3,0.12,VERIFIED_VALID,0
FRAUD_IN_41812,Ramesh Kulkarni,Haryana,266965,298424,1.12,0,0,0,3,0.1,VERIFIED_VALID,0
FRAUD_IN_41813,Savita Chaudhary,Bihar,336358,378725,1.13,0,0,0,4,0.21,NOT_REQUIRED,0
FRAUD_IN_41814,Ganesh Sharma,Kerala,322890,337173,1.04,0,0,0,1,0.09,VERIFIED_VALID,0
FRAUD_IN_41815,Sangeeta Chaudhary,Rajasthan,225086,224495,1.0,0,0,0,4,0.08,VERIFIED_VALID,0
FRAUD_IN_41816,Bhavna Gowda,Haryana,443254,427506,0.96,0,0,0,4,0.2,VERIFIED_VALID,0
FRAUD_IN_41817,Vijay Chaudhary,Punjab,183182,170150,0.93,0,0,0,3,0.14,VERIFIED_VALID,0
FRAUD_IN_41818,Mamta Patel,Kerala,360886,408229,1.13,0,0,0,4,0.13,VERIFIED_VALID,0
FRAUD_IN_41819,Simran Chaudhary,Gujarat,424292,399503,0.94,0,0,0,4,0.02,NOT_REQUIRED,0
FRAUD_IN_41820,Sunil Banerjee,Odisha,415348,387923,0.93,0,0,0,1,0.08,VERIFIED_VALID,0
FRAUD_IN_41821,Ashok Mishra,Assam,251918,245318,0.97,0,0,0,4,0.02,NOT_REQUIRED,0
FRAUD_IN_41822,Harpreet Sharma,Gujarat,265404,299998,1.13,0,0,0,3,0.21,NOT_REQUIRED,0
FRAUD_IN_41823,Seema Mehta,Madhya Pradesh,211076,234362,1.11,0,0,0,2,0.08,VERIFIED_VALID,0
FRAUD_IN_41824,Karan Banerjee,Kerala,107345,102050,0.95,0,0,0,3,0.07,VERIFIED_VALID,0
FRAUD_IN_41825,Sunil Chaudhary,Assam,177556,163754,0.92,0,0,0,1,0.04,VERIFIED_VALID,0
FRAUD_IN_41826,Suresh Mishra,West Bengal,233528,216739,0.93,0,0,0,1,0.02,VERIFIED_VALID,0
FRAUD_IN_41827,Sunita Chatterjee,Tamil Nadu,185414,199130,1.07,0,0,0,2,0.13,VERIFIED_VALID,0
FRAUD_IN_41828,Meena Joshi,West Bengal,106582,103500,0.97,0,0,0,1,0.22,NOT_REQUIRED,0
FRAUD_IN_41829,Deepak Mehta,Kerala,268979,1206769,4.49,1,0,1,11,0.87,UNVERIFIED,1
FRAUD_IN_41830,Anita Mishra,Karnataka,116086,110835,0.95,0,0,0,4,0.13,VERIFIED_VALID,0
FRAUD_IN_41831,Ananya Nair,Bihar,319573,2133059,6.67,1,0,0,11,0.97,UNVERIFIED,1
FRAUD_IN_41832,Tariq Chatterjee,Madhya Pradesh,237185,260101,1.1,0,0,0,4,0.07,VERIFIED_VALID,0
FRAUD_IN_41833,Ananya Kaur,Odisha,274844,287012,1.04,0,0,0,3,0.09,VERIFIED_VALID,0
FRAUD_IN_41834,Ramesh Shah,Kerala,56554,424915,7.51,0,1,1,14,0.93,FAKE_CERTIFICATE,1
FRAUD_IN_41835,Gurpreet Yadav,Karnataka,386351,421119,1.09,0,0,1,4,0.15,VERIFIED_VALID,0
FRAUD_IN_41836,Ashok Gupta,Tamil Nadu,144987,144452,1.0,0,0,0,4,0.05,VERIFIED_VALID,0
FRAUD_IN_41837,Preeti Gowda,Kerala,286958,287619,1.0,0,0,0,4,0.06,VERIFIED_VALID,0
FRAUD_IN_41838,Anita Shah,Kerala,211790,220597,1.04,0,0,0,3,0.03,VERIFIED_VALID,0
FRAUD_IN_41839,Rekha Kumar,Bihar,101740,107346,1.06,0,0,0,4,0.13,VERIFIED_VALID,0
FRAUD_IN_41840,Ananya Joshi,Tamil Nadu,398043,405103,1.02,0,0,0,4,0.0,VERIFIED_VALID,0
FRAUD_IN_41841,Ramesh Joshi,Madhya Pradesh,412673,449447,1.09,0,0,0,2,0.02,VERIFIED_VALID,0
FRAUD_IN_41842,Rajesh Joshi,Bihar,261841,282061,1.08,0,0,1,2,0.17,VERIFIED_VALID,0
FRAUD_IN_41843,Pradeep Mehta,Tamil Nadu,337063,384816,1.14,0,0,0,3,0.15,VERIFIED_VALID,0
FRAUD_IN_41844,Simran Mehta,West Bengal,232157,227362,0.98,0,0,0,1,0.22,VERIFIED_VALID,0
FRAUD_IN_41845,Rahul Shah,Uttar Pradesh,215939,209530,0.97,0,0,0,4,0.01,VERIFIED_VALID,0
FRAUD_IN_41846,Radha Reddy,Madhya Pradesh,106024,117358,1.11,0,0,0,1,0.2,VERIFIED_VALID,0
FRAUD_IN_41847,Ashok Das,Punjab,390488,420108,1.08,0,0,0,1,0.16,VERIFIED_VALID,0
FRAUD_IN_41848,Mohammed Kumar,Kerala,99368,105077,1.06,0,0,0,2,0.16,VERIFIED_VALID,0
FRAUD_IN_41849,Arjun Deshmukh,Odisha,51845,49463,0.95,0,0,0,3,0.0,NOT_REQUIRED,0
FRAUD_IN_41850,Vikram Chaudhary,Madhya Pradesh,145460,149944,1.03,0,0,0,4,0.06,VERIFIED_VALID,0
FRAUD_IN_41851,Kavita Gowda,Tamil Nadu,286473,288789,1.01,0,0,1,2,0.02,VERIFIED_VALID,0
FRAUD_IN_41852,Anil Nair,Rajasthan,234884,218962,0.93,0,0,0,2,0.07,VERIFIED_VALID,0
FRAUD_IN_41853,Anil Patel,Maharashtra,430871,480714,1.12,0,0,0,2,0.2,VERIFIED_VALID,0
FRAUD_IN_41854,Ashok Singh,Haryana,307767,327809,1.07,0,0,1,3,0.18,VERIFIED_VALID,0
FRAUD_IN_41855,Harpreet Deshmukh,Gujarat,311929,334437,1.07,0,0,1,2,0.21,NOT_REQUIRED,0
FRAUD_IN_41856,Radha Nair,Haryana,316821,355544,1.12,0,0,0,1,0.1,VERIFIED_VALID,0
FRAUD_IN_41857,Meena Joshi,Rajasthan,64777,71561,1.1,0,0,1,1,0.06,NOT_REQUIRED,0
FRAUD_IN_41858,Sangeeta Reddy,West Bengal,430583,420316,0.98,0,0,0,4,0.21,VERIFIED_VALID,0
FRAUD_IN_41859,Rohan Khan,Assam,229455,253124,1.1,0,0,0,2,0.06,VERIFIED_VALID,0
FRAUD_IN_41860,Prakash Verma,Tamil Nadu,314178,290337,0.92,0,0,0,1,0.09,VERIFIED_VALID,0
FRAUD_IN_41861,Lakshmi Reddy,Madhya Pradesh,274646,288072,1.05,0,0,0,4,0.01,VERIFIED_VALID,0
FRAUD_IN_41862,Fatima Yadav,Assam,176206,1382489,7.85,1,1,1,7,0.81,FAKE_CERTIFICATE,1
FRAUD_IN_41863,Savita Patel,Rajasthan,373064,2756702,7.39,1,1,1,27,0.75,SUSPICIOUS,1
FRAUD_IN_41864,Sunita Reddy,Madhya Pradesh,51588,250241,4.85,0,0,0,19,0.88,FAKE_CERTIFICATE,1
FRAUD_IN_41865,Sangeeta Sharma,Uttar Pradesh,395004,418269,1.06,0,0,0,3,0.11,VERIFIED_VALID,0
FRAUD_IN_41866,Priya Khan,Haryana,336029,338503,1.01,0,0,0,3,0.2,VERIFIED_VALID,0
FRAUD_IN_41867,Sunita Shah,Odisha,60312,58324,0.97,0,0,0,2,0.06,VERIFIED_VALID,0
FRAUD_IN_41868,Deepak Chatterjee,Uttar Pradesh,182531,1175319,6.44,1,0,1,15,0.71,SUSPICIOUS,1
FRAUD_IN_41869,Neha Kumar,Haryana,198136,214780,1.08,0,0,0,4,0.21,VERIFIED_VALID,0
FRAUD_IN_41870,Rahul Reddy,Uttar Pradesh,373578,412536,1.1,0,0,0,1,0.14,VERIFIED_VALID,0
FRAUD_IN_41871,Sangeeta Patel,Assam,67547,69700,1.03,0,0,0,1,0.06,VERIFIED_VALID,0
FRAUD_IN_41872,Simran Chatterjee,Uttar Pradesh,333660,1824852,5.47,1,1,1,27,0.71,UNVERIFIED,1
FRAUD_IN_41873,Ananya Kumar,Uttar Pradesh,76882,76486,0.99,0,0,0,2,0.05,VERIFIED_VALID,0
FRAUD_IN_41874,Savita Patel,Tamil Nadu,327100,345163,1.06,0,0,0,3,0.14,VERIFIED_VALID,0
FRAUD_IN_41875,Radha Verma,Maharashtra,380132,2748880,7.23,0,0,1,17,0.84,UNVERIFIED,1
FRAUD_IN_41876,Bhavna Rao,Punjab,95052,89997,0.95,0,0,0,4,0.12,VERIFIED_VALID,0
FRAUD_IN_41877,Neha Mehta,Rajasthan,434040,472937,1.09,0,0,0,1,0.19,VERIFIED_VALID,0
FRAUD_IN_41878,Suresh Singh,West Bengal,403243,414478,1.03,0,0,0,3,0.07,VERIFIED_VALID,0
FRAUD_IN_41879,Lakshmi Kulkarni,Karnataka,229763,259351,1.13,0,0,0,4,0.02,VERIFIED_VALID,0
FRAUD_IN_41880,Gurpreet Khan,Odisha,376105,374789,1.0,0,0,0,3,0.12,VERIFIED_VALID,0
FRAUD_IN_41881,Mohammed Kumar,Karnataka,359916,404797,1.12,0,0,0,3,0.03,VERIFIED_VALID,0
FRAUD_IN_41882,Sanjay Khan,Maharashtra,391485,1814541,4.64,1,1,1,34,0.79,SUSPICIOUS,1
FRAUD_IN_41883,Deepak Khan,Odisha,68073,74935,1.1,0,0,0,2,0.1,VERIFIED_VALID,0
FRAUD_IN_41884,Sunil Das,Odisha,368737,382322,1.04,0,0,0,3,0.07,VERIFIED_VALID,0
FRAUD_IN_41885,Radha Patil,Maharashtra,430245,409810,0.95,0,0,0,1,0.11,VERIFIED_VALID,0
FRAUD_IN_41886,Rahul Yadav,Bihar,148812,168323,1.13,0,0,0,4,0.06,VERIFIED_VALID,0
FRAUD_IN_41887,Deepak Verma,Rajasthan,309308,304047,0.98,0,0,0,1,0.16,VERIFIED_VALID,0
FRAUD_IN_41888,Geeta Kaur,Assam,225791,232029,1.03,0,0,0,4,0.14,NOT_REQUIRED,0
FRAUD_IN_41889,Arjun Patel,Uttar Pradesh,250418,232034,0.93,0,0,0,2,0.19,VERIFIED_VALID,0
FRAUD_IN_41890,Shweta Mishra,Punjab,194106,219300,1.13,0,0,0,2,0.13,VERIFIED_VALID,0
FRAUD_IN_41891,Meena Nair,Bihar,236310,229415,0.97,0,0,0,1,0.05,VERIFIED_VALID,0
FRAUD_IN_41892,Rekha Deshmukh,Rajasthan,50011,51274,1.03,0,0,0,2,0.03,VERIFIED_VALID,0
FRAUD_IN_41893,Arjun Gupta,Punjab,287819,297732,1.03,0,0,0,2,0.01,VERIFIED_VALID,0
FRAUD_IN_41894,Ganesh Kaur,Karnataka,242242,233426,0.96,0,0,0,3,0.16,VERIFIED_VALID,0
FRAUD_IN_41895,Kiran Singh,Assam,430205,479512,1.11,0,0,0,2,0.18,NOT_REQUIRED,0
FRAUD_IN_41896,Sanjay Verma,Assam,131551,142039,1.08,0,0,0,2,0.05,VERIFIED_VALID,0
FRAUD_IN_41897,Sanjay Gupta,Karnataka,61872,68663,1.11,0,0,0,1,0.02,VERIFIED_VALID,0
FRAUD_IN_41898,Rahul Mishra,Bihar,378895,413093,1.09,0,0,0,1,0.09,VERIFIED_VALID,0
FRAUD_IN_41899,Kiran Gowda,Tamil Nadu,345811,325623,0.94,0,0,0,2,0.12,NOT_REQUIRED,0
FRAUD_IN_41900,Tariq Chatterjee,Rajasthan,353567,360008,1.02,0,0,0,4,0.15,VERIFIED_VALID,0
FRAUD_IN_41901,Mahesh Gowda,Bihar,277228,302377,1.09,0,0,0,1,0.09,NOT_REQUIRED,0
FRAUD_IN_41902,Amit Kaur,Madhya Pradesh,344757,372196,1.08,0,0,0,4,0.04,VERIFIED_VALID,0
FRAUD_IN_41903,Ganesh Mishra,Haryana,438116,465635,1.06,0,0,0,2,0.03,VERIFIED_VALID,0
FRAUD_IN_41904,Pooja Gupta,Rajasthan,410766,394006,0.96,0,0,0,3,0.12,NOT_REQUIRED,0
FRAUD_IN_41905,Deepika Kaur,Karnataka,246185,229600,0.93,0,0,0,1,0.17,VERIFIED_VALID,0
FRAUD_IN_41906,Sunita Patil,Bihar,171791,174349,1.01,0,0,0,4,0.11,VERIFIED_VALID,0
FRAUD_IN_41907,Seema Singh,Bihar,161979,161376,1.0,0,0,0,4,0.21,VERIFIED_VALID,0
FRAUD_IN_41908,Vikram Mishra,Rajasthan,100763,95888,0.95,0,0,0,3,0.22,VERIFIED_VALID,0
FRAUD_IN_41909,Shweta Patil,Karnataka,413704,1659215,4.01,0,0,1,23,0.82,UNVERIFIED,1
FRAUD_IN_41910,Suresh Banerjee,Bihar,80415,87901,1.09,0,0,0,2,0.03,VERIFIED_VALID,0
FRAUD_IN_41911,Karan Deshmukh,Rajasthan,417781,411562,0.99,0,0,0,2,0.18,VERIFIED_VALID,0
FRAUD_IN_41912,Pradeep Chatterjee,Odisha,304642,300102,0.99,0,0,0,4,0.18,VERIFIED_VALID,0
FRAUD_IN_41913,Lakshmi Kaur,Haryana,160239,169546,1.06,0,0,0,4,0.06,VERIFIED_VALID,0
FRAUD_IN_41914,Kiran Deshmukh,Karnataka,273999,297024,1.08,0,0,0,4,0.2,NOT_REQUIRED,0
FRAUD_IN_41915,Amit Reddy,Karnataka,443544,477308,1.08,0,0,0,1,0.22,VERIFIED_VALID,0
FRAUD_IN_41916,Simran Sheikh,Tamil Nadu,340005,376962,1.11,0,0,0,1,0.07,VERIFIED_VALID,0
FRAUD_IN_41917,Vikram Sharma,Punjab,93134,740940,7.96,1,0,0,35,0.79,SUSPICIOUS,1
FRAUD_IN_41918,Bhavna Joshi,Madhya Pradesh,435873,455904,1.05,0,0,0,4,0.05,VERIFIED_VALID,0
FRAUD_IN_41919,Suresh Mehta,Karnataka,427220,405111,0.95,0,0,0,2,0.15,NOT_REQUIRED,0
FRAUD_IN_41920,Arjun Gowda,Odisha,398131,404114,1.02,0,0,0,2,0.17,VERIFIED_VALID,0
FRAUD_IN_41921,Sangeeta Chatterjee,West Bengal,388955,415458,1.07,0,0,0,4,0.04,VERIFIED_VALID,0
FRAUD_IN_41922,Lakshmi Gowda,Rajasthan,130748,149816,1.15,0,0,0,1,0.06,VERIFIED_VALID,0
FRAUD_IN_41923,Arjun Reddy,Gujarat,280309,268301,0.96,0,0,0,2,0.06,VERIFIED_VALID,0
FRAUD_IN_41924,Rekha Mishra,Maharashtra,86945,93617,1.08,0,0,0,1,0.07,VERIFIED_VALID,0
FRAUD_IN_41925,Savita Mehta,Bihar,364287,411490,1.13,0,0,0,1,0.05,NOT_REQUIRED,0
FRAUD_IN_41926,Mamta Rao,Gujarat,418825,414921,0.99,0,0,0,1,0.12,VERIFIED_VALID,0
FRAUD_IN_41927,Amit Nair,Karnataka,222651,252046,1.13,0,0,0,2,0.01,VERIFIED_VALID,0
FRAUD_IN_41928,Pooja Khan,Karnataka,72337,66983,0.93,0,0,0,3,0.1,VERIFIED_VALID,0
FRAUD_IN_41929,Kiran Singh,Gujarat,126710,131558,1.04,0,0,0,2,0.13,NOT_REQUIRED,0
FRAUD_IN_41930,Shweta Sharma,Assam,44715,47777,1.07,0,0,0,3,0.15,NOT_REQUIRED,0
FRAUD_IN_41931,Rahul Chaudhary,Kerala,110301,109567,0.99,0,0,1,3,0.13,VERIFIED_VALID,0
FRAUD_IN_41932,Rekha Kulkarni,Kerala,337075,341292,1.01,0,0,0,2,0.21,VERIFIED_VALID,0
FRAUD_IN_41933,Geeta Verma,Rajasthan,172231,188184,1.09,0,0,0,1,0.19,VERIFIED_VALID,0
FRAUD_IN_41934,Simran Patil,Madhya Pradesh,103197,98142,0.95,0,0,0,2,0.03,NOT_REQUIRED,0
FRAUD_IN_41935,Rahul Kulkarni,Punjab,352655,352688,1.0,0,0,0,1,0.07,VERIFIED_VALID,0
FRAUD_IN_41936,Shweta Verma,Karnataka,86304,96552,1.12,0,0,0,3,0.2,NOT_REQUIRED,0
FRAUD_IN_41937,Sanjay Shah,Karnataka,126339,694222,5.49,1,1,1,12,0.93,FAKE_CERTIFICATE,1
FRAUD_IN_41938,Ganesh Kumar,Haryana,438260,407486,0.93,0,0,0,1,0.02,NOT_REQUIRED,0
FRAUD_IN_41939,Sunita Deshmukh,Punjab,277048,308303,1.11,0,0,0,3,0.17,VERIFIED_VALID,0
FRAUD_IN_41940,Seema Sharma,West Bengal,276430,310379,1.12,0,0,0,3,0.08,VERIFIED_VALID,0
FRAUD_IN_41941,Ashok Patel,Gujarat,52365,50832,0.97,0,0,0,4,0.04,VERIFIED_VALID,0
FRAUD_IN_41942,Neha Mishra,Odisha,428037,447106,1.04,0,0,0,2,0.12,VERIFIED_VALID,0
FRAUD_IN_41943,Deepak Nair,Tamil Nadu,183470,178663,0.97,0,0,0,1,0.22,VERIFIED_VALID,0
FRAUD_IN_41944,Shweta Mishra,West Bengal,198361,215652,1.09,0,0,0,2,0.11,VERIFIED_VALID,0
FRAUD_IN_41945,Manoj Singh,Odisha,312298,322699,1.03,0,0,0,3,0.02,VERIFIED_VALID,0
FRAUD_IN_41946,Rahul Gupta,Kerala,162462,159243,0.98,0,0,0,3,0.04,VERIFIED_VALID,0
FRAUD_IN_41947,Priya Mishra,Madhya Pradesh,440850,502894,1.14,0,0,0,3,0.22,VERIFIED_VALID,0
FRAUD_IN_41948,Kavita Gowda,Madhya Pradesh,342278,316114,0.92,0,0,0,3,0.14,VERIFIED_VALID,0
FRAUD_IN_41949,Manoj Singh,Uttar Pradesh,327106,334613,1.02,0,0,0,2,0.09,VERIFIED_VALID,0
FRAUD_IN_41950,Deepika Gupta,Maharashtra,314367,312930,1.0,0,0,0,4,0.05,VERIFIED_VALID,0
FRAUD_IN_41951,Bhavna Joshi,Kerala,85510,89264,1.04,0,0,0,3,0.16,VERIFIED_VALID,0
FRAUD_IN_41952,Tariq Mishra,Haryana,343475,2097540,6.11,0,0,1,10,0.93,UNVERIFIED,1
FRAUD_IN_41953,Mahesh Rao,Rajasthan,128546,127017,0.99,0,0,0,4,0.14,VERIFIED_VALID,0
FRAUD_IN_41954,Manoj Chaudhary,Karnataka,346919,349194,1.01,0,0,0,3,0.07,VERIFIED_VALID,0
FRAUD_IN_41955,Deepika Patel,Rajasthan,213126,1173375,5.51,0,0,1,7,0.95,SUSPICIOUS,1
FRAUD_IN_41956,Gurpreet Sharma,Rajasthan,446654,502321,1.12,0,0,0,3,0.17,VERIFIED_VALID,0
FRAUD_IN_41957,Prakash Sharma,Karnataka,265687,268795,1.01,0,0,0,1,0.12,NOT_REQUIRED,0
FRAUD_IN_41958,Gurpreet Chaudhary,Gujarat,106977,99546,0.93,0,0,0,4,0.08,VERIFIED_VALID,0
FRAUD_IN_41959,Sunita Verma,Punjab,133356,148947,1.12,0,0,0,4,0.05,VERIFIED_VALID,0
FRAUD_IN_41960,Sunita Singh,Kerala,99659,111333,1.12,0,0,0,1,0.11,NOT_REQUIRED,0
FRAUD_IN_41961,Kavita Singh,Assam,411143,399722,0.97,0,0,0,2,0.14,VERIFIED_VALID,0
FRAUD_IN_41962,Tariq Reddy,Odisha,91814,99371,1.08,0,0,0,2,0.17,VERIFIED_VALID,0
FRAUD_IN_41963,Tariq Verma,Rajasthan,138187,128749,0.93,0,0,0,1,0.11,VERIFIED_VALID,0
FRAUD_IN_41964,Mahesh Chaudhary,Maharashtra,385357,376130,0.98,0,0,0,4,0.05,VERIFIED_VALID,0
FRAUD_IN_41965,Deepak Verma,Odisha,49032,54427,1.11,0,0,0,3,0.03,NOT_REQUIRED,0
FRAUD_IN_41966,Ganesh Nair,Assam,166107,155791,0.94,0,0,0,3,0.18,VERIFIED_VALID,0
FRAUD_IN_41967,Mohammed Reddy,Gujarat,367449,386560,1.05,0,0,1,4,0.13,VERIFIED_VALID,0
FRAUD_IN_41968,Gurpreet Banerjee,Maharashtra,263778,262728,1.0,0,0,0,1,0.05,VERIFIED_VALID,0
FRAUD_IN_41969,Priya Sheikh,Gujarat,161675,155066,0.96,0,0,1,3,0.04,VERIFIED_VALID,0
FRAUD_IN_41970,Karan Verma,Karnataka,210301,221143,1.05,0,0,1,2,0.14,VERIFIED_VALID,0
FRAUD_IN_41971,Sunita Das,Haryana,404998,436882,1.08,0,0,0,2,0.04,VERIFIED_VALID,0
FRAUD_IN_41972,Deepika Gowda,West Bengal,393233,2577410,6.55,1,1,0,26,0.88,FAKE_CERTIFICATE,1
FRAUD_IN_41973,Shweta Patel,Rajasthan,137518,151125,1.1,0,0,0,2,0.11,VERIFIED_VALID,0
FRAUD_IN_41974,Savita Sharma,Maharashtra,406959,467256,1.15,0,0,0,2,0.16,VERIFIED_VALID,0
FRAUD_IN_41975,Anil Sharma,Gujarat,433762,402006,0.93,0,0,0,3,0.02,VERIFIED_VALID,0
FRAUD_IN_41976,Harpreet Chatterjee,Madhya Pradesh,318340,301551,0.95,0,0,0,4,0.15,VERIFIED_VALID,0
FRAUD_IN_41977,Amit Mehta,Tamil Nadu,193426,215245,1.11,0,0,0,4,0.15,VERIFIED_VALID,0
FRAUD_IN_41978,Rohan Khan,Tamil Nadu,323079,302992,0.94,0,0,0,2,0.21,VERIFIED_VALID,0
FRAUD_IN_41979,Mohammed Gupta,Bihar,322014,334309,1.04,0,0,0,1,0.0,NOT_REQUIRED,0
FRAUD_IN_41980,Kavita Gowda,Punjab,384415,388394,1.01,0,0,0,1,0.13,VERIFIED_VALID,0
FRAUD_IN_41981,Bhavna Yadav,Odisha,53268,50709,0.95,0,0,0,4,0.13,VERIFIED_VALID,0
FRAUD_IN_41982,Sangeeta Mehta,Karnataka,244574,250067,1.02,0,0,1,1,0.19,VERIFIED_VALID,0
FRAUD_IN_41983,Savita Chaudhary,Uttar Pradesh,138090,129035,0.93,0,0,0,1,0.13,VERIFIED_VALID,0
FRAUD_IN_41984,Sanjay Chatterjee,Assam,272948,266993,0.98,0,0,0,4,0.14,VERIFIED_VALID,0
FRAUD_IN_41985,Geeta Gupta,Karnataka,400327,1734394,4.33,1,0,0,25,0.78,FAKE_CERTIFICATE,1
FRAUD_IN_41986,Savita Chatterjee,West Bengal,276864,1102952,3.98,0,0,1,24,0.79,FAKE_CERTIFICATE,1
FRAUD_IN_41987,Sangeeta Sheikh,Madhya Pradesh,285272,312073,1.09,0,0,0,1,0.06,VERIFIED_VALID,0
FRAUD_IN_41988,Priya Das,Gujarat,128077,128096,1.0,0,0,0,3,0.09,VERIFIED_VALID,0
FRAUD_IN_41989,Rajesh Kaur,Rajasthan,369490,402992,1.09,0,0,0,4,0.19,VERIFIED_VALID,0
FRAUD_IN_41990,Rekha Mehta,Haryana,156623,808419,5.16,1,0,0,19,0.81,SUSPICIOUS,1
FRAUD_IN_41991,Manoj Patil,Bihar,361841,405937,1.12,0,0,0,3,0.19,VERIFIED_VALID,0
FRAUD_IN_41992,Bhavna Khan,Tamil Nadu,362501,336800,0.93,0,0,0,2,0.14,VERIFIED_VALID,0
FRAUD_IN_41993,Ganesh Reddy,Kerala,144359,162788,1.13,0,0,0,3,0.2,VERIFIED_VALID,0
FRAUD_IN_41994,Ganesh Banerjee,West Bengal,278809,299277,1.07,0,0,0,4,0.13,VERIFIED_VALID,0
FRAUD_IN_41995,Ganesh Mishra,Gujarat,58723,58662,1.0,0,0,0,2,0.15,VERIFIED_VALID,0
FRAUD_IN_41996,Geeta Verma,West Bengal,71726,69365,0.97,0,0,0,1,0.21,VERIFIED_VALID,0
FRAUD_IN_41997,Deepak Shah,Madhya Pradesh,305618,339240,1.11,0,0,0,1,0.1,NOT_REQUIRED,0
FRAUD_IN_41998,Meena Verma,Bihar,415517,425005,1.02,0,0,0,2,0.18,VERIFIED_VALID,0
FRAUD_IN_41999,Kiran Chatterjee,Rajasthan,375550,415242,1.11,0,0,0,4,0.17,VERIFIED_VALID,0
FRAUD_IN_42000,Pradeep Singh,Madhya Pradesh,213815,228552,1.07,0,0,0,1,0.01,VERIFIED_VALID,0
FRAUD_IN_42001,Suresh Sheikh,Tamil Nadu,393866,452310,1.15,0,0,0,2,0.02,VERIFIED_VALID,0
FRAUD_IN_42002,Lakshmi Chatterjee,Tamil Nadu,200860,227988,1.14,0,0,0,4,0.06,NOT_REQUIRED,0
FRAUD_IN_42003,Seema Reddy,Assam,36526,37701,1.03,0,0,0,4,0.06,VERIFIED_VALID,0
FRAUD_IN_42004,Vikram Gowda,Gujarat,159986,1055099,6.59,1,1,1,29,0.82,FAKE_CERTIFICATE,1
FRAUD_IN_42005,Ananya Mehta,Gujarat,296846,336819,1.13,0,0,1,4,0.01,VERIFIED_VALID,0
FRAUD_IN_42006,Vijay Verma,Rajasthan,271159,274438,1.01,0,0,0,1,0.14,VERIFIED_VALID,0
FRAUD_IN_42007,Sangeeta Rao,Tamil Nadu,352723,370521,1.05,0,0,0,2,0.02,VERIFIED_VALID,0
FRAUD_IN_42008,Lakshmi Mishra,Gujarat,387198,372661,0.96,0,0,1,1,0.11,VERIFIED_VALID,0
FRAUD_IN_42009,Harpreet Chatterjee,Bihar,180158,206057,1.14,0,0,0,3,0.19,VERIFIED_VALID,0
FRAUD_IN_42010,Sanjay Singh,Rajasthan,377643,367543,0.97,0,0,0,4,0.13,VERIFIED_VALID,0
FRAUD_IN_42011,Ashok Gupta,Bihar,213975,240216,1.12,0,0,0,2,0.17,VERIFIED_VALID,0
FRAUD_IN_42012,Dinesh Gowda,Karnataka,98300,90874,0.92,0,0,0,1,0.02,VERIFIED_VALID,0
FRAUD_IN_42013,Sujata Shah,Rajasthan,213402,212161,0.99,0,0,0,3,0.14,VERIFIED_VALID,0
FRAUD_IN_42014,Deepak Das,West Bengal,190713,217916,1.14,0,0,0,4,0.02,VERIFIED_VALID,0
FRAUD_IN_42015,Kiran Chaudhary,Punjab,56122,62852,1.12,0,0,0,4,0.04,VERIFIED_VALID,0
FRAUD_IN_42016,Fatima Verma,Karnataka,270231,249954,0.92,0,0,0,3,0.14,VERIFIED_VALID,0
FRAUD_IN_42017,Geeta Reddy,Punjab,83301,80636,0.97,0,0,0,3,0.21,VERIFIED_VALID,0
FRAUD_IN_42018,Priya Joshi,Assam,68402,76389,1.12,0,0,0,4,0.07,NOT_REQUIRED,0
FRAUD_IN_42019,Arjun Gupta,Karnataka,229452,249498,1.09,0,0,0,2,0.12,VERIFIED_VALID,0
FRAUD_IN_42020,Ganesh Khan,Assam,425010,431453,1.02,0,0,0,3,0.02,VERIFIED_VALID,0
FRAUD_IN_42021,Kavita Mishra,Bihar,167948,969051,5.77,1,1,0,21,0.74,SUSPICIOUS,1
FRAUD_IN_42022,Bhavna Nair,Uttar Pradesh,125606,132141,1.05,0,0,0,4,0.12,VERIFIED_VALID,0
FRAUD_IN_42023,Suresh Chaudhary,Assam,294483,308541,1.05,0,0,0,1,0.21,VERIFIED_VALID,0
FRAUD_IN_42024,Kiran Rao,Karnataka,269305,272869,1.01,0,0,0,3,0.03,NOT_REQUIRED,0
FRAUD_IN_42025,Seema Yadav,Madhya Pradesh,392995,409651,1.04,0,0,0,3,0.07,VERIFIED_VALID,0
FRAUD_IN_42026,Sangeeta Chaudhary,Kerala,44896,49739,1.11,0,0,0,4,0.01,VERIFIED_VALID,0
FRAUD_IN_42027,Manoj Reddy,Kerala,354906,341261,0.96,0,0,0,3,0.01,VERIFIED_VALID,0
FRAUD_IN_42028,Mahesh Sharma,Haryana,302910,314589,1.04,0,0,0,4,0.09,NOT_REQUIRED,0
FRAUD_IN_42029,Kiran Shah,Uttar Pradesh,352672,362945,1.03,0,0,0,3,0.18,VERIFIED_VALID,0
FRAUD_IN_42030,Ramesh Nair,Tamil Nadu,257445,239641,0.93,0,0,0,2,0.08,VERIFIED_VALID,0
FRAUD_IN_42031,Sanjay Shah,Haryana,235955,237464,1.01,0,0,0,2,0.02,VERIFIED_VALID,0
FRAUD_IN_42032,Ashok Kaur,Assam,239268,228662,0.96,0,0,0,1,0.2,VERIFIED_VALID,0
FRAUD_IN_42033,Kiran Nair,Punjab,339932,348165,1.02,0,0,0,3,0.09,VERIFIED_VALID,0
FRAUD_IN_42034,Vikram Shah,Haryana,421282,479136,1.14,0,0,0,2,0.06,VERIFIED_VALID,0
FRAUD_IN_42035,Ramesh Verma,Punjab,136234,524423,3.85,1,1,0,21,0.93,SUSPICIOUS,1
FRAUD_IN_42036,Neha Verma,Karnataka,149851,149388,1.0,0,0,0,2,0.22,VERIFIED_VALID,0
FRAUD_IN_42037,Deepak Chatterjee,Bihar,401965,455162,1.13,0,0,0,3,0.1,NOT_REQUIRED,0
FRAUD_IN_42038,Rahul Yadav,Gujarat,225186,211746,0.94,0,0,0,2,0.04,VERIFIED_VALID,0
FRAUD_IN_42039,Deepika Sharma,Maharashtra,356903,337412,0.95,0,0,0,1,0.1,VERIFIED_VALID,0
FRAUD_IN_42040,Savita Kaur,Gujarat,314929,360363,1.14,0,0,0,2,0.07,VERIFIED_VALID,0
FRAUD_IN_42041,Mohammed Joshi,Tamil Nadu,101271,115186,1.14,0,0,0,3,0.19,VERIFIED_VALID,0
FRAUD_IN_42042,Rajesh Das,Odisha,146837,534050,3.64,0,0,1,24,0.78,SUSPICIOUS,1
FRAUD_IN_42043,Priya Sharma,Assam,308522,294236,0.95,0,0,0,4,0.01,VERIFIED_VALID,0
FRAUD_IN_42044,Pooja Kulkarni,Odisha,409033,381424,0.93,0,0,0,1,0.19,VERIFIED_VALID,0
FRAUD_IN_42045,Manoj Kumar,Assam,113115,109656,0.97,0,0,0,2,0.04,VERIFIED_VALID,0
FRAUD_IN_42046,Manoj Kumar,Uttar Pradesh,104192,106770,1.02,0,0,0,2,0.02,NOT_REQUIRED,0
FRAUD_IN_42047,Karan Mishra,Maharashtra,140307,157212,1.12,0,0,0,1,0.22,VERIFIED_VALID,0
FRAUD_IN_42048,Ayesha Gupta,Karnataka,223435,240008,1.07,0,0,0,3,0.05,NOT_REQUIRED,0
FRAUD_IN_42049,Lakshmi Sharma,Rajasthan,136159,137050,1.01,0,0,0,2,0.18,VERIFIED_VALID,0
FRAUD_IN_42050,Ananya Singh,Gujarat,340776,346531,1.02,0,0,0,2,0.22,VERIFIED_VALID,0
FRAUD_IN_42051,Ananya Chaudhary,Madhya Pradesh,223524,217651,0.97,0,0,0,3,0.16,VERIFIED_VALID,0
FRAUD_IN_42052,Meena Sheikh,Maharashtra,61658,67693,1.1,0,0,0,3,0.07,VERIFIED_VALID,0
FRAUD_IN_42053,Shweta Kulkarni,Haryana,47480,51540,1.09,0,0,0,4,0.05,NOT_REQUIRED,0
FRAUD_IN_42054,Pradeep Chaudhary,Madhya Pradesh,397369,2785709,7.01,1,0,1,15,0.72,UNVERIFIED,1
FRAUD_IN_42055,Preeti Deshmukh,Assam,107238,319573,2.98,1,0,0,21,0.73,SUSPICIOUS,1
FRAUD_IN_42056,Mamta Khan,Bihar,142763,142768,1.0,0,0,0,1,0.19,NOT_REQUIRED,0
FRAUD_IN_42057,Bhavna Gowda,Maharashtra,438105,477993,1.09,0,0,0,2,0.08,VERIFIED_VALID,0
FRAUD_IN_42058,Anita Mishra,Bihar,324638,343590,1.06,0,0,0,2,0.2,VERIFIED_VALID,0
FRAUD_IN_42059,Prakash Khan,Haryana,370325,2535640,6.85,1,1,0,28,0.78,FAKE_CERTIFICATE,1
FRAUD_IN_42060,Gurpreet Joshi,Bihar,133248,144596,1.09,0,0,0,4,0.13,VERIFIED_VALID,0
FRAUD_IN_42061,Meena Mishra,Madhya Pradesh,37313,42613,1.14,0,0,0,4,0.02,VERIFIED_VALID,0
FRAUD_IN_42062,Prakash Deshmukh,Odisha,284055,315492,1.11,0,0,0,3,0.15,NOT_REQUIRED,0
FRAUD_IN_42063,Mamta Mehta,Kerala,229131,211427,0.92,0,0,0,1,0.1,VERIFIED_VALID,0
FRAUD_IN_42064,Ananya Das,Maharashtra,246011,263513,1.07,0,0,0,2,0.14,NOT_REQUIRED,0
FRAUD_IN_42065,Anil Sheikh,Haryana,53475,52940,0.99,0,0,0,3,0.04,VERIFIED_VALID,0
FRAUD_IN_42066,Harpreet Verma,Punjab,81228,88047,1.08,0,0,0,4,0.21,NOT_REQUIRED,0
FRAUD_IN_42067,Neha Banerjee,Uttar Pradesh,291156,284040,0.98,0,0,0,3,0.19,VERIFIED_VALID,0
FRAUD_IN_42068,Geeta Mehta,West Bengal,203008,1398774,6.89,0,1,0,16,0.91,SUSPICIOUS,1
FRAUD_IN_42069,Ayesha Kumar,Bihar,98528,96433,0.98,0,0,0,1,0.04,VERIFIED_VALID,0
FRAUD_IN_42070,Ananya Kaur,Punjab,309624,296770,0.96,0,0,0,2,0.17,VERIFIED_VALID,0
FRAUD_IN_42071,Prakash Yadav,Assam,423952,401428,0.95,0,0,0,2,0.07,VERIFIED_VALID,0
FRAUD_IN_42072,Preeti Kaur,Punjab,372787,409328,1.1,0,0,0,1,0.1,NOT_REQUIRED,0
FRAUD_IN_42073,Mamta Gowda,Assam,47529,47608,1.0,0,0,0,4,0.01,VERIFIED_VALID,0
FRAUD_IN_42074,Sangeeta Nair,Madhya Pradesh,278442,267829,0.96,0,0,0,4,0.02,VERIFIED_VALID,0
FRAUD_IN_42075,Pooja Chatterjee,Assam,333660,358364,1.07,0,0,0,4,0.07,VERIFIED_VALID,0
FRAUD_IN_42076,Dinesh Khan,Assam,243809,1750920,7.18,0,1,1,14,0.89,SUSPICIOUS,1
FRAUD_IN_42077,Dinesh Reddy,Tamil Nadu,150161,149558,1.0,0,0,0,4,0.12,VERIFIED_VALID,0
FRAUD_IN_42078,Deepika Patil,Karnataka,133639,144557,1.08,0,0,0,1,0.02,VERIFIED_VALID,0
FRAUD_IN_42079,Manoj Mehta,Rajasthan,444244,466401,1.05,0,0,0,1,0.22,VERIFIED_VALID,0
FRAUD_IN_42080,Ayesha Reddy,Tamil Nadu,391395,1591779,4.07,1,1,1,25,0.87,SUSPICIOUS,1
FRAUD_IN_42081,Simran Banerjee,Bihar,284470,318390,1.12,0,0,0,4,0.21,VERIFIED_VALID,0
FRAUD_IN_42082,Vikram Patil,Bihar,314095,341810,1.09,0,0,0,4,0.04,VERIFIED_VALID,0
FRAUD_IN_42083,Karan Banerjee,Bihar,110282,105353,0.96,0,0,0,4,0.1,VERIFIED_VALID,0
FRAUD_IN_42084,Arjun Yadav,Assam,48121,50128,1.04,0,0,0,3,0.15,VERIFIED_VALID,0
FRAUD_IN_42085,Vikram Patil,Maharashtra,443974,468877,1.06,0,0,0,2,0.01,VERIFIED_VALID,0
FRAUD_IN_42086,Radha Deshmukh,West Bengal,409199,1704148,4.16,0,1,1,18,0.73,SUSPICIOUS,1
FRAUD_IN_42087,Rekha Kulkarni,West Bengal,54303,60543,1.11,0,0,0,1,0.06,NOT_REQUIRED,0
FRAUD_IN_42088,Meena Gupta,Tamil Nadu,173570,192684,1.11,0,0,1,2,0.14,VERIFIED_VALID,0
FRAUD_IN_42089,Rajesh Singh,Punjab,253833,277843,1.09,0,0,0,2,0.06,NOT_REQUIRED,0
FRAUD_IN_42090,Sanjay Das,Tamil Nadu,417123,475720,1.14,0,0,0,3,0.2,VERIFIED_VALID,0
FRAUD_IN_42091,Ganesh Yadav,West Bengal,290116,287070,0.99,0,0,0,4,0.04,NOT_REQUIRED,0
FRAUD_IN_42092,Rekha Gowda,Bihar,297587,285783,0.96,0,0,0,1,0.22,NOT_REQUIRED,0
FRAUD_IN_42093,Manoj Rao,West Bengal,192530,191639,1.0,0,0,1,3,0.07,VERIFIED_VALID,0
FRAUD_IN_42094,Amit Kulkarni,Punjab,222054,739416,3.33,0,0,0,25,0.83,SUSPICIOUS,1
FRAUD_IN_42095,Ananya Sheikh,Odisha,444603,468775,1.05,0,0,0,2,0.17,VERIFIED_VALID,0
FRAUD_IN_42096,Rekha Kulkarni,Maharashtra,220017,245802,1.12,0,0,0,3,0.15,VERIFIED_VALID,0
FRAUD_IN_42097,Gurpreet Reddy,Odisha,46070,52866,1.15,0,0,0,1,0.18,NOT_REQUIRED,0
FRAUD_IN_42098,Karan Shah,Haryana,232007,245469,1.06,0,0,1,2,0.03,VERIFIED_VALID,0
FRAUD_IN_42099,Deepika Yadav,Uttar Pradesh,64041,69069,1.08,0,0,0,1,0.09,NOT_REQUIRED,0
FRAUD_IN_42100,Harpreet Banerjee,Odisha,127808,136730,1.07,0,0,0,1,0.08,VERIFIED_VALID,0
FRAUD_IN_42101,Manoj Sharma,Gujarat,284344,276716,0.97,0,0,0,3,0.0,VERIFIED_VALID,0
FRAUD_IN_42102,Meena Chatterjee,Karnataka,221206,252160,1.14,0,0,0,1,0.11,NOT_REQUIRED,0
FRAUD_IN_42103,Harpreet Khan,Gujarat,137751,458920,3.33,0,1,0,22,0.96,FAKE_CERTIFICATE,1
FRAUD_IN_42104,Rahul Mishra,Kerala,252955,269237,1.06,0,0,0,1,0.1,NOT_REQUIRED,0
FRAUD_IN_42105,Suresh Gowda,Maharashtra,191317,197646,1.03,0,0,0,2,0.17,VERIFIED_VALID,0
FRAUD_IN_42106,Pooja Gupta,Assam,370484,366091,0.99,0,0,0,2,0.19,VERIFIED_VALID,0
FRAUD_IN_42107,Rekha Yadav,Tamil Nadu,190175,208461,1.1,0,0,0,3,0.07,VERIFIED_VALID,0
FRAUD_IN_42108,Vikram Joshi,Odisha,78681,82559,1.05,0,0,0,3,0.13,VERIFIED_VALID,0
FRAUD_IN_42109,Deepak Das,Tamil Nadu,109290,105195,0.96,0,0,1,4,0.16,VERIFIED_VALID,0
FRAUD_IN_42110,Deepika Mehta,Bihar,408919,423877,1.04,0,0,0,4,0.13,VERIFIED_VALID,0
FRAUD_IN_42111,Pradeep Das,Assam,165626,161191,0.97,0,0,0,1,0.06,VERIFIED_VALID,0
FRAUD_IN_42112,Meena Shah,Bihar,177774,169518,0.95,0,0,0,2,0.12,VERIFIED_VALID,0
FRAUD_IN_42113,Karan Rao,West Bengal,216567,214622,0.99,0,0,0,3,0.13,VERIFIED_VALID,0
FRAUD_IN_42114,Kiran Shah,Karnataka,104345,116759,1.12,0,0,0,2,0.18,NOT_REQUIRED,0
FRAUD_IN_42115,Sujata Khan,Karnataka,295817,283986,0.96,0,0,0,3,0.08,VERIFIED_VALID,0
FRAUD_IN_42116,Geeta Shah,Kerala,366634,373896,1.02,0,0,0,1,0.02,VERIFIED_VALID,0
FRAUD_IN_42117,Mohammed Yadav,Punjab,343143,338638,0.99,0,0,0,1,0.09,VERIFIED_VALID,0
FRAUD_IN_42118,Bhavna Chatterjee,Maharashtra,171274,194735,1.14,0,0,0,4,0.19,VERIFIED_VALID,0
FRAUD_IN_42119,Pradeep Khan,Uttar Pradesh,308840,343706,1.11,0,0,0,3,0.09,VERIFIED_VALID,0
FRAUD_IN_42120,Simran Kaur,Odisha,325781,345338,1.06,0,0,0,1,0.14,VERIFIED_VALID,0
FRAUD_IN_42121,Arjun Singh,Gujarat,237671,222084,0.93,0,0,0,3,0.19,VERIFIED_VALID,0
FRAUD_IN_42122,Lakshmi Gupta,Rajasthan,340038,364795,1.07,0,0,0,4,0.09,VERIFIED_VALID,0
FRAUD_IN_42123,Tariq Verma,Kerala,194752,180564,0.93,0,0,0,4,0.2,NOT_REQUIRED,0
FRAUD_IN_42124,Sunil Kumar,Maharashtra,370847,347739,0.94,0,0,0,3,0.19,VERIFIED_VALID,0
FRAUD_IN_42125,Radha Sharma,Bihar,288456,330766,1.15,0,0,0,4,0.03,NOT_REQUIRED,0
FRAUD_IN_42126,Shweta Gowda,Odisha,351484,355504,1.01,0,0,0,2,0.15,NOT_REQUIRED,0
FRAUD_IN_42127,Anita Gowda,Madhya Pradesh,106966,116806,1.09,0,0,0,3,0.01,VERIFIED_VALID,0
FRAUD_IN_42128,Bhavna Reddy,Assam,144626,155454,1.07,0,0,0,2,0.07,VERIFIED_VALID,0
FRAUD_IN_42129,Sunita Nair,Odisha,40344,39237,0.97,0,0,0,3,0.07,VERIFIED_VALID,0
FRAUD_IN_42130,Mohammed Patil,Bihar,273285,1473175,5.39,1,1,1,21,0.81,SUSPICIOUS,1
FRAUD_IN_42131,Priya Gowda,Kerala,190229,204637,1.08,0,0,0,3,0.2,NOT_REQUIRED,0
FRAUD_IN_42132,Ganesh Sharma,Maharashtra,121915,139682,1.15,0,0,0,4,0.01,NOT_REQUIRED,0
FRAUD_IN_42133,Deepika Deshmukh,Punjab,341787,347479,1.02,0,0,0,4,0.03,VERIFIED_VALID,0
FRAUD_IN_42134,Kiran Khan,Gujarat,150318,144725,0.96,0,0,0,3,0.08,NOT_REQUIRED,0
FRAUD_IN_42135,Rohan Mishra,Haryana,224970,225243,1.0,0,0,0,2,0.03,VERIFIED_VALID,0
FRAUD_IN_42136,Amit Kaur,Gujarat,114482,123677,1.08,0,0,0,4,0.17,NOT_REQUIRED,0
FRAUD_IN_42137,Mamta Yadav,Punjab,82248,78639,0.96,0,0,0,1,0.09,VERIFIED_VALID,0
FRAUD_IN_42138,Pradeep Chaudhary,West Bengal,64201,320808,5.0,1,0,0,9,0.95,UNVERIFIED,1
FRAUD_IN_42139,Deepak Gowda,Rajasthan,210584,232165,1.1,0,0,0,1,0.16,NOT_REQUIRED,0
FRAUD_IN_42140,Sanjay Verma,Kerala,385848,441134,1.14,0,0,0,3,0.21,NOT_REQUIRED,0
FRAUD_IN_42141,Sunita Kumar,Tamil Nadu,184874,195651,1.06,0,0,0,4,0.18,VERIFIED_VALID,0
FRAUD_IN_42142,Kavita Joshi,Odisha,254589,238897,0.94,0,0,0,2,0.12,NOT_REQUIRED,0
FRAUD_IN_42143,Sunita Sheikh,Punjab,175358,931435,5.31,1,0,1,16,0.94,FAKE_CERTIFICATE,1
FRAUD_IN_42144,Ananya Gupta,Kerala,36427,40783,1.12,0,0,0,1,0.2,VERIFIED_VALID,0
FRAUD_IN_42145,Dinesh Khan,Maharashtra,449051,471538,1.05,0,0,0,2,0.1,VERIFIED_VALID,0
FRAUD_IN_42146,Anil Joshi,Uttar Pradesh,361352,408232,1.13,0,0,0,2,0.08,VERIFIED_VALID,0
FRAUD_IN_42147,Rajesh Singh,Madhya Pradesh,110819,123350,1.11,0,0,0,2,0.09,NOT_REQUIRED,0
FRAUD_IN_42148,Suresh Nair,Punjab,346800,319079,0.92,0,0,0,4,0.21,VERIFIED_VALID,0
FRAUD_IN_42149,Rekha Singh,Uttar Pradesh,166184,1336993,8.05,1,1,0,34,0.94,UNVERIFIED,1
FRAUD_IN_42150,Mamta Mishra,Madhya Pradesh,156866,164188,1.05,0,0,0,1,0.0,VERIFIED_VALID,0
FRAUD_IN_42151,Sangeeta Joshi,West Bengal,169575,178387,1.05,0,0,0,1,0.09,VERIFIED_VALID,0
FRAUD_IN_42152,Ganesh Singh,West Bengal,300585,303217,1.01,0,0,0,1,0.04,VERIFIED_VALID,0
FRAUD_IN_42153,Shweta Verma,Assam,72151,68943,0.96,0,0,0,1,0.05,VERIFIED_VALID,0
FRAUD_IN_42154,Sanjay Patil,Gujarat,157599,159816,1.01,0,0,0,4,0.21,VERIFIED_VALID,0
FRAUD_IN_42155,Sanjay Sharma,Kerala,166517,172329,1.03,0,0,0,1,0.01,NOT_REQUIRED,0
FRAUD_IN_42156,Mamta Reddy,Bihar,70217,64999,0.93,0,0,0,3,0.2,VERIFIED_VALID,0
FRAUD_IN_42157,Sunita Chatterjee,Gujarat,241419,256686,1.06,0,0,0,3,0.01,NOT_REQUIRED,0
FRAUD_IN_42158,Sangeeta Gupta,Gujarat,335120,2538554,7.58,1,1,1,11,0.79,SUSPICIOUS,1
FRAUD_IN_42159,Deepika Sharma,Gujarat,289419,1239532,4.28,1,0,0,27,0.84,UNVERIFIED,1
FRAUD_IN_42160,Harpreet Mishra,Bihar,82252,89139,1.08,0,0,0,3,0.21,VERIFIED_VALID,0
FRAUD_IN_42161,Mamta Gupta,Punjab,336585,351595,1.04,0,0,0,2,0.11,VERIFIED_VALID,0
FRAUD_IN_42162,Karan Mehta,West Bengal,407008,460288,1.13,0,0,0,3,0.08,VERIFIED_VALID,0
FRAUD_IN_42163,Sunil Nair,Bihar,169224,184347,1.09,0,0,1,4,0.11,VERIFIED_VALID,0
FRAUD_IN_42164,Dinesh Singh,Maharashtra,291321,333535,1.14,0,0,0,2,0.03,NOT_REQUIRED,0
FRAUD_IN_42165,Neha Rao,Kerala,169665,189451,1.12,0,0,0,4,0.02,VERIFIED_VALID,0
FRAUD_IN_42166,Anita Shah,Rajasthan,325292,363192,1.12,0,0,0,2,0.01,NOT_REQUIRED,0
FRAUD_IN_42167,Prakash Banerjee,Gujarat,40729,41126,1.01,0,0,0,4,0.17,VERIFIED_VALID,0
FRAUD_IN_42168,Ramesh Singh,Punjab,251229,256706,1.02,0,0,0,2,0.1,VERIFIED_VALID,0
FRAUD_IN_42169,Deepika Kulkarni,Kerala,158529,158316,1.0,0,0,0,1,0.08,VERIFIED_VALID,0
FRAUD_IN_42170,Deepika Shah,Karnataka,87019,99307,1.14,0,0,0,4,0.1,NOT_REQUIRED,0
FRAUD_IN_42171,Kavita Gupta,Odisha,140156,852047,6.08,1,1,1,9,0.9,FAKE_CERTIFICATE,1
FRAUD_IN_42172,Savita Joshi,Rajasthan,209074,239560,1.15,0,0,0,4,0.13,VERIFIED_VALID,0
FRAUD_IN_42173,Amit Kaur,Punjab,104498,107221,1.03,0,0,0,1,0.04,VERIFIED_VALID,0
FRAUD_IN_42174,Lakshmi Kaur,Haryana,391292,424870,1.09,0,0,0,2,0.2,VERIFIED_VALID,0
FRAUD_IN_42175,Gurpreet Patel,Punjab,439911,462051,1.05,0,0,0,4,0.01,VERIFIED_VALID,0
FRAUD_IN_42176,Seema Joshi,West Bengal,441506,407230,0.92,0,0,0,2,0.09,NOT_REQUIRED,0
FRAUD_IN_42177,Sanjay Singh,Maharashtra,351511,347652,0.99,0,0,0,4,0.12,VERIFIED_VALID,0
FRAUD_IN_42178,Sunita Nair,Karnataka,102701,106362,1.04,0,0,0,3,0.1,NOT_REQUIRED,0
FRAUD_IN_42179,Sunil Reddy,Tamil Nadu,41366,38859,0.94,0,0,0,1,0.15,NOT_REQUIRED,0
FRAUD_IN_42180,Rohan Banerjee,Kerala,398562,380059,0.95,0,0,0,4,0.15,VERIFIED_VALID,0
FRAUD_IN_42181,Simran Deshmukh,Kerala,37542,36445,0.97,0,0,1,3,0.19,NOT_REQUIRED,0
FRAUD_IN_42182,Arjun Patel,Odisha,182679,192044,1.05,0,0,0,4,0.09,VERIFIED_VALID,0
FRAUD_IN_42183,Bhavna Patil,Madhya Pradesh,72007,69506,0.97,0,0,0,3,0.22,VERIFIED_VALID,0
FRAUD_IN_42184,Meena Singh,Punjab,328733,353328,1.07,0,0,0,4,0.05,VERIFIED_VALID,0
FRAUD_IN_42185,Pradeep Das,Tamil Nadu,86582,88006,1.02,0,0,0,3,0.18,VERIFIED_VALID,0
FRAUD_IN_42186,Shweta Mishra,Bihar,98970,109075,1.1,0,0,0,4,0.05,VERIFIED_VALID,0
FRAUD_IN_42187,Anil Gupta,Odisha,235322,1406965,5.98,0,1,1,29,0.73,UNVERIFIED,1
FRAUD_IN_42188,Anil Deshmukh,Uttar Pradesh,344517,388094,1.13,0,0,0,1,0.18,VERIFIED_VALID,0
FRAUD_IN_42189,Neha Sharma,Bihar,229581,225744,0.98,0,0,0,1,0.09,VERIFIED_VALID,0
FRAUD_IN_42190,Sujata Mishra,Gujarat,363813,391928,1.08,0,0,0,3,0.12,VERIFIED_VALID,0
FRAUD_IN_42191,Mohammed Verma,Tamil Nadu,186679,193056,1.03,0,0,0,3,0.1,VERIFIED_VALID,0
FRAUD_IN_42192,Dinesh Das,Rajasthan,406800,395328,0.97,0,0,0,1,0.11,VERIFIED_VALID,0
FRAUD_IN_42193,Dinesh Nair,Tamil Nadu,404181,419251,1.04,0,0,0,3,0.07,VERIFIED_VALID,0
FRAUD_IN_42194,Rohan Patil,Kerala,166429,182343,1.1,0,0,0,2,0.06,VERIFIED_VALID,0
FRAUD_IN_42195,Geeta Gowda,Karnataka,114772,128860,1.12,0,0,0,2,0.16,VERIFIED_VALID,0
FRAUD_IN_42196,Neha Banerjee,Odisha,368636,1727315,4.69,1,0,0,17,0.95,SUSPICIOUS,1
FRAUD_IN_42197,Preeti Das,Karnataka,417644,450362,1.08,0,0,0,1,0.01,NOT_REQUIRED,0
FRAUD_IN_42198,Rekha Verma,Bihar,340304,342822,1.01,0,0,0,2,0.05,VERIFIED_VALID,0
FRAUD_IN_42199,Manoj Das,Bihar,227940,230731,1.01,0,0,0,2,0.09,NOT_REQUIRED,0
FRAUD_IN_42200,Lakshmi Shah,Uttar Pradesh,252890,283324,1.12,0,0,0,2,0.13,VERIFIED_VALID,0
FRAUD_IN_42201,Simran Mishra,Madhya Pradesh,448189,431546,0.96,0,0,0,4,0.14,NOT_REQUIRED,0
FRAUD_IN_42202,Deepak Rao,Kerala,108421,112533,1.04,0,0,0,1,0.18,VERIFIED_VALID,0
FRAUD_IN_42203,Sunil Rao,Karnataka,285007,307588,1.08,0,0,0,3,0.12,NOT_REQUIRED,0
FRAUD_IN_42204,Amit Chaudhary,Bihar,232533,259720,1.12,0,0,0,2,0.11,VERIFIED_VALID,0
FRAUD_IN_42205,Ramesh Yadav,Tamil Nadu,449073,452610,1.01,0,0,0,4,0.14,VERIFIED_VALID,0
FRAUD_IN_42206,Sangeeta Banerjee,Kerala,258549,268643,1.04,0,0,0,1,0.2,VERIFIED_VALID,0
FRAUD_IN_42207,Vikram Singh,Gujarat,184077,172118,0.94,0,0,0,1,0.03,VERIFIED_VALID,0
FRAUD_IN_42208,Neha Gowda,Gujarat,414611,468621,1.13,0,0,0,4,0.07,VERIFIED_VALID,0
FRAUD_IN_42209,Geeta Chaudhary,Karnataka,321445,310272,0.97,0,0,0,3,0.15,VERIFIED_VALID,0
FRAUD_IN_42210,Deepak Kumar,Maharashtra,328626,321737,0.98,0,0,0,1,0.04,VERIFIED_VALID,0
FRAUD_IN_42211,Pooja Patil,Karnataka,194725,1529664,7.86,1,1,1,7,0.91,UNVERIFIED,1
FRAUD_IN_42212,Deepika Kumar,Kerala,261918,247794,0.95,0,0,0,2,0.13,VERIFIED_VALID,0
FRAUD_IN_42213,Vijay Shah,Assam,187503,214661,1.14,0,0,0,2,0.18,VERIFIED_VALID,0
FRAUD_IN_42214,Kavita Patil,West Bengal,86497,87178,1.01,0,0,0,3,0.05,VERIFIED_VALID,0
FRAUD_IN_42215,Shweta Kaur,Assam,268362,300975,1.12,0,0,0,4,0.07,VERIFIED_VALID,0
FRAUD_IN_42216,Ramesh Kulkarni,Tamil Nadu,72382,73345,1.01,0,0,0,2,0.14,VERIFIED_VALID,0
FRAUD_IN_42217,Vikram Mishra,Rajasthan,281121,319881,1.14,0,0,0,2,0.04,VERIFIED_VALID,0
FRAUD_IN_42218,Radha Patil,Maharashtra,55829,52803,0.95,0,0,0,4,0.21,VERIFIED_VALID,0
FRAUD_IN_42219,Anita Patel,Odisha,285660,265926,0.93,0,0,0,1,0.04,VERIFIED_VALID,0
FRAUD_IN_42220,Kavita Reddy,Maharashtra,40750,44675,1.1,0,0,0,4,0.18,VERIFIED_VALID,0
FRAUD_IN_42221,Vijay Rao,Punjab,376261,351294,0.93,0,0,0,1,0.1,VERIFIED_VALID,0
FRAUD_IN_42222,Sunita Gowda,Kerala,281403,313431,1.11,0,0,0,3,0.13,VERIFIED_VALID,0
FRAUD_IN_42223,Savita Khan,Assam,198801,188983,0.95,0,0,0,4,0.16,NOT_REQUIRED,0
FRAUD_IN_42224,Ananya Banerjee,Tamil Nadu,107290,526907,4.91,1,1,1,17,0.94,SUSPICIOUS,1
FRAUD_IN_42225,Suresh Verma,Rajasthan,213805,214861,1.0,0,0,0,3,0.1,NOT_REQUIRED,0
FRAUD_IN_42226,Ganesh Chaudhary,Rajasthan,145183,147091,1.01,0,0,0,2,0.02,VERIFIED_VALID,0
FRAUD_IN_42227,Lakshmi Patil,Kerala,411801,437568,1.06,0,0,0,2,0.1,VERIFIED_VALID,0
FRAUD_IN_42228,Vikram Sheikh,West Bengal,331161,355284,1.07,0,0,0,4,0.03,VERIFIED_VALID,0
FRAUD_IN_42229,Lakshmi Gupta,Madhya Pradesh,430012,453706,1.06,0,0,0,4,0.09,NOT_REQUIRED,0
FRAUD_IN_42230,Sujata Patil,Odisha,379322,408546,1.08,0,0,0,3,0.16,NOT_REQUIRED,0
FRAUD_IN_42231,Amit Chatterjee,Bihar,101980,116596,1.14,0,0,0,4,0.1,VERIFIED_VALID,0
FRAUD_IN_42232,Mahesh Das,Odisha,89856,99229,1.1,0,0,0,3,0.13,VERIFIED_VALID,0
FRAUD_IN_42233,Geeta Shah,Madhya Pradesh,116894,108469,0.93,0,0,0,2,0.13,VERIFIED_VALID,0
FRAUD_IN_42234,Simran Mehta,Gujarat,309748,335077,1.08,0,0,0,4,0.14,NOT_REQUIRED,0
FRAUD_IN_42235,Sunil Joshi,Uttar Pradesh,315478,330531,1.05,0,0,0,2,0.21,VERIFIED_VALID,0
FRAUD_IN_42236,Ayesha Mehta,West Bengal,103348,747873,7.24,0,1,1,15,0.88,FAKE_CERTIFICATE,1
FRAUD_IN_42237,Pradeep Khan,Uttar Pradesh,141996,133460,0.94,0,0,0,2,0.1,VERIFIED_VALID,0
FRAUD_IN_42238,Sujata Khan,Gujarat,282570,300340,1.06,0,0,0,4,0.2,VERIFIED_VALID,0
FRAUD_IN_42239,Preeti Sharma,Kerala,129114,125224,0.97,0,0,0,2,0.1,NOT_REQUIRED,0
FRAUD_IN_42240,Priya Chaudhary,Madhya Pradesh,365038,346214,0.95,0,0,0,2,0.03,NOT_REQUIRED,0
FRAUD_IN_42241,Sunita Rao,Madhya Pradesh,171272,161441,0.94,0,0,0,4,0.05,NOT_REQUIRED,0
FRAUD_IN_42242,Meena Deshmukh,Maharashtra,423078,1784746,4.22,0,0,1,29,0.83,SUSPICIOUS,1
FRAUD_IN_42243,Kiran Patil,Odisha,94943,108527,1.14,0,0,0,2,0.18,VERIFIED_VALID,0
FRAUD_IN_42244,Sujata Banerjee,Rajasthan,142318,144471,1.02,0,0,0,2,0.08,VERIFIED_VALID,0
FRAUD_IN_42245,Lakshmi Banerjee,Tamil Nadu,361810,358390,0.99,0,0,0,4,0.16,VERIFIED_VALID,0
FRAUD_IN_42246,Rekha Rao,Tamil Nadu,286439,1919914,6.7,1,1,1,34,0.98,UNVERIFIED,1
FRAUD_IN_42247,Rajesh Khan,Karnataka,347643,353520,1.02,0,0,0,3,0.18,VERIFIED_VALID,0
FRAUD_IN_42248,Amit Mishra,Haryana,194913,214334,1.1,0,0,0,2,0.01,NOT_REQUIRED,0
FRAUD_IN_42249,Kavita Kumar,Kerala,230935,263926,1.14,0,0,0,2,0.01,NOT_REQUIRED,0
FRAUD_IN_42250,Sunita Kaur,Assam,420497,482224,1.15,0,0,0,2,0.22,VERIFIED_VALID,0
FRAUD_IN_42251,Suresh Chaudhary,Tamil Nadu,255428,273942,1.07,0,0,0,3,0.17,VERIFIED_VALID,0
FRAUD_IN_42252,Amit Patel,Maharashtra,56770,57146,1.01,0,0,1,3,0.03,VERIFIED_VALID,0
FRAUD_IN_42253,Bhavna Kaur,Kerala,179975,171588,0.95,0,0,0,3,0.12,VERIFIED_VALID,0
FRAUD_IN_42254,Kavita Reddy,Odisha,429694,429713,1.0,0,0,0,4,0.01,NOT_REQUIRED,0
FRAUD_IN_42255,Fatima Gupta,Haryana,271161,258288,0.95,0,0,0,2,0.21,VERIFIED_VALID,0
FRAUD_IN_42256,Pooja Banerjee,Uttar Pradesh,422816,412490,0.98,0,0,0,4,0.18,VERIFIED_VALID,0
FRAUD_IN_42257,Ramesh Shah,Madhya Pradesh,285319,2171734,7.61,1,0,1,24,0.96,UNVERIFIED,1
FRAUD_IN_42258,Mamta Chatterjee,Assam,35875,34401,0.96,0,0,0,4,0.1,NOT_REQUIRED,0
FRAUD_IN_42259,Vijay Gowda,Tamil Nadu,447765,506190,1.13,0,0,0,3,0.01,VERIFIED_VALID,0
FRAUD_IN_42260,Karan Joshi,Karnataka,422172,421365,1.0,0,0,0,3,0.16,VERIFIED_VALID,0
FRAUD_IN_42261,Ashok Verma,Kerala,410162,471391,1.15,0,0,0,1,0.11,VERIFIED_VALID,0
FRAUD_IN_42262,Anita Rao,Uttar Pradesh,105144,108623,1.03,0,0,0,3,0.11,VERIFIED_VALID,0
FRAUD_IN_42263,Meena Reddy,Gujarat,170701,192207,1.13,0,0,0,3,0.11,VERIFIED_VALID,0
FRAUD_IN_42264,Anita Kulkarni,Bihar,201620,221600,1.1,0,0,0,4,0.04,VERIFIED_VALID,0
FRAUD_IN_42265,Radha Kulkarni,Gujarat,41725,46859,1.12,0,0,0,3,0.15,VERIFIED_VALID,0
FRAUD_IN_42266,Radha Kumar,Madhya Pradesh,87047,90107,1.04,0,0,0,4,0.09,VERIFIED_VALID,0
FRAUD_IN_42267,Manoj Rao,Maharashtra,232034,218364,0.94,0,0,0,1,0.1,VERIFIED_VALID,0
FRAUD_IN_42268,Suresh Sharma,Madhya Pradesh,444041,460557,1.04,0,0,0,1,0.07,VERIFIED_VALID,0
FRAUD_IN_42269,Mohammed Kulkarni,Tamil Nadu,179688,187848,1.05,0,0,0,3,0.05,VERIFIED_VALID,0
FRAUD_IN_42270,Sangeeta Rao,Assam,167715,160251,0.96,0,0,1,3,0.1,VERIFIED_VALID,0
FRAUD_IN_42271,Arjun Kulkarni,Kerala,98201,452774,4.61,1,0,1,29,0.97,FAKE_CERTIFICATE,1
FRAUD_IN_42272,Sanjay Chaudhary,Bihar,84898,89844,1.06,0,0,0,1,0.2,VERIFIED_VALID,0
FRAUD_IN_42273,Rohan Das,Assam,339159,347251,1.02,0,0,0,2,0.2,VERIFIED_VALID,0
FRAUD_IN_42274,Bhavna Singh,Tamil Nadu,299036,306930,1.03,0,0,0,4,0.1,VERIFIED_VALID,0
FRAUD_IN_42275,Suresh Sharma,Rajasthan,230135,216303,0.94,0,0,0,1,0.04,VERIFIED_VALID,0
FRAUD_IN_42276,Karan Chaudhary,Madhya Pradesh,326860,320003,0.98,0,0,0,3,0.16,NOT_REQUIRED,0
FRAUD_IN_42277,Gurpreet Chaudhary,Punjab,278836,273596,0.98,0,0,0,2,0.09,VERIFIED_VALID,0
FRAUD_IN_42278,Dinesh Mishra,Madhya Pradesh,258449,279282,1.08,0,0,0,2,0.2,VERIFIED_VALID,0
FRAUD_IN_42279,Dinesh Nair,Haryana,274304,1424608,5.19,1,1,1,31,0.91,FAKE_CERTIFICATE,1
FRAUD_IN_42280,Rahul Kulkarni,Assam,317637,357800,1.13,0,0,0,3,0.11,VERIFIED_VALID,0
FRAUD_IN_42281,Fatima Kaur,Maharashtra,326376,343449,1.05,0,0,0,1,0.16,VERIFIED_VALID,0
FRAUD_IN_42282,Sangeeta Chaudhary,Uttar Pradesh,367581,358388,0.97,0,0,0,3,0.08,VERIFIED_VALID,0
FRAUD_IN_42283,Fatima Singh,Punjab,111005,115026,1.04,0,0,0,4,0.02,NOT_REQUIRED,0
FRAUD_IN_42284,Dinesh Kumar,Punjab,380237,436908,1.15,0,0,0,2,0.21,VERIFIED_VALID,0
FRAUD_IN_42285,Harpreet Chaudhary,Odisha,152618,156908,1.03,0,0,0,4,0.17,VERIFIED_VALID,0
FRAUD_IN_42286,Seema Singh,Assam,427492,445139,1.04,0,0,0,4,0.15,VERIFIED_VALID,0
FRAUD_IN_42287,Seema Deshmukh,West Bengal,172017,195118,1.13,0,0,0,4,0.21,VERIFIED_VALID,0
FRAUD_IN_42288,Vikram Yadav,Odisha,114857,116051,1.01,0,0,0,1,0.19,VERIFIED_VALID,0
FRAUD_IN_42289,Ayesha Kulkarni,Tamil Nadu,93430,99571,1.07,0,0,0,3,0.07,VERIFIED_VALID,0
FRAUD_IN_42290,Dinesh Chaudhary,Kerala,177072,173974,0.98,0,0,0,4,0.05,VERIFIED_VALID,0
FRAUD_IN_42291,Sujata Singh,Haryana,208965,224783,1.08,0,0,0,4,0.14,VERIFIED_VALID,0
FRAUD_IN_42292,Simran Joshi,Karnataka,126816,119360,0.94,0,0,0,3,0.18,NOT_REQUIRED,0
FRAUD_IN_42293,Lakshmi Chaudhary,Haryana,320400,329778,1.03,0,0,0,3,0.2,VERIFIED_VALID,0
FRAUD_IN_42294,Deepak Patil,Tamil Nadu,249639,277268,1.11,0,0,0,1,0.18,NOT_REQUIRED,0
FRAUD_IN_42295,Bhavna Patil,Kerala,165164,153534,0.93,0,0,0,4,0.14,NOT_REQUIRED,0
FRAUD_IN_42296,Sunita Chatterjee,Karnataka,102504,95964,0.94,0,0,0,3,0.17,NOT_REQUIRED,0
FRAUD_IN_42297,Harpreet Sharma,Haryana,388674,406003,1.04,0,0,0,2,0.13,VERIFIED_VALID,0
FRAUD_IN_42298,Tariq Yadav,Uttar Pradesh,358908,377311,1.05,0,0,0,1,0.21,VERIFIED_VALID,0
FRAUD_IN_42299,Suresh Sharma,Gujarat,259140,275955,1.06,0,0,0,1,0.14,VERIFIED_VALID,0
FRAUD_IN_42300,Ananya Sheikh,West Bengal,381743,3075090,8.06,0,0,0,21,0.72,UNVERIFIED,1
FRAUD_IN_42301,Simran Verma,West Bengal,79230,74716,0.94,0,0,0,2,0.18,NOT_REQUIRED,0
FRAUD_IN_42302,Prakash Joshi,Maharashtra,348081,372827,1.07,0,0,0,2,0.06,VERIFIED_VALID,0
FRAUD_IN_42303,Ayesha Mishra,Madhya Pradesh,303463,294921,0.97,0,0,0,4,0.07,VERIFIED_VALID,0
FRAUD_IN_42304,Deepak Nair,Tamil Nadu,287118,299534,1.04,0,0,0,4,0.17,VERIFIED_VALID,0
FRAUD_IN_42305,Gurpreet Kaur,Maharashtra,308808,331959,1.07,0,0,0,2,0.09,NOT_REQUIRED,0
FRAUD_IN_42306,Savita Reddy,Haryana,279954,298484,1.07,0,0,0,2,0.02,NOT_REQUIRED,0
FRAUD_IN_42307,Shweta Nair,Assam,325152,362949,1.12,0,0,0,1,0.06,VERIFIED_VALID,0
FRAUD_IN_42308,Sujata Patil,Tamil Nadu,55205,55325,1.0,0,0,0,1,0.19,VERIFIED_VALID,0
FRAUD_IN_42309,Mohammed Verma,Tamil Nadu,237701,1142753,4.81,1,1,1,26,0.72,SUSPICIOUS,1
FRAUD_IN_42310,Vijay Banerjee,Haryana,67146,76299,1.14,0,0,0,2,0.22,VERIFIED_VALID,0
FRAUD_IN_42311,Fatima Shah,Odisha,200596,206626,1.03,0,0,0,1,0.2,VERIFIED_VALID,0
FRAUD_IN_42312,Rajesh Nair,West Bengal,91640,90445,0.99,0,0,1,3,0.07,VERIFIED_VALID,0
FRAUD_IN_42313,Gurpreet Das,Kerala,216091,223509,1.03,0,0,0,2,0.04,VERIFIED_VALID,0
FRAUD_IN_42314,Simran Yadav,Karnataka,177041,201972,1.14,0,0,0,4,0.21,VERIFIED_VALID,0
FRAUD_IN_42315,Seema Rao,Kerala,137885,143317,1.04,0,0,0,3,0.02,VERIFIED_VALID,0
FRAUD_IN_42316,Ayesha Sheikh,Rajasthan,315126,302184,0.96,0,0,0,2,0.21,VERIFIED_VALID,0
FRAUD_IN_42317,Rahul Mishra,Karnataka,363513,394434,1.09,0,0,0,1,0.18,VERIFIED_VALID,0
FRAUD_IN_42318,Gurpreet Mishra,Haryana,216767,214267,0.99,0,0,0,4,0.1,NOT_REQUIRED,0
FRAUD_IN_42319,Mamta Nair,Madhya Pradesh,239028,243000,1.02,0,0,0,3,0.06,VERIFIED_VALID,0
FRAUD_IN_42320,Karan Yadav,Rajasthan,67333,76207,1.13,0,0,0,3,0.2,VERIFIED_VALID,0
FRAUD_IN_42321,Sunita Khan,Bihar,243697,269868,1.11,0,0,0,4,0.01,VERIFIED_VALID,0
FRAUD_IN_42322,Rahul Singh,Odisha,212685,238969,1.12,0,0,0,3,0.17,VERIFIED_VALID,0
FRAUD_IN_42323,Bhavna Gowda,Punjab,169916,189335,1.11,0,0,0,4,0.07,VERIFIED_VALID,0
FRAUD_IN_42324,Radha Yadav,Assam,49213,52731,1.07,0,0,0,2,0.13,VERIFIED_VALID,0
FRAUD_IN_42325,Radha Nair,Bihar,381733,1967387,5.15,1,1,1,30,0.9,SUSPICIOUS,1
FRAUD_IN_42326,Geeta Rao,Odisha,351494,324027,0.92,0,0,0,3,0.04,NOT_REQUIRED,0
FRAUD_IN_42327,Mahesh Chaudhary,Kerala,389074,1932249,4.97,0,0,1,23,0.9,SUSPICIOUS,1
FRAUD_IN_42328,Sujata Nair,Assam,318170,335172,1.05,0,0,0,1,0.06,VERIFIED_VALID,0
FRAUD_IN_42329,Seema Kaur,Maharashtra,54167,56320,1.04,0,0,0,3,0.16,VERIFIED_VALID,0
FRAUD_IN_42330,Prakash Kulkarni,Haryana,218419,242358,1.11,0,0,0,4,0.13,NOT_REQUIRED,0
FRAUD_IN_42331,Ramesh Reddy,Gujarat,340484,364062,1.07,0,0,0,1,0.18,VERIFIED_VALID,0
FRAUD_IN_42332,Karan Gupta,Kerala,134646,138494,1.03,0,0,0,1,0.04,VERIFIED_VALID,0
FRAUD_IN_42333,Vijay Gowda,Punjab,193312,199448,1.03,0,0,1,3,0.21,VERIFIED_VALID,0
FRAUD_IN_42334,Ashok Rao,Bihar,174368,197776,1.13,0,0,0,2,0.04,VERIFIED_VALID,0
FRAUD_IN_42335,Sanjay Singh,West Bengal,440131,489323,1.11,0,0,0,1,0.16,NOT_REQUIRED,0
FRAUD_IN_42336,Anita Kaur,Maharashtra,129970,136909,1.05,0,0,0,4,0.15,VERIFIED_VALID,0
FRAUD_IN_42337,Harpreet Rao,Uttar Pradesh,413246,411729,1.0,0,0,0,3,0.21,VERIFIED_VALID,0
FRAUD_IN_42338,Kavita Kumar,Assam,352962,340642,0.97,0,0,0,1,0.12,VERIFIED_VALID,0
FRAUD_IN_42339,Mahesh Banerjee,Maharashtra,280083,288440,1.03,0,0,0,3,0.1,VERIFIED_VALID,0
FRAUD_IN_42340,Fatima Das,Bihar,124692,115050,0.92,0,0,0,2,0.0,VERIFIED_VALID,0
FRAUD_IN_42341,Ashok Kaur,Madhya Pradesh,355242,365995,1.03,0,0,0,4,0.0,NOT_REQUIRED,0
FRAUD_IN_42342,Ashok Rao,Odisha,367511,409536,1.11,0,0,0,1,0.16,VERIFIED_VALID,0
FRAUD_IN_42343,Preeti Patel,Karnataka,177134,169578,0.96,0,0,0,3,0.16,VERIFIED_VALID,0
FRAUD_IN_42344,Lakshmi Joshi,Haryana,144628,148372,1.03,0,0,0,2,0.08,VERIFIED_VALID,0
FRAUD_IN_42345,Sunil Singh,Karnataka,235769,240124,1.02,0,0,0,2,0.14,VERIFIED_VALID,0
FRAUD_IN_42346,Shweta Kaur,Karnataka,187138,193593,1.03,0,0,0,2,0.02,VERIFIED_VALID,0
FRAUD_IN_42347,Mamta Deshmukh,West Bengal,82315,88892,1.08,0,0,0,3,0.01,VERIFIED_VALID,0
FRAUD_IN_42348,Sanjay Mishra,Kerala,306212,301553,0.98,0,0,0,2,0.08,NOT_REQUIRED,0
FRAUD_IN_42349,Rekha Nair,Maharashtra,358220,367801,1.03,0,0,0,2,0.16,VERIFIED_VALID,0
FRAUD_IN_42350,Gurpreet Chaudhary,Maharashtra,213971,222262,1.04,0,0,0,4,0.07,VERIFIED_VALID,0
FRAUD_IN_42351,Arjun Deshmukh,Madhya Pradesh,440082,1622195,3.69,1,1,1,31,0.75,SUSPICIOUS,1
FRAUD_IN_42352,Amit Nair,Haryana,102171,116214,1.14,0,0,0,4,0.05,VERIFIED_VALID,0
FRAUD_IN_42353,Sunil Banerjee,Tamil Nadu,383146,428841,1.12,0,0,0,2,0.09,NOT_REQUIRED,0
FRAUD_IN_42354,Gurpreet Deshmukh,Odisha,335218,329408,0.98,0,0,1,1,0.22,VERIFIED_VALID,0
FRAUD_IN_42355,Shweta Kulkarni,Assam,428888,408795,0.95,0,0,1,4,0.01,VERIFIED_VALID,0
FRAUD_IN_42356,Vikram Chatterjee,Rajasthan,102590,114268,1.11,0,0,0,4,0.2,VERIFIED_VALID,0
FRAUD_IN_42357,Neha Mishra,Uttar Pradesh,260163,297361,1.14,0,0,0,4,0.15,VERIFIED_VALID,0
FRAUD_IN_42358,Meena Patel,Assam,44743,45592,1.02,0,0,0,1,0.15,VERIFIED_VALID,0
FRAUD_IN_42359,Ananya Gowda,Rajasthan,378926,408790,1.08,0,0,0,3,0.06,VERIFIED_VALID,0
FRAUD_IN_42360,Manoj Gowda,Kerala,333492,312738,0.94,0,0,0,3,0.14,VERIFIED_VALID,0
FRAUD_IN_42361,Rekha Rao,Assam,153040,167820,1.1,0,0,0,4,0.05,VERIFIED_VALID,0
FRAUD_IN_42362,Kiran Patel,Kerala,279557,314274,1.12,0,0,0,3,0.16,VERIFIED_VALID,0
FRAUD_IN_42363,Manoj Singh,Punjab,412593,416567,1.01,0,0,0,2,0.15,NOT_REQUIRED,0
FRAUD_IN_42364,Rahul Singh,Haryana,129894,142808,1.1,0,0,0,4,0.2,VERIFIED_VALID,0
FRAUD_IN_42365,Radha Patel,Bihar,364945,357861,0.98,0,0,0,1,0.15,VERIFIED_VALID,0
FRAUD_IN_42366,Rajesh Kumar,Maharashtra,84351,82213,0.97,0,0,0,2,0.18,VERIFIED_VALID,0
FRAUD_IN_42367,Neha Mishra,West Bengal,388995,388489,1.0,0,0,0,3,0.03,VERIFIED_VALID,0
FRAUD_IN_42368,Rekha Gowda,Assam,163994,176641,1.08,0,0,0,2,0.1,VERIFIED_VALID,0
FRAUD_IN_42369,Geeta Mishra,Maharashtra,50744,52627,1.04,0,0,0,2,0.12,VERIFIED_VALID,0
FRAUD_IN_42370,Arjun Gowda,Uttar Pradesh,84001,94457,1.12,0,0,0,2,0.04,VERIFIED_VALID,0
FRAUD_IN_42371,Savita Khan,Madhya Pradesh,362584,362597,1.0,0,0,0,3,0.07,VERIFIED_VALID,0
FRAUD_IN_42372,Shweta Das,Rajasthan,141496,146954,1.04,0,0,0,3,0.17,VERIFIED_VALID,0
FRAUD_IN_42373,Anil Sheikh,West Bengal,158262,146437,0.93,0,0,1,1,0.03,NOT_REQUIRED,0
FRAUD_IN_42374,Shweta Verma,Kerala,99094,107496,1.08,0,0,0,4,0.18,VERIFIED_VALID,0
FRAUD_IN_42375,Rohan Rao,Bihar,443444,493093,1.11,0,0,0,2,0.12,VERIFIED_VALID,0
FRAUD_IN_42376,Manoj Mishra,Assam,218711,240919,1.1,0,0,0,2,0.19,VERIFIED_VALID,0
FRAUD_IN_42377,Mamta Joshi,Karnataka,105685,114444,1.08,0,0,0,1,0.1,VERIFIED_VALID,0
FRAUD_IN_42378,Sunita Singh,Kerala,446749,425639,0.95,0,0,0,2,0.09,VERIFIED_VALID,0
FRAUD_IN_42379,Preeti Gupta,Assam,443376,446020,1.01,0,0,0,3,0.0,VERIFIED_VALID,0
FRAUD_IN_42380,Vijay Sheikh,Tamil Nadu,117746,115196,0.98,0,0,1,2,0.0,NOT_REQUIRED,0
FRAUD_IN_42381,Mohammed Reddy,Uttar Pradesh,193788,180047,0.93,0,0,0,4,0.2,VERIFIED_VALID,0
FRAUD_IN_42382,Simran Kulkarni,West Bengal,100812,112489,1.12,0,0,0,3,0.04,VERIFIED_VALID,0
FRAUD_IN_42383,Savita Gowda,Kerala,235913,240969,1.02,0,0,0,3,0.02,VERIFIED_VALID,0
FRAUD_IN_42384,Anita Kumar,Tamil Nadu,218186,232862,1.07,0,0,0,4,0.21,NOT_REQUIRED,0
FRAUD_IN_42385,Ramesh Nair,Rajasthan,313937,336157,1.07,0,0,0,3,0.03,VERIFIED_VALID,0
FRAUD_IN_42386,Kiran Gupta,Maharashtra,435552,2700341,6.2,0,0,1,34,0.82,FAKE_CERTIFICATE,1
FRAUD_IN_42387,Ananya Verma,Haryana,393149,382129,0.97,0,0,0,3,0.11,VERIFIED_VALID,0
FRAUD_IN_42388,Priya Nair,Maharashtra,284290,312933,1.1,0,0,0,3,0.11,VERIFIED_VALID,0
FRAUD_IN_42389,Ayesha Das,Kerala,306188,316942,1.04,0,0,0,4,0.07,VERIFIED_VALID,0
FRAUD_IN_42390,Sangeeta Joshi,Rajasthan,212086,225787,1.06,0,0,0,2,0.07,VERIFIED_VALID,0
FRAUD_IN_42391,Neha Banerjee,Karnataka,441646,2633888,5.96,1,0,0,15,0.84,SUSPICIOUS,1
FRAUD_IN_42392,Geeta Sharma,Kerala,36651,36065,0.98,0,0,0,4,0.14,VERIFIED_VALID,0
FRAUD_IN_42393,Lakshmi Khan,Gujarat,338431,356119,1.05,0,0,0,4,0.09,VERIFIED_VALID,0
FRAUD_IN_42394,Ramesh Patil,Bihar,150370,1017767,6.77,1,1,1,24,0.94,SUSPICIOUS,1
FRAUD_IN_42395,Rajesh Yadav,West Bengal,337700,371793,1.1,0,0,0,4,0.14,VERIFIED_VALID,0
FRAUD_IN_42396,Rahul Yadav,Maharashtra,302952,334420,1.1,0,0,0,4,0.1,NOT_REQUIRED,0
FRAUD_IN_42397,Fatima Kulkarni,Kerala,179183,166436,0.93,0,0,0,3,0.02,VERIFIED_VALID,0
FRAUD_IN_42398,Sunil Deshmukh,Karnataka,349788,349313,1.0,0,0,0,1,0.19,VERIFIED_VALID,0
FRAUD_IN_42399,Geeta Singh,Kerala,203481,190923,0.94,0,0,0,1,0.02,VERIFIED_VALID,0
FRAUD_IN_42400,Mahesh Reddy,Rajasthan,272027,305286,1.12,0,0,0,3,0.02,VERIFIED_VALID,0
FRAUD_IN_42401,Ganesh Yadav,Rajasthan,297445,285968,0.96,0,0,0,3,0.08,VERIFIED_VALID,0
FRAUD_IN_42402,Mamta Rao,Punjab,288122,324134,1.12,0,0,0,2,0.14,VERIFIED_VALID,0
FRAUD_IN_42403,Manoj Chatterjee,Punjab,271988,308109,1.13,0,0,0,3,0.04,VERIFIED_VALID,0
FRAUD_IN_42404,Radha Kulkarni,Madhya Pradesh,164231,185913,1.13,0,0,0,3,0.12,VERIFIED_VALID,0
FRAUD_IN_42405,Gurpreet Kulkarni,Bihar,305072,346505,1.14,0,0,1,4,0.12,VERIFIED_VALID,0
FRAUD_IN_42406,Ananya Mishra,Rajasthan,283903,298175,1.05,0,0,1,1,0.06,VERIFIED_VALID,0
FRAUD_IN_42407,Bhavna Reddy,Madhya Pradesh,445998,413576,0.93,0,0,1,4,0.13,VERIFIED_VALID,0
FRAUD_IN_42408,Vikram Chatterjee,West Bengal,380044,403120,1.06,0,0,0,3,0.21,VERIFIED_VALID,0
FRAUD_IN_42409,Anita Deshmukh,Maharashtra,387020,3047171,7.87,0,1,0,22,0.94,UNVERIFIED,1
FRAUD_IN_42410,Harpreet Nair,Gujarat,320401,340369,1.06,0,0,0,2,0.21,VERIFIED_VALID,0
FRAUD_IN_42411,Sanjay Nair,Bihar,117819,775617,6.58,1,0,1,34,0.96,SUSPICIOUS,1
FRAUD_IN_42412,Simran Patel,Karnataka,86490,84026,0.97,0,0,0,1,0.12,NOT_REQUIRED,0
FRAUD_IN_42413,Kiran Deshmukh,Maharashtra,61782,66062,1.07,0,0,0,4,0.07,VERIFIED_VALID,0
FRAUD_IN_42414,Ramesh Chatterjee,Uttar Pradesh,398355,452036,1.13,0,0,0,2,0.18,VERIFIED_VALID,0
FRAUD_IN_42415,Rohan Kumar,Uttar Pradesh,344269,367598,1.07,0,0,0,2,0.15,VERIFIED_VALID,0
FRAUD_IN_42416,Gurpreet Banerjee,Assam,130249,126378,0.97,0,0,0,3,0.1,NOT_REQUIRED,0
FRAUD_IN_42417,Manoj Nair,Rajasthan,153520,161503,1.05,0,0,0,2,0.12,VERIFIED_VALID,0
FRAUD_IN_42418,Mamta Mishra,Maharashtra,219175,1625480,7.42,0,1,1,16,0.87,UNVERIFIED,1
FRAUD_IN_42419,Tariq Chaudhary,Karnataka,371950,346573,0.93,0,0,0,2,0.05,VERIFIED_VALID,0
FRAUD_IN_42420,Mohammed Kumar,Uttar Pradesh,136829,150633,1.1,0,0,0,1,0.07,VERIFIED_VALID,0
FRAUD_IN_42421,Deepak Rao,Gujarat,292046,290886,1.0,0,0,0,1,0.18,VERIFIED_VALID,0
FRAUD_IN_42422,Mamta Mehta,Madhya Pradesh,153264,163442,1.07,0,0,0,4,0.13,VERIFIED_VALID,0
FRAUD_IN_42423,Manoj Nair,Gujarat,38865,44580,1.15,0,0,0,2,0.07,VERIFIED_VALID,0
FRAUD_IN_42424,Anil Patil,Rajasthan,292039,333082,1.14,0,0,0,2,0.18,VERIFIED_VALID,0
FRAUD_IN_42425,Mamta Patel,Odisha,94431,95979,1.02,0,0,0,3,0.03,NOT_REQUIRED,0
FRAUD_IN_42426,Rekha Patel,Kerala,106137,103074,0.97,0,0,0,4,0.06,VERIFIED_VALID,0
FRAUD_IN_42427,Deepak Deshmukh,Madhya Pradesh,307512,293080,0.95,0,0,0,1,0.14,VERIFIED_VALID,0
FRAUD_IN_42428,Ramesh Reddy,Uttar Pradesh,408180,384730,0.94,0,0,0,1,0.21,VERIFIED_VALID,0
FRAUD_IN_42429,Prakash Reddy,Gujarat,396756,382868,0.96,0,0,0,4,0.13,NOT_REQUIRED,0
FRAUD_IN_42430,Geeta Verma,Madhya Pradesh,328613,304845,0.93,0,0,0,1,0.18,NOT_REQUIRED,0
FRAUD_IN_42431,Mohammed Sheikh,Assam,438347,479032,1.09,0,0,0,2,0.18,VERIFIED_VALID,0
FRAUD_IN_42432,Deepika Gowda,Rajasthan,75193,71863,0.96,0,0,0,1,0.12,VERIFIED_VALID,0
FRAUD_IN_42433,Amit Yadav,Haryana,439472,1856110,4.22,0,0,1,7,0.91,SUSPICIOUS,1
FRAUD_IN_42434,Arjun Sheikh,Odisha,160181,148024,0.92,0,0,0,3,0.16,NOT_REQUIRED,0
FRAUD_IN_42435,Ganesh Patil,Tamil Nadu,219034,227555,1.04,0,0,0,3,0.21,VERIFIED_VALID,0
FRAUD_IN_42436,Mohammed Mehta,Punjab,375364,412824,1.1,0,0,0,2,0.1,VERIFIED_VALID,0
FRAUD_IN_42437,Lakshmi Yadav,Assam,57976,226684,3.91,0,0,1,30,0.81,SUSPICIOUS,1
FRAUD_IN_42438,Mahesh Singh,Madhya Pradesh,155358,143589,0.92,0,0,0,3,0.12,VERIFIED_VALID,0
FRAUD_IN_42439,Seema Kaur,Rajasthan,329128,311614,0.95,0,0,0,4,0.11,VERIFIED_VALID,0
FRAUD_IN_42440,Ramesh Patel,Madhya Pradesh,130379,136574,1.05,0,0,0,3,0.03,VERIFIED_VALID,0
FRAUD_IN_42441,Deepika Chaudhary,Maharashtra,42979,44665,1.04,0,0,0,4,0.05,VERIFIED_VALID,0
FRAUD_IN_42442,Arjun Chatterjee,Tamil Nadu,348354,350923,1.01,0,0,0,3,0.11,NOT_REQUIRED,0
FRAUD_IN_42443,Sanjay Rao,Kerala,287483,284794,0.99,0,0,0,4,0.06,NOT_REQUIRED,0
FRAUD_IN_42444,Ananya Nair,Bihar,137792,132248,0.96,0,0,0,4,0.1,VERIFIED_VALID,0
FRAUD_IN_42445,Seema Yadav,Bihar,114247,121085,1.06,0,0,0,3,0.04,VERIFIED_VALID,0
FRAUD_IN_42446,Suresh Deshmukh,Kerala,355958,392578,1.1,0,0,0,2,0.08,VERIFIED_VALID,0
FRAUD_IN_42447,Karan Patil,Uttar Pradesh,211050,206666,0.98,0,0,1,2,0.14,VERIFIED_VALID,0
FRAUD_IN_42448,Shweta Kaur,Maharashtra,307446,335020,1.09,0,0,0,2,0.13,VERIFIED_VALID,0
FRAUD_IN_42449,Preeti Chaudhary,Odisha,149172,147147,0.99,0,0,0,3,0.09,NOT_REQUIRED,0
FRAUD_IN_42450,Simran Chaudhary,Bihar,88387,88359,1.0,0,0,0,4,0.07,VERIFIED_VALID,0
FRAUD_IN_42451,Karan Kulkarni,Bihar,437638,411829,0.94,0,0,0,4,0.13,VERIFIED_VALID,0
FRAUD_IN_42452,Simran Khan,Tamil Nadu,116618,107853,0.92,0,0,0,4,0.08,VERIFIED_VALID,0
FRAUD_IN_42453,Bhavna Mishra,Odisha,419462,429686,1.02,0,0,0,3,0.09,VERIFIED_VALID,0
FRAUD_IN_42454,Radha Banerjee,West Bengal,323464,301593,0.93,0,0,0,1,0.17,NOT_REQUIRED,0
FRAUD_IN_42455,Pradeep Gowda,Gujarat,183761,194664,1.06,0,0,0,2,0.2,NOT_REQUIRED,0
FRAUD_IN_42456,Harpreet Reddy,Kerala,48204,47057,0.98,0,0,0,4,0.08,VERIFIED_VALID,0
FRAUD_IN_42457,Mamta Singh,Kerala,38375,38828,1.01,0,0,0,3,0.19,VERIFIED_VALID,0
FRAUD_IN_42458,Sunita Verma,Tamil Nadu,167768,181873,1.08,0,0,0,1,0.07,NOT_REQUIRED,0
FRAUD_IN_42459,Seema Sheikh,Madhya Pradesh,408458,420667,1.03,0,0,0,3,0.04,VERIFIED_VALID,0
FRAUD_IN_42460,Rohan Gowda,Madhya Pradesh,439104,479424,1.09,0,0,0,4,0.1,VERIFIED_VALID,0
FRAUD_IN_42461,Lakshmi Das,Maharashtra,399181,424724,1.06,0,0,0,2,0.02,NOT_REQUIRED,0
FRAUD_IN_42462,Ramesh Joshi,Maharashtra,76408,87734,1.15,0,0,0,2,0.09,VERIFIED_VALID,0
FRAUD_IN_42463,Amit Sharma,Assam,326143,364422,1.12,0,0,0,1,0.1,NOT_REQUIRED,0
FRAUD_IN_42464,Mahesh Deshmukh,Haryana,290571,296880,1.02,0,0,0,4,0.09,VERIFIED_VALID,0
FRAUD_IN_42465,Mahesh Patil,Karnataka,228997,245291,1.07,0,0,0,1,0.02,VERIFIED_VALID,0
FRAUD_IN_42466,Rekha Chatterjee,Bihar,418741,479469,1.15,0,0,0,3,0.18,VERIFIED_VALID,0
FRAUD_IN_42467,Ayesha Kulkarni,Uttar Pradesh,443147,496072,1.12,0,0,0,1,0.17,VERIFIED_VALID,0
FRAUD_IN_42468,Meena Joshi,Maharashtra,184303,170531,0.93,0,0,0,3,0.11,VERIFIED_VALID,0
FRAUD_IN_42469,Prakash Kulkarni,Bihar,229588,253900,1.11,0,0,0,2,0.2,NOT_REQUIRED,0
FRAUD_IN_42470,Rohan Nair,Gujarat,200658,217888,1.09,0,0,0,4,0.06,NOT_REQUIRED,0
FRAUD_IN_42471,Karan Kulkarni,Haryana,418341,407854,0.97,0,0,0,1,0.21,NOT_REQUIRED,0
FRAUD_IN_42472,Vikram Das,Madhya Pradesh,64285,64966,1.01,0,0,0,4,0.07,VERIFIED_VALID,0
FRAUD_IN_42473,Amit Sheikh,Odisha,229806,262023,1.14,0,0,1,4,0.19,NOT_REQUIRED,0
FRAUD_IN_42474,Geeta Chaudhary,Tamil Nadu,267533,299940,1.12,0,0,0,2,0.07,VERIFIED_VALID,0
FRAUD_IN_42475,Harpreet Patel,Punjab,178137,186771,1.05,0,0,0,3,0.07,VERIFIED_VALID,0
FRAUD_IN_42476,Preeti Singh,West Bengal,441280,414551,0.94,0,0,0,2,0.11,VERIFIED_VALID,0
FRAUD_IN_42477,Anil Patil,Madhya Pradesh,212709,200441,0.94,0,0,0,2,0.07,VERIFIED_VALID,0
FRAUD_IN_42478,Priya Kumar,Madhya Pradesh,169995,175939,1.03,0,0,0,4,0.12,VERIFIED_VALID,0
FRAUD_IN_42479,Karan Sheikh,Assam,379569,407185,1.07,0,0,0,2,0.03,VERIFIED_VALID,0
FRAUD_IN_42480,Preeti Das,Rajasthan,219482,236909,1.08,0,0,1,4,0.16,VERIFIED_VALID,0
FRAUD_IN_42481,Ashok Verma,Kerala,186607,190991,1.02,0,0,0,4,0.22,VERIFIED_VALID,0
FRAUD_IN_42482,Sangeeta Patil,Karnataka,74159,74737,1.01,0,0,0,2,0.2,VERIFIED_VALID,0
FRAUD_IN_42483,Savita Chaudhary,Madhya Pradesh,336912,1139859,3.38,0,0,1,23,0.84,UNVERIFIED,1
FRAUD_IN_42484,Savita Verma,Bihar,359587,383471,1.07,0,0,0,3,0.21,VERIFIED_VALID,0
FRAUD_IN_42485,Radha Patil,Haryana,449188,513100,1.14,0,0,0,1,0.15,VERIFIED_VALID,0
FRAUD_IN_42486,Bhavna Mishra,Rajasthan,401298,2057742,5.13,1,0,1,11,0.69,UNVERIFIED,1
FRAUD_IN_42487,Meena Banerjee,Assam,421849,400760,0.95,0,0,0,4,0.2,NOT_REQUIRED,0
FRAUD_IN_42488,Anil Verma,Odisha,424464,392483,0.92,0,0,0,1,0.19,VERIFIED_VALID,0
FRAUD_IN_42489,Sujata Singh,Bihar,79807,84152,1.05,0,0,0,4,0.01,VERIFIED_VALID,0
FRAUD_IN_42490,Ananya Chaudhary,Haryana,246089,227406,0.92,0,0,0,4,0.03,VERIFIED_VALID,0
FRAUD_IN_42491,Anita Chatterjee,West Bengal,371090,394901,1.06,0,0,0,1,0.2,VERIFIED_VALID,0
FRAUD_IN_42492,Ramesh Khan,Rajasthan,124702,122595,0.98,0,0,0,2,0.2,VERIFIED_VALID,0
FRAUD_IN_42493,Simran Sheikh,Madhya Pradesh,374244,368250,0.98,0,0,0,4,0.16,VERIFIED_VALID,0
FRAUD_IN_42494,Kavita Chaudhary,Uttar Pradesh,228021,238102,1.04,0,0,0,3,0.02,VERIFIED_VALID,0
FRAUD_IN_42495,Sunil Sharma,Karnataka,417544,402184,0.96,0,0,0,2,0.04,VERIFIED_VALID,0
FRAUD_IN_42496,Ananya Sheikh,Gujarat,139910,992449,7.09,1,0,1,10,0.93,SUSPICIOUS,1
FRAUD_IN_42497,Sangeeta Patil,Madhya Pradesh,386387,424886,1.1,0,0,0,4,0.19,VERIFIED_VALID,0
FRAUD_IN_42498,Kiran Mishra,West Bengal,301812,319374,1.06,0,0,0,2,0.05,VERIFIED_VALID,0
FRAUD_IN_42499,Bhavna Patel,Rajasthan,137782,130438,0.95,0,0,0,2,0.05,VERIFIED_VALID,0
FRAUD_IN_42500,Pooja Gowda,Gujarat,445494,459861,1.03,0,0,0,3,0.05,VERIFIED_VALID,0
FRAUD_IN_42501,Kavita Rao,Punjab,48241,49776,1.03,0,0,0,4,0.22,VERIFIED_VALID,0
FRAUD_IN_42502,Manoj Chaudhary,Uttar Pradesh,259165,822919,3.18,1,0,1,15,0.72,SUSPICIOUS,1
FRAUD_IN_42503,Preeti Yadav,Karnataka,413246,408307,0.99,0,0,0,2,0.09,VERIFIED_VALID,0
FRAUD_IN_42504,Karan Chaudhary,West Bengal,323631,339189,1.05,0,0,0,1,0.21,NOT_REQUIRED,0
FRAUD_IN_42505,Radha Khan,Bihar,187582,191660,1.02,0,0,0,2,0.15,VERIFIED_VALID,0
FRAUD_IN_42506,Rekha Kumar,Haryana,113792,117373,1.03,0,0,0,2,0.11,VERIFIED_VALID,0
FRAUD_IN_42507,Mahesh Mehta,Assam,330916,336756,1.02,0,0,1,1,0.09,VERIFIED_VALID,0
FRAUD_IN_42508,Geeta Sheikh,Assam,360583,409087,1.13,0,0,0,1,0.18,VERIFIED_VALID,0
FRAUD_IN_42509,Anita Reddy,Rajasthan,51622,51543,1.0,0,0,0,3,0.03,VERIFIED_VALID,0
FRAUD_IN_42510,Meena Patel,Maharashtra,103327,109448,1.06,0,0,0,4,0.07,NOT_REQUIRED,0
FRAUD_IN_42511,Simran Patil,Maharashtra,110537,125051,1.13,0,0,0,1,0.08,NOT_REQUIRED,0
FRAUD_IN_42512,Sanjay Patel,Assam,348687,398476,1.14,0,0,0,4,0.11,VERIFIED_VALID,0
FRAUD_IN_42513,Bhavna Deshmukh,Maharashtra,158039,149522,0.95,0,0,0,1,0.21,NOT_REQUIRED,0
FRAUD_IN_42514,Harpreet Rao,Assam,156674,179833,1.15,0,0,0,2,0.19,NOT_REQUIRED,0
FRAUD_IN_42515,Amit Patil,West Bengal,281064,258669,0.92,0,0,0,3,0.2,NOT_REQUIRED,0
FRAUD_IN_42516,Deepika Kaur,Gujarat,369607,381028,1.03,0,0,0,1,0.03,VERIFIED_VALID,0
FRAUD_IN_42517,Kiran Verma,Odisha,161694,151791,0.94,0,0,0,4,0.2,VERIFIED_VALID,0
FRAUD_IN_42518,Sangeeta Kumar,Punjab,319014,333987,1.05,0,0,0,4,0.2,VERIFIED_VALID,0
FRAUD_IN_42519,Dinesh Nair,Rajasthan,201778,1235899,6.13,1,0,1,26,0.74,UNVERIFIED,1
FRAUD_IN_42520,Ganesh Kumar,Rajasthan,219117,245656,1.12,0,0,0,3,0.1,VERIFIED_VALID,0
FRAUD_IN_42521,Pradeep Patil,Maharashtra,432144,483728,1.12,0,0,0,4,0.15,NOT_REQUIRED,0
FRAUD_IN_42522,Gurpreet Rao,Bihar,258146,1776972,6.88,1,1,1,30,0.96,SUSPICIOUS,1
FRAUD_IN_42523,Gurpreet Patil,Punjab,279638,321121,1.15,0,0,0,3,0.05,NOT_REQUIRED,0
FRAUD_IN_42524,Bhavna Mishra,Punjab,389719,416766,1.07,0,0,0,3,0.08,VERIFIED_VALID,0
FRAUD_IN_42525,Mamta Shah,Kerala,419195,387304,0.92,0,0,0,1,0.18,NOT_REQUIRED,0
FRAUD_IN_42526,Amit Joshi,Haryana,349168,355843,1.02,0,0,1,3,0.18,NOT_REQUIRED,0
FRAUD_IN_42527,Vijay Yadav,Odisha,349704,357569,1.02,0,0,0,2,0.11,VERIFIED_VALID,0
FRAUD_IN_42528,Mamta Kaur,Gujarat,425936,411292,0.97,0,0,0,3,0.04,VERIFIED_VALID,0
FRAUD_IN_42529,Ananya Nair,Punjab,160137,180180,1.13,0,0,0,2,0.04,VERIFIED_VALID,0
FRAUD_IN_42530,Sujata Patil,Haryana,194814,203515,1.04,0,0,0,2,0.03,NOT_REQUIRED,0
FRAUD_IN_42531,Karan Das,Punjab,267467,1286023,4.81,1,0,1,10,0.84,SUSPICIOUS,1
FRAUD_IN_42532,Neha Kaur,Madhya Pradesh,449584,467411,1.04,0,0,0,3,0.06,VERIFIED_VALID,0
FRAUD_IN_42533,Radha Shah,West Bengal,400658,398189,0.99,0,0,0,2,0.2,VERIFIED_VALID,0
FRAUD_IN_42534,Mamta Nair,Bihar,223009,232022,1.04,0,0,0,1,0.14,VERIFIED_VALID,0
FRAUD_IN_42535,Vijay Banerjee,Maharashtra,138876,142418,1.03,0,0,0,3,0.09,VERIFIED_VALID,0
FRAUD_IN_42536,Amit Khan,Tamil Nadu,85761,91505,1.07,0,0,0,2,0.06,VERIFIED_VALID,0
FRAUD_IN_42537,Prakash Mishra,Assam,204589,213957,1.05,0,0,0,4,0.22,VERIFIED_VALID,0
FRAUD_IN_42538,Pradeep Chatterjee,Assam,185027,190657,1.03,0,0,0,1,0.07,VERIFIED_VALID,0
FRAUD_IN_42539,Fatima Das,Madhya Pradesh,107684,628136,5.83,1,0,1,12,0.9,FAKE_CERTIFICATE,1
FRAUD_IN_42540,Simran Sheikh,Bihar,228874,212069,0.93,0,0,1,3,0.01,NOT_REQUIRED,0
FRAUD_IN_42541,Simran Patel,West Bengal,308640,343136,1.11,0,0,0,2,0.17,VERIFIED_VALID,0
FRAUD_IN_42542,Sujata Sheikh,Uttar Pradesh,331526,349295,1.05,0,0,0,1,0.21,VERIFIED_VALID,0
FRAUD_IN_42543,Mahesh Kulkarni,Punjab,212914,217753,1.02,0,0,0,3,0.21,VERIFIED_VALID,0
FRAUD_IN_42544,Sujata Rao,Bihar,331146,323489,0.98,0,0,0,1,0.14,VERIFIED_VALID,0
FRAUD_IN_42545,Meena Verma,Karnataka,159843,161081,1.01,0,0,0,2,0.18,VERIFIED_VALID,0
FRAUD_IN_42546,Dinesh Verma,Haryana,265798,252310,0.95,0,0,0,2,0.12,VERIFIED_VALID,0
FRAUD_IN_42547,Dinesh Khan,Rajasthan,175961,199998,1.14,0,0,0,3,0.05,NOT_REQUIRED,0
FRAUD_IN_42548,Kiran Kumar,Kerala,169032,176407,1.04,0,0,0,1,0.14,VERIFIED_VALID,0
FRAUD_IN_42549,Meena Chaudhary,Madhya Pradesh,236502,270582,1.14,0,0,0,4,0.01,VERIFIED_VALID,0
FRAUD_IN_42550,Kavita Das,Uttar Pradesh,322633,316288,0.98,0,0,0,1,0.21,NOT_REQUIRED,0
FRAUD_IN_42551,Mohammed Gupta,West Bengal,392105,418291,1.07,0,0,0,4,0.02,VERIFIED_VALID,0
FRAUD_IN_42552,Seema Shah,Madhya Pradesh,383714,359774,0.94,0,0,0,4,0.17,VERIFIED_VALID,0
FRAUD_IN_42553,Amit Verma,Punjab,391898,447549,1.14,0,0,0,3,0.02,NOT_REQUIRED,0
FRAUD_IN_42554,Simran Chatterjee,Maharashtra,69091,70678,1.02,0,0,0,4,0.04,VERIFIED_VALID,0
FRAUD_IN_42555,Rahul Rao,Madhya Pradesh,388490,419814,1.08,0,0,0,4,0.05,VERIFIED_VALID,0
FRAUD_IN_42556,Seema Chatterjee,Bihar,131501,144003,1.1,0,0,0,4,0.2,VERIFIED_VALID,0
FRAUD_IN_42557,Seema Singh,Odisha,428132,416525,0.97,0,0,0,2,0.0,VERIFIED_VALID,0
FRAUD_IN_42558,Rahul Gowda,Odisha,393412,441014,1.12,0,0,0,1,0.16,VERIFIED_VALID,0
FRAUD_IN_42559,Vijay Khan,Gujarat,101336,462015,4.56,0,0,1,12,0.74,FAKE_CERTIFICATE,1
FRAUD_IN_42560,Karan Rao,Uttar Pradesh,397163,417966,1.05,0,0,0,1,0.2,VERIFIED_VALID,0
FRAUD_IN_42561,Priya Mishra,Tamil Nadu,126377,116483,0.92,0,0,0,1,0.08,VERIFIED_VALID,0
FRAUD_IN_42562,Rekha Nair,Odisha,281864,272160,0.97,0,0,1,4,0.16,VERIFIED_VALID,0
FRAUD_IN_42563,Sangeeta Gupta,Tamil Nadu,347157,396556,1.14,0,0,0,2,0.14,VERIFIED_VALID,0
FRAUD_IN_42564,Arjun Singh,Kerala,241385,242662,1.01,0,0,0,3,0.13,VERIFIED_VALID,0
FRAUD_IN_42565,Vijay Kumar,Odisha,42405,44988,1.06,0,0,0,2,0.05,VERIFIED_VALID,0
FRAUD_IN_42566,Priya Sharma,Madhya Pradesh,132917,150484,1.13,0,0,0,4,0.16,VERIFIED_VALID,0
FRAUD_IN_42567,Vijay Banerjee,Kerala,57174,63504,1.11,0,0,0,2,0.21,VERIFIED_VALID,0
FRAUD_IN_42568,Sangeeta Kumar,Assam,174635,191487,1.1,0,0,0,2,0.06,VERIFIED_VALID,0
FRAUD_IN_42569,Arjun Verma,Tamil Nadu,150723,156099,1.04,0,0,0,4,0.13,VERIFIED_VALID,0
FRAUD_IN_42570,Deepak Patil,Rajasthan,274073,260473,0.95,0,0,0,1,0.09,VERIFIED_VALID,0
FRAUD_IN_42571,Lakshmi Sharma,West Bengal,376804,377366,1.0,0,0,0,3,0.19,VERIFIED_VALID,0
FRAUD_IN_42572,Radha Shah,West Bengal,435087,460570,1.06,0,0,0,1,0.14,VERIFIED_VALID,0
FRAUD_IN_42573,Deepika Patil,Tamil Nadu,335241,334859,1.0,0,0,0,2,0.16,VERIFIED_VALID,0
FRAUD_IN_42574,Ayesha Kaur,Bihar,165994,161698,0.97,0,0,0,1,0.19,NOT_REQUIRED,0
FRAUD_IN_42575,Amit Deshmukh,Assam,439137,459145,1.05,0,0,0,1,0.18,VERIFIED_VALID,0
FRAUD_IN_42576,Rahul Mehta,Kerala,419143,396423,0.95,0,0,0,4,0.09,VERIFIED_VALID,0
FRAUD_IN_42577,Ayesha Sharma,Rajasthan,349082,351209,1.01,0,0,0,1,0.21,NOT_REQUIRED,0
FRAUD_IN_42578,Pradeep Yadav,Tamil Nadu,250639,258512,1.03,0,0,0,1,0.06,VERIFIED_VALID,0
FRAUD_IN_42579,Bhavna Verma,Kerala,94599,108207,1.14,0,0,0,4,0.01,NOT_REQUIRED,0
FRAUD_IN_42580,Ananya Kumar,West Bengal,286072,291314,1.02,0,0,0,4,0.11,NOT_REQUIRED,0
FRAUD_IN_42581,Neha Patel,Gujarat,73297,79357,1.08,0,0,0,1,0.07,VERIFIED_VALID,0
FRAUD_IN_42582,Neha Singh,Bihar,315291,322295,1.02,0,0,0,4,0.04,VERIFIED_VALID,0
FRAUD_IN_42583,Kiran Joshi,Gujarat,388169,425927,1.1,0,0,0,3,0.03,VERIFIED_VALID,0
FRAUD_IN_42584,Seema Shah,Tamil Nadu,265984,287026,1.08,0,0,0,2,0.16,VERIFIED_VALID,0
FRAUD_IN_42585,Ramesh Shah,Gujarat,71748,67168,0.94,0,0,0,2,0.11,VERIFIED_VALID,0
FRAUD_IN_42586,Pooja Shah,West Bengal,236601,234324,0.99,0,0,0,4,0.15,VERIFIED_VALID,0
FRAUD_IN_42587,Vijay Kumar,Madhya Pradesh,435362,417973,0.96,0,0,0,3,0.05,VERIFIED_VALID,0
FRAUD_IN_42588,Geeta Kulkarni,Rajasthan,37640,37324,0.99,0,0,0,1,0.04,VERIFIED_VALID,0
FRAUD_IN_42589,Vikram Banerjee,Bihar,177650,187657,1.06,0,0,0,4,0.04,VERIFIED_VALID,0
FRAUD_IN_42590,Savita Reddy,Madhya Pradesh,413113,426070,1.03,0,0,0,3,0.08,VERIFIED_VALID,0
FRAUD_IN_42591,Gurpreet Sharma,Odisha,280379,290453,1.04,0,0,0,2,0.07,VERIFIED_VALID,0
FRAUD_IN_42592,Karan Mishra,Punjab,197613,227235,1.15,0,0,0,1,0.05,VERIFIED_VALID,0
FRAUD_IN_42593,Amit Sharma,Uttar Pradesh,190173,185935,0.98,0,0,0,1,0.18,VERIFIED_VALID,0
FRAUD_IN_42594,Kavita Khan,Assam,349104,373652,1.07,0,0,0,1,0.16,NOT_REQUIRED,0
FRAUD_IN_42595,Sunita Yadav,Kerala,229914,245018,1.07,0,0,0,3,0.01,VERIFIED_VALID,0
FRAUD_IN_42596,Rajesh Chaudhary,Maharashtra,231329,244791,1.06,0,0,0,4,0.05,VERIFIED_VALID,0
FRAUD_IN_42597,Ananya Rao,Uttar Pradesh,152542,169340,1.11,0,0,0,1,0.03,NOT_REQUIRED,0
FRAUD_IN_42598,Manoj Yadav,Odisha,419916,463446,1.1,0,0,0,3,0.08,VERIFIED_VALID,0
FRAUD_IN_42599,Sanjay Mishra,Assam,183311,786290,4.29,1,0,1,9,0.74,SUSPICIOUS,1
FRAUD_IN_42600,Anil Reddy,Karnataka,287073,311243,1.08,0,0,0,2,0.11,VERIFIED_VALID,0
FRAUD_IN_42601,Deepak Banerjee,Haryana,97596,99735,1.02,0,0,0,4,0.2,NOT_REQUIRED,0
FRAUD_IN_42602,Ashok Patel,Uttar Pradesh,48342,50079,1.04,0,0,0,1,0.09,VERIFIED_VALID,0
FRAUD_IN_42603,Ashok Singh,Tamil Nadu,445569,420632,0.94,0,0,0,2,0.02,VERIFIED_VALID,0
FRAUD_IN_42604,Mahesh Sharma,Haryana,325966,354650,1.09,0,0,0,4,0.03,VERIFIED_VALID,0
FRAUD_IN_42605,Manoj Reddy,Karnataka,119641,112694,0.94,0,0,0,1,0.13,VERIFIED_VALID,0
FRAUD_IN_42606,Fatima Shah,Bihar,188572,214343,1.14,0,0,0,2,0.15,VERIFIED_VALID,0
FRAUD_IN_42607,Prakash Kulkarni,Gujarat,170820,680317,3.98,0,1,0,26,0.81,FAKE_CERTIFICATE,1
FRAUD_IN_42608,Sanjay Singh,Karnataka,422739,2012316,4.76,0,0,0,19,0.99,SUSPICIOUS,1
FRAUD_IN_42609,Mamta Singh,Kerala,81053,85962,1.06,0,0,0,3,0.05,NOT_REQUIRED,0
FRAUD_IN_42610,Rajesh Singh,Maharashtra,145139,512724,3.53,1,0,1,22,0.77,SUSPICIOUS,1
FRAUD_IN_42611,Ayesha Patil,Gujarat,287972,297276,1.03,0,0,1,3,0.04,VERIFIED_VALID,0
FRAUD_IN_42612,Tariq Joshi,Assam,320222,298171,0.93,0,0,0,3,0.12,NOT_REQUIRED,0
FRAUD_IN_42613,Ashok Khan,West Bengal,367701,416712,1.13,0,0,0,2,0.09,VERIFIED_VALID,0
FRAUD_IN_42614,Radha Patil,Rajasthan,216919,229564,1.06,0,0,0,3,0.14,NOT_REQUIRED,0
FRAUD_IN_42615,Lakshmi Singh,Haryana,371610,423088,1.14,0,0,0,2,0.02,NOT_REQUIRED,0
FRAUD_IN_42616,Manoj Sheikh,Rajasthan,139952,156327,1.12,0,0,0,1,0.0,VERIFIED_VALID,0
FRAUD_IN_42617,Prakash Verma,Tamil Nadu,276267,279050,1.01,0,0,0,1,0.05,VERIFIED_VALID,0
FRAUD_IN_42618,Mohammed Patel,Haryana,278592,297278,1.07,0,0,0,4,0.01,VERIFIED_VALID,0
FRAUD_IN_42619,Deepika Patil,Punjab,418965,442402,1.06,0,0,0,1,0.09,VERIFIED_VALID,0
FRAUD_IN_42620,Sunil Shah,Punjab,79830,77290,0.97,0,0,0,3,0.02,NOT_REQUIRED,0
FRAUD_IN_42621,Manoj Banerjee,Kerala,117865,112215,0.95,0,0,0,2,0.14,VERIFIED_VALID,0
FRAUD_IN_42622,Sunita Reddy,Haryana,209003,231978,1.11,0,0,0,4,0.16,VERIFIED_VALID,0
FRAUD_IN_42623,Anita Chatterjee,Kerala,332124,318786,0.96,0,0,0,4,0.02,VERIFIED_VALID,0
FRAUD_IN_42624,Mohammed Chaudhary,Gujarat,437580,464567,1.06,0,0,0,1,0.08,NOT_REQUIRED,0
FRAUD_IN_42625,Ananya Mishra,Tamil Nadu,205475,199868,0.97,0,0,0,3,0.02,NOT_REQUIRED,0
FRAUD_IN_42626,Pradeep Mishra,Kerala,218713,218541,1.0,0,0,0,3,0.2,VERIFIED_VALID,0
FRAUD_IN_42627,Tariq Kulkarni,Uttar Pradesh,122588,135749,1.11,0,0,1,3,0.21,VERIFIED_VALID,0
FRAUD_IN_42628,Ashok Nair,Odisha,431331,462194,1.07,0,0,0,2,0.03,VERIFIED_VALID,0
FRAUD_IN_42629,Radha Kumar,Punjab,198600,222736,1.12,0,0,0,2,0.13,VERIFIED_VALID,0
FRAUD_IN_42630,Vikram Sharma,Punjab,436351,478782,1.1,0,0,0,3,0.17,VERIFIED_VALID,0
FRAUD_IN_42631,Harpreet Sharma,West Bengal,313184,344469,1.1,0,0,0,4,0.1,NOT_REQUIRED,0
FRAUD_IN_42632,Sunil Das,Tamil Nadu,191796,212913,1.11,0,0,0,2,0.15,VERIFIED_VALID,0
FRAUD_IN_42633,Sunita Shah,West Bengal,99747,98783,0.99,0,0,0,4,0.04,VERIFIED_VALID,0
FRAUD_IN_42634,Meena Khan,Rajasthan,359722,364230,1.01,0,0,0,4,0.2,VERIFIED_VALID,0
FRAUD_IN_42635,Savita Reddy,Rajasthan,378554,414139,1.09,0,0,0,1,0.21,VERIFIED_VALID,0
FRAUD_IN_42636,Manoj Kumar,Tamil Nadu,74191,69071,0.93,0,0,0,3,0.12,VERIFIED_VALID,0
FRAUD_IN_42637,Vikram Kumar,Uttar Pradesh,118999,130557,1.1,0,0,0,4,0.06,VERIFIED_VALID,0
FRAUD_IN_42638,Mahesh Joshi,Punjab,304930,317486,1.04,0,0,0,3,0.07,VERIFIED_VALID,0
FRAUD_IN_42639,Rekha Chaudhary,Haryana,60114,57985,0.96,0,0,0,2,0.11,VERIFIED_VALID,0
FRAUD_IN_42640,Suresh Yadav,Uttar Pradesh,264221,258853,0.98,0,0,0,1,0.02,VERIFIED_VALID,0
FRAUD_IN_42641,Rahul Verma,Madhya Pradesh,271789,280296,1.03,0,0,0,1,0.14,VERIFIED_VALID,0
FRAUD_IN_42642,Mahesh Singh,Gujarat,164589,183284,1.11,0,0,0,2,0.07,VERIFIED_VALID,0
FRAUD_IN_42643,Neha Yadav,Kerala,111857,114020,1.02,0,0,0,3,0.09,VERIFIED_VALID,0
FRAUD_IN_42644,Ayesha Sharma,West Bengal,248582,252106,1.01,0,0,1,4,0.16,VERIFIED_VALID,0
FRAUD_IN_42645,Ramesh Nair,Bihar,194717,210474,1.08,0,0,0,4,0.06,NOT_REQUIRED,0
FRAUD_IN_42646,Ramesh Kaur,Madhya Pradesh,151060,154910,1.03,0,0,0,3,0.04,VERIFIED_VALID,0
FRAUD_IN_42647,Deepika Reddy,Madhya Pradesh,125634,121722,0.97,0,0,0,1,0.08,VERIFIED_VALID,0
FRAUD_IN_42648,Karan Nair,Karnataka,136327,1143966,8.39,0,0,1,11,0.83,UNVERIFIED,1
FRAUD_IN_42649,Ananya Sheikh,Assam,47819,48795,1.02,0,0,0,1,0.18,VERIFIED_VALID,0
FRAUD_IN_42650,Harpreet Joshi,Assam,77556,76250,0.98,0,0,0,3,0.11,NOT_REQUIRED,0
FRAUD_IN_42651,Tariq Kaur,Odisha,380465,425893,1.12,0,0,0,4,0.15,VERIFIED_VALID,0
FRAUD_IN_42652,Priya Kaur,Rajasthan,158332,172585,1.09,0,0,0,4,0.12,VERIFIED_VALID,0
FRAUD_IN_42653,Rahul Gowda,Uttar Pradesh,426619,400579,0.94,0,0,0,2,0.12,VERIFIED_VALID,0
FRAUD_IN_42654,Priya Deshmukh,Haryana,217415,204721,0.94,0,0,0,1,0.1,VERIFIED_VALID,0
FRAUD_IN_42655,Priya Kulkarni,Haryana,79430,90064,1.13,0,0,0,4,0.13,VERIFIED_VALID,0
FRAUD_IN_42656,Mahesh Sharma,Gujarat,67308,75271,1.12,0,0,0,3,0.07,VERIFIED_VALID,0
FRAUD_IN_42657,Karan Verma,Karnataka,53886,51535,0.96,0,0,0,2,0.12,VERIFIED_VALID,0
FRAUD_IN_42658,Harpreet Mishra,Uttar Pradesh,49890,50229,1.01,0,0,0,2,0.09,VERIFIED_VALID,0
FRAUD_IN_42659,Pooja Gupta,Karnataka,251999,233399,0.93,0,0,0,1,0.12,VERIFIED_VALID,0
FRAUD_IN_42660,Kiran Nair,Odisha,121979,134374,1.1,0,0,0,1,0.01,VERIFIED_VALID,0
FRAUD_IN_42661,Shweta Banerjee,Uttar Pradesh,166619,190908,1.15,0,0,0,3,0.13,VERIFIED_VALID,0
FRAUD_IN_42662,Seema Shah,Gujarat,435842,498880,1.14,0,0,1,1,0.1,VERIFIED_VALID,0
FRAUD_IN_42663,Ganesh Singh,Kerala,201921,193795,0.96,0,0,0,4,0.07,VERIFIED_VALID,0
FRAUD_IN_42664,Ashok Mehta,Haryana,135756,153358,1.13,0,0,0,3,0.04,VERIFIED_VALID,0
FRAUD_IN_42665,Deepika Banerjee,Kerala,124912,118913,0.95,0,0,0,3,0.14,NOT_REQUIRED,0
FRAUD_IN_42666,Ganesh Shah,Rajasthan,336610,385205,1.14,0,0,0,3,0.04,VERIFIED_VALID,0
FRAUD_IN_42667,Vijay Joshi,West Bengal,132142,150353,1.14,0,0,0,3,0.14,VERIFIED_VALID,0
FRAUD_IN_42668,Amit Yadav,Kerala,260973,252509,0.97,0,0,0,3,0.21,VERIFIED_VALID,0
FRAUD_IN_42669,Prakash Rao,Karnataka,41127,45640,1.11,0,0,0,4,0.21,VERIFIED_VALID,0
FRAUD_IN_42670,Lakshmi Mehta,Kerala,168712,188888,1.12,0,0,0,1,0.18,VERIFIED_VALID,0
FRAUD_IN_42671,Amit Joshi,West Bengal,351310,395532,1.13,0,0,0,4,0.12,VERIFIED_VALID,0
FRAUD_IN_42672,Mohammed Rao,Karnataka,437916,495017,1.13,0,0,0,2,0.08,VERIFIED_VALID,0
FRAUD_IN_42673,Ayesha Yadav,Assam,138328,136855,0.99,0,0,0,2,0.1,VERIFIED_VALID,0
FRAUD_IN_42674,Sujata Nair,Odisha,400731,370305,0.92,0,0,0,2,0.13,VERIFIED_VALID,0
FRAUD_IN_42675,Deepak Kulkarni,Odisha,99689,93237,0.94,0,0,0,3,0.03,VERIFIED_VALID,0
FRAUD_IN_42676,Fatima Das,Punjab,72029,74216,1.03,0,0,0,4,0.21,VERIFIED_VALID,0
FRAUD_IN_42677,Ayesha Mehta,Odisha,176108,192484,1.09,0,0,0,3,0.06,VERIFIED_VALID,0
FRAUD_IN_42678,Ayesha Mehta,Bihar,124016,114625,0.92,0,0,0,4,0.11,VERIFIED_VALID,0
FRAUD_IN_42679,Anita Reddy,Haryana,277177,286648,1.03,0,0,0,1,0.13,NOT_REQUIRED,0
FRAUD_IN_42680,Sunita Sharma,Odisha,124771,133206,1.07,0,0,0,2,0.04,VERIFIED_VALID,0
FRAUD_IN_42681,Bhavna Sheikh,Haryana,68567,74989,1.09,0,0,0,1,0.13,VERIFIED_VALID,0
FRAUD_IN_42682,Bhavna Singh,Uttar Pradesh,73397,76535,1.04,0,0,0,1,0.1,VERIFIED_VALID,0
FRAUD_IN_42683,Dinesh Gupta,Kerala,201101,196752,0.98,0,0,0,2,0.12,VERIFIED_VALID,0
FRAUD_IN_42684,Karan Mehta,Karnataka,337122,353398,1.05,0,0,0,4,0.15,VERIFIED_VALID,0
FRAUD_IN_42685,Ganesh Mehta,Tamil Nadu,80050,89910,1.12,0,0,0,4,0.01,VERIFIED_VALID,0
FRAUD_IN_42686,Vijay Deshmukh,Punjab,349033,1194126,3.42,1,0,0,8,0.96,FAKE_CERTIFICATE,1
FRAUD_IN_42687,Savita Patel,West Bengal,243058,270546,1.11,0,0,0,1,0.16,NOT_REQUIRED,0
FRAUD_IN_42688,Karan Banerjee,Maharashtra,372699,369054,0.99,0,0,0,4,0.14,VERIFIED_VALID,0
FRAUD_IN_42689,Simran Yadav,West Bengal,390543,393892,1.01,0,0,0,2,0.17,VERIFIED_VALID,0
FRAUD_IN_42690,Amit Patel,Gujarat,383184,432660,1.13,0,0,0,3,0.19,NOT_REQUIRED,0
FRAUD_IN_42691,Tariq Nair,Maharashtra,287195,329651,1.15,0,0,0,4,0.14,VERIFIED_VALID,0
FRAUD_IN_42692,Rahul Shah,Haryana,44132,44988,1.02,0,0,0,1,0.19,VERIFIED_VALID,0
FRAUD_IN_42693,Anil Gowda,Tamil Nadu,146946,151631,1.03,0,0,0,4,0.09,VERIFIED_VALID,0
FRAUD_IN_42694,Ramesh Mehta,Kerala,189630,181111,0.96,0,0,0,2,0.09,VERIFIED_VALID,0
FRAUD_IN_42695,Karan Sharma,Maharashtra,160138,179983,1.12,0,0,0,3,0.11,VERIFIED_VALID,0
FRAUD_IN_42696,Meena Kulkarni,Haryana,262388,829537,3.16,1,1,1,28,0.75,SUSPICIOUS,1
FRAUD_IN_42697,Sunil Reddy,Tamil Nadu,417120,424989,1.02,0,0,1,2,0.15,VERIFIED_VALID,0
FRAUD_IN_42698,Ramesh Patel,Kerala,214532,228999,1.07,0,0,1,2,0.02,VERIFIED_VALID,0
FRAUD_IN_42699,Sangeeta Chaudhary,Odisha,104134,550272,5.28,1,1,1,12,0.83,UNVERIFIED,1
FRAUD_IN_42700,Vijay Das,Haryana,126175,140567,1.11,0,0,1,4,0.2,VERIFIED_VALID,0
FRAUD_IN_42701,Prakash Sheikh,Odisha,152828,166166,1.09,0,0,0,3,0.02,VERIFIED_VALID,0
FRAUD_IN_42702,Meena Sheikh,Punjab,318113,300950,0.95,0,0,0,2,0.06,VERIFIED_VALID,0
FRAUD_IN_42703,Mamta Sheikh,Bihar,232551,224174,0.96,0,0,0,1,0.13,VERIFIED_VALID,0
FRAUD_IN_42704,Deepika Chaudhary,Uttar Pradesh,176579,171974,0.97,0,0,0,3,0.17,VERIFIED_VALID,0
FRAUD_IN_42705,Priya Gowda,Kerala,347755,395375,1.14,0,0,0,2,0.05,VERIFIED_VALID,0
FRAUD_IN_42706,Sunita Banerjee,West Bengal,75890,380453,5.01,1,1,0,29,0.71,FAKE_CERTIFICATE,1
FRAUD_IN_42707,Sujata Gupta,Maharashtra,268025,288007,1.07,0,0,0,3,0.18,NOT_REQUIRED,0
FRAUD_IN_42708,Radha Shah,Karnataka,350721,388698,1.11,0,0,0,3,0.04,VERIFIED_VALID,0
FRAUD_IN_42709,Sujata Patel,Gujarat,41099,45153,1.1,0,0,1,1,0.14,VERIFIED_VALID,0
FRAUD_IN_42710,Lakshmi Gupta,Gujarat,150396,168018,1.12,0,0,0,4,0.13,VERIFIED_VALID,0
FRAUD_IN_42711,Ganesh Singh,Kerala,231230,239879,1.04,0,0,0,4,0.16,VERIFIED_VALID,0
FRAUD_IN_42712,Neha Rao,Maharashtra,234101,234545,1.0,0,0,0,4,0.17,VERIFIED_VALID,0
FRAUD_IN_42713,Harpreet Reddy,Gujarat,114638,110121,0.96,0,0,0,3,0.18,NOT_REQUIRED,0
FRAUD_IN_42714,Ananya Joshi,Uttar Pradesh,367433,415849,1.13,0,0,0,4,0.14,VERIFIED_VALID,0
FRAUD_IN_42715,Prakash Patil,Tamil Nadu,253427,262510,1.04,0,0,0,4,0.14,VERIFIED_VALID,0
FRAUD_IN_42716,Seema Verma,Rajasthan,437999,455350,1.04,0,0,1,1,0.09,VERIFIED_VALID,0
FRAUD_IN_42717,Sunita Sharma,Madhya Pradesh,339978,363736,1.07,0,0,0,1,0.01,VERIFIED_VALID,0
FRAUD_IN_42718,Karan Singh,Gujarat,366269,379415,1.04,0,0,0,2,0.2,VERIFIED_VALID,0
FRAUD_IN_42719,Mohammed Chatterjee,Uttar Pradesh,377781,388696,1.03,0,0,0,1,0.09,VERIFIED_VALID,0
FRAUD_IN_42720,Savita Gupta,Tamil Nadu,285715,304796,1.07,0,0,0,1,0.12,VERIFIED_VALID,0
FRAUD_IN_42721,Rekha Kumar,West Bengal,393840,367724,0.93,0,0,0,2,0.21,VERIFIED_VALID,0
FRAUD_IN_42722,Preeti Khan,Kerala,338799,367540,1.08,0,0,0,2,0.2,VERIFIED_VALID,0
FRAUD_IN_42723,Lakshmi Patil,West Bengal,143603,160716,1.12,0,0,0,4,0.15,VERIFIED_VALID,0
FRAUD_IN_42724,Ramesh Deshmukh,Assam,330926,1493533,4.51,1,1,0,16,0.82,SUSPICIOUS,1
FRAUD_IN_42725,Rekha Sheikh,Karnataka,67495,74497,1.1,0,0,0,2,0.19,NOT_REQUIRED,0
FRAUD_IN_42726,Ganesh Mehta,Maharashtra,87395,80550,0.92,0,0,0,3,0.16,NOT_REQUIRED,0
FRAUD_IN_42727,Mohammed Shah,Bihar,54544,51188,0.94,0,0,0,1,0.17,VERIFIED_VALID,0
FRAUD_IN_42728,Vikram Kaur,Bihar,193211,196412,1.02,0,0,0,4,0.2,VERIFIED_VALID,0
FRAUD_IN_42729,Ramesh Sharma,Tamil Nadu,184380,170484,0.92,0,0,0,3,0.2,VERIFIED_VALID,0
FRAUD_IN_42730,Tariq Das,Assam,164161,152723,0.93,0,0,0,2,0.19,NOT_REQUIRED,0
FRAUD_IN_42731,Pooja Chatterjee,Maharashtra,72410,74913,1.03,0,0,0,4,0.15,VERIFIED_VALID,0
FRAUD_IN_42732,Karan Das,Assam,429151,467971,1.09,0,0,0,3,0.03,VERIFIED_VALID,0
FRAUD_IN_42733,Bhavna Mishra,Kerala,358323,403723,1.13,0,0,0,1,0.1,VERIFIED_VALID,0
FRAUD_IN_42734,Ganesh Patel,Bihar,219895,250010,1.14,0,0,0,2,0.15,VERIFIED_VALID,0
FRAUD_IN_42735,Vijay Rao,Kerala,197662,194024,0.98,0,0,0,1,0.04,VERIFIED_VALID,0
FRAUD_IN_42736,Anil Kaur,Bihar,60780,59066,0.97,0,0,0,1,0.16,VERIFIED_VALID,0
FRAUD_IN_42737,Mohammed Yadav,Punjab,331465,365916,1.1,0,0,1,2,0.07,VERIFIED_VALID,0
FRAUD_IN_42738,Radha Deshmukh,Kerala,266761,301745,1.13,0,0,0,4,0.18,VERIFIED_VALID,0
FRAUD_IN_42739,Rahul Chatterjee,Tamil Nadu,112089,106813,0.95,0,0,0,3,0.02,VERIFIED_VALID,0
FRAUD_IN_42740,Arjun Chatterjee,Odisha,206869,199276,0.96,0,0,0,2,0.09,NOT_REQUIRED,0
FRAUD_IN_42741,Arjun Chaudhary,Gujarat,39288,43755,1.11,0,0,0,3,0.11,VERIFIED_VALID,0
FRAUD_IN_42742,Anita Chaudhary,Gujarat,161185,177768,1.1,0,0,0,3,0.09,VERIFIED_VALID,0
FRAUD_IN_42743,Rohan Mishra,Rajasthan,46601,45323,0.97,0,0,0,3,0.2,VERIFIED_VALID,0
FRAUD_IN_42744,Sujata Gupta,Punjab,369067,406785,1.1,0,0,0,1,0.01,VERIFIED_VALID,0
FRAUD_IN_42745,Rajesh Khan,Tamil Nadu,233015,244535,1.05,0,0,0,2,0.15,VERIFIED_VALID,0
FRAUD_IN_42746,Prakash Sharma,Odisha,300165,280518,0.93,0,0,0,3,0.04,VERIFIED_VALID,0
FRAUD_IN_42747,Harpreet Khan,Haryana,176891,171240,0.97,0,0,0,2,0.16,VERIFIED_VALID,0
FRAUD_IN_42748,Rekha Kulkarni,Punjab,152248,155626,1.02,0,0,0,3,0.12,VERIFIED_VALID,0
FRAUD_IN_42749,Vijay Gupta,Kerala,60593,64191,1.06,0,0,0,4,0.05,VERIFIED_VALID,0
FRAUD_IN_42750,Pradeep Chatterjee,Gujarat,427185,466516,1.09,0,0,0,4,0.03,VERIFIED_VALID,0
FRAUD_IN_42751,Sangeeta Patil,West Bengal,373855,398260,1.07,0,0,0,1,0.03,VERIFIED_VALID,0
FRAUD_IN_42752,Priya Singh,Karnataka,433201,409926,0.95,0,0,0,4,0.16,VERIFIED_VALID,0
FRAUD_IN_42753,Sangeeta Das,Kerala,219287,220708,1.01,0,0,0,1,0.06,VERIFIED_VALID,0
FRAUD_IN_42754,Vijay Yadav,West Bengal,285282,296919,1.04,0,0,0,3,0.17,VERIFIED_VALID,0
FRAUD_IN_42755,Ayesha Shah,Bihar,340143,323206,0.95,0,0,0,1,0.19,VERIFIED_VALID,0
FRAUD_IN_42756,Savita Yadav,Maharashtra,123352,117417,0.95,0,0,0,4,0.15,NOT_REQUIRED,0
FRAUD_IN_42757,Preeti Gupta,Odisha,278701,284257,1.02,0,0,0,1,0.08,NOT_REQUIRED,0
FRAUD_IN_42758,Tariq Patel,Maharashtra,141327,160350,1.13,0,0,0,3,0.05,VERIFIED_VALID,0
FRAUD_IN_42759,Sujata Mehta,Maharashtra,248061,272905,1.1,0,0,0,2,0.22,NOT_REQUIRED,0
FRAUD_IN_42760,Geeta Shah,Odisha,158427,155077,0.98,0,0,0,2,0.07,VERIFIED_VALID,0
FRAUD_IN_42761,Priya Kaur,Maharashtra,301517,336580,1.12,0,0,0,1,0.06,VERIFIED_VALID,0
FRAUD_IN_42762,Ramesh Joshi,Uttar Pradesh,111322,116767,1.05,0,0,0,2,0.01,VERIFIED_VALID,0
FRAUD_IN_42763,Mamta Singh,Uttar Pradesh,110529,117324,1.06,0,0,0,4,0.02,VERIFIED_VALID,0
FRAUD_IN_42764,Preeti Patel,Haryana,47069,51630,1.1,0,0,0,2,0.14,VERIFIED_VALID,0
FRAUD_IN_42765,Pradeep Gupta,West Bengal,120117,112400,0.94,0,0,0,2,0.19,VERIFIED_VALID,0
FRAUD_IN_42766,Seema Patel,Punjab,367321,391899,1.07,0,0,1,3,0.07,VERIFIED_VALID,0
FRAUD_IN_42767,Ayesha Verma,Punjab,103567,98274,0.95,0,0,0,3,0.1,VERIFIED_VALID,0
FRAUD_IN_42768,Neha Yadav,Odisha,187045,211416,1.13,0,0,0,2,0.06,VERIFIED_VALID,0
FRAUD_IN_42769,Tariq Shah,Uttar Pradesh,205105,228528,1.11,0,0,0,1,0.02,NOT_REQUIRED,0
FRAUD_IN_42770,Deepika Nair,West Bengal,362630,406446,1.12,0,0,0,2,0.21,VERIFIED_VALID,0
FRAUD_IN_42771,Rekha Sheikh,Maharashtra,65475,60577,0.93,0,0,0,2,0.16,VERIFIED_VALID,0
FRAUD_IN_42772,Rohan Chatterjee,Karnataka,329937,308795,0.94,0,0,0,1,0.2,VERIFIED_VALID,0
FRAUD_IN_42773,Prakash Shah,Karnataka,187448,198229,1.06,0,0,0,2,0.05,VERIFIED_VALID,0
FRAUD_IN_42774,Harpreet Rao,Assam,197827,207673,1.05,0,0,0,1,0.09,NOT_REQUIRED,0
FRAUD_IN_42775,Ashok Patil,Uttar Pradesh,237559,259308,1.09,0,0,0,1,0.08,VERIFIED_VALID,0
FRAUD_IN_42776,Priya Kulkarni,Assam,116725,802628,6.88,0,1,0,33,0.86,UNVERIFIED,1
FRAUD_IN_42777,Rajesh Gowda,Rajasthan,244984,1390416,5.68,0,0,0,15,0.85,FAKE_CERTIFICATE,1
FRAUD_IN_42778,Arjun Gupta,Karnataka,43805,47780,1.09,0,0,0,3,0.12,VERIFIED_VALID,0
FRAUD_IN_42779,Meena Mishra,West Bengal,306943,299201,0.97,0,0,0,2,0.12,VERIFIED_VALID,0
FRAUD_IN_42780,Bhavna Reddy,Gujarat,84135,81507,0.97,0,0,0,2,0.12,NOT_REQUIRED,0
FRAUD_IN_42781,Rajesh Patel,Kerala,130783,130568,1.0,0,0,0,2,0.03,VERIFIED_VALID,0
FRAUD_IN_42782,Anita Patil,Punjab,166370,168544,1.01,0,0,0,1,0.04,VERIFIED_VALID,0
FRAUD_IN_42783,Anita Khan,West Bengal,148223,148200,1.0,0,0,0,1,0.14,VERIFIED_VALID,0
FRAUD_IN_42784,Manoj Verma,Tamil Nadu,342704,359655,1.05,0,0,0,4,0.2,VERIFIED_VALID,0
FRAUD_IN_42785,Ayesha Nair,Madhya Pradesh,350040,357755,1.02,0,0,0,3,0.11,VERIFIED_VALID,0
FRAUD_IN_42786,Mahesh Singh,Madhya Pradesh,330617,353735,1.07,0,0,0,1,0.2,VERIFIED_VALID,0
FRAUD_IN_42787,Rohan Nair,West Bengal,156850,149192,0.95,0,0,0,4,0.2,VERIFIED_VALID,0
FRAUD_IN_42788,Sanjay Chaudhary,Haryana,409063,447843,1.09,0,0,0,3,0.2,VERIFIED_VALID,0
FRAUD_IN_42789,Arjun Patel,Kerala,435093,469164,1.08,0,0,0,4,0.17,VERIFIED_VALID,0
FRAUD_IN_42790,Deepak Sheikh,Punjab,192186,202665,1.05,0,0,0,1,0.22,NOT_REQUIRED,0
FRAUD_IN_42791,Mahesh Kulkarni,Haryana,260747,290039,1.11,0,0,0,1,0.19,VERIFIED_VALID,0
FRAUD_IN_42792,Ashok Mishra,Madhya Pradesh,47660,51531,1.08,0,0,0,1,0.04,VERIFIED_VALID,0
FRAUD_IN_42793,Sanjay Sharma,Odisha,43083,356794,8.28,1,1,1,7,0.87,SUSPICIOUS,1
FRAUD_IN_42794,Radha Nair,Kerala,221909,224678,1.01,0,0,0,4,0.09,VERIFIED_VALID,0
FRAUD_IN_42795,Pradeep Patel,Gujarat,385201,2201563,5.72,1,1,1,19,0.85,UNVERIFIED,1
FRAUD_IN_42796,Sangeeta Chaudhary,Punjab,367597,2804563,7.63,1,0,1,26,0.96,SUSPICIOUS,1
FRAUD_IN_42797,Manoj Rao,Punjab,79366,76046,0.96,0,0,0,1,0.1,VERIFIED_VALID,0
FRAUD_IN_42798,Dinesh Patel,Uttar Pradesh,102064,107909,1.06,0,0,0,2,0.15,VERIFIED_VALID,0
FRAUD_IN_42799,Deepika Kaur,Madhya Pradesh,213677,234961,1.1,0,0,0,2,0.06,VERIFIED_VALID,0
FRAUD_IN_42800,Preeti Kulkarni,Odisha,375413,382711,1.02,0,0,0,4,0.17,VERIFIED_VALID,0
FRAUD_IN_42801,Mohammed Yadav,Karnataka,279941,297273,1.06,0,0,0,2,0.16,VERIFIED_VALID,0
FRAUD_IN_42802,Suresh Reddy,Odisha,239450,245234,1.02,0,0,0,3,0.21,NOT_REQUIRED,0
FRAUD_IN_42803,Kiran Mehta,Gujarat,421595,439634,1.04,0,0,0,1,0.01,NOT_REQUIRED,0
FRAUD_IN_42804,Sunil Sheikh,Haryana,126531,118490,0.94,0,0,0,2,0.16,VERIFIED_VALID,0
FRAUD_IN_42805,Mahesh Chatterjee,Maharashtra,71963,74514,1.04,0,0,0,1,0.03,VERIFIED_VALID,0
FRAUD_IN_42806,Mahesh Mehta,Kerala,358007,365962,1.02,0,0,0,1,0.01,NOT_REQUIRED,0
FRAUD_IN_42807,Suresh Gowda,Odisha,231047,652047,2.82,1,1,1,21,0.78,SUSPICIOUS,1
FRAUD_IN_42808,Neha Nair,Haryana,404783,377375,0.93,0,0,0,1,0.09,NOT_REQUIRED,0
FRAUD_IN_42809,Sunil Patel,Odisha,343702,362961,1.06,0,0,0,4,0.07,NOT_REQUIRED,0
FRAUD_IN_42810,Anita Rao,Uttar Pradesh,191423,186287,0.97,0,0,0,1,0.16,VERIFIED_VALID,0
FRAUD_IN_42811,Shweta Banerjee,Madhya Pradesh,371434,345854,0.93,0,0,0,3,0.02,VERIFIED_VALID,0
FRAUD_IN_42812,Radha Gupta,Maharashtra,165132,160035,0.97,0,0,0,2,0.06,NOT_REQUIRED,0
FRAUD_IN_42813,Seema Joshi,Gujarat,424665,446752,1.05,0,0,0,2,0.06,VERIFIED_VALID,0
FRAUD_IN_42814,Arjun Kumar,Karnataka,349103,390226,1.12,0,0,0,1,0.13,NOT_REQUIRED,0
FRAUD_IN_42815,Priya Verma,Punjab,158822,167956,1.06,0,0,0,1,0.03,VERIFIED_VALID,0
FRAUD_IN_42816,Ganesh Das,Madhya Pradesh,190787,185165,0.97,0,0,0,4,0.21,VERIFIED_VALID,0
FRAUD_IN_42817,Gurpreet Mishra,Haryana,144723,141356,0.98,0,0,0,1,0.11,VERIFIED_VALID,0
FRAUD_IN_42818,Tariq Deshmukh,Bihar,447126,477979,1.07,0,0,0,2,0.19,NOT_REQUIRED,0
FRAUD_IN_42819,Preeti Sheikh,Gujarat,61911,63695,1.03,0,0,0,4,0.06,VERIFIED_VALID,0
FRAUD_IN_42820,Harpreet Deshmukh,Haryana,36731,41699,1.14,0,0,0,3,0.02,VERIFIED_VALID,0
FRAUD_IN_42821,Rahul Chaudhary,Assam,223496,255281,1.14,0,0,0,3,0.13,VERIFIED_VALID,0
FRAUD_IN_42822,Ganesh Kulkarni,Karnataka,320301,335523,1.05,0,0,0,3,0.0,VERIFIED_VALID,0
FRAUD_IN_42823,Amit Chaudhary,Punjab,344966,351112,1.02,0,0,0,1,0.04,VERIFIED_VALID,0
FRAUD_IN_42824,Vijay Banerjee,Bihar,170167,195169,1.15,0,0,0,2,0.04,VERIFIED_VALID,0
FRAUD_IN_42825,Pradeep Reddy,Punjab,106671,99070,0.93,0,0,0,3,0.2,VERIFIED_VALID,0
FRAUD_IN_42826,Gurpreet Singh,Rajasthan,178919,197778,1.11,0,0,0,4,0.05,VERIFIED_VALID,0
FRAUD_IN_42827,Rohan Verma,Haryana,194651,221191,1.14,0,0,0,1,0.0,VERIFIED_VALID,0
FRAUD_IN_42828,Ramesh Deshmukh,Gujarat,274719,253917,0.92,0,0,0,2,0.03,NOT_REQUIRED,0
FRAUD_IN_42829,Priya Verma,Rajasthan,285445,308688,1.08,0,0,0,3,0.05,NOT_REQUIRED,0
FRAUD_IN_42830,Vijay Patel,Kerala,186019,208390,1.12,0,0,0,1,0.01,VERIFIED_VALID,0
FRAUD_IN_42831,Amit Reddy,Tamil Nadu,126162,144817,1.15,0,0,1,4,0.13,VERIFIED_VALID,0
FRAUD_IN_42832,Shweta Patel,Rajasthan,403643,410736,1.02,0,0,0,1,0.1,NOT_REQUIRED,0
FRAUD_IN_42833,Amit Gupta,Uttar Pradesh,332083,352002,1.06,0,0,0,3,0.19,VERIFIED_VALID,0
FRAUD_IN_42834,Radha Banerjee,West Bengal,441570,448492,1.02,0,0,0,4,0.15,VERIFIED_VALID,0
FRAUD_IN_42835,Meena Sharma,Punjab,428288,408214,0.95,0,0,0,1,0.07,NOT_REQUIRED,0
FRAUD_IN_42836,Vikram Mishra,Assam,64521,71744,1.11,0,0,0,4,0.16,VERIFIED_VALID,0
FRAUD_IN_42837,Seema Kumar,Madhya Pradesh,245872,275719,1.12,0,0,0,1,0.15,VERIFIED_VALID,0
FRAUD_IN_42838,Lakshmi Nair,Gujarat,358729,332643,0.93,0,0,0,4,0.09,NOT_REQUIRED,0
FRAUD_IN_42839,Simran Patel,Karnataka,49809,56090,1.13,0,0,0,4,0.02,VERIFIED_VALID,0
FRAUD_IN_42840,Tariq Mehta,Kerala,249887,254063,1.02,0,0,0,2,0.22,VERIFIED_VALID,0
FRAUD_IN_42841,Lakshmi Kulkarni,Punjab,168988,168518,1.0,0,0,0,3,0.18,VERIFIED_VALID,0
FRAUD_IN_42842,Harpreet Nair,Uttar Pradesh,139732,157579,1.13,0,0,0,2,0.13,NOT_REQUIRED,0
FRAUD_IN_42843,Kiran Mishra,Rajasthan,381854,365566,0.96,0,0,0,2,0.17,VERIFIED_VALID,0
FRAUD_IN_42844,Gurpreet Patel,Kerala,313877,2087792,6.65,0,0,1,28,0.98,UNVERIFIED,1
FRAUD_IN_42845,Mamta Gupta,Tamil Nadu,336789,347393,1.03,0,0,0,4,0.2,VERIFIED_VALID,0
FRAUD_IN_42846,Sanjay Sheikh,Gujarat,143730,138596,0.96,0,0,0,3,0.18,VERIFIED_VALID,0
FRAUD_IN_42847,Rahul Joshi,Haryana,363990,1771481,4.87,1,0,1,7,0.73,SUSPICIOUS,1
FRAUD_IN_42848,Ashok Joshi,Haryana,327586,328650,1.0,0,0,0,2,0.1,VERIFIED_VALID,0
FRAUD_IN_42849,Ashok Mishra,Haryana,431595,472861,1.1,0,0,0,1,0.14,VERIFIED_VALID,0
FRAUD_IN_42850,Mahesh Patel,Gujarat,346439,347844,1.0,0,0,0,1,0.0,VERIFIED_VALID,0
FRAUD_IN_42851,Lakshmi Kaur,Maharashtra,318982,319422,1.0,0,0,0,1,0.03,VERIFIED_VALID,0
FRAUD_IN_42852,Rekha Chatterjee,Odisha,135543,140806,1.04,0,0,0,3,0.12,VERIFIED_VALID,0
FRAUD_IN_42853,Rekha Khan,Haryana,132522,129986,0.98,0,0,0,1,0.14,VERIFIED_VALID,0
FRAUD_IN_42854,Pradeep Singh,Karnataka,131973,124232,0.94,0,0,1,2,0.03,VERIFIED_VALID,0
FRAUD_IN_42855,Pradeep Shah,Rajasthan,81481,92898,1.14,0,0,0,1,0.12,VERIFIED_VALID,0
FRAUD_IN_42856,Sangeeta Joshi,Rajasthan,171181,169613,0.99,0,0,0,2,0.18,NOT_REQUIRED,0
FRAUD_IN_42857,Ramesh Rao,Assam,428890,399604,0.93,0,0,0,4,0.02,VERIFIED_VALID,0
FRAUD_IN_42858,Radha Patel,West Bengal,307527,1122327,3.65,1,0,1,10,0.69,UNVERIFIED,1
FRAUD_IN_42859,Manoj Shah,Odisha,339362,1374272,4.05,0,0,0,14,0.79,SUSPICIOUS,1
FRAUD_IN_42860,Geeta Chaudhary,Haryana,67748,72679,1.07,0,0,0,1,0.04,VERIFIED_VALID,0
FRAUD_IN_42861,Vijay Joshi,Punjab,226906,217169,0.96,0,0,0,4,0.01,VERIFIED_VALID,0
FRAUD_IN_42862,Prakash Kulkarni,Madhya Pradesh,317782,917298,2.89,1,1,1,30,0.92,UNVERIFIED,1
FRAUD_IN_42863,Rohan Gupta,Odisha,408638,445645,1.09,0,0,0,1,0.02,VERIFIED_VALID,0
FRAUD_IN_42864,Gurpreet Shah,Tamil Nadu,207315,194240,0.94,0,0,0,3,0.13,VERIFIED_VALID,0
FRAUD_IN_42865,Vijay Nair,Gujarat,69749,455018,6.52,1,0,1,16,0.71,UNVERIFIED,1
FRAUD_IN_42866,Seema Sheikh,West Bengal,91210,87033,0.95,0,0,0,1,0.22,VERIFIED_VALID,0
FRAUD_IN_42867,Bhavna Verma,Punjab,59012,65836,1.12,0,0,0,1,0.16,VERIFIED_VALID,0
FRAUD_IN_42868,Shweta Mishra,Maharashtra,318997,308506,0.97,0,0,1,2,0.14,VERIFIED_VALID,0
FRAUD_IN_42869,Neha Kulkarni,Bihar,367864,372637,1.01,0,0,0,3,0.01,VERIFIED_VALID,0
FRAUD_IN_42870,Rohan Banerjee,Madhya Pradesh,250152,269635,1.08,0,0,0,1,0.15,VERIFIED_VALID,0
FRAUD_IN_42871,Arjun Deshmukh,Punjab,274427,267000,0.97,0,0,0,2,0.17,VERIFIED_VALID,0
FRAUD_IN_42872,Priya Chaudhary,Madhya Pradesh,418125,471818,1.13,0,0,0,2,0.08,VERIFIED_VALID,0
FRAUD_IN_42873,Neha Patel,Tamil Nadu,185671,183935,0.99,0,0,0,1,0.07,VERIFIED_VALID,0
FRAUD_IN_42874,Anil Banerjee,Tamil Nadu,200861,194121,0.97,0,0,0,3,0.13,VERIFIED_VALID,0
FRAUD_IN_42875,Ganesh Khan,Tamil Nadu,374084,409098,1.09,0,0,0,2,0.14,VERIFIED_VALID,0
FRAUD_IN_42876,Mamta Deshmukh,Assam,89855,94399,1.05,0,0,0,2,0.1,VERIFIED_VALID,0
FRAUD_IN_42877,Prakash Deshmukh,Madhya Pradesh,343772,1170511,3.4,1,1,1,20,0.88,UNVERIFIED,1
FRAUD_IN_42878,Arjun Verma,Odisha,288022,282226,0.98,0,0,0,4,0.04,VERIFIED_VALID,0
FRAUD_IN_42879,Prakash Deshmukh,West Bengal,223281,212311,0.95,0,0,0,1,0.19,VERIFIED_VALID,0
FRAUD_IN_42880,Meena Chaudhary,Rajasthan,169195,189502,1.12,0,0,0,1,0.06,VERIFIED_VALID,0
FRAUD_IN_42881,Anil Kumar,Maharashtra,292488,329789,1.13,0,0,0,3,0.1,VERIFIED_VALID,0
FRAUD_IN_42882,Prakash Joshi,Rajasthan,87586,98817,1.13,0,0,0,1,0.22,NOT_REQUIRED,0
FRAUD_IN_42883,Sanjay Reddy,Uttar Pradesh,149753,140248,0.94,0,0,0,2,0.0,VERIFIED_VALID,0
FRAUD_IN_42884,Radha Rao,Haryana,106139,102566,0.97,0,0,0,3,0.03,VERIFIED_VALID,0
FRAUD_IN_42885,Sunita Yadav,Punjab,237005,241354,1.02,0,0,0,2,0.13,VERIFIED_VALID,0
FRAUD_IN_42886,Dinesh Sheikh,West Bengal,227217,258205,1.14,0,0,0,1,0.21,VERIFIED_VALID,0
FRAUD_IN_42887,Meena Reddy,Tamil Nadu,286503,293452,1.02,0,0,0,2,0.2,VERIFIED_VALID,0
FRAUD_IN_42888,Ananya Sheikh,Gujarat,152526,141071,0.92,0,0,0,2,0.11,VERIFIED_VALID,0
FRAUD_IN_42889,Lakshmi Chaudhary,Madhya Pradesh,375115,417926,1.11,0,0,0,3,0.18,VERIFIED_VALID,0
FRAUD_IN_42890,Manoj Shah,Uttar Pradesh,228405,1899893,8.32,1,0,1,18,0.85,UNVERIFIED,1
FRAUD_IN_42891,Pradeep Chaudhary,Odisha,327534,328106,1.0,0,0,0,3,0.15,VERIFIED_VALID,0
FRAUD_IN_42892,Anita Joshi,Gujarat,95108,106477,1.12,0,0,0,2,0.13,VERIFIED_VALID,0
FRAUD_IN_42893,Ashok Patil,Madhya Pradesh,215218,221331,1.03,0,0,0,3,0.1,NOT_REQUIRED,0
FRAUD_IN_42894,Tariq Gowda,Madhya Pradesh,254100,291421,1.15,0,0,0,2,0.19,NOT_REQUIRED,0
FRAUD_IN_42895,Sangeeta Verma,Madhya Pradesh,87454,96780,1.11,0,0,0,3,0.04,VERIFIED_VALID,0
FRAUD_IN_42896,Ayesha Gupta,Kerala,155586,151341,0.97,0,0,0,3,0.02,VERIFIED_VALID,0
FRAUD_IN_42897,Gurpreet Rao,Assam,303752,326314,1.07,0,0,0,3,0.06,NOT_REQUIRED,0
FRAUD_IN_42898,Ganesh Banerjee,Assam,379211,370515,0.98,0,0,0,2,0.06,VERIFIED_VALID,0
FRAUD_IN_42899,Sujata Sheikh,Haryana,286398,306894,1.07,0,0,0,2,0.02,NOT_REQUIRED,0
FRAUD_IN_42900,Ayesha Reddy,Maharashtra,86408,273763,3.17,0,1,1,17,0.8,UNVERIFIED,1
FRAUD_IN_42901,Rahul Das,Odisha,343977,327871,0.95,0,0,0,3,0.05,VERIFIED_VALID,0
FRAUD_IN_42902,Gurpreet Verma,Rajasthan,265513,280679,1.06,0,0,0,4,0.06,VERIFIED_VALID,0
FRAUD_IN_42903,Pradeep Mehta,Madhya Pradesh,171635,175274,1.02,0,0,0,1,0.16,VERIFIED_VALID,0
FRAUD_IN_42904,Arjun Gowda,Tamil Nadu,326463,312459,0.96,0,0,0,1,0.03,NOT_REQUIRED,0
FRAUD_IN_42905,Savita Singh,West Bengal,66540,66861,1.0,0,0,0,1,0.05,NOT_REQUIRED,0
FRAUD_IN_42906,Geeta Sheikh,Haryana,85285,78944,0.93,0,0,0,2,0.18,NOT_REQUIRED,0
FRAUD_IN_42907,Vikram Reddy,Rajasthan,216259,246134,1.14,0,0,0,4,0.12,VERIFIED_VALID,0
FRAUD_IN_42908,Vijay Rao,West Bengal,114460,108091,0.94,0,0,0,3,0.01,VERIFIED_VALID,0
FRAUD_IN_42909,Lakshmi Shah,Maharashtra,303185,2017196,6.65,0,0,1,30,0.71,UNVERIFIED,1
FRAUD_IN_42910,Rekha Mehta,Madhya Pradesh,122382,505659,4.13,1,0,1,33,0.86,SUSPICIOUS,1
FRAUD_IN_42911,Ramesh Reddy,Madhya Pradesh,361524,333478,0.92,0,0,0,1,0.15,VERIFIED_VALID,0
FRAUD_IN_42912,Radha Nair,Rajasthan,138867,154199,1.11,0,0,0,4,0.06,VERIFIED_VALID,0
FRAUD_IN_42913,Sunita Banerjee,Maharashtra,196958,217129,1.1,0,0,0,4,0.16,VERIFIED_VALID,0
FRAUD_IN_42914,Kiran Patel,Bihar,270831,286517,1.06,0,0,0,4,0.03,NOT_REQUIRED,0
FRAUD_IN_42915,Shweta Chaudhary,West Bengal,159455,169923,1.07,0,0,0,1,0.21,VERIFIED_VALID,0
FRAUD_IN_42916,Rohan Patel,Kerala,401573,456332,1.14,0,0,0,1,0.04,VERIFIED_VALID,0
FRAUD_IN_42917,Deepika Reddy,Assam,373218,419182,1.12,0,0,0,3,0.09,VERIFIED_VALID,0
FRAUD_IN_42918,Ayesha Patel,Assam,47525,46333,0.97,0,0,0,3,0.05,VERIFIED_VALID,0
FRAUD_IN_42919,Kavita Banerjee,Karnataka,200156,1310573,6.55,1,0,1,11,0.8,SUSPICIOUS,1
FRAUD_IN_42920,Anil Joshi,Haryana,55571,61267,1.1,0,0,0,2,0.18,VERIFIED_VALID,0
FRAUD_IN_42921,Anil Khan,Assam,107482,103927,0.97,0,0,0,4,0.22,VERIFIED_VALID,0
FRAUD_IN_42922,Mamta Das,West Bengal,372476,406102,1.09,0,0,0,2,0.1,VERIFIED_VALID,0
FRAUD_IN_42923,Shweta Reddy,Tamil Nadu,176116,185567,1.05,0,0,0,2,0.07,VERIFIED_VALID,0
FRAUD_IN_42924,Karan Shah,Odisha,271798,1319261,4.85,1,0,1,26,0.7,UNVERIFIED,1
FRAUD_IN_42925,Preeti Gowda,Kerala,382759,421526,1.1,0,0,0,1,0.19,VERIFIED_VALID,0
FRAUD_IN_42926,Suresh Deshmukh,Maharashtra,130321,137321,1.05,0,0,0,4,0.06,VERIFIED_VALID,0
FRAUD_IN_42927,Preeti Deshmukh,West Bengal,406911,400318,0.98,0,0,0,4,0.18,VERIFIED_VALID,0
FRAUD_IN_42928,Vijay Kumar,Gujarat,47588,46366,0.97,0,0,0,1,0.13,VERIFIED_VALID,0
FRAUD_IN_42929,Pooja Das,Rajasthan,354755,340953,0.96,0,0,0,4,0.19,VERIFIED_VALID,0
FRAUD_IN_42930,Sunita Patil,West Bengal,421681,476983,1.13,0,0,0,3,0.18,NOT_REQUIRED,0
FRAUD_IN_42931,Anita Gowda,West Bengal,435855,493165,1.13,0,0,0,2,0.19,VERIFIED_VALID,0
FRAUD_IN_42932,Lakshmi Chaudhary,Kerala,372868,345593,0.93,0,0,0,2,0.14,NOT_REQUIRED,0
FRAUD_IN_42933,Ashok Kulkarni,Punjab,287571,295203,1.03,0,0,0,1,0.13,VERIFIED_VALID,0
FRAUD_IN_42934,Amit Gowda,Tamil Nadu,374206,408909,1.09,0,0,0,3,0.17,VERIFIED_VALID,0
FRAUD_IN_42935,Manoj Banerjee,Assam,139502,967746,6.94,0,1,1,32,0.86,SUSPICIOUS,1
FRAUD_IN_42936,Kavita Patil,Maharashtra,193023,202769,1.05,0,0,0,1,0.1,VERIFIED_VALID,0
FRAUD_IN_42937,Pradeep Deshmukh,Tamil Nadu,234474,250328,1.07,0,0,0,3,0.2,NOT_REQUIRED,0
FRAUD_IN_42938,Vikram Kumar,Kerala,105515,108359,1.03,0,0,0,1,0.1,NOT_REQUIRED,0
FRAUD_IN_42939,Arjun Sheikh,Bihar,94900,104198,1.1,0,0,0,4,0.12,VERIFIED_VALID,0
FRAUD_IN_42940,Rohan Nair,West Bengal,49847,53795,1.08,0,0,0,2,0.11,VERIFIED_VALID,0
FRAUD_IN_42941,Vijay Gowda,Uttar Pradesh,292121,315730,1.08,0,0,0,3,0.12,VERIFIED_VALID,0
FRAUD_IN_42942,Simran Banerjee,Haryana,116599,122912,1.05,0,0,0,3,0.1,VERIFIED_VALID,0
FRAUD_IN_42943,Kavita Deshmukh,Madhya Pradesh,280224,930793,3.32,1,0,1,28,0.84,SUSPICIOUS,1
FRAUD_IN_42944,Kiran Sheikh,Tamil Nadu,298126,322102,1.08,0,0,0,4,0.06,VERIFIED_VALID,0
FRAUD_IN_42945,Sanjay Patel,Maharashtra,232320,252381,1.09,0,0,0,1,0.16,VERIFIED_VALID,0
FRAUD_IN_42946,Savita Mehta,Bihar,401569,1226496,3.05,1,0,1,32,0.81,UNVERIFIED,1
FRAUD_IN_42947,Ashok Reddy,Haryana,159772,178067,1.11,0,0,0,1,0.21,VERIFIED_VALID,0
FRAUD_IN_42948,Lakshmi Reddy,Punjab,154545,143941,0.93,0,0,0,3,0.13,VERIFIED_VALID,0
FRAUD_IN_42949,Arjun Gupta,Bihar,87923,91839,1.04,0,0,0,1,0.13,VERIFIED_VALID,0
FRAUD_IN_42950,Manoj Chatterjee,Assam,82503,92755,1.12,0,0,0,3,0.09,NOT_REQUIRED,0
FRAUD_IN_42951,Prakash Mishra,Karnataka,212038,243331,1.15,0,0,0,2,0.2,NOT_REQUIRED,0
FRAUD_IN_42952,Rohan Reddy,Uttar Pradesh,396308,396235,1.0,0,0,0,3,0.16,VERIFIED_VALID,0
FRAUD_IN_42953,Gurpreet Mishra,Haryana,257229,237454,0.92,0,0,0,4,0.11,VERIFIED_VALID,0
FRAUD_IN_42954,Mamta Reddy,Punjab,111484,123007,1.1,0,0,0,2,0.1,VERIFIED_VALID,0
FRAUD_IN_42955,Rohan Rao,Odisha,282545,297412,1.05,0,0,0,3,0.13,VERIFIED_VALID,0
FRAUD_IN_42956,Sujata Gowda,Karnataka,56660,53505,0.94,0,0,0,1,0.04,VERIFIED_VALID,0
FRAUD_IN_42957,Ramesh Das,Karnataka,210416,1243318,5.91,1,1,1,20,0.76,UNVERIFIED,1
FRAUD_IN_42958,Mohammed Banerjee,Assam,328289,361208,1.1,0,0,0,1,0.01,VERIFIED_VALID,0
FRAUD_IN_42959,Radha Kumar,Assam,123457,130115,1.05,0,0,0,1,0.13,VERIFIED_VALID,0
FRAUD_IN_42960,Fatima Kaur,Uttar Pradesh,181243,177268,0.98,0,0,0,4,0.2,VERIFIED_VALID,0
FRAUD_IN_42961,Fatima Gowda,Punjab,405743,405898,1.0,0,0,0,3,0.03,VERIFIED_VALID,0
FRAUD_IN_42962,Pradeep Patel,West Bengal,61473,63676,1.04,0,0,0,3,0.05,VERIFIED_VALID,0
FRAUD_IN_42963,Shweta Kumar,Uttar Pradesh,431601,469235,1.09,0,0,0,3,0.19,VERIFIED_VALID,0
FRAUD_IN_42964,Manoj Gupta,Gujarat,331262,318233,0.96,0,0,0,3,0.0,NOT_REQUIRED,0
FRAUD_IN_42965,Geeta Khan,Haryana,360956,397488,1.1,0,0,0,4,0.07,VERIFIED_VALID,0
FRAUD_IN_42966,Amit Kaur,Kerala,361248,372801,1.03,0,0,0,3,0.07,VERIFIED_VALID,0
FRAUD_IN_42967,Rahul Singh,Haryana,84573,297775,3.52,0,1,1,7,0.72,SUSPICIOUS,1
FRAUD_IN_42968,Dinesh Chaudhary,Odisha,373207,349984,0.94,0,0,0,3,0.18,VERIFIED_VALID,0
FRAUD_IN_42969,Sunita Joshi,Assam,204388,189643,0.93,0,0,0,1,0.19,VERIFIED_VALID,0
FRAUD_IN_42970,Geeta Sheikh,Gujarat,332564,313641,0.94,0,0,0,3,0.21,VERIFIED_VALID,0
FRAUD_IN_42971,Mamta Deshmukh,Bihar,170451,161586,0.95,0,0,1,4,0.03,NOT_REQUIRED,0
FRAUD_IN_42972,Sunita Yadav,Uttar Pradesh,271905,283436,1.04,0,0,0,2,0.01,VERIFIED_VALID,0
FRAUD_IN_42973,Dinesh Banerjee,Odisha,195812,189313,0.97,0,0,0,3,0.11,VERIFIED_VALID,0
FRAUD_IN_42974,Mahesh Banerjee,West Bengal,168756,181831,1.08,0,0,0,3,0.07,VERIFIED_VALID,0
FRAUD_IN_42975,Gurpreet Patil,Tamil Nadu,225002,240764,1.07,0,0,0,1,0.02,VERIFIED_VALID,0
FRAUD_IN_42976,Neha Mehta,Maharashtra,129120,124436,0.96,0,0,0,2,0.15,VERIFIED_VALID,0
FRAUD_IN_42977,Anita Das,Tamil Nadu,428691,488986,1.14,0,0,0,3,0.22,VERIFIED_VALID,0
FRAUD_IN_42978,Ganesh Gupta,Madhya Pradesh,36407,37407,1.03,0,0,0,2,0.19,VERIFIED_VALID,0
FRAUD_IN_42979,Rekha Das,Assam,183413,176239,0.96,0,0,0,4,0.15,VERIFIED_VALID,0
FRAUD_IN_42980,Bhavna Shah,Odisha,403411,403163,1.0,0,0,0,3,0.11,NOT_REQUIRED,0
FRAUD_IN_42981,Sunita Gowda,Odisha,288078,296557,1.03,0,0,0,2,0.05,VERIFIED_VALID,0
FRAUD_IN_42982,Vikram Chatterjee,Punjab,162556,178716,1.1,0,0,0,2,0.21,NOT_REQUIRED,0
FRAUD_IN_42983,Rajesh Kaur,Punjab,179149,164830,0.92,0,0,0,1,0.02,VERIFIED_VALID,0
FRAUD_IN_42984,Shweta Kumar,Bihar,87869,82055,0.93,0,0,0,3,0.01,NOT_REQUIRED,0
FRAUD_IN_42985,Harpreet Sheikh,West Bengal,74147,72244,0.97,0,0,0,3,0.14,VERIFIED_VALID,0
FRAUD_IN_42986,Radha Das,Tamil Nadu,122472,123982,1.01,0,0,0,1,0.17,VERIFIED_VALID,0
FRAUD_IN_42987,Bhavna Kaur,West Bengal,166496,173137,1.04,0,0,0,4,0.14,NOT_REQUIRED,0
FRAUD_IN_42988,Arjun Das,Tamil Nadu,379372,386860,1.02,0,0,0,1,0.01,VERIFIED_VALID,0
FRAUD_IN_42989,Simran Deshmukh,Rajasthan,277243,285218,1.03,0,0,0,1,0.14,VERIFIED_VALID,0
FRAUD_IN_42990,Sujata Mehta,Punjab,373372,375504,1.01,0,0,0,4,0.21,VERIFIED_VALID,0
FRAUD_IN_42991,Ananya Kumar,Haryana,151250,432257,2.86,1,0,1,19,0.76,UNVERIFIED,1
FRAUD_IN_42992,Savita Gowda,Rajasthan,413895,434635,1.05,0,0,0,2,0.09,NOT_REQUIRED,0
FRAUD_IN_42993,Vikram Rao,Kerala,90037,92675,1.03,0,0,0,4,0.22,VERIFIED_VALID,0
FRAUD_IN_42994,Deepak Gowda,Karnataka,356065,354035,0.99,0,0,0,2,0.13,VERIFIED_VALID,0
FRAUD_IN_42995,Lakshmi Singh,Karnataka,86045,96372,1.12,0,0,0,4,0.2,NOT_REQUIRED,0
FRAUD_IN_42996,Anita Mishra,Tamil Nadu,132134,149865,1.13,0,0,0,3,0.07,NOT_REQUIRED,0
FRAUD_IN_42997,Suresh Banerjee,Karnataka,364147,391142,1.07,0,0,0,4,0.1,VERIFIED_VALID,0
FRAUD_IN_42998,Karan Sheikh,Kerala,385330,378888,0.98,0,0,0,2,0.21,VERIFIED_VALID,0
FRAUD_IN_42999,Sangeeta Singh,Kerala,285871,1651059,5.78,0,0,1,11,0.85,SUSPICIOUS,1
FRAUD_IN_43000,Geeta Banerjee,Gujarat,73766,77696,1.05,0,0,0,4,0.18,VERIFIED_VALID,0
FRAUD_IN_43001,Simran Joshi,Tamil Nadu,160018,156037,0.98,0,0,0,3,0.01,VERIFIED_VALID,0
FRAUD_IN_43002,Anil Mishra,Punjab,127672,145783,1.14,0,0,0,3,0.17,VERIFIED_VALID,0
FRAUD_IN_43003,Ashok Chatterjee,Uttar Pradesh,348665,323175,0.93,0,0,0,3,0.03,NOT_REQUIRED,0
FRAUD_IN_43004,Bhavna Chaudhary,Assam,288387,293551,1.02,0,0,0,1,0.07,VERIFIED_VALID,0
FRAUD_IN_43005,Prakash Gowda,Haryana,215144,214521,1.0,0,0,0,3,0.16,NOT_REQUIRED,0
FRAUD_IN_43006,Anil Patel,Karnataka,58079,62194,1.07,0,0,0,2,0.14,VERIFIED_VALID,0
FRAUD_IN_43007,Simran Kaur,Maharashtra,277973,278417,1.0,0,0,0,2,0.15,VERIFIED_VALID,0
FRAUD_IN_43008,Karan Rao,West Bengal,205278,230011,1.12,0,0,0,2,0.11,VERIFIED_VALID,0
FRAUD_IN_43009,Pradeep Banerjee,Karnataka,121075,134999,1.12,0,0,0,3,0.21,VERIFIED_VALID,0
FRAUD_IN_43010,Sunil Kulkarni,Haryana,54153,54207,1.0,0,0,0,1,0.14,VERIFIED_VALID,0
FRAUD_IN_43011,Gurpreet Gupta,Odisha,390748,388326,0.99,0,0,0,4,0.15,VERIFIED_VALID,0
FRAUD_IN_43012,Lakshmi Chatterjee,Gujarat,116539,111124,0.95,0,0,1,2,0.03,NOT_REQUIRED,0
FRAUD_IN_43013,Geeta Mishra,Karnataka,372096,410030,1.1,0,0,0,3,0.06,VERIFIED_VALID,0
FRAUD_IN_43014,Dinesh Chaudhary,Odisha,197161,1350618,6.85,1,0,1,29,0.8,UNVERIFIED,1
FRAUD_IN_43015,Bhavna Yadav,Punjab,110936,107694,0.97,0,0,0,2,0.17,NOT_REQUIRED,0
FRAUD_IN_43016,Lakshmi Gupta,West Bengal,404039,441254,1.09,0,0,0,2,0.02,VERIFIED_VALID,0
FRAUD_IN_43017,Amit Patil,Odisha,405502,2205967,5.44,1,0,1,8,0.84,SUSPICIOUS,1
FRAUD_IN_43018,Prakash Mishra,Bihar,61765,60509,0.98,0,0,0,1,0.11,VERIFIED_VALID,0
FRAUD_IN_43019,Kavita Kulkarni,Assam,189351,175530,0.93,0,0,1,3,0.01,VERIFIED_VALID,0
FRAUD_IN_43020,Kiran Kaur,Haryana,171410,168054,0.98,0,0,0,3,0.22,VERIFIED_VALID,0
FRAUD_IN_43021,Manoj Nair,Odisha,155566,146655,0.94,0,0,1,3,0.21,VERIFIED_VALID,0
FRAUD_IN_43022,Meena Yadav,Uttar Pradesh,317399,335291,1.06,0,0,1,1,0.08,VERIFIED_VALID,0
FRAUD_IN_43023,Ramesh Mishra,Karnataka,396964,412971,1.04,0,0,0,4,0.07,VERIFIED_VALID,0
FRAUD_IN_43024,Prakash Reddy,Assam,396000,399525,1.01,0,0,0,4,0.19,VERIFIED_VALID,0
FRAUD_IN_43025,Manoj Das,Kerala,434099,438657,1.01,0,0,1,3,0.0,VERIFIED_VALID,0
FRAUD_IN_43026,Rohan Singh,Maharashtra,239190,250520,1.05,0,0,0,1,0.02,VERIFIED_VALID,0
FRAUD_IN_43027,Radha Joshi,Karnataka,289689,317552,1.1,0,0,0,4,0.12,NOT_REQUIRED,0
FRAUD_IN_43028,Ananya Joshi,Rajasthan,272202,260770,0.96,0,0,0,1,0.15,VERIFIED_VALID,0
FRAUD_IN_43029,Harpreet Sheikh,Kerala,198973,204619,1.03,0,0,0,4,0.1,VERIFIED_VALID,0
FRAUD_IN_43030,Ayesha Deshmukh,Uttar Pradesh,321472,315251,0.98,0,0,0,2,0.14,VERIFIED_VALID,0
FRAUD_IN_43031,Rohan Nair,Gujarat,210900,194972,0.92,0,0,0,2,0.17,NOT_REQUIRED,0
FRAUD_IN_43032,Dinesh Deshmukh,Bihar,254861,276604,1.09,0,0,0,4,0.21,VERIFIED_VALID,0
FRAUD_IN_43033,Radha Banerjee,Karnataka,235917,255479,1.08,0,0,0,1,0.04,VERIFIED_VALID,0
FRAUD_IN_43034,Sunita Nair,Karnataka,115980,474810,4.09,0,0,1,18,0.75,SUSPICIOUS,1
FRAUD_IN_43035,Kavita Reddy,Tamil Nadu,91512,93776,1.02,0,0,0,4,0.08,VERIFIED_VALID,0
FRAUD_IN_43036,Pradeep Deshmukh,Bihar,255147,264851,1.04,0,0,0,4,0.05,NOT_REQUIRED,0
FRAUD_IN_43037,Shweta Kaur,Maharashtra,167427,191678,1.14,0,0,0,4,0.12,VERIFIED_VALID,0
FRAUD_IN_43038,Rekha Gowda,Kerala,139746,135690,0.97,0,0,0,2,0.06,VERIFIED_VALID,0
FRAUD_IN_43039,Sunil Patil,Kerala,338154,364418,1.08,0,0,0,2,0.05,VERIFIED_VALID,0
FRAUD_IN_43040,Rohan Verma,Tamil Nadu,201322,213454,1.06,0,0,0,4,0.12,VERIFIED_VALID,0
FRAUD_IN_43041,Neha Das,Assam,302158,322355,1.07,0,0,0,1,0.17,VERIFIED_VALID,0
FRAUD_IN_43042,Shweta Patel,Madhya Pradesh,38819,36298,0.94,0,0,0,1,0.03,VERIFIED_VALID,0
FRAUD_IN_43043,Rajesh Deshmukh,Assam,266817,276647,1.04,0,0,0,3,0.15,VERIFIED_VALID,0
FRAUD_IN_43044,Fatima Verma,Maharashtra,162299,165036,1.02,0,0,0,4,0.09,NOT_REQUIRED,0
FRAUD_IN_43045,Kavita Shah,Bihar,388094,2931449,7.55,0,1,1,14,0.74,SUSPICIOUS,1
FRAUD_IN_43046,Bhavna Joshi,West Bengal,58047,60643,1.04,0,0,0,3,0.16,VERIFIED_VALID,0
FRAUD_IN_43047,Rohan Sharma,Punjab,256948,264577,1.03,0,0,0,2,0.18,VERIFIED_VALID,0
FRAUD_IN_43048,Fatima Banerjee,Rajasthan,206114,236553,1.15,0,0,0,1,0.17,VERIFIED_VALID,0
FRAUD_IN_43049,Meena Singh,Kerala,339310,389180,1.15,0,0,0,3,0.08,VERIFIED_VALID,0
FRAUD_IN_43050,Priya Joshi,Gujarat,371791,388699,1.05,0,0,1,1,0.19,VERIFIED_VALID,0
FRAUD_IN_43051,Mamta Chaudhary,Karnataka,431064,428485,0.99,0,0,0,2,0.15,VERIFIED_VALID,0
FRAUD_IN_43052,Pooja Sheikh,Punjab,265829,1124134,4.23,1,0,1,23,0.93,FAKE_CERTIFICATE,1
FRAUD_IN_43053,Deepika Yadav,Haryana,393889,427432,1.09,0,0,0,1,0.18,VERIFIED_VALID,0
FRAUD_IN_43054,Harpreet Rao,Karnataka,302319,308589,1.02,0,0,0,1,0.06,NOT_REQUIRED,0
FRAUD_IN_43055,Rekha Das,Gujarat,108943,103826,0.95,0,0,1,3,0.02,VERIFIED_VALID,0
FRAUD_IN_43056,Harpreet Chaudhary,Uttar Pradesh,419940,420965,1.0,0,0,0,1,0.14,VERIFIED_VALID,0
FRAUD_IN_43057,Karan Mishra,Bihar,318692,1368772,4.29,1,0,1,23,0.82,FAKE_CERTIFICATE,1
FRAUD_IN_43058,Sunita Patil,Uttar Pradesh,364012,406747,1.12,0,0,0,1,0.1,VERIFIED_VALID,0
FRAUD_IN_43059,Harpreet Shah,Bihar,129785,141405,1.09,0,0,0,1,0.16,VERIFIED_VALID,0
FRAUD_IN_43060,Rohan Patil,Odisha,135888,145717,1.07,0,0,0,3,0.02,VERIFIED_VALID,0
FRAUD_IN_43061,Gurpreet Khan,Maharashtra,292336,324101,1.11,0,0,0,1,0.2,VERIFIED_VALID,0
FRAUD_IN_43062,Priya Mehta,Rajasthan,237169,234992,0.99,0,0,0,2,0.21,VERIFIED_VALID,0
FRAUD_IN_43063,Fatima Banerjee,Madhya Pradesh,308348,315569,1.02,0,0,0,1,0.02,VERIFIED_VALID,0
FRAUD_IN_43064,Neha Deshmukh,Tamil Nadu,175127,172058,0.98,0,0,0,4,0.02,NOT_REQUIRED,0
FRAUD_IN_43065,Prakash Kaur,Odisha,426600,430552,1.01,0,0,0,4,0.09,VERIFIED_VALID,0
FRAUD_IN_43066,Sunita Chaudhary,Rajasthan,409470,400148,0.98,0,0,0,2,0.16,NOT_REQUIRED,0
FRAUD_IN_43067,Sunita Banerjee,Haryana,206524,235282,1.14,0,0,0,4,0.01,VERIFIED_VALID,0
FRAUD_IN_43068,Deepika Rao,Uttar Pradesh,107065,110330,1.03,0,0,0,4,0.15,VERIFIED_VALID,0
FRAUD_IN_43069,Ashok Mehta,Rajasthan,277626,285517,1.03,0,0,0,4,0.18,NOT_REQUIRED,0
FRAUD_IN_43070,Meena Patel,Odisha,443503,424107,0.96,0,0,0,3,0.02,VERIFIED_VALID,0
FRAUD_IN_43071,Rekha Deshmukh,Tamil Nadu,253116,250788,0.99,0,0,0,4,0.06,VERIFIED_VALID,0
FRAUD_IN_43072,Shweta Kaur,Kerala,267550,281753,1.05,0,0,0,3,0.03,NOT_REQUIRED,0
FRAUD_IN_43073,Kavita Khan,Haryana,277441,1022415,3.69,1,0,0,35,0.91,FAKE_CERTIFICATE,1
FRAUD_IN_43074,Rohan Das,West Bengal,171946,167881,0.98,0,0,0,1,0.02,NOT_REQUIRED,0
FRAUD_IN_43075,Ananya Singh,West Bengal,407073,454912,1.12,0,0,0,2,0.15,VERIFIED_VALID,0
FRAUD_IN_43076,Meena Deshmukh,Assam,217413,238727,1.1,0,0,0,1,0.21,VERIFIED_VALID,0
FRAUD_IN_43077,Tariq Chaudhary,Odisha,106234,121584,1.14,0,0,0,3,0.15,NOT_REQUIRED,0
FRAUD_IN_43078,Ashok Mehta,Punjab,378686,422123,1.11,0,0,0,1,0.08,VERIFIED_VALID,0
FRAUD_IN_43079,Lakshmi Yadav,Madhya Pradesh,245014,249417,1.02,0,0,0,4,0.07,VERIFIED_VALID,0
FRAUD_IN_43080,Manoj Nair,Rajasthan,275818,1452438,5.27,1,0,1,28,0.73,UNVERIFIED,1
FRAUD_IN_43081,Lakshmi Patel,Madhya Pradesh,104297,115133,1.1,0,0,0,1,0.13,VERIFIED_VALID,0
FRAUD_IN_43082,Sunil Gupta,Karnataka,305625,335678,1.1,0,0,0,2,0.14,VERIFIED_VALID,0
FRAUD_IN_43083,Priya Gupta,West Bengal,369483,372555,1.01,0,0,0,4,0.14,VERIFIED_VALID,0
FRAUD_IN_43084,Rahul Das,Assam,123076,115173,0.94,0,0,0,2,0.03,NOT_REQUIRED,0
FRAUD_IN_43085,Savita Rao,Assam,432490,431708,1.0,0,0,0,1,0.2,VERIFIED_VALID,0
FRAUD_IN_43086,Seema Kulkarni,Gujarat,121689,117186,0.96,0,0,0,1,0.15,VERIFIED_VALID,0
FRAUD_IN_43087,Savita Nair,West Bengal,228754,249090,1.09,0,0,0,4,0.21,VERIFIED_VALID,0
FRAUD_IN_43088,Rajesh Deshmukh,Bihar,378375,424215,1.12,0,0,0,4,0.07,NOT_REQUIRED,0
FRAUD_IN_43089,Meena Khan,Maharashtra,249446,284847,1.14,0,0,0,3,0.2,VERIFIED_VALID,0
FRAUD_IN_43090,Priya Mishra,Punjab,283083,324079,1.14,0,0,0,4,0.06,VERIFIED_VALID,0
FRAUD_IN_43091,Arjun Reddy,Odisha,414868,465400,1.12,0,0,0,3,0.2,VERIFIED_VALID,0
FRAUD_IN_43092,Fatima Mehta,Punjab,320511,315610,0.98,0,0,0,4,0.06,VERIFIED_VALID,0
FRAUD_IN_43093,Rajesh Deshmukh,Haryana,263844,293859,1.11,0,0,0,4,0.19,NOT_REQUIRED,0
FRAUD_IN_43094,Savita Das,Assam,103577,110197,1.06,0,0,0,1,0.16,VERIFIED_VALID,0
FRAUD_IN_43095,Priya Chaudhary,Madhya Pradesh,210191,1163880,5.54,1,1,1,17,0.72,UNVERIFIED,1
FRAUD_IN_43096,Anil Khan,Punjab,385151,414533,1.08,0,0,1,1,0.21,VERIFIED_VALID,0
FRAUD_IN_43097,Tariq Rao,Tamil Nadu,181992,182998,1.01,0,0,0,1,0.02,VERIFIED_VALID,0
FRAUD_IN_43098,Manoj Kulkarni,Maharashtra,247452,251339,1.02,0,0,0,3,0.14,VERIFIED_VALID,0
FRAUD_IN_43099,Sunil Gowda,Tamil Nadu,39495,39674,1.0,0,0,0,2,0.17,VERIFIED_VALID,0
FRAUD_IN_43100,Rahul Chaudhary,Kerala,61103,276837,4.53,1,1,1,7,0.87,SUSPICIOUS,1
FRAUD_IN_43101,Tariq Kaur,Assam,252992,281129,1.11,0,0,0,1,0.08,VERIFIED_VALID,0
FRAUD_IN_43102,Mahesh Rao,Assam,248199,271235,1.09,0,0,0,2,0.02,VERIFIED_VALID,0
FRAUD_IN_43103,Anita Chaudhary,Gujarat,40676,42468,1.04,0,0,0,4,0.08,NOT_REQUIRED,0
FRAUD_IN_43104,Vikram Joshi,Punjab,47160,44952,0.95,0,0,0,1,0.06,VERIFIED_VALID,0
FRAUD_IN_43105,Arjun Singh,Uttar Pradesh,130384,127632,0.98,0,0,0,4,0.04,VERIFIED_VALID,0
FRAUD_IN_43106,Arjun Kumar,Odisha,431569,402547,0.93,0,0,0,4,0.08,NOT_REQUIRED,0
FRAUD_IN_43107,Anil Patel,Bihar,208171,208533,1.0,0,0,0,1,0.14,VERIFIED_VALID,0
FRAUD_IN_43108,Vijay Patil,Bihar,162690,177744,1.09,0,0,0,1,0.11,VERIFIED_VALID,0
FRAUD_IN_43109,Deepika Kulkarni,Odisha,220899,1012864,4.59,1,0,1,8,0.75,UNVERIFIED,1
FRAUD_IN_43110,Simran Gupta,Karnataka,170982,182248,1.07,0,0,0,2,0.18,VERIFIED_VALID,0
FRAUD_IN_43111,Priya Gowda,Assam,270911,249359,0.92,0,0,0,4,0.19,VERIFIED_VALID,0
FRAUD_IN_43112,Seema Mehta,Bihar,423755,402112,0.95,0,0,0,1,0.02,VERIFIED_VALID,0
FRAUD_IN_43113,Ashok Verma,Gujarat,96316,100769,1.05,0,0,0,3,0.09,VERIFIED_VALID,0
FRAUD_IN_43114,Ganesh Nair,Gujarat,251907,284256,1.13,0,0,0,3,0.2,VERIFIED_VALID,0
FRAUD_IN_43115,Vijay Shah,Punjab,179598,195381,1.09,0,0,0,4,0.15,VERIFIED_VALID,0
FRAUD_IN_43116,Pradeep Deshmukh,Odisha,208403,221144,1.06,0,0,0,4,0.04,VERIFIED_VALID,0
FRAUD_IN_43117,Shweta Rao,Odisha,197203,915457,4.64,0,0,0,32,0.85,UNVERIFIED,1
FRAUD_IN_43118,Harpreet Kulkarni,Tamil Nadu,235552,233540,0.99,0,0,0,4,0.21,VERIFIED_VALID,0
FRAUD_IN_43119,Mamta Nair,Rajasthan,190521,212920,1.12,0,0,0,1,0.09,VERIFIED_VALID,0
FRAUD_IN_43120,Rahul Patil,Karnataka,354032,386707,1.09,0,0,0,4,0.04,NOT_REQUIRED,0
FRAUD_IN_43121,Simran Chaudhary,Madhya Pradesh,140725,137075,0.97,0,0,0,2,0.04,VERIFIED_VALID,0
FRAUD_IN_43122,Deepika Kaur,Assam,93692,92720,0.99,0,0,0,4,0.01,VERIFIED_VALID,0
FRAUD_IN_43123,Simran Banerjee,Odisha,119637,137019,1.15,0,0,0,2,0.18,VERIFIED_VALID,0
FRAUD_IN_43124,Simran Sheikh,Rajasthan,319234,353611,1.11,0,0,0,2,0.15,VERIFIED_VALID,0
FRAUD_IN_43125,Deepak Yadav,Haryana,313518,360286,1.15,0,0,0,1,0.01,VERIFIED_VALID,0
FRAUD_IN_43126,Lakshmi Reddy,Karnataka,428652,446624,1.04,0,0,0,2,0.17,NOT_REQUIRED,0
FRAUD_IN_43127,Simran Chaudhary,Punjab,344834,317407,0.92,0,0,0,1,0.13,NOT_REQUIRED,0
FRAUD_IN_43128,Sunita Gupta,Punjab,423121,480552,1.14,0,0,0,2,0.22,VERIFIED_VALID,0
FRAUD_IN_43129,Rekha Kulkarni,West Bengal,245276,253993,1.04,0,0,0,1,0.16,VERIFIED_VALID,0
FRAUD_IN_43130,Dinesh Rao,Rajasthan,294421,328218,1.11,0,0,0,1,0.09,NOT_REQUIRED,0
FRAUD_IN_43131,Meena Shah,Assam,50250,50182,1.0,0,0,0,1,0.08,NOT_REQUIRED,0
FRAUD_IN_43132,Vikram Verma,Uttar Pradesh,267094,292540,1.1,0,0,0,2,0.17,VERIFIED_VALID,0
FRAUD_IN_43133,Amit Sharma,Uttar Pradesh,321155,362579,1.13,0,0,0,1,0.1,VERIFIED_VALID,0
FRAUD_IN_43134,Sunita Sheikh,Uttar Pradesh,449920,503505,1.12,0,0,1,4,0.07,VERIFIED_VALID,0
FRAUD_IN_43135,Sunita Chatterjee,Bihar,291276,283957,0.97,0,0,0,1,0.0,NOT_REQUIRED,0
FRAUD_IN_43136,Anil Patel,Rajasthan,261951,248282,0.95,0,0,0,4,0.07,VERIFIED_VALID,0
FRAUD_IN_43137,Lakshmi Banerjee,Odisha,430723,430569,1.0,0,0,0,3,0.17,VERIFIED_VALID,0
FRAUD_IN_43138,Mahesh Chatterjee,Punjab,440314,437706,0.99,0,0,0,1,0.19,VERIFIED_VALID,0
FRAUD_IN_43139,Seema Reddy,Madhya Pradesh,99480,111020,1.12,0,0,0,2,0.21,VERIFIED_VALID,0
FRAUD_IN_43140,Arjun Rao,Gujarat,135009,137159,1.02,0,0,0,4,0.12,NOT_REQUIRED,0
FRAUD_IN_43141,Simran Das,Haryana,417485,433425,1.04,0,0,0,1,0.2,VERIFIED_VALID,0
FRAUD_IN_43142,Ashok Kumar,Madhya Pradesh,120280,136837,1.14,0,0,0,4,0.14,VERIFIED_VALID,0
FRAUD_IN_43143,Sunil Sheikh,West Bengal,133766,764941,5.72,0,0,1,27,0.7,UNVERIFIED,1
FRAUD_IN_43144,Harpreet Deshmukh,Madhya Pradesh,215685,240063,1.11,0,0,0,1,0.09,VERIFIED_VALID,0
FRAUD_IN_43145,Priya Kulkarni,Punjab,341323,1766154,5.17,1,0,0,13,0.75,SUSPICIOUS,1
FRAUD_IN_43146,Dinesh Kumar,Odisha,402736,2444264,6.07,0,0,0,27,0.99,FAKE_CERTIFICATE,1
FRAUD_IN_43147,Deepika Sheikh,Bihar,276947,264634,0.96,0,0,0,4,0.04,VERIFIED_VALID,0
FRAUD_IN_43148,Sunita Mehta,Rajasthan,102458,645414,6.3,1,0,1,19,0.84,UNVERIFIED,1
FRAUD_IN_43149,Deepak Gupta,Bihar,235575,256318,1.09,0,0,1,2,0.12,NOT_REQUIRED,0
FRAUD_IN_43150,Manoj Sharma,Tamil Nadu,277750,284813,1.03,0,0,0,3,0.14,NOT_REQUIRED,0
FRAUD_IN_43151,Kavita Mehta,Odisha,68819,66675,0.97,0,0,1,4,0.21,VERIFIED_VALID,0
FRAUD_IN_43152,Anil Yadav,Kerala,229018,249856,1.09,0,0,0,1,0.06,NOT_REQUIRED,0
FRAUD_IN_43153,Anita Chaudhary,Bihar,361581,335808,0.93,0,0,1,1,0.05,NOT_REQUIRED,0
FRAUD_IN_43154,Rahul Chatterjee,Assam,252869,259752,1.03,0,0,0,3,0.02,NOT_REQUIRED,0
FRAUD_IN_43155,Karan Kaur,Bihar,86662,87573,1.01,0,0,0,4,0.05,VERIFIED_VALID,0
FRAUD_IN_43156,Fatima Das,West Bengal,338486,315385,0.93,0,0,0,1,0.2,VERIFIED_VALID,0
FRAUD_IN_43157,Seema Chaudhary,Gujarat,224919,254583,1.13,0,0,0,3,0.17,VERIFIED_VALID,0
FRAUD_IN_43158,Lakshmi Chaudhary,Rajasthan,132819,132719,1.0,0,0,0,3,0.18,VERIFIED_VALID,0
FRAUD_IN_43159,Sanjay Das,Assam,395467,2263709,5.72,1,0,1,14,0.88,SUSPICIOUS,1
FRAUD_IN_43160,Shweta Gowda,West Bengal,60588,61285,1.01,0,0,0,2,0.14,VERIFIED_VALID,0
FRAUD_IN_43161,Rahul Kulkarni,Maharashtra,66680,64829,0.97,0,0,0,1,0.02,VERIFIED_VALID,0
FRAUD_IN_43162,Kavita Chaudhary,Bihar,183449,173663,0.95,0,0,0,1,0.06,VERIFIED_VALID,0
FRAUD_IN_43163,Bhavna Joshi,Punjab,48107,48434,1.01,0,0,0,3,0.14,VERIFIED_VALID,0
FRAUD_IN_43164,Ramesh Chatterjee,Haryana,366362,380704,1.04,0,0,0,3,0.14,VERIFIED_VALID,0
FRAUD_IN_43165,Sanjay Sheikh,Haryana,170708,782204,4.58,1,1,1,30,0.91,FAKE_CERTIFICATE,1
FRAUD_IN_43166,Bhavna Kaur,Maharashtra,46942,47519,1.01,0,0,0,4,0.21,VERIFIED_VALID,0
FRAUD_IN_43167,Vikram Joshi,Gujarat,151030,141164,0.93,0,0,0,2,0.01,VERIFIED_VALID,0
FRAUD_IN_43168,Bhavna Banerjee,West Bengal,133526,151142,1.13,0,0,0,1,0.16,NOT_REQUIRED,0
FRAUD_IN_43169,Ananya Reddy,Madhya Pradesh,77405,81540,1.05,0,0,0,2,0.14,VERIFIED_VALID,0
FRAUD_IN_43170,Deepak Rao,Tamil Nadu,138527,128673,0.93,0,0,0,1,0.0,VERIFIED_VALID,0
FRAUD_IN_43171,Pradeep Verma,Maharashtra,395628,439724,1.11,0,0,0,3,0.07,VERIFIED_VALID,0
FRAUD_IN_43172,Sunil Singh,West Bengal,194012,206125,1.06,0,0,0,1,0.07,VERIFIED_VALID,0
FRAUD_IN_43173,Deepak Chaudhary,Kerala,377959,361258,0.96,0,0,0,3,0.07,VERIFIED_VALID,0
FRAUD_IN_43174,Suresh Mehta,Madhya Pradesh,447262,475553,1.06,0,0,0,3,0.07,VERIFIED_VALID,0
FRAUD_IN_43175,Rajesh Patel,Bihar,206492,232809,1.13,0,0,0,4,0.08,VERIFIED_VALID,0
FRAUD_IN_43176,Prakash Nair,West Bengal,338125,326004,0.96,0,0,0,3,0.08,VERIFIED_VALID,0
FRAUD_IN_43177,Bhavna Nair,Kerala,158877,592484,3.73,0,0,1,17,0.93,FAKE_CERTIFICATE,1
FRAUD_IN_43178,Prakash Patil,Punjab,404654,394412,0.97,0,0,0,1,0.17,NOT_REQUIRED,0
FRAUD_IN_43179,Amit Mishra,Karnataka,439814,2188644,4.98,0,1,1,28,0.72,UNVERIFIED,1
FRAUD_IN_43180,Pooja Mishra,Rajasthan,362242,357627,0.99,0,0,0,1,0.02,VERIFIED_VALID,0
FRAUD_IN_43181,Sunil Joshi,Odisha,164919,166797,1.01,0,0,1,4,0.2,VERIFIED_VALID,0
FRAUD_IN_43182,Geeta Yadav,Maharashtra,364338,404467,1.11,0,0,0,4,0.14,VERIFIED_VALID,0
FRAUD_IN_43183,Sunita Gowda,Kerala,109816,724070,6.59,1,0,1,28,0.77,UNVERIFIED,1
FRAUD_IN_43184,Arjun Patel,Madhya Pradesh,352235,383921,1.09,0,0,0,3,0.15,VERIFIED_VALID,0
FRAUD_IN_43185,Meena Deshmukh,Bihar,242844,248071,1.02,0,0,0,3,0.19,NOT_REQUIRED,0
FRAUD_IN_43186,Sunita Gupta,Kerala,106474,113966,1.07,0,0,0,3,0.15,VERIFIED_VALID,0
FRAUD_IN_43187,Ramesh Chaudhary,Maharashtra,170643,968218,5.67,1,1,1,32,0.79,SUSPICIOUS,1
FRAUD_IN_43188,Pradeep Kumar,Odisha,291876,317564,1.09,0,0,0,1,0.19,VERIFIED_VALID,0
FRAUD_IN_43189,Deepika Gupta,Haryana,44302,325261,7.34,1,0,1,17,0.96,UNVERIFIED,1
FRAUD_IN_43190,Suresh Khan,Bihar,71105,76721,1.08,0,0,0,3,0.15,VERIFIED_VALID,0
FRAUD_IN_43191,Karan Mishra,Karnataka,54660,55033,1.01,0,0,0,3,0.21,VERIFIED_VALID,0
FRAUD_IN_43192,Kavita Sharma,Karnataka,326219,343080,1.05,0,0,0,1,0.18,VERIFIED_VALID,0
FRAUD_IN_43193,Lakshmi Kumar,Madhya Pradesh,342184,362989,1.06,0,0,0,4,0.07,VERIFIED_VALID,0
FRAUD_IN_43194,Kiran Patel,Rajasthan,61779,60152,0.97,0,0,0,3,0.15,VERIFIED_VALID,0
FRAUD_IN_43195,Vijay Gowda,Tamil Nadu,418496,430047,1.03,0,0,0,3,0.2,NOT_REQUIRED,0
FRAUD_IN_43196,Deepak Nair,Tamil Nadu,253514,241980,0.95,0,0,0,2,0.01,VERIFIED_VALID,0
FRAUD_IN_43197,Savita Chaudhary,Madhya Pradesh,362080,333713,0.92,0,0,0,2,0.18,VERIFIED_VALID,0
FRAUD_IN_43198,Amit Yadav,Madhya Pradesh,92900,94132,1.01,0,0,0,4,0.1,VERIFIED_VALID,0
FRAUD_IN_43199,Priya Patil,Assam,340030,389065,1.14,0,0,0,4,0.18,NOT_REQUIRED,0
FRAUD_IN_43200,Deepak Mehta,Bihar,100701,92930,0.92,0,0,0,2,0.01,VERIFIED_VALID,0
FRAUD_IN_43201,Shweta Das,Tamil Nadu,181567,196979,1.08,0,0,0,4,0.01,VERIFIED_VALID,0
FRAUD_IN_43202,Seema Mehta,Punjab,412714,461401,1.12,0,0,0,2,0.2,VERIFIED_VALID,0
FRAUD_IN_43203,Pooja Reddy,Gujarat,435148,411949,0.95,0,0,0,2,0.0,VERIFIED_VALID,0
FRAUD_IN_43204,Sujata Sharma,Gujarat,131589,142218,1.08,0,0,1,2,0.06,NOT_REQUIRED,0
FRAUD_IN_43205,Harpreet Khan,Assam,276350,296364,1.07,0,0,0,3,0.16,VERIFIED_VALID,0
FRAUD_IN_43206,Rekha Verma,Gujarat,412511,2882867,6.99,0,1,1,33,0.95,UNVERIFIED,1
FRAUD_IN_43207,Sangeeta Banerjee,Karnataka,111317,119382,1.07,0,0,0,4,0.18,VERIFIED_VALID,0
FRAUD_IN_43208,Pradeep Gupta,Karnataka,210127,200854,0.96,0,0,1,3,0.03,NOT_REQUIRED,0
FRAUD_IN_43209,Deepika Sharma,Rajasthan,79712,89208,1.12,0,0,0,1,0.05,VERIFIED_VALID,0
FRAUD_IN_43210,Rohan Patil,Assam,139055,141594,1.02,0,0,0,4,0.19,VERIFIED_VALID,0
FRAUD_IN_43211,Preeti Gowda,Assam,268299,259657,0.97,0,0,0,4,0.19,VERIFIED_VALID,0
FRAUD_IN_43212,Ganesh Mishra,Maharashtra,108990,109905,1.01,0,0,0,4,0.17,VERIFIED_VALID,0
FRAUD_IN_43213,Ananya Das,Assam,423827,483396,1.14,0,0,0,3,0.06,VERIFIED_VALID,0
FRAUD_IN_43214,Geeta Yadav,Kerala,40419,41923,1.04,0,0,0,2,0.16,NOT_REQUIRED,0
FRAUD_IN_43215,Deepak Nair,West Bengal,46452,49758,1.07,0,0,0,1,0.14,VERIFIED_VALID,0
FRAUD_IN_43216,Rekha Banerjee,Karnataka,139602,141239,1.01,0,0,0,2,0.22,VERIFIED_VALID,0
FRAUD_IN_43217,Vikram Sheikh,Punjab,248873,1675216,6.73,1,1,1,8,0.82,SUSPICIOUS,1
FRAUD_IN_43218,Suresh Rao,Maharashtra,78189,80024,1.02,0,0,0,4,0.1,VERIFIED_VALID,0
FRAUD_IN_43219,Savita Chatterjee,Gujarat,419228,480131,1.15,0,0,0,4,0.13,VERIFIED_VALID,0
FRAUD_IN_43220,Ananya Das,Gujarat,400464,429775,1.07,0,0,0,2,0.16,VERIFIED_VALID,0
FRAUD_IN_43221,Lakshmi Singh,Uttar Pradesh,238855,240137,1.01,0,0,0,1,0.03,VERIFIED_VALID,0
FRAUD_IN_43222,Anil Joshi,Bihar,354810,398305,1.12,0,0,0,4,0.09,VERIFIED_VALID,0
FRAUD_IN_43223,Ganesh Verma,Gujarat,133206,135579,1.02,0,0,1,2,0.05,VERIFIED_VALID,0
FRAUD_IN_43224,Vikram Sheikh,West Bengal,97056,95841,0.99,0,0,0,4,0.21,VERIFIED_VALID,0
FRAUD_IN_43225,Savita Chaudhary,West Bengal,208035,236116,1.13,0,0,0,3,0.03,VERIFIED_VALID,0
FRAUD_IN_43226,Vijay Deshmukh,Maharashtra,144293,145088,1.01,0,0,0,2,0.03,NOT_REQUIRED,0
FRAUD_IN_43227,Rajesh Deshmukh,Karnataka,445997,426493,0.96,0,0,0,1,0.16,VERIFIED_VALID,0
FRAUD_IN_43228,Ananya Gowda,Bihar,210585,217020,1.03,0,0,1,2,0.17,VERIFIED_VALID,0
FRAUD_IN_43229,Manoj Yadav,Haryana,125460,142230,1.13,0,0,0,3,0.04,VERIFIED_VALID,0
FRAUD_IN_43230,Meena Sharma,Assam,316959,2246870,7.09,1,1,1,13,0.92,SUSPICIOUS,1
FRAUD_IN_43231,Rahul Das,West Bengal,37085,41380,1.12,0,0,0,2,0.18,VERIFIED_VALID,0
FRAUD_IN_43232,Vikram Kulkarni,Madhya Pradesh,169117,184227,1.09,0,0,0,4,0.17,VERIFIED_VALID,0
FRAUD_IN_43233,Meena Gowda,West Bengal,244338,265253,1.09,0,0,0,2,0.07,VERIFIED_VALID,0
FRAUD_IN_43234,Sunita Rao,Odisha,270141,249539,0.92,0,0,0,3,0.13,VERIFIED_VALID,0
FRAUD_IN_43235,Rahul Patil,Punjab,388401,369494,0.95,0,0,0,1,0.07,VERIFIED_VALID,0
FRAUD_IN_43236,Ayesha Banerjee,Punjab,362981,2292225,6.31,1,1,1,8,0.98,SUSPICIOUS,1
FRAUD_IN_43237,Ananya Sharma,Tamil Nadu,59212,204485,3.45,1,0,0,21,0.7,SUSPICIOUS,1
FRAUD_IN_43238,Lakshmi Patel,Karnataka,104491,104390,1.0,0,0,0,2,0.18,VERIFIED_VALID,0
FRAUD_IN_43239,Savita Singh,Kerala,275195,267220,0.97,0,0,0,3,0.05,VERIFIED_VALID,0
FRAUD_IN_43240,Sunita Chatterjee,Karnataka,115158,109183,0.95,0,0,0,3,0.17,VERIFIED_VALID,0
FRAUD_IN_43241,Meena Deshmukh,Haryana,155553,159282,1.02,0,0,0,1,0.15,VERIFIED_VALID,0
FRAUD_IN_43242,Pooja Verma,Gujarat,306201,283234,0.92,0,0,0,1,0.09,VERIFIED_VALID,0
FRAUD_IN_43243,Gurpreet Reddy,Rajasthan,344920,387262,1.12,0,0,0,3,0.18,VERIFIED_VALID,0
FRAUD_IN_43244,Sangeeta Banerjee,Uttar Pradesh,301605,324517,1.08,0,0,0,4,0.12,VERIFIED_VALID,0
FRAUD_IN_43245,Anita Das,Gujarat,106836,113525,1.06,0,0,0,4,0.03,VERIFIED_VALID,0
FRAUD_IN_43246,Kiran Yadav,Maharashtra,426429,483114,1.13,0,0,0,4,0.05,VERIFIED_VALID,0
FRAUD_IN_43247,Deepika Verma,Uttar Pradesh,132587,140817,1.06,0,0,0,3,0.2,VERIFIED_VALID,0
FRAUD_IN_43248,Neha Kumar,Assam,103108,97581,0.95,0,0,0,4,0.22,VERIFIED_VALID,0
FRAUD_IN_43249,Fatima Mishra,Karnataka,415266,396150,0.95,0,0,0,2,0.16,NOT_REQUIRED,0
FRAUD_IN_43250,Rahul Mehta,Punjab,376976,375686,1.0,0,0,0,4,0.09,VERIFIED_VALID,0
FRAUD_IN_43251,Savita Chatterjee,Gujarat,304447,293354,0.96,0,0,0,3,0.09,VERIFIED_VALID,0
FRAUD_IN_43252,Sanjay Gupta,Gujarat,74701,82932,1.11,0,0,0,1,0.16,VERIFIED_VALID,0
FRAUD_IN_43253,Neha Yadav,Maharashtra,226652,259113,1.14,0,0,0,1,0.05,NOT_REQUIRED,0
FRAUD_IN_43254,Sangeeta Yadav,Odisha,264922,257593,0.97,0,0,0,1,0.02,VERIFIED_VALID,0
FRAUD_IN_43255,Preeti Singh,Maharashtra,274736,313531,1.14,0,0,0,3,0.07,VERIFIED_VALID,0
FRAUD_IN_43256,Anita Nair,West Bengal,150120,156339,1.04,0,0,0,1,0.09,VERIFIED_VALID,0
FRAUD_IN_43257,Anil Reddy,West Bengal,132127,126553,0.96,0,0,1,2,0.19,VERIFIED_VALID,0
FRAUD_IN_43258,Karan Sharma,Uttar Pradesh,291324,285463,0.98,0,0,0,4,0.06,VERIFIED_VALID,0
FRAUD_IN_43259,Amit Verma,Gujarat,208746,207518,0.99,0,0,1,3,0.12,VERIFIED_VALID,0
FRAUD_IN_43260,Radha Patil,Maharashtra,89871,97142,1.08,0,0,0,3,0.05,VERIFIED_VALID,0
FRAUD_IN_43261,Gurpreet Gowda,Assam,308096,320006,1.04,0,0,0,3,0.13,VERIFIED_VALID,0
FRAUD_IN_43262,Priya Patel,Madhya Pradesh,41455,42171,1.02,0,0,0,1,0.02,NOT_REQUIRED,0
FRAUD_IN_43263,Arjun Joshi,Odisha,54074,56901,1.05,0,0,0,4,0.07,VERIFIED_VALID,0
FRAUD_IN_43264,Rohan Joshi,Kerala,448152,445805,0.99,0,0,0,3,0.11,VERIFIED_VALID,0
FRAUD_IN_43265,Ayesha Sharma,Punjab,346143,386674,1.12,0,0,0,2,0.16,VERIFIED_VALID,0
FRAUD_IN_43266,Anil Chaudhary,Gujarat,339910,318119,0.94,0,0,0,1,0.19,VERIFIED_VALID,0
FRAUD_IN_43267,Pooja Kaur,Assam,194568,215467,1.11,0,0,0,2,0.14,VERIFIED_VALID,0
FRAUD_IN_43268,Mamta Das,Odisha,388019,367989,0.95,0,0,0,1,0.08,VERIFIED_VALID,0
FRAUD_IN_43269,Vijay Sheikh,Karnataka,401037,453950,1.13,0,0,0,4,0.1,NOT_REQUIRED,0
FRAUD_IN_43270,Deepika Singh,Uttar Pradesh,127909,989116,7.73,1,1,0,11,0.93,SUSPICIOUS,1
FRAUD_IN_43271,Mohammed Nair,Maharashtra,201925,1704562,8.44,0,1,1,22,0.76,SUSPICIOUS,1
FRAUD_IN_43272,Rajesh Patil,Haryana,49547,54980,1.11,0,0,0,4,0.01,VERIFIED_VALID,0
FRAUD_IN_43273,Vikram Kumar,Madhya Pradesh,408473,379467,0.93,0,0,0,4,0.16,VERIFIED_VALID,0
FRAUD_IN_43274,Fatima Yadav,Maharashtra,359899,407135,1.13,0,0,0,4,0.06,VERIFIED_VALID,0
FRAUD_IN_43275,Sanjay Gupta,Assam,204552,214724,1.05,0,0,0,4,0.15,VERIFIED_VALID,0
FRAUD_IN_43276,Rohan Patel,Assam,196580,194664,0.99,0,0,0,4,0.2,NOT_REQUIRED,0
FRAUD_IN_43277,Kavita Nair,Madhya Pradesh,126561,143237,1.13,0,0,0,3,0.05,VERIFIED_VALID,0
FRAUD_IN_43278,Priya Chatterjee,Assam,306343,306441,1.0,0,0,0,4,0.16,NOT_REQUIRED,0
FRAUD_IN_43279,Priya Chaudhary,Rajasthan,191217,197423,1.03,0,0,0,3,0.19,VERIFIED_VALID,0
FRAUD_IN_43280,Mohammed Rao,Punjab,331087,2095707,6.33,0,0,0,20,0.99,FAKE_CERTIFICATE,1
FRAUD_IN_43281,Preeti Sheikh,Gujarat,288371,313393,1.09,0,0,0,4,0.19,NOT_REQUIRED,0
FRAUD_IN_43282,Tariq Gowda,Odisha,103123,104258,1.01,0,0,0,1,0.0,VERIFIED_VALID,0
FRAUD_IN_43283,Geeta Rao,Tamil Nadu,127764,469267,3.67,1,0,0,8,0.8,SUSPICIOUS,1
FRAUD_IN_43284,Ananya Deshmukh,Gujarat,424183,422879,1.0,0,0,0,2,0.04,NOT_REQUIRED,0
FRAUD_IN_43285,Ananya Gowda,Haryana,47576,45360,0.95,0,0,0,4,0.01,VERIFIED_VALID,0
FRAUD_IN_43286,Sanjay Nair,Tamil Nadu,410602,463575,1.13,0,0,0,3,0.16,VERIFIED_VALID,0
FRAUD_IN_43287,Amit Sheikh,Assam,39667,38265,0.96,0,0,0,2,0.2,VERIFIED_VALID,0
FRAUD_IN_43288,Dinesh Sharma,Rajasthan,97123,91896,0.95,0,0,0,1,0.19,VERIFIED_VALID,0
FRAUD_IN_43289,Manoj Yadav,Maharashtra,255052,269669,1.06,0,0,0,3,0.09,VERIFIED_VALID,0
FRAUD_IN_43290,Kavita Yadav,Karnataka,340132,364797,1.07,0,0,0,2,0.15,VERIFIED_VALID,0
FRAUD_IN_43291,Ayesha Deshmukh,Kerala,270627,290691,1.07,0,0,1,4,0.2,VERIFIED_VALID,0
FRAUD_IN_43292,Arjun Verma,Odisha,196167,188053,0.96,0,0,0,2,0.11,VERIFIED_VALID,0
FRAUD_IN_43293,Rajesh Sheikh,Rajasthan,246456,231610,0.94,0,0,0,4,0.01,VERIFIED_VALID,0
FRAUD_IN_43294,Priya Banerjee,Rajasthan,272562,257213,0.94,0,0,0,1,0.09,VERIFIED_VALID,0
FRAUD_IN_43295,Simran Chaudhary,Bihar,417064,423279,1.01,0,0,0,4,0.05,NOT_REQUIRED,0
FRAUD_IN_43296,Anil Gupta,Kerala,272018,302010,1.11,0,0,0,2,0.09,VERIFIED_VALID,0
FRAUD_IN_43297,Sujata Singh,Karnataka,35947,33161,0.92,0,0,0,4,0.16,VERIFIED_VALID,0
FRAUD_IN_43298,Dinesh Verma,Assam,345857,396702,1.15,0,0,0,4,0.21,VERIFIED_VALID,0
FRAUD_IN_43299,Pradeep Joshi,Bihar,91152,86164,0.95,0,0,0,2,0.04,VERIFIED_VALID,0
FRAUD_IN_43300,Rajesh Kaur,Maharashtra,37229,289315,7.77,1,1,1,12,0.97,UNVERIFIED,1
FRAUD_IN_43301,Sunita Kulkarni,Kerala,65722,73407,1.12,0,0,0,1,0.01,VERIFIED_VALID,0
FRAUD_IN_43302,Seema Sheikh,Bihar,144048,134316,0.93,0,0,1,2,0.11,VERIFIED_VALID,0
FRAUD_IN_43303,Sujata Deshmukh,Haryana,84243,322638,3.83,0,1,1,32,0.77,SUSPICIOUS,1
FRAUD_IN_43304,Rohan Reddy,Gujarat,159137,154158,0.97,0,0,0,1,0.21,VERIFIED_VALID,0
FRAUD_IN_43305,Fatima Patil,Odisha,35626,33956,0.95,0,0,0,4,0.09,VERIFIED_VALID,0
FRAUD_IN_43306,Bhavna Mishra,Assam,238217,239825,1.01,0,0,0,1,0.06,VERIFIED_VALID,0
FRAUD_IN_43307,Deepika Gowda,Haryana,319892,326063,1.02,0,0,0,2,0.15,VERIFIED_VALID,0
FRAUD_IN_43308,Tariq Gowda,Odisha,47993,49226,1.03,0,0,0,2,0.02,NOT_REQUIRED,0
FRAUD_IN_43309,Vikram Nair,Odisha,222340,247829,1.11,0,0,0,2,0.22,VERIFIED_VALID,0
FRAUD_IN_43310,Prakash Mishra,Odisha,423165,416302,0.98,0,0,0,1,0.11,VERIFIED_VALID,0
FRAUD_IN_43311,Preeti Banerjee,Tamil Nadu,117217,127469,1.09,0,0,0,3,0.18,VERIFIED_VALID,0
FRAUD_IN_43312,Rahul Reddy,Rajasthan,266904,945325,3.54,0,1,1,21,0.69,SUSPICIOUS,1
FRAUD_IN_43313,Ganesh Chatterjee,Tamil Nadu,167514,156598,0.93,0,0,0,4,0.01,VERIFIED_VALID,0
FRAUD_IN_43314,Manoj Sharma,Haryana,404753,383234,0.95,0,0,0,3,0.01,NOT_REQUIRED,0
FRAUD_IN_43315,Ananya Khan,Punjab,391157,394698,1.01,0,0,0,3,0.02,VERIFIED_VALID,0
FRAUD_IN_43316,Fatima Joshi,Uttar Pradesh,131903,422833,3.21,0,0,0,23,0.78,UNVERIFIED,1
FRAUD_IN_43317,Dinesh Khan,Rajasthan,73099,83395,1.14,0,0,0,3,0.2,NOT_REQUIRED,0
FRAUD_IN_43318,Rohan Yadav,Assam,298937,289123,0.97,0,0,0,3,0.12,VERIFIED_VALID,0
FRAUD_IN_43319,Rahul Yadav,Tamil Nadu,134991,141618,1.05,0,0,0,3,0.15,VERIFIED_VALID,0
FRAUD_IN_43320,Dinesh Sharma,West Bengal,360005,369649,1.03,0,0,0,4,0.04,VERIFIED_VALID,0
FRAUD_IN_43321,Mamta Das,Punjab,357067,332274,0.93,0,0,0,4,0.09,VERIFIED_VALID,0
FRAUD_IN_43322,Gurpreet Patil,West Bengal,204813,189030,0.92,0,0,0,1,0.15,NOT_REQUIRED,0
FRAUD_IN_43323,Mahesh Reddy,Rajasthan,205266,235240,1.15,0,0,0,1,0.22,VERIFIED_VALID,0
FRAUD_IN_43324,Mamta Patil,Maharashtra,272114,255467,0.94,0,0,0,4,0.12,NOT_REQUIRED,0
FRAUD_IN_43325,Radha Kaur,Rajasthan,148816,1151413,7.74,1,0,1,14,0.83,FAKE_CERTIFICATE,1
FRAUD_IN_43326,Simran Sharma,Gujarat,199465,200851,1.01,0,0,0,1,0.14,VERIFIED_VALID,0
FRAUD_IN_43327,Neha Kaur,Rajasthan,419058,402354,0.96,0,0,0,4,0.17,VERIFIED_VALID,0
FRAUD_IN_43328,Sangeeta Sheikh,West Bengal,393624,445299,1.13,0,0,0,1,0.03,VERIFIED_VALID,0
FRAUD_IN_43329,Preeti Das,Rajasthan,242304,231705,0.96,0,0,0,1,0.03,NOT_REQUIRED,0
FRAUD_IN_43330,Rohan Yadav,Kerala,296015,284369,0.96,0,0,0,2,0.02,VERIFIED_VALID,0
FRAUD_IN_43331,Mahesh Yadav,Uttar Pradesh,270275,251302,0.93,0,0,1,3,0.22,NOT_REQUIRED,0
FRAUD_IN_43332,Vikram Singh,Punjab,291845,284946,0.98,0,0,0,2,0.04,VERIFIED_VALID,0
FRAUD_IN_43333,Harpreet Sheikh,Kerala,139973,154904,1.11,0,0,0,4,0.08,NOT_REQUIRED,0
FRAUD_IN_43334,Manoj Deshmukh,Bihar,109364,102650,0.94,0,0,0,2,0.09,NOT_REQUIRED,0
FRAUD_IN_43335,Simran Mehta,Odisha,402484,427380,1.06,0,0,0,3,0.0,VERIFIED_VALID,0
FRAUD_IN_43336,Deepak Sheikh,Odisha,425496,409935,0.96,0,0,0,3,0.15,VERIFIED_VALID,0
FRAUD_IN_43337,Geeta Mehta,Tamil Nadu,300992,313118,1.04,0,0,0,3,0.08,VERIFIED_VALID,0
FRAUD_IN_43338,Shweta Patil,Gujarat,56916,60324,1.06,0,0,0,4,0.15,VERIFIED_VALID,0
FRAUD_IN_43339,Savita Mehta,Maharashtra,153765,155564,1.01,0,0,0,1,0.18,VERIFIED_VALID,0
FRAUD_IN_43340,Meena Kulkarni,Odisha,205049,218710,1.07,0,0,0,2,0.03,VERIFIED_VALID,0
FRAUD_IN_43341,Fatima Yadav,Gujarat,38638,39167,1.01,0,0,0,1,0.04,VERIFIED_VALID,0
FRAUD_IN_43342,Karan Banerjee,Karnataka,372072,382548,1.03,0,0,0,2,0.16,VERIFIED_VALID,0
FRAUD_IN_43343,Geeta Mehta,West Bengal,41141,38816,0.94,0,0,0,3,0.18,VERIFIED_VALID,0
FRAUD_IN_43344,Mamta Gupta,Madhya Pradesh,125841,144125,1.15,0,0,0,4,0.18,VERIFIED_VALID,0
FRAUD_IN_43345,Karan Kulkarni,Haryana,189952,179188,0.94,0,0,0,2,0.21,VERIFIED_VALID,0
FRAUD_IN_43346,Arjun Mehta,Bihar,416419,464049,1.11,0,0,0,3,0.05,VERIFIED_VALID,0
FRAUD_IN_43347,Sangeeta Chatterjee,Rajasthan,294335,276697,0.94,0,0,0,3,0.17,VERIFIED_VALID,0
FRAUD_IN_43348,Karan Patel,West Bengal,335198,361403,1.08,0,0,0,4,0.12,VERIFIED_VALID,0
FRAUD_IN_43349,Anil Singh,Assam,115727,107601,0.93,0,0,0,3,0.22,NOT_REQUIRED,0
FRAUD_IN_43350,Kavita Das,West Bengal,47230,43838,0.93,0,0,0,1,0.07,NOT_REQUIRED,0
FRAUD_IN_43351,Ayesha Chaudhary,Odisha,90804,373511,4.11,0,1,1,31,0.8,SUSPICIOUS,1
FRAUD_IN_43352,Mahesh Das,Odisha,48855,45841,0.94,0,0,0,3,0.2,VERIFIED_VALID,0
FRAUD_IN_43353,Rohan Chaudhary,Gujarat,94826,90037,0.95,0,0,0,3,0.0,VERIFIED_VALID,0
FRAUD_IN_43354,Rekha Reddy,Gujarat,445467,467254,1.05,0,0,0,2,0.15,VERIFIED_VALID,0
FRAUD_IN_43355,Meena Sheikh,Kerala,172292,180048,1.05,0,0,0,1,0.18,VERIFIED_VALID,0
FRAUD_IN_43356,Rekha Shah,Gujarat,326399,329953,1.01,0,0,0,4,0.13,VERIFIED_VALID,0
FRAUD_IN_43357,Ashok Sharma,Odisha,401149,383698,0.96,0,0,0,3,0.15,VERIFIED_VALID,0
FRAUD_IN_43358,Anita Gupta,Rajasthan,362322,372775,1.03,0,0,0,3,0.1,VERIFIED_VALID,0
FRAUD_IN_43359,Vijay Joshi,Gujarat,337146,353162,1.05,0,0,0,1,0.14,VERIFIED_VALID,0
FRAUD_IN_43360,Bhavna Patel,Uttar Pradesh,125801,121225,0.96,0,0,1,1,0.06,VERIFIED_VALID,0
FRAUD_IN_43361,Pooja Patel,Tamil Nadu,342745,2063304,6.02,1,0,1,31,0.74,SUSPICIOUS,1
FRAUD_IN_43362,Meena Chatterjee,Maharashtra,81879,75874,0.93,0,0,0,1,0.19,VERIFIED_VALID,0
FRAUD_IN_43363,Arjun Mishra,Gujarat,181525,179286,0.99,0,0,0,3,0.0,VERIFIED_VALID,0
FRAUD_IN_43364,Ramesh Mehta,Madhya Pradesh,157039,149990,0.96,0,0,0,1,0.12,VERIFIED_VALID,0
FRAUD_IN_43365,Prakash Kaur,Punjab,213322,1270302,5.95,1,1,0,33,0.86,SUSPICIOUS,1
FRAUD_IN_43366,Sanjay Chaudhary,Odisha,267284,301381,1.13,0,0,0,3,0.22,VERIFIED_VALID,0
FRAUD_IN_43367,Fatima Rao,Punjab,226551,1687691,7.45,1,1,1,27,0.98,SUSPICIOUS,1
FRAUD_IN_43368,Priya Kaur,Madhya Pradesh,176522,180908,1.02,0,0,0,2,0.08,VERIFIED_VALID,0
FRAUD_IN_43369,Arjun Verma,Madhya Pradesh,137501,148642,1.08,0,0,0,2,0.05,VERIFIED_VALID,0
FRAUD_IN_43370,Sangeeta Chaudhary,Kerala,235902,222696,0.94,0,0,0,4,0.08,VERIFIED_VALID,0
FRAUD_IN_43371,Kavita Sharma,Uttar Pradesh,160704,159178,0.99,0,0,0,2,0.13,VERIFIED_VALID,0
FRAUD_IN_43372,Sanjay Chaudhary,Gujarat,131600,123085,0.94,0,0,0,1,0.17,VERIFIED_VALID,0
FRAUD_IN_43373,Tariq Patel,Madhya Pradesh,207034,193283,0.93,0,0,0,1,0.07,VERIFIED_VALID,0
FRAUD_IN_43374,Vikram Reddy,Haryana,227389,238934,1.05,0,0,0,2,0.16,NOT_REQUIRED,0
FRAUD_IN_43375,Vijay Patil,Gujarat,220664,231208,1.05,0,0,0,1,0.02,NOT_REQUIRED,0
FRAUD_IN_43376,Sanjay Reddy,Kerala,433330,402557,0.93,0,0,1,3,0.01,VERIFIED_VALID,0
FRAUD_IN_43377,Ganesh Nair,Tamil Nadu,355135,366011,1.03,0,0,0,2,0.11,VERIFIED_VALID,0
FRAUD_IN_43378,Amit Chaudhary,Uttar Pradesh,223660,208332,0.93,0,0,0,1,0.18,VERIFIED_VALID,0
FRAUD_IN_43379,Deepak Verma,Gujarat,126356,128419,1.02,0,0,0,2,0.18,VERIFIED_VALID,0
FRAUD_IN_43380,Anita Sharma,Tamil Nadu,83065,91993,1.11,0,0,0,2,0.1,VERIFIED_VALID,0
FRAUD_IN_43381,Dinesh Mishra,Rajasthan,378008,3015873,7.98,1,0,1,17,0.72,SUSPICIOUS,1
FRAUD_IN_43382,Anil Banerjee,Madhya Pradesh,443642,485690,1.09,0,0,0,1,0.12,NOT_REQUIRED,0
FRAUD_IN_43383,Kavita Banerjee,Assam,35135,32813,0.93,0,0,0,1,0.17,VERIFIED_VALID,0
FRAUD_IN_43384,Sangeeta Rao,Maharashtra,381078,429193,1.13,0,0,0,2,0.18,VERIFIED_VALID,0
FRAUD_IN_43385,Sangeeta Chatterjee,Rajasthan,405420,428530,1.06,0,0,0,1,0.14,VERIFIED_VALID,0
FRAUD_IN_43386,Sangeeta Reddy,Odisha,449072,489837,1.09,0,0,0,4,0.21,VERIFIED_VALID,0
FRAUD_IN_43387,Vikram Mishra,Maharashtra,243880,251240,1.03,0,0,0,3,0.16,VERIFIED_VALID,0
FRAUD_IN_43388,Kavita Patel,Madhya Pradesh,162915,161956,0.99,0,0,0,1,0.12,VERIFIED_VALID,0
FRAUD_IN_43389,Lakshmi Yadav,Haryana,249372,256303,1.03,0,0,0,1,0.04,VERIFIED_VALID,0
FRAUD_IN_43390,Savita Sharma,Rajasthan,202951,232570,1.15,0,0,0,3,0.07,VERIFIED_VALID,0
FRAUD_IN_43391,Anil Patel,Assam,44932,47876,1.07,0,0,0,2,0.07,VERIFIED_VALID,0
FRAUD_IN_43392,Pradeep Verma,Maharashtra,56201,52807,0.94,0,0,0,4,0.07,VERIFIED_VALID,0
FRAUD_IN_43393,Karan Nair,Karnataka,326335,370497,1.14,0,0,0,4,0.11,NOT_REQUIRED,0
FRAUD_IN_43394,Karan Verma,Haryana,224561,218868,0.97,0,0,0,1,0.11,VERIFIED_VALID,0
FRAUD_IN_43395,Suresh Reddy,Punjab,46877,47658,1.02,0,0,0,1,0.07,VERIFIED_VALID,0
FRAUD_IN_43396,Deepak Banerjee,Bihar,60854,68885,1.13,0,0,0,4,0.22,VERIFIED_VALID,0
FRAUD_IN_43397,Amit Kaur,Uttar Pradesh,189144,185291,0.98,0,0,0,4,0.12,VERIFIED_VALID,0
FRAUD_IN_43398,Lakshmi Kulkarni,Assam,437006,464400,1.06,0,0,0,1,0.21,VERIFIED_VALID,0
FRAUD_IN_43399,Rekha Verma,Rajasthan,274833,1923014,7.0,1,1,0,11,0.96,SUSPICIOUS,1
FRAUD_IN_43400,Radha Rao,Punjab,43524,46556,1.07,0,0,0,2,0.08,VERIFIED_VALID,0
FRAUD_IN_43401,Simran Gowda,Haryana,295662,291921,0.99,0,0,0,4,0.21,VERIFIED_VALID,0
FRAUD_IN_43402,Mamta Patil,Haryana,355093,404152,1.14,0,0,0,2,0.04,VERIFIED_VALID,0
FRAUD_IN_43403,Radha Singh,West Bengal,346344,1940227,5.6,0,0,1,35,0.9,SUSPICIOUS,1
FRAUD_IN_43404,Ganesh Chaudhary,Kerala,416171,421916,1.01,0,0,0,4,0.0,VERIFIED_VALID,0
FRAUD_IN_43405,Gurpreet Kumar,West Bengal,431621,408577,0.95,0,0,1,4,0.19,VERIFIED_VALID,0
FRAUD_IN_43406,Sangeeta Das,Madhya Pradesh,194701,216548,1.11,0,0,0,1,0.12,VERIFIED_VALID,0
FRAUD_IN_43407,Preeti Chatterjee,West Bengal,287524,303321,1.05,0,0,0,2,0.16,VERIFIED_VALID,0
FRAUD_IN_43408,Gurpreet Gupta,Punjab,88820,98724,1.11,0,0,0,2,0.13,VERIFIED_VALID,0
FRAUD_IN_43409,Amit Patel,Rajasthan,240936,244953,1.02,0,0,0,2,0.1,NOT_REQUIRED,0
FRAUD_IN_43410,Kavita Kaur,Karnataka,128578,147714,1.15,0,0,0,4,0.18,VERIFIED_VALID,0
FRAUD_IN_43411,Ananya Patil,Rajasthan,310757,340471,1.1,0,0,0,2,0.11,VERIFIED_VALID,0
FRAUD_IN_43412,Neha Chatterjee,Karnataka,72305,82080,1.14,0,0,0,1,0.02,VERIFIED_VALID,0
FRAUD_IN_43413,Fatima Rao,Karnataka,303123,336883,1.11,0,0,0,4,0.18,NOT_REQUIRED,0
FRAUD_IN_43414,Mamta Mehta,Gujarat,162493,1258044,7.74,0,0,0,24,0.89,SUSPICIOUS,1
FRAUD_IN_43415,Savita Chaudhary,Tamil Nadu,445415,413384,0.93,0,0,0,3,0.13,VERIFIED_VALID,0
FRAUD_IN_43416,Vijay Deshmukh,Odisha,307737,346812,1.13,0,0,0,2,0.04,VERIFIED_VALID,0
FRAUD_IN_43417,Ashok Banerjee,Maharashtra,302759,287258,0.95,0,0,0,3,0.21,VERIFIED_VALID,0
FRAUD_IN_43418,Arjun Singh,West Bengal,225295,232086,1.03,0,0,0,4,0.1,NOT_REQUIRED,0
FRAUD_IN_43419,Mamta Sheikh,Odisha,87683,85708,0.98,0,0,0,2,0.07,VERIFIED_VALID,0
FRAUD_IN_43420,Mohammed Kulkarni,Uttar Pradesh,385225,388464,1.01,0,0,0,3,0.11,VERIFIED_VALID,0
FRAUD_IN_43421,Mohammed Verma,Gujarat,185429,196410,1.06,0,0,0,3,0.1,VERIFIED_VALID,0
FRAUD_IN_43422,Ananya Khan,Maharashtra,280399,272319,0.97,0,0,0,4,0.14,VERIFIED_VALID,0
FRAUD_IN_43423,Sanjay Gowda,Kerala,261371,300566,1.15,0,0,0,1,0.06,VERIFIED_VALID,0
FRAUD_IN_43424,Pooja Patel,Uttar Pradesh,196223,185542,0.95,0,0,1,1,0.15,VERIFIED_VALID,0
FRAUD_IN_43425,Amit Khan,Rajasthan,40493,40005,0.99,0,0,0,2,0.06,VERIFIED_VALID,0
FRAUD_IN_43426,Mohammed Gowda,Tamil Nadu,418837,388232,0.93,0,0,0,2,0.12,VERIFIED_VALID,0
FRAUD_IN_43427,Ramesh Mishra,Madhya Pradesh,244737,244791,1.0,0,0,0,4,0.18,NOT_REQUIRED,0
FRAUD_IN_43428,Amit Mishra,West Bengal,354957,378987,1.07,0,0,0,3,0.06,VERIFIED_VALID,0
FRAUD_IN_43429,Preeti Khan,Maharashtra,298697,332897,1.11,0,0,0,4,0.18,VERIFIED_VALID,0
FRAUD_IN_43430,Karan Yadav,Gujarat,236899,234719,0.99,0,0,0,2,0.17,NOT_REQUIRED,0
FRAUD_IN_43431,Harpreet Banerjee,Kerala,132364,123860,0.94,0,0,0,2,0.09,VERIFIED_VALID,0
FRAUD_IN_43432,Bhavna Rao,Haryana,433238,437862,1.01,0,0,0,3,0.2,VERIFIED_VALID,0
FRAUD_IN_43433,Mahesh Patil,Haryana,413563,399694,0.97,0,0,0,3,0.14,VERIFIED_VALID,0
FRAUD_IN_43434,Lakshmi Deshmukh,Rajasthan,285151,296501,1.04,0,0,0,2,0.02,VERIFIED_VALID,0
FRAUD_IN_43435,Pradeep Reddy,Kerala,94969,92325,0.97,0,0,0,1,0.15,NOT_REQUIRED,0
FRAUD_IN_43436,Rekha Mishra,Tamil Nadu,354257,372488,1.05,0,0,0,4,0.06,NOT_REQUIRED,0
FRAUD_IN_43437,Deepak Singh,Karnataka,151228,157961,1.04,0,0,0,1,0.01,NOT_REQUIRED,0
FRAUD_IN_43438,Radha Das,Uttar Pradesh,212906,202520,0.95,0,0,0,2,0.16,NOT_REQUIRED,0
FRAUD_IN_43439,Meena Mishra,Rajasthan,418620,406058,0.97,0,0,0,3,0.03,VERIFIED_VALID,0
FRAUD_IN_43440,Savita Joshi,Tamil Nadu,433885,451184,1.04,0,0,0,4,0.07,NOT_REQUIRED,0
FRAUD_IN_43441,Kiran Singh,Tamil Nadu,386552,434434,1.12,0,0,0,4,0.01,VERIFIED_VALID,0
FRAUD_IN_43442,Mamta Banerjee,Tamil Nadu,161741,627555,3.88,1,1,0,33,0.81,UNVERIFIED,1
FRAUD_IN_43443,Bhavna Gowda,Odisha,170814,192450,1.13,0,0,0,4,0.07,VERIFIED_VALID,0
FRAUD_IN_43444,Rajesh Yadav,Bihar,100251,102264,1.02,0,0,0,3,0.06,NOT_REQUIRED,0
FRAUD_IN_43445,Sunita Reddy,Punjab,394235,434454,1.1,0,0,0,2,0.21,VERIFIED_VALID,0
FRAUD_IN_43446,Vijay Chatterjee,Bihar,305090,320595,1.05,0,0,0,4,0.1,VERIFIED_VALID,0
FRAUD_IN_43447,Fatima Reddy,Odisha,312543,316839,1.01,0,0,0,3,0.11,VERIFIED_VALID,0
FRAUD_IN_43448,Mohammed Kaur,Punjab,324723,330405,1.02,0,0,0,1,0.12,NOT_REQUIRED,0
FRAUD_IN_43449,Sanjay Verma,Assam,41399,46185,1.12,0,0,0,3,0.06,VERIFIED_VALID,0
FRAUD_IN_43450,Deepika Banerjee,Madhya Pradesh,391214,394232,1.01,0,0,0,4,0.22,VERIFIED_VALID,0
FRAUD_IN_43451,Ganesh Banerjee,Uttar Pradesh,182945,198436,1.08,0,0,0,1,0.15,NOT_REQUIRED,0
FRAUD_IN_43452,Fatima Gowda,Uttar Pradesh,317965,346283,1.09,0,0,0,2,0.07,NOT_REQUIRED,0
FRAUD_IN_43453,Kavita Khan,Gujarat,89815,84690,0.94,0,0,1,2,0.12,VERIFIED_VALID,0
FRAUD_IN_43454,Rahul Chaudhary,Bihar,314938,297618,0.95,0,0,0,3,0.06,VERIFIED_VALID,0
FRAUD_IN_43455,Vikram Patil,Maharashtra,421546,399616,0.95,0,0,0,4,0.16,VERIFIED_VALID,0
FRAUD_IN_43456,Rohan Deshmukh,West Bengal,348531,382885,1.1,0,0,0,1,0.05,VERIFIED_VALID,0
FRAUD_IN_43457,Lakshmi Kaur,Uttar Pradesh,52532,53146,1.01,0,0,0,3,0.03,NOT_REQUIRED,0
FRAUD_IN_43458,Ayesha Reddy,Bihar,445312,470119,1.06,0,0,0,4,0.05,VERIFIED_VALID,0
FRAUD_IN_43459,Rohan Gupta,Tamil Nadu,435663,407503,0.94,0,0,0,2,0.17,VERIFIED_VALID,0
FRAUD_IN_43460,Sanjay Yadav,West Bengal,345847,367701,1.06,0,0,0,1,0.04,VERIFIED_VALID,0
FRAUD_IN_43461,Sanjay Mehta,Rajasthan,314071,334830,1.07,0,0,0,4,0.17,VERIFIED_VALID,0
FRAUD_IN_43462,Lakshmi Patil,Tamil Nadu,425479,463429,1.09,0,0,0,3,0.2,VERIFIED_VALID,0
FRAUD_IN_43463,Rekha Chaudhary,Uttar Pradesh,116294,132138,1.14,0,0,0,3,0.18,VERIFIED_VALID,0
FRAUD_IN_43464,Karan Kumar,Haryana,69982,67305,0.96,0,0,0,4,0.19,VERIFIED_VALID,0
FRAUD_IN_43465,Priya Reddy,Bihar,43970,49359,1.12,0,0,0,1,0.2,NOT_REQUIRED,0
FRAUD_IN_43466,Ayesha Khan,Kerala,395662,437145,1.1,0,0,0,4,0.21,VERIFIED_VALID,0
FRAUD_IN_43467,Dinesh Verma,Karnataka,442721,455613,1.03,0,0,0,4,0.0,VERIFIED_VALID,0
FRAUD_IN_43468,Shweta Banerjee,Maharashtra,114352,109656,0.96,0,0,0,1,0.03,VERIFIED_VALID,0
FRAUD_IN_43469,Preeti Shah,Haryana,361630,405516,1.12,0,0,0,3,0.22,VERIFIED_VALID,0
FRAUD_IN_43470,Anil Deshmukh,Kerala,58243,175726,3.02,1,1,1,30,0.8,FAKE_CERTIFICATE,1
FRAUD_IN_43471,Sunita Khan,Kerala,197190,189982,0.96,0,0,0,2,0.12,NOT_REQUIRED,0
FRAUD_IN_43472,Kavita Nair,Gujarat,266603,1291185,4.84,1,0,1,11,0.83,SUSPICIOUS,1
FRAUD_IN_43473,Ananya Shah,Odisha,428247,435901,1.02,0,0,0,4,0.0,NOT_REQUIRED,0
FRAUD_IN_43474,Kavita Kaur,Assam,103621,97750,0.94,0,0,0,2,0.13,VERIFIED_VALID,0
FRAUD_IN_43475,Anita Joshi,Gujarat,214455,199094,0.93,0,0,0,3,0.02,VERIFIED_VALID,0
FRAUD_IN_43476,Pooja Chatterjee,Tamil Nadu,85654,88791,1.04,0,0,0,4,0.07,NOT_REQUIRED,0
FRAUD_IN_43477,Deepika Nair,Odisha,93251,92609,0.99,0,0,0,3,0.21,VERIFIED_VALID,0
FRAUD_IN_43478,Neha Chaudhary,Karnataka,115501,124322,1.08,0,0,0,1,0.02,VERIFIED_VALID,0
FRAUD_IN_43479,Rohan Mishra,Maharashtra,101477,115978,1.14,0,0,0,2,0.22,VERIFIED_VALID,0
FRAUD_IN_43480,Preeti Patil,Assam,356503,388542,1.09,0,0,0,1,0.08,VERIFIED_VALID,0
FRAUD_IN_43481,Vijay Banerjee,Punjab,218404,248564,1.14,0,0,0,2,0.01,VERIFIED_VALID,0
FRAUD_IN_43482,Kiran Rao,Bihar,384141,401165,1.04,0,0,0,2,0.22,VERIFIED_VALID,0
FRAUD_IN_43483,Harpreet Das,Gujarat,320625,297516,0.93,0,0,0,3,0.01,VERIFIED_VALID,0
FRAUD_IN_43484,Rahul Khan,Haryana,292722,335373,1.15,0,0,0,2,0.16,VERIFIED_VALID,0
FRAUD_IN_43485,Sangeeta Das,Odisha,392148,392152,1.0,0,0,0,2,0.12,VERIFIED_VALID,0
FRAUD_IN_43486,Meena Das,Rajasthan,51442,50283,0.98,0,0,0,2,0.2,VERIFIED_VALID,0
FRAUD_IN_43487,Deepak Das,Haryana,238361,1838546,7.71,0,1,1,34,0.87,SUSPICIOUS,1
FRAUD_IN_43488,Manoj Kaur,Punjab,251050,243500,0.97,0,0,0,1,0.13,VERIFIED_VALID,0
FRAUD_IN_43489,Harpreet Kumar,Haryana,218302,207975,0.95,0,0,0,4,0.02,VERIFIED_VALID,0
FRAUD_IN_43490,Vijay Chaudhary,Madhya Pradesh,292977,271264,0.93,0,0,1,4,0.12,VERIFIED_VALID,0
FRAUD_IN_43491,Simran Nair,Odisha,289136,962454,3.33,1,0,1,17,0.76,FAKE_CERTIFICATE,1
FRAUD_IN_43492,Kavita Deshmukh,Uttar Pradesh,190762,181333,0.95,0,0,0,2,0.08,VERIFIED_VALID,0
FRAUD_IN_43493,Ayesha Sharma,Rajasthan,280830,273987,0.98,0,0,0,2,0.01,NOT_REQUIRED,0
FRAUD_IN_43494,Kavita Joshi,Gujarat,443624,501804,1.13,0,0,0,2,0.1,NOT_REQUIRED,0
FRAUD_IN_43495,Manoj Das,Haryana,70104,74634,1.06,0,0,0,1,0.12,NOT_REQUIRED,0
FRAUD_IN_43496,Ananya Joshi,Gujarat,129967,142603,1.1,0,0,0,1,0.03,VERIFIED_VALID,0
FRAUD_IN_43497,Mamta Chatterjee,Odisha,66801,72719,1.09,0,0,0,1,0.17,VERIFIED_VALID,0
FRAUD_IN_43498,Manoj Kumar,Maharashtra,123557,119618,0.97,0,0,0,1,0.12,VERIFIED_VALID,0
FRAUD_IN_43499,Amit Joshi,Bihar,118758,130343,1.1,0,0,0,2,0.09,VERIFIED_VALID,0
FRAUD_IN_43500,Meena Mehta,Maharashtra,45033,44735,0.99,0,0,0,4,0.02,NOT_REQUIRED,0
FRAUD_IN_43501,Sujata Mehta,Rajasthan,406233,435953,1.07,0,0,0,1,0.08,VERIFIED_VALID,0
FRAUD_IN_43502,Ashok Deshmukh,Maharashtra,415944,386048,0.93,0,0,0,4,0.16,VERIFIED_VALID,0
FRAUD_IN_43503,Ramesh Rao,Haryana,128759,121081,0.94,0,0,0,1,0.12,NOT_REQUIRED,0
FRAUD_IN_43504,Tariq Kumar,Haryana,394298,392533,1.0,0,0,0,2,0.08,NOT_REQUIRED,0
FRAUD_IN_43505,Preeti Banerjee,Madhya Pradesh,355462,366168,1.03,0,0,0,2,0.12,VERIFIED_VALID,0
FRAUD_IN_43506,Vikram Kaur,Gujarat,430503,485429,1.13,0,0,0,3,0.02,VERIFIED_VALID,0
FRAUD_IN_43507,Kiran Reddy,Haryana,410986,411094,1.0,0,0,0,3,0.1,VERIFIED_VALID,0
FRAUD_IN_43508,Pooja Das,Odisha,284333,274700,0.97,0,0,0,3,0.06,VERIFIED_VALID,0
FRAUD_IN_43509,Pradeep Mehta,Gujarat,381865,358053,0.94,0,0,0,4,0.18,VERIFIED_VALID,0
FRAUD_IN_43510,Ramesh Yadav,Uttar Pradesh,335646,359123,1.07,0,0,0,3,0.02,VERIFIED_VALID,0
FRAUD_IN_43511,Sunita Mehta,Bihar,93468,506424,5.42,0,0,1,19,0.91,UNVERIFIED,1
FRAUD_IN_43512,Pradeep Sharma,Haryana,259824,273380,1.05,0,0,0,3,0.12,VERIFIED_VALID,0
FRAUD_IN_43513,Karan Deshmukh,Madhya Pradesh,331206,337034,1.02,0,0,0,2,0.1,VERIFIED_VALID,0
FRAUD_IN_43514,Arjun Mishra,West Bengal,274351,2056043,7.49,1,1,1,27,0.85,UNVERIFIED,1
FRAUD_IN_43515,Sunita Shah,Bihar,192305,180186,0.94,0,0,0,1,0.11,VERIFIED_VALID,0
FRAUD_IN_43516,Pooja Gowda,Haryana,392592,421262,1.07,0,0,0,4,0.2,VERIFIED_VALID,0
FRAUD_IN_43517,Kavita Kulkarni,Uttar Pradesh,448387,455462,1.02,0,0,0,3,0.06,VERIFIED_VALID,0
FRAUD_IN_43518,Priya Das,West Bengal,53235,58405,1.1,0,0,0,2,0.16,NOT_REQUIRED,0
FRAUD_IN_43519,Amit Joshi,Tamil Nadu,70515,75908,1.08,0,0,0,4,0.1,NOT_REQUIRED,0
FRAUD_IN_43520,Sujata Chatterjee,Assam,60659,63152,1.04,0,0,0,2,0.17,VERIFIED_VALID,0
FRAUD_IN_43521,Ananya Yadav,Tamil Nadu,136932,151012,1.1,0,0,0,2,0.09,NOT_REQUIRED,0
FRAUD_IN_43522,Gurpreet Mehta,Madhya Pradesh,402214,445717,1.11,0,0,0,2,0.0,NOT_REQUIRED,0
FRAUD_IN_43523,Bhavna Kumar,Kerala,187944,196952,1.05,0,0,0,4,0.07,VERIFIED_VALID,0
FRAUD_IN_43524,Rahul Patil,Haryana,408776,390346,0.95,0,0,0,4,0.03,VERIFIED_VALID,0
FRAUD_IN_43525,Savita Rao,Maharashtra,201018,218291,1.09,0,0,0,4,0.08,NOT_REQUIRED,0
FRAUD_IN_43526,Deepika Singh,West Bengal,94115,93961,1.0,0,0,0,3,0.01,VERIFIED_VALID,0
FRAUD_IN_43527,Rekha Das,Bihar,306131,349203,1.14,0,0,0,2,0.13,VERIFIED_VALID,0
FRAUD_IN_43528,Kiran Gowda,Gujarat,255653,1117473,4.37,0,0,1,16,0.75,FAKE_CERTIFICATE,1
FRAUD_IN_43529,Sunita Joshi,Maharashtra,302286,329026,1.09,0,0,0,3,0.02,VERIFIED_VALID,0
FRAUD_IN_43530,Vikram Sharma,Haryana,377815,423926,1.12,0,0,0,4,0.11,NOT_REQUIRED,0
FRAUD_IN_43531,Deepika Patel,Gujarat,440308,2935900,6.67,0,0,0,33,0.8,FAKE_CERTIFICATE,1
FRAUD_IN_43532,Ananya Shah,West Bengal,189138,1311939,6.94,1,0,0,29,0.92,SUSPICIOUS,1
FRAUD_IN_43533,Suresh Khan,Assam,366737,382432,1.04,0,0,0,4,0.01,VERIFIED_VALID,0
FRAUD_IN_43534,Anil Patil,Punjab,158248,163799,1.04,0,0,0,3,0.1,VERIFIED_VALID,0
FRAUD_IN_43535,Dinesh Khan,Gujarat,61394,64927,1.06,0,0,0,1,0.08,VERIFIED_VALID,0
FRAUD_IN_43536,Mahesh Das,West Bengal,138180,157723,1.14,0,0,0,1,0.12,VERIFIED_VALID,0
FRAUD_IN_43537,Anil Khan,Haryana,107559,112701,1.05,0,0,0,1,0.12,VERIFIED_VALID,0
FRAUD_IN_43538,Vijay Das,Assam,212170,206908,0.98,0,0,0,2,0.05,NOT_REQUIRED,0
FRAUD_IN_43539,Kavita Yadav,West Bengal,157582,155750,0.99,0,0,0,2,0.21,NOT_REQUIRED,0
FRAUD_IN_43540,Kiran Khan,Gujarat,299170,277840,0.93,0,0,1,2,0.08,VERIFIED_VALID,0
FRAUD_IN_43541,Mahesh Yadav,Kerala,426987,3608960,8.45,1,0,1,16,0.9,SUSPICIOUS,1
FRAUD_IN_43542,Sunita Das,Kerala,411510,454761,1.11,0,0,0,3,0.05,VERIFIED_VALID,0
FRAUD_IN_43543,Sangeeta Sheikh,Punjab,265918,276951,1.04,0,0,0,2,0.09,VERIFIED_VALID,0
FRAUD_IN_43544,Neha Mehta,Haryana,328532,326408,0.99,0,0,0,3,0.14,VERIFIED_VALID,0
FRAUD_IN_43545,Suresh Gowda,Madhya Pradesh,177560,190625,1.07,0,0,0,3,0.12,VERIFIED_VALID,0
FRAUD_IN_43546,Sangeeta Kulkarni,Maharashtra,350875,377486,1.08,0,0,0,4,0.11,VERIFIED_VALID,0
FRAUD_IN_43547,Dinesh Chatterjee,Kerala,352191,2302263,6.54,0,0,1,15,0.92,SUSPICIOUS,1
FRAUD_IN_43548,Karan Shah,Kerala,347511,385630,1.11,0,0,0,2,0.03,VERIFIED_VALID,0
FRAUD_IN_43549,Deepika Das,Maharashtra,296534,1741175,5.87,1,1,1,25,0.8,SUSPICIOUS,1
FRAUD_IN_43550,Prakash Verma,Haryana,115563,114573,0.99,0,0,0,2,0.17,VERIFIED_VALID,0
FRAUD_IN_43551,Deepika Deshmukh,Haryana,343474,377664,1.1,0,0,0,4,0.04,VERIFIED_VALID,0
FRAUD_IN_43552,Meena Yadav,Odisha,387239,390694,1.01,0,0,0,4,0.2,VERIFIED_VALID,0
FRAUD_IN_43553,Radha Banerjee,Kerala,410578,2607407,6.35,0,0,0,15,0.69,SUSPICIOUS,1
FRAUD_IN_43554,Deepak Shah,Odisha,219514,213625,0.97,0,0,0,3,0.09,VERIFIED_VALID,0
FRAUD_IN_43555,Ananya Verma,Maharashtra,237825,254189,1.07,0,0,0,2,0.02,VERIFIED_VALID,0
FRAUD_IN_43556,Anil Sharma,Punjab,192412,213839,1.11,0,0,0,1,0.1,VERIFIED_VALID,0
FRAUD_IN_43557,Sunil Reddy,Assam,200477,195142,0.97,0,0,0,4,0.17,VERIFIED_VALID,0
FRAUD_IN_43558,Mamta Banerjee,Assam,326998,366339,1.12,0,0,0,3,0.07,VERIFIED_VALID,0
FRAUD_IN_43559,Sunita Mehta,Bihar,383080,374799,0.98,0,0,0,1,0.18,VERIFIED_VALID,0
FRAUD_IN_43560,Sangeeta Kaur,Odisha,161453,174779,1.08,0,0,0,2,0.03,VERIFIED_VALID,0
FRAUD_IN_43561,Dinesh Rao,Karnataka,415468,420107,1.01,0,0,0,2,0.19,VERIFIED_VALID,0
FRAUD_IN_43562,Rahul Sharma,Rajasthan,81123,85496,1.05,0,0,0,1,0.15,NOT_REQUIRED,0
FRAUD_IN_43563,Arjun Kulkarni,Uttar Pradesh,216560,1501005,6.93,1,0,1,15,0.89,SUSPICIOUS,1
FRAUD_IN_43564,Pooja Shah,Madhya Pradesh,45348,49354,1.09,0,0,0,3,0.2,VERIFIED_VALID,0
FRAUD_IN_43565,Rohan Chatterjee,Madhya Pradesh,58212,56493,0.97,0,0,0,2,0.05,NOT_REQUIRED,0
FRAUD_IN_43566,Ramesh Joshi,Maharashtra,97223,90908,0.94,0,0,0,2,0.19,VERIFIED_VALID,0
FRAUD_IN_43567,Vijay Nair,Bihar,71804,307233,4.28,0,1,0,32,0.68,UNVERIFIED,1
FRAUD_IN_43568,Suresh Chaudhary,Bihar,154229,171123,1.11,0,0,0,4,0.11,VERIFIED_VALID,0
FRAUD_IN_43569,Anil Patil,Rajasthan,354621,383469,1.08,0,0,0,3,0.12,VERIFIED_VALID,0
FRAUD_IN_43570,Anita Gowda,Kerala,108401,106015,0.98,0,0,0,3,0.03,VERIFIED_VALID,0
FRAUD_IN_43571,Kiran Verma,Tamil Nadu,187409,176687,0.94,0,0,0,2,0.11,VERIFIED_VALID,0
FRAUD_IN_43572,Karan Chatterjee,Haryana,205776,209538,1.02,0,0,0,4,0.22,VERIFIED_VALID,0
FRAUD_IN_43573,Rahul Verma,Odisha,394009,386768,0.98,0,0,0,1,0.02,NOT_REQUIRED,0
FRAUD_IN_43574,Mohammed Kaur,Gujarat,247557,256523,1.04,0,0,0,1,0.2,VERIFIED_VALID,0
FRAUD_IN_43575,Rohan Chaudhary,Uttar Pradesh,210389,212870,1.01,0,0,0,2,0.12,VERIFIED_VALID,0
FRAUD_IN_43576,Mohammed Mehta,Haryana,383637,354970,0.93,0,0,0,1,0.1,VERIFIED_VALID,0
FRAUD_IN_43577,Sunil Chaudhary,Maharashtra,159115,162581,1.02,0,0,0,3,0.21,VERIFIED_VALID,0
FRAUD_IN_43578,Mahesh Patel,Odisha,72916,74569,1.02,0,0,0,4,0.12,NOT_REQUIRED,0
FRAUD_IN_43579,Ganesh Deshmukh,Uttar Pradesh,387738,2830041,7.3,0,0,1,31,0.81,SUSPICIOUS,1
FRAUD_IN_43580,Geeta Rao,Karnataka,227625,260925,1.15,0,0,0,1,0.13,NOT_REQUIRED,0
FRAUD_IN_43581,Neha Yadav,Punjab,86339,81687,0.95,0,0,0,1,0.03,VERIFIED_VALID,0
FRAUD_IN_43582,Savita Chaudhary,Haryana,62253,60160,0.97,0,0,0,2,0.01,VERIFIED_VALID,0
FRAUD_IN_43583,Neha Das,Assam,267847,277654,1.04,0,0,0,4,0.04,VERIFIED_VALID,0
FRAUD_IN_43584,Suresh Chatterjee,Madhya Pradesh,342132,367566,1.07,0,0,0,1,0.17,VERIFIED_VALID,0
FRAUD_IN_43585,Kavita Yadav,Haryana,400412,419033,1.05,0,0,0,2,0.01,VERIFIED_VALID,0
FRAUD_IN_43586,Suresh Verma,West Bengal,56154,55832,0.99,0,0,0,2,0.13,VERIFIED_VALID,0
FRAUD_IN_43587,Tariq Singh,Tamil Nadu,137845,137426,1.0,0,0,0,1,0.09,VERIFIED_VALID,0
FRAUD_IN_43588,Kiran Sharma,Bihar,428325,443344,1.04,0,0,0,3,0.18,VERIFIED_VALID,0
FRAUD_IN_43589,Pooja Banerjee,Tamil Nadu,419935,408509,0.97,0,0,0,2,0.09,VERIFIED_VALID,0
FRAUD_IN_43590,Meena Gupta,Madhya Pradesh,95514,99399,1.04,0,0,0,4,0.14,VERIFIED_VALID,0
FRAUD_IN_43591,Pooja Kulkarni,Odisha,146254,144595,0.99,0,0,0,2,0.13,VERIFIED_VALID,0
FRAUD_IN_43592,Seema Kumar,Gujarat,374228,426427,1.14,0,0,0,3,0.11,VERIFIED_VALID,0
FRAUD_IN_43593,Sangeeta Singh,Tamil Nadu,288145,291868,1.01,0,0,0,2,0.07,VERIFIED_VALID,0
FRAUD_IN_43594,Karan Joshi,Kerala,344579,333501,0.97,0,0,0,1,0.22,VERIFIED_VALID,0
FRAUD_IN_43595,Dinesh Mishra,Uttar Pradesh,389877,392681,1.01,0,0,0,1,0.09,VERIFIED_VALID,0
FRAUD_IN_43596,Sunil Mishra,Gujarat,422511,1214122,2.87,0,1,0,35,0.69,FAKE_CERTIFICATE,1
FRAUD_IN_43597,Pooja Nair,Karnataka,117113,130014,1.11,0,0,0,3,0.17,VERIFIED_VALID,0
FRAUD_IN_43598,Ashok Mishra,Gujarat,110692,114760,1.04,0,0,0,1,0.19,VERIFIED_VALID,0
FRAUD_IN_43599,Mahesh Nair,Maharashtra,50148,52220,1.04,0,0,0,3,0.02,VERIFIED_VALID,0
FRAUD_IN_43600,Mohammed Kulkarni,Odisha,323317,1681044,5.2,0,1,0,13,0.9,FAKE_CERTIFICATE,1
FRAUD_IN_43601,Suresh Chatterjee,Rajasthan,68317,73104,1.07,0,0,0,4,0.13,VERIFIED_VALID,0
FRAUD_IN_43602,Sunil Kulkarni,Kerala,345875,387146,1.12,0,0,0,2,0.07,VERIFIED_VALID,0
FRAUD_IN_43603,Geeta Banerjee,Rajasthan,100090,96114,0.96,0,0,0,4,0.05,VERIFIED_VALID,0
FRAUD_IN_43604,Mahesh Sheikh,Haryana,327539,321937,0.98,0,0,0,1,0.09,VERIFIED_VALID,0
FRAUD_IN_43605,Sunil Nair,Rajasthan,438502,407335,0.93,0,0,0,4,0.05,VERIFIED_VALID,0
FRAUD_IN_43606,Ganesh Singh,West Bengal,70943,72113,1.02,0,0,0,1,0.11,VERIFIED_VALID,0
FRAUD_IN_43607,Prakash Singh,Assam,50801,56690,1.12,0,0,1,2,0.04,VERIFIED_VALID,0
FRAUD_IN_43608,Mamta Yadav,Kerala,364421,394795,1.08,0,0,0,4,0.19,VERIFIED_VALID,0
FRAUD_IN_43609,Mamta Das,Assam,392283,398453,1.02,0,0,0,4,0.06,VERIFIED_VALID,0
FRAUD_IN_43610,Vikram Mehta,Kerala,255632,240286,0.94,0,0,0,3,0.21,NOT_REQUIRED,0
FRAUD_IN_43611,Deepika Shah,Bihar,161496,185150,1.15,0,0,1,2,0.13,NOT_REQUIRED,0
FRAUD_IN_43612,Ashok Chaudhary,Gujarat,240146,221594,0.92,0,0,0,1,0.05,VERIFIED_VALID,0
FRAUD_IN_43613,Karan Kaur,Assam,414501,419276,1.01,0,0,0,1,0.14,VERIFIED_VALID,0
FRAUD_IN_43614,Radha Mehta,Madhya Pradesh,297731,280318,0.94,0,0,0,4,0.05,VERIFIED_VALID,0
FRAUD_IN_43615,Anita Gowda,Tamil Nadu,364972,406467,1.11,0,0,0,2,0.17,VERIFIED_VALID,0
FRAUD_IN_43616,Sujata Sharma,Madhya Pradesh,221337,204680,0.92,0,0,0,2,0.03,VERIFIED_VALID,0
FRAUD_IN_43617,Kavita Chatterjee,West Bengal,437508,476795,1.09,0,0,0,2,0.03,NOT_REQUIRED,0
FRAUD_IN_43618,Tariq Kumar,Gujarat,60643,63953,1.05,0,0,0,2,0.17,VERIFIED_VALID,0
FRAUD_IN_43619,Shweta Singh,Uttar Pradesh,258175,271571,1.05,0,0,0,4,0.04,VERIFIED_VALID,0
FRAUD_IN_43620,Harpreet Mehta,Bihar,168720,169158,1.0,0,0,0,1,0.16,VERIFIED_VALID,0
FRAUD_IN_43621,Pooja Verma,Maharashtra,94892,108339,1.14,0,0,0,3,0.01,VERIFIED_VALID,0
FRAUD_IN_43622,Rahul Verma,Odisha,161595,181643,1.12,0,0,1,1,0.13,VERIFIED_VALID,0
FRAUD_IN_43623,Simran Shah,Gujarat,440374,435555,0.99,0,0,0,1,0.17,VERIFIED_VALID,0
FRAUD_IN_43624,Priya Khan,Tamil Nadu,404797,419823,1.04,0,0,0,3,0.03,VERIFIED_VALID,0
FRAUD_IN_43625,Sunil Yadav,Punjab,430170,436486,1.01,0,0,0,3,0.12,NOT_REQUIRED,0
FRAUD_IN_43626,Mahesh Chatterjee,Madhya Pradesh,266642,249378,0.94,0,0,0,2,0.01,VERIFIED_VALID,0
FRAUD_IN_43627,Seema Rao,West Bengal,313660,318377,1.02,0,0,0,1,0.11,NOT_REQUIRED,0
FRAUD_IN_43628,Rajesh Banerjee,Tamil Nadu,426023,399298,0.94,0,0,0,3,0.02,VERIFIED_VALID,0
FRAUD_IN_43629,Rahul Verma,Punjab,337202,321484,0.95,0,0,0,1,0.21,VERIFIED_VALID,0
FRAUD_IN_43630,Radha Kulkarni,Punjab,245711,1593008,6.48,1,1,1,32,0.97,UNVERIFIED,1
FRAUD_IN_43631,Shweta Joshi,Madhya Pradesh,178261,179128,1.0,0,0,0,1,0.02,VERIFIED_VALID,0
FRAUD_IN_43632,Pooja Kaur,Gujarat,209807,194221,0.93,0,0,0,2,0.05,NOT_REQUIRED,0
FRAUD_IN_43633,Bhavna Kulkarni,Tamil Nadu,78304,72816,0.93,0,0,0,2,0.2,VERIFIED_VALID,0
FRAUD_IN_43634,Rajesh Banerjee,Odisha,386555,375277,0.97,0,0,0,3,0.09,NOT_REQUIRED,0
FRAUD_IN_43635,Tariq Kaur,Madhya Pradesh,99492,112268,1.13,0,0,0,2,0.19,VERIFIED_VALID,0
FRAUD_IN_43636,Karan Shah,Rajasthan,245066,244282,1.0,0,0,0,1,0.1,VERIFIED_VALID,0
FRAUD_IN_43637,Anil Kulkarni,Odisha,88291,90237,1.02,0,0,0,2,0.15,NOT_REQUIRED,0
FRAUD_IN_43638,Bhavna Chatterjee,Uttar Pradesh,262688,263343,1.0,0,0,0,1,0.12,VERIFIED_VALID,0
FRAUD_IN_43639,Manoj Singh,Odisha,346560,358945,1.04,0,0,0,1,0.22,VERIFIED_VALID,0
FRAUD_IN_43640,Neha Khan,Bihar,168305,181684,1.08,0,0,0,4,0.18,VERIFIED_VALID,0
FRAUD_IN_43641,Mahesh Patil,Odisha,244845,245681,1.0,0,0,0,1,0.19,NOT_REQUIRED,0
FRAUD_IN_43642,Preeti Singh,Madhya Pradesh,383133,1988590,5.19,1,1,1,14,0.76,SUSPICIOUS,1
FRAUD_IN_43643,Geeta Gowda,Karnataka,236452,247182,1.05,0,0,0,4,0.01,NOT_REQUIRED,0
FRAUD_IN_43644,Sanjay Singh,Uttar Pradesh,351522,325616,0.93,0,0,0,3,0.03,VERIFIED_VALID,0
FRAUD_IN_43645,Sunil Singh,Tamil Nadu,104941,100702,0.96,0,0,0,3,0.09,NOT_REQUIRED,0
FRAUD_IN_43646,Ganesh Verma,Uttar Pradesh,313307,358554,1.14,0,0,0,1,0.13,VERIFIED_VALID,0
FRAUD_IN_43647,Priya Rao,West Bengal,328987,321614,0.98,0,0,0,2,0.11,NOT_REQUIRED,0
FRAUD_IN_43648,Mohammed Kaur,Karnataka,255603,287993,1.13,0,0,0,4,0.0,VERIFIED_VALID,0
FRAUD_IN_43649,Arjun Kumar,West Bengal,147876,161038,1.09,0,0,0,1,0.12,NOT_REQUIRED,0
FRAUD_IN_43650,Pradeep Verma,Karnataka,380530,432904,1.14,0,0,0,1,0.07,VERIFIED_VALID,0
FRAUD_IN_43651,Prakash Chaudhary,Rajasthan,367963,416576,1.13,0,0,0,4,0.02,VERIFIED_VALID,0
FRAUD_IN_43652,Mahesh Mishra,Karnataka,214765,217029,1.01,0,0,1,3,0.18,NOT_REQUIRED,0
FRAUD_IN_43653,Sangeeta Patil,Kerala,358913,332104,0.93,0,0,0,2,0.04,VERIFIED_VALID,0
FRAUD_IN_43654,Mohammed Banerjee,Madhya Pradesh,289395,325040,1.12,0,0,0,1,0.13,VERIFIED_VALID,0
FRAUD_IN_43655,Amit Sheikh,Bihar,209174,234622,1.12,0,0,0,4,0.07,VERIFIED_VALID,0
FRAUD_IN_43656,Gurpreet Khan,Karnataka,401520,370468,0.92,0,0,0,1,0.07,VERIFIED_VALID,0
FRAUD_IN_43657,Sangeeta Patil,Assam,93495,86328,0.92,0,0,0,1,0.03,VERIFIED_VALID,0
FRAUD_IN_43658,Mamta Gowda,West Bengal,235842,233518,0.99,0,0,0,1,0.16,VERIFIED_VALID,0
FRAUD_IN_43659,Suresh Patil,Punjab,294605,305117,1.04,0,0,0,4,0.19,VERIFIED_VALID,0
FRAUD_IN_43660,Arjun Mishra,Odisha,190405,212653,1.12,0,0,0,1,0.14,NOT_REQUIRED,0
FRAUD_IN_43661,Mahesh Chaudhary,Odisha,290721,325952,1.12,0,0,0,1,0.03,VERIFIED_VALID,0
FRAUD_IN_43662,Sujata Yadav,Bihar,54707,53753,0.98,0,0,0,1,0.04,VERIFIED_VALID,0
FRAUD_IN_43663,Priya Nair,Madhya Pradesh,224971,213789,0.95,0,0,0,1,0.1,VERIFIED_VALID,0
FRAUD_IN_43664,Dinesh Nair,Tamil Nadu,91170,89949,0.99,0,0,0,3,0.16,NOT_REQUIRED,0
FRAUD_IN_43665,Radha Sharma,Rajasthan,185251,184187,0.99,0,0,0,1,0.2,VERIFIED_VALID,0
FRAUD_IN_43666,Gurpreet Patil,Gujarat,46296,50269,1.09,0,0,0,3,0.19,VERIFIED_VALID,0
FRAUD_IN_43667,Seema Deshmukh,Karnataka,110515,118639,1.07,0,0,0,1,0.07,NOT_REQUIRED,0
FRAUD_IN_43668,Neha Mehta,Uttar Pradesh,263651,252231,0.96,0,0,0,2,0.06,NOT_REQUIRED,0
FRAUD_IN_43669,Ramesh Singh,Haryana,181461,177600,0.98,0,0,0,4,0.19,VERIFIED_VALID,0
FRAUD_IN_43670,Seema Sheikh,Gujarat,417464,450713,1.08,0,0,0,4,0.16,VERIFIED_VALID,0
FRAUD_IN_43671,Ayesha Deshmukh,Rajasthan,45705,42365,0.93,0,0,0,3,0.17,VERIFIED_VALID,0
FRAUD_IN_43672,Anita Kumar,Uttar Pradesh,305714,2431641,7.95,1,1,0,14,0.9,FAKE_CERTIFICATE,1
FRAUD_IN_43673,Deepak Sheikh,West Bengal,173491,160109,0.92,0,0,0,2,0.21,VERIFIED_VALID,0
FRAUD_IN_43674,Gurpreet Yadav,Odisha,226183,212897,0.94,0,0,0,1,0.21,NOT_REQUIRED,0
FRAUD_IN_43675,Mohammed Reddy,Haryana,71694,72981,1.02,0,0,0,1,0.18,NOT_REQUIRED,0
FRAUD_IN_43676,Shweta Chatterjee,Rajasthan,379737,380130,1.0,0,0,0,3,0.12,VERIFIED_VALID,0
FRAUD_IN_43677,Priya Mishra,Rajasthan,334548,336664,1.01,0,0,0,4,0.06,NOT_REQUIRED,0
FRAUD_IN_43678,Prakash Khan,Bihar,142476,144945,1.02,0,0,0,4,0.03,VERIFIED_VALID,0
FRAUD_IN_43679,Ramesh Sharma,Karnataka,361892,413880,1.14,0,0,0,4,0.09,NOT_REQUIRED,0
FRAUD_IN_43680,Ayesha Joshi,Kerala,356697,403808,1.13,0,0,0,4,0.2,VERIFIED_VALID,0
FRAUD_IN_43681,Kavita Deshmukh,Kerala,446693,423541,0.95,0,0,0,3,0.12,VERIFIED_VALID,0
FRAUD_IN_43682,Tariq Mehta,Assam,97514,97703,1.0,0,0,0,3,0.03,VERIFIED_VALID,0
FRAUD_IN_43683,Sanjay Nair,Tamil Nadu,49630,48946,0.99,0,0,0,2,0.22,VERIFIED_VALID,0
FRAUD_IN_43684,Prakash Patel,Odisha,284195,325506,1.15,0,0,0,2,0.05,NOT_REQUIRED,0
FRAUD_IN_43685,Rahul Das,Bihar,278512,274898,0.99,0,0,0,2,0.18,VERIFIED_VALID,0
FRAUD_IN_43686,Ashok Nair,Madhya Pradesh,88204,90517,1.03,0,0,0,1,0.02,VERIFIED_VALID,0
FRAUD_IN_43687,Gurpreet Mehta,Tamil Nadu,92937,91537,0.98,0,0,0,4,0.02,VERIFIED_VALID,0
FRAUD_IN_43688,Geeta Singh,Assam,262697,285982,1.09,0,0,0,4,0.03,NOT_REQUIRED,0
FRAUD_IN_43689,Deepak Verma,Punjab,66452,62484,0.94,0,0,0,1,0.22,VERIFIED_VALID,0
FRAUD_IN_43690,Ashok Singh,Gujarat,415754,405354,0.97,0,0,0,1,0.08,VERIFIED_VALID,0
FRAUD_IN_43691,Mamta Khan,Uttar Pradesh,381224,364756,0.96,0,0,0,1,0.14,VERIFIED_VALID,0
FRAUD_IN_43692,Dinesh Patel,Bihar,233108,234395,1.01,0,0,1,4,0.17,VERIFIED_VALID,0
FRAUD_IN_43693,Pradeep Mehta,Madhya Pradesh,211759,230822,1.09,0,0,0,1,0.16,VERIFIED_VALID,0
FRAUD_IN_43694,Geeta Kaur,Bihar,373180,423103,1.13,0,0,0,2,0.1,NOT_REQUIRED,0
FRAUD_IN_43695,Meena Shah,Gujarat,54860,188613,3.44,1,0,1,34,0.71,FAKE_CERTIFICATE,1
FRAUD_IN_43696,Rahul Das,Maharashtra,208977,209581,1.0,0,0,0,4,0.03,VERIFIED_VALID,0
FRAUD_IN_43697,Rahul Chatterjee,Karnataka,429217,439135,1.02,0,0,0,4,0.18,VERIFIED_VALID,0
FRAUD_IN_43698,Deepak Deshmukh,Tamil Nadu,251428,233381,0.93,0,0,0,2,0.11,VERIFIED_VALID,0
FRAUD_IN_43699,Preeti Joshi,Tamil Nadu,143939,157783,1.1,0,0,0,2,0.06,VERIFIED_VALID,0
FRAUD_IN_43700,Deepika Yadav,Assam,288815,290881,1.01,0,0,0,1,0.11,VERIFIED_VALID,0
FRAUD_IN_43701,Sujata Verma,Madhya Pradesh,124631,134923,1.08,0,0,0,4,0.02,VERIFIED_VALID,0
FRAUD_IN_43702,Rohan Shah,Haryana,331068,363831,1.1,0,0,0,1,0.02,VERIFIED_VALID,0
FRAUD_IN_43703,Kiran Chatterjee,Gujarat,445793,410838,0.92,0,0,0,4,0.18,VERIFIED_VALID,0
FRAUD_IN_43704,Vijay Nair,Kerala,135240,126240,0.93,0,0,0,3,0.03,NOT_REQUIRED,0
FRAUD_IN_43705,Vijay Singh,Madhya Pradesh,162262,154326,0.95,0,0,0,3,0.05,VERIFIED_VALID,0
FRAUD_IN_43706,Rahul Yadav,Madhya Pradesh,94562,431490,4.56,1,0,1,7,0.69,FAKE_CERTIFICATE,1
FRAUD_IN_43707,Preeti Mehta,Karnataka,175253,168033,0.96,0,0,0,3,0.15,VERIFIED_VALID,0
FRAUD_IN_43708,Vikram Reddy,Madhya Pradesh,280301,322042,1.15,0,0,1,4,0.09,NOT_REQUIRED,0
FRAUD_IN_43709,Meena Kaur,Rajasthan,113505,611598,5.39,1,0,0,8,0.73,FAKE_CERTIFICATE,1
FRAUD_IN_43710,Meena Khan,West Bengal,204518,200516,0.98,0,0,0,4,0.11,VERIFIED_VALID,0
FRAUD_IN_43711,Deepika Mehta,Odisha,206161,189884,0.92,0,0,0,2,0.04,VERIFIED_VALID,0
FRAUD_IN_43712,Karan Kulkarni,Haryana,256211,266723,1.04,0,0,0,2,0.05,VERIFIED_VALID,0
FRAUD_IN_43713,Meena Sheikh,Odisha,114450,126366,1.1,0,0,0,2,0.01,VERIFIED_VALID,0
FRAUD_IN_43714,Fatima Das,Bihar,49443,55922,1.13,0,0,0,4,0.11,VERIFIED_VALID,0
FRAUD_IN_43715,Harpreet Deshmukh,Bihar,282410,922838,3.27,1,0,0,12,0.77,SUSPICIOUS,1
FRAUD_IN_43716,Prakash Banerjee,West Bengal,391439,406341,1.04,0,0,0,2,0.09,VERIFIED_VALID,0
FRAUD_IN_43717,Ramesh Kulkarni,Haryana,178223,200124,1.12,0,0,0,4,0.12,VERIFIED_VALID,0
FRAUD_IN_43718,Rekha Joshi,West Bengal,121033,134476,1.11,0,0,0,1,0.16,VERIFIED_VALID,0
FRAUD_IN_43719,Simran Khan,Uttar Pradesh,400439,412139,1.03,0,0,0,4,0.04,VERIFIED_VALID,0
FRAUD_IN_43720,Prakash Gupta,Assam,236560,261231,1.1,0,0,0,4,0.09,NOT_REQUIRED,0
FRAUD_IN_43721,Manoj Verma,Gujarat,79168,81288,1.03,0,0,0,2,0.04,VERIFIED_VALID,0
FRAUD_IN_43722,Rajesh Gowda,Karnataka,310847,299145,0.96,0,0,0,3,0.13,VERIFIED_VALID,0
FRAUD_IN_43723,Sujata Kumar,Gujarat,391646,404498,1.03,0,0,0,4,0.01,NOT_REQUIRED,0
FRAUD_IN_43724,Harpreet Mishra,Haryana,51171,53963,1.05,0,0,0,1,0.12,NOT_REQUIRED,0
FRAUD_IN_43725,Sangeeta Yadav,Bihar,184176,182704,0.99,0,0,0,3,0.17,NOT_REQUIRED,0
FRAUD_IN_43726,Pradeep Nair,Gujarat,195983,183062,0.93,0,0,0,2,0.06,NOT_REQUIRED,0
FRAUD_IN_43727,Deepak Mishra,Gujarat,175624,174865,1.0,0,0,0,3,0.02,VERIFIED_VALID,0
FRAUD_IN_43728,Rajesh Rao,West Bengal,373235,373024,1.0,0,0,0,4,0.12,VERIFIED_VALID,0
FRAUD_IN_43729,Mahesh Reddy,Haryana,69654,79039,1.13,0,0,0,3,0.0,VERIFIED_VALID,0
FRAUD_IN_43730,Rajesh Deshmukh,Odisha,370197,414470,1.12,0,0,0,3,0.01,VERIFIED_VALID,0
FRAUD_IN_43731,Dinesh Gupta,Gujarat,174276,173113,0.99,0,0,0,2,0.19,VERIFIED_VALID,0
FRAUD_IN_43732,Mahesh Deshmukh,Assam,139955,152573,1.09,0,0,0,2,0.22,VERIFIED_VALID,0
FRAUD_IN_43733,Pradeep Khan,Tamil Nadu,379427,361873,0.95,0,0,0,4,0.07,VERIFIED_VALID,0
FRAUD_IN_43734,Mahesh Verma,Assam,292261,321630,1.1,0,0,0,2,0.11,VERIFIED_VALID,0
FRAUD_IN_43735,Lakshmi Mehta,Madhya Pradesh,443837,502597,1.13,0,0,0,2,0.14,NOT_REQUIRED,0
FRAUD_IN_43736,Sujata Mishra,Bihar,444808,430916,0.97,0,0,0,1,0.05,VERIFIED_VALID,0
FRAUD_IN_43737,Shweta Patel,Odisha,350421,327677,0.94,0,0,0,1,0.22,VERIFIED_VALID,0
FRAUD_IN_43738,Arjun Gupta,Tamil Nadu,229142,227872,0.99,0,0,0,1,0.15,VERIFIED_VALID,0
FRAUD_IN_43739,Bhavna Khan,Rajasthan,409542,457731,1.12,0,0,0,2,0.1,VERIFIED_VALID,0
FRAUD_IN_43740,Harpreet Kumar,Maharashtra,158656,153631,0.97,0,0,0,2,0.08,VERIFIED_VALID,0
FRAUD_IN_43741,Ganesh Mehta,Uttar Pradesh,268118,1857586,6.93,1,0,1,28,0.79,UNVERIFIED,1
FRAUD_IN_43742,Sangeeta Gupta,Maharashtra,121013,123669,1.02,0,0,0,2,0.16,VERIFIED_VALID,0
FRAUD_IN_43743,Prakash Gupta,Tamil Nadu,398735,2975445,7.46,1,1,1,32,0.72,SUSPICIOUS,1
FRAUD_IN_43744,Savita Das,Madhya Pradesh,389355,392575,1.01,0,0,0,1,0.01,VERIFIED_VALID,0
FRAUD_IN_43745,Mahesh Kumar,West Bengal,337466,386020,1.14,0,0,0,3,0.13,VERIFIED_VALID,0
FRAUD_IN_43746,Seema Gupta,Maharashtra,310952,356730,1.15,0,0,0,3,0.14,VERIFIED_VALID,0
FRAUD_IN_43747,Ramesh Das,Bihar,408366,450915,1.1,0,0,0,3,0.22,VERIFIED_VALID,0
FRAUD_IN_43748,Meena Reddy,Maharashtra,392042,1135595,2.9,1,1,0,34,0.96,SUSPICIOUS,1
FRAUD_IN_43749,Preeti Joshi,Karnataka,418055,475066,1.14,0,0,0,2,0.02,NOT_REQUIRED,0
FRAUD_IN_43750,Kiran Deshmukh,Kerala,291866,274786,0.94,0,0,0,2,0.09,VERIFIED_VALID,0
FRAUD_IN_43751,Lakshmi Joshi,Kerala,265942,260107,0.98,0,0,1,3,0.2,VERIFIED_VALID,0
FRAUD_IN_43752,Neha Sharma,Rajasthan,276601,284247,1.03,0,0,0,2,0.05,VERIFIED_VALID,0
FRAUD_IN_43753,Preeti Gowda,Bihar,233363,761121,3.26,0,1,0,22,0.98,FAKE_CERTIFICATE,1
FRAUD_IN_43754,Kiran Sharma,Madhya Pradesh,346417,325357,0.94,0,0,0,2,0.09,VERIFIED_VALID,0
FRAUD_IN_43755,Sanjay Verma,Rajasthan,195406,189500,0.97,0,0,0,1,0.2,VERIFIED_VALID,0
FRAUD_IN_43756,Karan Das,Haryana,231686,261598,1.13,0,0,0,4,0.1,NOT_REQUIRED,0
FRAUD_IN_43757,Meena Banerjee,West Bengal,350833,359798,1.03,0,0,0,1,0.08,VERIFIED_VALID,0
FRAUD_IN_43758,Deepak Verma,Karnataka,192269,210619,1.1,0,0,0,4,0.06,VERIFIED_VALID,0
FRAUD_IN_43759,Ramesh Deshmukh,Punjab,352017,324361,0.92,0,0,0,1,0.07,VERIFIED_VALID,0
FRAUD_IN_43760,Pradeep Patil,Madhya Pradesh,111650,119390,1.07,0,0,0,4,0.06,VERIFIED_VALID,0
FRAUD_IN_43761,Pooja Banerjee,Tamil Nadu,382575,398240,1.04,0,0,0,2,0.02,NOT_REQUIRED,0
FRAUD_IN_43762,Vijay Yadav,Maharashtra,263709,244785,0.93,0,0,0,2,0.08,VERIFIED_VALID,0
FRAUD_IN_43763,Rohan Sheikh,Punjab,366865,373726,1.02,0,0,1,1,0.05,NOT_REQUIRED,0
FRAUD_IN_43764,Prakash Kulkarni,West Bengal,424749,418901,0.99,0,0,0,2,0.21,VERIFIED_VALID,0
FRAUD_IN_43765,Prakash Kumar,Madhya Pradesh,297742,283515,0.95,0,0,0,3,0.13,VERIFIED_VALID,0
FRAUD_IN_43766,Ayesha Kaur,Assam,296642,291242,0.98,0,0,0,2,0.17,VERIFIED_VALID,0
FRAUD_IN_43767,Sunil Rao,Maharashtra,341175,2314832,6.78,0,0,1,25,0.92,UNVERIFIED,1
FRAUD_IN_43768,Meena Patil,Tamil Nadu,112757,106318,0.94,0,0,0,4,0.21,VERIFIED_VALID,0
FRAUD_IN_43769,Rajesh Yadav,Punjab,203226,207377,1.02,0,0,0,1,0.01,VERIFIED_VALID,0
FRAUD_IN_43770,Priya Mishra,Punjab,344992,333602,0.97,0,0,0,3,0.15,VERIFIED_VALID,0
FRAUD_IN_43771,Karan Das,Gujarat,184601,172163,0.93,0,0,0,1,0.07,VERIFIED_VALID,0
FRAUD_IN_43772,Simran Reddy,Uttar Pradesh,305999,331999,1.08,0,0,0,2,0.08,VERIFIED_VALID,0
FRAUD_IN_43773,Mamta Kumar,Odisha,153157,161909,1.06,0,0,0,1,0.04,VERIFIED_VALID,0
FRAUD_IN_43774,Preeti Singh,Gujarat,274287,260746,0.95,0,0,0,2,0.09,NOT_REQUIRED,0
FRAUD_IN_43775,Preeti Kumar,Rajasthan,108932,111898,1.03,0,0,0,2,0.12,VERIFIED_VALID,0
FRAUD_IN_43776,Neha Deshmukh,Rajasthan,127455,134613,1.06,0,0,0,1,0.13,VERIFIED_VALID,0
FRAUD_IN_43777,Deepak Patel,Gujarat,360080,393791,1.09,0,0,0,4,0.19,VERIFIED_VALID,0
FRAUD_IN_43778,Karan Khan,Assam,339072,385607,1.14,0,0,0,4,0.01,VERIFIED_VALID,0
FRAUD_IN_43779,Seema Reddy,Rajasthan,322831,1690334,5.24,0,0,1,7,0.71,UNVERIFIED,1
FRAUD_IN_43780,Savita Gowda,Haryana,330265,367941,1.11,0,0,0,3,0.17,VERIFIED_VALID,0
FRAUD_IN_43781,Anita Gowda,Odisha,36657,33869,0.92,0,0,0,2,0.15,VERIFIED_VALID,0
FRAUD_IN_43782,Mohammed Yadav,Kerala,394761,364873,0.92,0,0,0,1,0.15,NOT_REQUIRED,0
FRAUD_IN_43783,Meena Singh,Tamil Nadu,320123,312701,0.98,0,0,0,4,0.18,VERIFIED_VALID,0
FRAUD_IN_43784,Savita Chatterjee,Gujarat,362823,402191,1.11,0,0,0,2,0.04,NOT_REQUIRED,0
FRAUD_IN_43785,Vikram Shah,Odisha,230283,263509,1.14,0,0,0,1,0.11,VERIFIED_VALID,0
FRAUD_IN_43786,Kiran Reddy,Rajasthan,268595,268274,1.0,0,0,0,1,0.01,VERIFIED_VALID,0
FRAUD_IN_43787,Preeti Mishra,Odisha,361467,393843,1.09,0,0,0,1,0.15,VERIFIED_VALID,0
FRAUD_IN_43788,Pradeep Mishra,Karnataka,84573,486535,5.75,1,0,1,13,0.99,FAKE_CERTIFICATE,1
FRAUD_IN_43789,Anita Chatterjee,Haryana,72451,73716,1.02,0,0,0,1,0.01,VERIFIED_VALID,0
FRAUD_IN_43790,Pooja Sheikh,Odisha,442931,488663,1.1,0,0,0,1,0.17,VERIFIED_VALID,0
FRAUD_IN_43791,Mahesh Gowda,Assam,240338,275619,1.15,0,0,0,4,0.05,VERIFIED_VALID,0
FRAUD_IN_43792,Seema Gowda,Rajasthan,94589,93372,0.99,0,0,0,1,0.21,VERIFIED_VALID,0
FRAUD_IN_43793,Gurpreet Banerjee,West Bengal,75096,580530,7.73,0,0,1,28,0.9,UNVERIFIED,1
FRAUD_IN_43794,Sujata Patil,Odisha,264903,300322,1.13,0,0,0,1,0.04,VERIFIED_VALID,0
FRAUD_IN_43795,Sujata Gupta,Bihar,76320,71622,0.94,0,0,0,3,0.2,VERIFIED_VALID,0
FRAUD_IN_43796,Vikram Kulkarni,Gujarat,261251,258562,0.99,0,0,0,1,0.03,VERIFIED_VALID,0
FRAUD_IN_43797,Seema Chaudhary,Assam,369669,398867,1.08,0,0,0,3,0.0,VERIFIED_VALID,0
FRAUD_IN_43798,Ganesh Shah,Punjab,444012,448767,1.01,0,0,1,2,0.18,VERIFIED_VALID,0
FRAUD_IN_43799,Rahul Shah,Madhya Pradesh,399324,393300,0.98,0,0,0,4,0.07,VERIFIED_VALID,0
FRAUD_IN_43800,Rahul Deshmukh,Haryana,332830,313214,0.94,0,0,0,2,0.13,VERIFIED_VALID,0
FRAUD_IN_43801,Vijay Kulkarni,Bihar,267155,289745,1.08,0,0,1,4,0.1,VERIFIED_VALID,0
FRAUD_IN_43802,Pradeep Banerjee,West Bengal,151153,1116692,7.39,0,1,1,19,0.9,SUSPICIOUS,1
FRAUD_IN_43803,Karan Joshi,Uttar Pradesh,99314,101091,1.02,0,0,0,2,0.21,VERIFIED_VALID,0
FRAUD_IN_43804,Manoj Mehta,Uttar Pradesh,312056,295400,0.95,0,0,0,3,0.07,VERIFIED_VALID,0
FRAUD_IN_43805,Kiran Das,Uttar Pradesh,330353,338469,1.02,0,0,0,4,0.19,VERIFIED_VALID,0
FRAUD_IN_43806,Shweta Sheikh,Haryana,449576,473635,1.05,0,0,0,1,0.1,VERIFIED_VALID,0
FRAUD_IN_43807,Neha Das,Punjab,138450,132918,0.96,0,0,1,1,0.09,VERIFIED_VALID,0
FRAUD_IN_43808,Simran Shah,West Bengal,378018,360319,0.95,0,0,0,1,0.2,VERIFIED_VALID,0
FRAUD_IN_43809,Arjun Reddy,Maharashtra,376308,349627,0.93,0,0,0,2,0.19,VERIFIED_VALID,0
FRAUD_IN_43810,Rekha Banerjee,Uttar Pradesh,40108,41404,1.03,0,0,0,1,0.07,NOT_REQUIRED,0
FRAUD_IN_43811,Vijay Patel,Assam,424641,487832,1.15,0,0,0,3,0.12,VERIFIED_VALID,0
FRAUD_IN_43812,Ramesh Rao,Kerala,114181,122998,1.08,0,0,0,1,0.19,NOT_REQUIRED,0
FRAUD_IN_43813,Seema Chatterjee,Punjab,243139,224536,0.92,0,0,0,1,0.17,VERIFIED_VALID,0
FRAUD_IN_43814,Lakshmi Khan,Haryana,430864,409636,0.95,0,0,0,2,0.11,NOT_REQUIRED,0
FRAUD_IN_43815,Vijay Kaur,Maharashtra,325616,1386708,4.26,1,0,1,20,0.9,SUSPICIOUS,1
FRAUD_IN_43816,Sujata Rao,West Bengal,374143,404371,1.08,0,0,1,3,0.19,VERIFIED_VALID,0
FRAUD_IN_43817,Mahesh Kaur,Haryana,394331,417267,1.06,0,0,0,4,0.02,VERIFIED_VALID,0
FRAUD_IN_43818,Ananya Banerjee,Karnataka,60036,57888,0.96,0,0,0,3,0.04,VERIFIED_VALID,0
FRAUD_IN_43819,Sunita Yadav,Assam,389065,422568,1.09,0,0,0,1,0.02,VERIFIED_VALID,0
FRAUD_IN_43820,Suresh Kulkarni,Madhya Pradesh,448645,426743,0.95,0,0,0,4,0.16,VERIFIED_VALID,0
FRAUD_IN_43821,Amit Khan,Kerala,172381,181252,1.05,0,0,0,3,0.16,VERIFIED_VALID,0
FRAUD_IN_43822,Pradeep Rao,Gujarat,255823,243659,0.95,0,0,0,3,0.1,VERIFIED_VALID,0
FRAUD_IN_43823,Simran Verma,Odisha,429453,465421,1.08,0,0,0,3,0.06,VERIFIED_VALID,0
FRAUD_IN_43824,Deepika Sharma,Haryana,393714,446162,1.13,0,0,0,1,0.0,VERIFIED_VALID,0
FRAUD_IN_43825,Fatima Gowda,Haryana,314647,313071,0.99,0,0,0,1,0.2,VERIFIED_VALID,0
FRAUD_IN_43826,Meena Banerjee,Maharashtra,406787,397599,0.98,0,0,0,3,0.19,NOT_REQUIRED,0
FRAUD_IN_43827,Seema Khan,Assam,171590,170525,0.99,0,0,0,2,0.02,VERIFIED_VALID,0
FRAUD_IN_43828,Sunil Kaur,Haryana,362096,2896747,8.0,1,0,1,20,0.9,SUSPICIOUS,1
FRAUD_IN_43829,Rajesh Reddy,Haryana,188642,186271,0.99,0,0,1,1,0.03,VERIFIED_VALID,0
FRAUD_IN_43830,Ganesh Gowda,Rajasthan,68450,77269,1.13,0,0,0,3,0.17,VERIFIED_VALID,0
FRAUD_IN_43831,Sujata Patil,Assam,374271,374004,1.0,0,0,0,1,0.05,NOT_REQUIRED,0
FRAUD_IN_43832,Prakash Shah,Gujarat,192767,196835,1.02,0,0,0,2,0.13,VERIFIED_VALID,0
FRAUD_IN_43833,Mamta Deshmukh,Haryana,166297,172206,1.04,0,0,0,1,0.0,VERIFIED_VALID,0
FRAUD_IN_43834,Priya Reddy,Assam,398882,428969,1.08,0,0,0,2,0.19,VERIFIED_VALID,0
FRAUD_IN_43835,Sujata Kulkarni,West Bengal,161814,151956,0.94,0,0,0,4,0.04,VERIFIED_VALID,0
FRAUD_IN_43836,Gurpreet Reddy,Uttar Pradesh,228996,261031,1.14,0,0,0,2,0.08,VERIFIED_VALID,0
FRAUD_IN_43837,Sanjay Chatterjee,Rajasthan,54150,59037,1.09,0,0,0,4,0.06,VERIFIED_VALID,0
FRAUD_IN_43838,Sangeeta Shah,Punjab,44863,186019,4.15,1,0,1,22,0.93,SUSPICIOUS,1
FRAUD_IN_43839,Seema Sharma,Tamil Nadu,115375,109066,0.95,0,0,0,1,0.02,VERIFIED_VALID,0
FRAUD_IN_43840,Sangeeta Banerjee,Bihar,69837,65075,0.93,0,0,0,2,0.13,VERIFIED_VALID,0
FRAUD_IN_43841,Pooja Chaudhary,Odisha,411745,379306,0.92,0,0,0,2,0.09,NOT_REQUIRED,0
FRAUD_IN_43842,Priya Das,Uttar Pradesh,188911,191661,1.01,0,0,0,1,0.17,NOT_REQUIRED,0
FRAUD_IN_43843,Vikram Gupta,Assam,101884,298151,2.93,0,0,1,20,0.94,SUSPICIOUS,1
FRAUD_IN_43844,Priya Sheikh,Uttar Pradesh,427014,459256,1.08,0,0,0,4,0.14,VERIFIED_VALID,0
FRAUD_IN_43845,Dinesh Nair,Uttar Pradesh,37475,42233,1.13,0,0,0,4,0.04,VERIFIED_VALID,0
FRAUD_IN_43846,Vikram Joshi,Kerala,286533,1253254,4.37,1,0,1,24,0.96,UNVERIFIED,1
FRAUD_IN_43847,Mohammed Chatterjee,Bihar,244490,1477485,6.04,1,0,0,21,0.97,SUSPICIOUS,1
FRAUD_IN_43848,Sujata Kulkarni,Maharashtra,159749,177452,1.11,0,0,0,3,0.08,VERIFIED_VALID,0
FRAUD_IN_43849,Rahul Deshmukh,Punjab,202578,195911,0.97,0,0,0,4,0.15,VERIFIED_VALID,0
FRAUD_IN_43850,Rohan Reddy,Assam,221798,247516,1.12,0,0,0,4,0.21,VERIFIED_VALID,0
FRAUD_IN_43851,Rajesh Chatterjee,Uttar Pradesh,228989,226737,0.99,0,0,0,4,0.19,NOT_REQUIRED,0
FRAUD_IN_43852,Deepika Sharma,Kerala,267580,296540,1.11,0,0,0,4,0.01,VERIFIED_VALID,0
FRAUD_IN_43853,Sunil Nair,Karnataka,175114,1189768,6.79,0,1,1,13,0.86,SUSPICIOUS,1
FRAUD_IN_43854,Manoj Gowda,West Bengal,391534,395441,1.01,0,0,0,1,0.04,VERIFIED_VALID,0
FRAUD_IN_43855,Vikram Mishra,Odisha,187094,200523,1.07,0,0,0,2,0.15,VERIFIED_VALID,0
FRAUD_IN_43856,Vikram Reddy,Karnataka,176955,180276,1.02,0,0,0,4,0.02,VERIFIED_VALID,0
FRAUD_IN_43857,Deepak Gowda,Gujarat,174200,200055,1.15,0,0,0,3,0.17,NOT_REQUIRED,0
FRAUD_IN_43858,Radha Yadav,West Bengal,384352,415565,1.08,0,0,0,4,0.09,VERIFIED_VALID,0
FRAUD_IN_43859,Dinesh Singh,Madhya Pradesh,136304,154482,1.13,0,0,0,4,0.14,NOT_REQUIRED,0
FRAUD_IN_43860,Ashok Singh,Rajasthan,36173,210074,5.81,0,0,0,22,0.97,FAKE_CERTIFICATE,1
FRAUD_IN_43861,Neha Sheikh,Odisha,380885,427858,1.12,0,0,0,1,0.07,VERIFIED_VALID,0
FRAUD_IN_43862,Lakshmi Nair,Tamil Nadu,139012,153951,1.11,0,0,0,2,0.17,VERIFIED_VALID,0
FRAUD_IN_43863,Radha Patel,Assam,131902,139681,1.06,0,0,0,3,0.19,NOT_REQUIRED,0
FRAUD_IN_43864,Mahesh Kumar,West Bengal,381895,366076,0.96,0,0,0,3,0.19,NOT_REQUIRED,0
FRAUD_IN_43865,Rajesh Rao,Tamil Nadu,240043,257758,1.07,0,0,0,1,0.1,VERIFIED_VALID,0
FRAUD_IN_43866,Lakshmi Patil,West Bengal,298383,333013,1.12,0,0,0,1,0.0,VERIFIED_VALID,0
FRAUD_IN_43867,Harpreet Joshi,Bihar,290186,285414,0.98,0,0,0,2,0.16,VERIFIED_VALID,0
FRAUD_IN_43868,Priya Gupta,West Bengal,318968,319341,1.0,0,0,0,3,0.04,NOT_REQUIRED,0
FRAUD_IN_43869,Deepak Reddy,Gujarat,64588,61320,0.95,0,0,0,2,0.08,NOT_REQUIRED,0
FRAUD_IN_43870,Sunita Mehta,Karnataka,432561,454177,1.05,0,0,1,3,0.06,VERIFIED_VALID,0
FRAUD_IN_43871,Mahesh Shah,Punjab,230699,219887,0.95,0,0,0,3,0.21,VERIFIED_VALID,0
FRAUD_IN_43872,Arjun Sharma,Bihar,141957,130788,0.92,0,0,1,4,0.07,VERIFIED_VALID,0
FRAUD_IN_43873,Rohan Patel,West Bengal,121249,112248,0.93,0,0,0,1,0.15,NOT_REQUIRED,0
FRAUD_IN_43874,Priya Shah,Rajasthan,82274,86223,1.05,0,0,0,2,0.11,VERIFIED_VALID,0
FRAUD_IN_43875,Ganesh Khan,Bihar,350656,393829,1.12,0,0,1,2,0.08,NOT_REQUIRED,0
FRAUD_IN_43876,Suresh Shah,Madhya Pradesh,90962,98181,1.08,0,0,0,2,0.07,VERIFIED_VALID,0
FRAUD_IN_43877,Amit Kumar,Rajasthan,419223,452485,1.08,0,0,0,4,0.11,VERIFIED_VALID,0
FRAUD_IN_43878,Preeti Chatterjee,Punjab,184261,202508,1.1,0,0,0,2,0.09,VERIFIED_VALID,0
FRAUD_IN_43879,Preeti Rao,Haryana,270348,253657,0.94,0,0,0,2,0.15,VERIFIED_VALID,0
FRAUD_IN_43880,Sunil Shah,West Bengal,156087,154515,0.99,0,0,0,3,0.22,VERIFIED_VALID,0
FRAUD_IN_43881,Bhavna Verma,Kerala,84623,84034,0.99,0,0,0,4,0.07,VERIFIED_VALID,0
FRAUD_IN_43882,Vikram Rao,Tamil Nadu,304993,318843,1.05,0,0,0,4,0.1,NOT_REQUIRED,0
FRAUD_IN_43883,Deepika Rao,Rajasthan,409460,392701,0.96,0,0,0,3,0.22,VERIFIED_VALID,0
FRAUD_IN_43884,Rekha Deshmukh,Kerala,399183,390541,0.98,0,0,0,4,0.08,NOT_REQUIRED,0
FRAUD_IN_43885,Rohan Kaur,Rajasthan,231208,225147,0.97,0,0,0,1,0.04,VERIFIED_VALID,0
FRAUD_IN_43886,Simran Singh,Punjab,282623,277890,0.98,0,0,1,2,0.11,NOT_REQUIRED,0
FRAUD_IN_43887,Sanjay Gowda,Uttar Pradesh,398295,408110,1.02,0,0,0,3,0.09,VERIFIED_VALID,0
FRAUD_IN_43888,Sanjay Gupta,Tamil Nadu,89753,103115,1.15,0,0,0,3,0.09,VERIFIED_VALID,0
FRAUD_IN_43889,Preeti Shah,Haryana,329101,363507,1.1,0,0,0,4,0.04,VERIFIED_VALID,0
FRAUD_IN_43890,Pooja Khan,Haryana,189136,174481,0.92,0,0,0,2,0.17,NOT_REQUIRED,0
FRAUD_IN_43891,Geeta Mehta,Madhya Pradesh,420141,407602,0.97,0,0,0,3,0.05,VERIFIED_VALID,0
FRAUD_IN_43892,Ramesh Verma,Karnataka,332635,1546672,4.65,0,0,1,22,0.77,UNVERIFIED,1
FRAUD_IN_43893,Geeta Rao,Assam,231702,223482,0.96,0,0,0,2,0.09,VERIFIED_VALID,0
FRAUD_IN_43894,Rekha Shah,Maharashtra,250865,255226,1.02,0,0,0,4,0.11,VERIFIED_VALID,0
FRAUD_IN_43895,Lakshmi Reddy,Maharashtra,376628,430229,1.14,0,0,0,3,0.21,VERIFIED_VALID,0
FRAUD_IN_43896,Ramesh Chaudhary,Bihar,142122,147005,1.03,0,0,0,1,0.14,VERIFIED_VALID,0
FRAUD_IN_43897,Vikram Kulkarni,Rajasthan,356933,342610,0.96,0,0,0,3,0.16,VERIFIED_VALID,0
FRAUD_IN_43898,Anita Yadav,Madhya Pradesh,267360,1186867,4.44,1,1,1,7,0.69,FAKE_CERTIFICATE,1
FRAUD_IN_43899,Neha Verma,Haryana,236985,267425,1.13,0,0,0,2,0.02,VERIFIED_VALID,0
FRAUD_IN_43900,Pradeep Patel,Karnataka,117563,120117,1.02,0,0,0,4,0.07,VERIFIED_VALID,0
FRAUD_IN_43901,Dinesh Singh,Karnataka,138551,148125,1.07,0,0,0,2,0.01,VERIFIED_VALID,0
FRAUD_IN_43902,Dinesh Shah,Odisha,300954,341430,1.13,0,0,0,3,0.1,VERIFIED_VALID,0
FRAUD_IN_43903,Ashok Chaudhary,Maharashtra,123683,134216,1.09,0,0,0,4,0.19,VERIFIED_VALID,0
FRAUD_IN_43904,Mohammed Khan,Kerala,82674,84159,1.02,0,0,0,4,0.13,VERIFIED_VALID,0
FRAUD_IN_43905,Sanjay Verma,Rajasthan,344431,394164,1.14,0,0,0,3,0.12,VERIFIED_VALID,0
FRAUD_IN_43906,Deepak Nair,Bihar,322262,297869,0.92,0,0,0,4,0.19,VERIFIED_VALID,0
FRAUD_IN_43907,Savita Singh,Odisha,251770,257893,1.02,0,0,0,3,0.05,VERIFIED_VALID,0
FRAUD_IN_43908,Karan Gowda,Karnataka,421163,462407,1.1,0,0,0,2,0.18,VERIFIED_VALID,0
FRAUD_IN_43909,Arjun Sheikh,Gujarat,142608,157565,1.1,0,0,0,3,0.19,VERIFIED_VALID,0
FRAUD_IN_43910,Sunil Nair,Punjab,37210,36126,0.97,0,0,0,1,0.2,VERIFIED_VALID,0
FRAUD_IN_43911,Preeti Yadav,Gujarat,131299,133537,1.02,0,0,0,2,0.19,VERIFIED_VALID,0
FRAUD_IN_43912,Radha Mehta,Odisha,282355,312776,1.11,0,0,0,3,0.11,VERIFIED_VALID,0
FRAUD_IN_43913,Meena Nair,Uttar Pradesh,207675,237725,1.14,0,0,0,1,0.16,VERIFIED_VALID,0
FRAUD_IN_43914,Harpreet Reddy,West Bengal,115811,866154,7.48,0,0,0,17,0.89,UNVERIFIED,1
FRAUD_IN_43915,Arjun Kaur,Rajasthan,158563,178659,1.13,0,0,0,2,0.19,VERIFIED_VALID,0
FRAUD_IN_43916,Bhavna Verma,Bihar,84476,84603,1.0,0,0,0,2,0.18,VERIFIED_VALID,0
FRAUD_IN_43917,Rajesh Chatterjee,Odisha,152604,146454,0.96,0,0,0,3,0.17,VERIFIED_VALID,0
FRAUD_IN_43918,Deepika Khan,Kerala,337831,355619,1.05,0,0,1,4,0.01,VERIFIED_VALID,0
FRAUD_IN_43919,Deepika Mehta,Karnataka,63427,229876,3.62,1,0,1,27,0.87,SUSPICIOUS,1
FRAUD_IN_43920,Priya Khan,Rajasthan,372172,380109,1.02,0,0,0,1,0.17,NOT_REQUIRED,0
FRAUD_IN_43921,Seema Rao,Bihar,373984,381690,1.02,0,0,0,3,0.09,VERIFIED_VALID,0
FRAUD_IN_43922,Ayesha Mehta,Tamil Nadu,291921,1102173,3.78,0,1,1,33,0.98,SUSPICIOUS,1
FRAUD_IN_43923,Deepak Kumar,Punjab,361932,410036,1.13,0,0,0,1,0.19,VERIFIED_VALID,0
FRAUD_IN_43924,Mahesh Chatterjee,Kerala,230534,263234,1.14,0,0,0,3,0.21,VERIFIED_VALID,0
FRAUD_IN_43925,Shweta Khan,Haryana,142309,160167,1.13,0,0,0,3,0.03,VERIFIED_VALID,0
FRAUD_IN_43926,Preeti Khan,Karnataka,45087,329380,7.31,0,0,1,18,0.88,FAKE_CERTIFICATE,1
FRAUD_IN_43927,Priya Banerjee,Bihar,172727,167688,0.97,0,0,0,1,0.18,VERIFIED_VALID,0
FRAUD_IN_43928,Mohammed Yadav,Uttar Pradesh,49192,49447,1.01,0,0,0,2,0.21,VERIFIED_VALID,0
FRAUD_IN_43929,Mohammed Singh,West Bengal,167907,187992,1.12,0,0,0,2,0.2,VERIFIED_VALID,0
FRAUD_IN_43930,Sunita Das,Bihar,277814,291379,1.05,0,0,0,4,0.13,VERIFIED_VALID,0
FRAUD_IN_43931,Rohan Yadav,Assam,299115,283945,0.95,0,0,0,4,0.14,NOT_REQUIRED,0
FRAUD_IN_43932,Neha Yadav,Haryana,241451,2011308,8.33,1,0,0,8,0.9,SUSPICIOUS,1
FRAUD_IN_43933,Bhavna Gupta,Gujarat,406340,396754,0.98,0,0,0,3,0.01,VERIFIED_VALID,0
FRAUD_IN_43934,Mohammed Mehta,Karnataka,113368,106713,0.94,0,0,0,4,0.16,NOT_REQUIRED,0
FRAUD_IN_43935,Harpreet Reddy,Madhya Pradesh,112454,117009,1.04,0,0,0,4,0.06,VERIFIED_VALID,0
FRAUD_IN_43936,Deepika Kaur,Maharashtra,136751,141144,1.03,0,0,0,1,0.07,VERIFIED_VALID,0
FRAUD_IN_43937,Geeta Mishra,Kerala,371353,343415,0.92,0,0,0,3,0.16,VERIFIED_VALID,0
FRAUD_IN_43938,Karan Mishra,Madhya Pradesh,214450,237697,1.11,0,0,0,2,0.16,VERIFIED_VALID,0
FRAUD_IN_43939,Ayesha Mishra,Kerala,395475,435041,1.1,0,0,0,2,0.18,VERIFIED_VALID,0
FRAUD_IN_43940,Karan Gupta,Madhya Pradesh,122536,135983,1.11,0,0,0,4,0.14,VERIFIED_VALID,0
FRAUD_IN_43941,Savita Kaur,Haryana,436136,477420,1.09,0,0,0,4,0.08,VERIFIED_VALID,0
FRAUD_IN_43942,Simran Nair,Haryana,258828,265432,1.03,0,0,0,4,0.21,VERIFIED_VALID,0
FRAUD_IN_43943,Bhavna Sheikh,Bihar,350352,396927,1.13,0,0,0,4,0.18,NOT_REQUIRED,0
FRAUD_IN_43944,Meena Patel,West Bengal,75561,74918,0.99,0,0,0,3,0.15,VERIFIED_VALID,0
FRAUD_IN_43945,Rekha Deshmukh,Bihar,179774,202467,1.13,0,0,0,1,0.1,VERIFIED_VALID,0
FRAUD_IN_43946,Anita Sharma,Uttar Pradesh,46073,51979,1.13,0,0,0,2,0.14,NOT_REQUIRED,0
FRAUD_IN_43947,Priya Chatterjee,Odisha,170252,176176,1.03,0,0,0,2,0.09,NOT_REQUIRED,0
FRAUD_IN_43948,Pooja Sheikh,Odisha,210923,200207,0.95,0,0,0,1,0.17,VERIFIED_VALID,0
FRAUD_IN_43949,Mamta Sharma,Karnataka,232913,252727,1.09,0,0,0,3,0.0,VERIFIED_VALID,0
FRAUD_IN_43950,Arjun Yadav,Haryana,231859,233399,1.01,0,0,0,2,0.17,VERIFIED_VALID,0
FRAUD_IN_43951,Pooja Rao,Haryana,381489,376903,0.99,0,0,0,3,0.1,VERIFIED_VALID,0
FRAUD_IN_43952,Shweta Shah,Bihar,389738,409788,1.05,0,0,0,1,0.17,VERIFIED_VALID,0
FRAUD_IN_43953,Arjun Singh,Karnataka,195529,200204,1.02,0,0,0,4,0.11,VERIFIED_VALID,0
FRAUD_IN_43954,Arjun Chaudhary,Rajasthan,372170,426805,1.15,0,0,0,3,0.14,VERIFIED_VALID,0
FRAUD_IN_43955,Anil Deshmukh,Uttar Pradesh,263672,301844,1.14,0,0,0,4,0.17,VERIFIED_VALID,0
FRAUD_IN_43956,Priya Joshi,Maharashtra,126795,138587,1.09,0,0,0,2,0.19,NOT_REQUIRED,0
FRAUD_IN_43957,Vijay Mishra,Rajasthan,50987,47208,0.93,0,0,0,3,0.16,VERIFIED_VALID,0
FRAUD_IN_43958,Tariq Chaudhary,Bihar,402830,443838,1.1,0,0,0,2,0.18,VERIFIED_VALID,0
FRAUD_IN_43959,Ashok Verma,Rajasthan,119860,704885,5.88,1,1,1,8,0.74,UNVERIFIED,1
FRAUD_IN_43960,Sunita Das,Maharashtra,126971,140182,1.1,0,0,0,3,0.0,VERIFIED_VALID,0
FRAUD_IN_43961,Amit Banerjee,Assam,438747,431267,0.98,0,0,0,2,0.16,NOT_REQUIRED,0
FRAUD_IN_43962,Harpreet Gupta,Bihar,164708,156477,0.95,0,0,0,1,0.03,VERIFIED_VALID,0
FRAUD_IN_43963,Tariq Sheikh,Madhya Pradesh,209092,231566,1.11,0,0,0,4,0.07,VERIFIED_VALID,0
FRAUD_IN_43964,Shweta Chatterjee,Haryana,91691,103691,1.13,0,0,0,3,0.12,NOT_REQUIRED,0
FRAUD_IN_43965,Vikram Yadav,Rajasthan,308520,338334,1.1,0,0,1,4,0.21,VERIFIED_VALID,0
FRAUD_IN_43966,Sujata Rao,Punjab,291511,271808,0.93,0,0,0,2,0.05,VERIFIED_VALID,0
FRAUD_IN_43967,Mohammed Khan,Kerala,308698,300929,0.97,0,0,0,2,0.1,VERIFIED_VALID,0
FRAUD_IN_43968,Ayesha Das,West Bengal,309747,314500,1.02,0,0,0,3,0.1,NOT_REQUIRED,0
FRAUD_IN_43969,Meena Verma,Karnataka,110548,126189,1.14,0,0,0,1,0.09,NOT_REQUIRED,0
FRAUD_IN_43970,Sunita Banerjee,Maharashtra,401105,454540,1.13,0,0,0,2,0.07,NOT_REQUIRED,0
FRAUD_IN_43971,Bhavna Kaur,Bihar,244241,247128,1.01,0,0,0,1,0.07,VERIFIED_VALID,0
FRAUD_IN_43972,Deepika Mehta,Maharashtra,337319,374254,1.11,0,0,0,2,0.03,VERIFIED_VALID,0
FRAUD_IN_43973,Ashok Joshi,Tamil Nadu,285855,290118,1.01,0,0,0,4,0.21,NOT_REQUIRED,0
FRAUD_IN_43974,Pooja Chaudhary,Punjab,244823,276448,1.13,0,0,0,4,0.02,VERIFIED_VALID,0
FRAUD_IN_43975,Gurpreet Yadav,Haryana,172175,167128,0.97,0,0,0,2,0.05,VERIFIED_VALID,0
FRAUD_IN_43976,Pradeep Kulkarni,West Bengal,166457,190896,1.15,0,0,0,4,0.21,VERIFIED_VALID,0
FRAUD_IN_43977,Anita Patel,Tamil Nadu,376377,388399,1.03,0,0,0,3,0.14,NOT_REQUIRED,0
FRAUD_IN_43978,Preeti Yadav,Haryana,114036,116464,1.02,0,0,0,3,0.02,VERIFIED_VALID,0
FRAUD_IN_43979,Tariq Das,Assam,342497,350555,1.02,0,0,0,3,0.0,NOT_REQUIRED,0
FRAUD_IN_43980,Mamta Mehta,Odisha,186601,750925,4.02,1,1,0,29,0.7,FAKE_CERTIFICATE,1
FRAUD_IN_43981,Neha Mishra,Tamil Nadu,180619,173236,0.96,0,0,0,4,0.17,VERIFIED_VALID,0
FRAUD_IN_43982,Ayesha Das,Gujarat,257720,294152,1.14,0,0,1,1,0.03,VERIFIED_VALID,0
FRAUD_IN_43983,Mahesh Kaur,Karnataka,291873,295707,1.01,0,0,0,2,0.1,NOT_REQUIRED,0
FRAUD_IN_43984,Deepika Shah,Gujarat,244431,1977435,8.09,0,0,1,21,0.99,FAKE_CERTIFICATE,1
FRAUD_IN_43985,Ganesh Patil,Haryana,111050,117683,1.06,0,0,0,3,0.0,NOT_REQUIRED,0
FRAUD_IN_43986,Fatima Joshi,Maharashtra,415397,414428,1.0,0,0,1,4,0.08,VERIFIED_VALID,0
FRAUD_IN_43987,Sangeeta Mishra,Maharashtra,344160,369808,1.07,0,0,0,3,0.0,VERIFIED_VALID,0
FRAUD_IN_43988,Preeti Patel,Karnataka,350240,330198,0.94,0,0,0,1,0.18,VERIFIED_VALID,0
FRAUD_IN_43989,Savita Mehta,West Bengal,149232,147311,0.99,0,0,0,2,0.19,NOT_REQUIRED,0
FRAUD_IN_43990,Sunil Das,Kerala,103712,108675,1.05,0,0,0,1,0.21,VERIFIED_VALID,0
FRAUD_IN_43991,Neha Kaur,Haryana,181490,168931,0.93,0,0,0,1,0.2,VERIFIED_VALID,0
FRAUD_IN_43992,Anil Patel,Maharashtra,263408,1905834,7.24,0,0,0,22,0.76,UNVERIFIED,1
FRAUD_IN_43993,Manoj Das,Gujarat,234478,262394,1.12,0,0,0,1,0.06,VERIFIED_VALID,0
FRAUD_IN_43994,Amit Kaur,Haryana,233777,246477,1.05,0,0,0,4,0.22,VERIFIED_VALID,0
FRAUD_IN_43995,Vijay Patel,Gujarat,108689,113343,1.04,0,0,0,4,0.21,VERIFIED_VALID,0
FRAUD_IN_43996,Meena Banerjee,Karnataka,84295,90177,1.07,0,0,0,2,0.03,VERIFIED_VALID,0
FRAUD_IN_43997,Anita Yadav,Maharashtra,107754,100967,0.94,0,0,0,2,0.08,VERIFIED_VALID,0
FRAUD_IN_43998,Simran Joshi,Punjab,446328,463870,1.04,0,0,0,1,0.06,VERIFIED_VALID,0
FRAUD_IN_43999,Savita Kumar,Haryana,308167,327293,1.06,0,0,0,1,0.2,VERIFIED_VALID,0
FRAUD_IN_44000,Arjun Gowda,Haryana,199180,202920,1.02,0,0,0,4,0.11,NOT_REQUIRED,0
FRAUD_IN_44001,Mahesh Sheikh,Odisha,290465,267948,0.92,0,0,0,2,0.05,NOT_REQUIRED,0
FRAUD_IN_44002,Anita Patel,Assam,264486,922813,3.49,1,1,1,34,0.92,FAKE_CERTIFICATE,1
FRAUD_IN_44003,Meena Deshmukh,Maharashtra,420459,424981,1.01,0,0,0,2,0.1,VERIFIED_VALID,0
FRAUD_IN_44004,Rekha Kumar,Karnataka,193437,204762,1.06,0,0,0,1,0.11,VERIFIED_VALID,0
FRAUD_IN_44005,Ashok Reddy,Uttar Pradesh,115604,129929,1.12,0,0,0,3,0.1,VERIFIED_VALID,0
FRAUD_IN_44006,Shweta Patil,Maharashtra,109488,106809,0.98,0,0,0,3,0.04,NOT_REQUIRED,0
FRAUD_IN_44007,Simran Patel,Tamil Nadu,206398,207791,1.01,0,0,0,3,0.18,NOT_REQUIRED,0
FRAUD_IN_44008,Sujata Banerjee,Uttar Pradesh,394434,407562,1.03,0,0,0,3,0.14,VERIFIED_VALID,0
FRAUD_IN_44009,Pradeep Patil,Rajasthan,405943,399733,0.98,0,0,0,2,0.11,NOT_REQUIRED,0
FRAUD_IN_44010,Priya Reddy,Maharashtra,434122,449521,1.04,0,0,0,2,0.07,VERIFIED_VALID,0
FRAUD_IN_44011,Mahesh Nair,Kerala,224683,208867,0.93,0,0,0,4,0.08,NOT_REQUIRED,0
FRAUD_IN_44012,Rekha Sharma,Uttar Pradesh,310474,299636,0.97,0,0,0,3,0.07,VERIFIED_VALID,0
FRAUD_IN_44013,Mohammed Verma,Madhya Pradesh,303838,2084919,6.86,1,1,1,13,0.74,SUSPICIOUS,1
FRAUD_IN_44014,Bhavna Gupta,West Bengal,293540,308767,1.05,0,0,0,2,0.09,VERIFIED_VALID,0
FRAUD_IN_44015,Amit Kulkarni,West Bengal,152726,162499,1.06,0,0,0,2,0.01,VERIFIED_VALID,0
FRAUD_IN_44016,Dinesh Singh,West Bengal,136307,131616,0.97,0,0,0,2,0.16,VERIFIED_VALID,0
FRAUD_IN_44017,Amit Shah,Madhya Pradesh,240292,1613954,6.72,1,0,1,8,0.82,UNVERIFIED,1
FRAUD_IN_44018,Ayesha Das,Assam,439647,420425,0.96,0,0,0,2,0.1,VERIFIED_VALID,0
FRAUD_IN_44019,Gurpreet Joshi,Maharashtra,295844,309733,1.05,0,0,0,4,0.16,VERIFIED_VALID,0
FRAUD_IN_44020,Geeta Das,Punjab,417010,452326,1.08,0,0,0,2,0.12,VERIFIED_VALID,0
FRAUD_IN_44021,Manoj Banerjee,Maharashtra,36395,38724,1.06,0,0,0,4,0.1,VERIFIED_VALID,0
FRAUD_IN_44022,Dinesh Patel,Maharashtra,265519,288786,1.09,0,0,0,1,0.05,VERIFIED_VALID,0
FRAUD_IN_44023,Simran Kulkarni,Maharashtra,193147,201517,1.04,0,0,0,2,0.04,NOT_REQUIRED,0
FRAUD_IN_44024,Sanjay Banerjee,Madhya Pradesh,245807,281807,1.15,0,0,0,4,0.07,VERIFIED_VALID,0
FRAUD_IN_44025,Vikram Shah,Haryana,324763,358911,1.11,0,0,0,2,0.19,VERIFIED_VALID,0
FRAUD_IN_44026,Pooja Das,Karnataka,339392,382375,1.13,0,0,0,1,0.03,VERIFIED_VALID,0
FRAUD_IN_44027,Manoj Joshi,Tamil Nadu,225308,254789,1.13,0,0,0,2,0.03,VERIFIED_VALID,0
FRAUD_IN_44028,Meena Rao,Bihar,241240,232221,0.96,0,0,0,3,0.14,VERIFIED_VALID,0
FRAUD_IN_44029,Radha Khan,Madhya Pradesh,99863,98214,0.98,0,0,0,2,0.14,VERIFIED_VALID,0
FRAUD_IN_44030,Deepika Sheikh,Uttar Pradesh,104680,110704,1.06,0,0,0,3,0.03,VERIFIED_VALID,0
FRAUD_IN_44031,Tariq Shah,Assam,412627,3424963,8.3,1,1,1,30,0.82,SUSPICIOUS,1
FRAUD_IN_44032,Gurpreet Kumar,Madhya Pradesh,308584,332944,1.08,0,0,0,2,0.11,NOT_REQUIRED,0
FRAUD_IN_44033,Meena Mehta,Tamil Nadu,332177,311687,0.94,0,0,0,3,0.21,NOT_REQUIRED,0
FRAUD_IN_44034,Tariq Singh,Haryana,383576,358630,0.93,0,0,0,1,0.06,VERIFIED_VALID,0
FRAUD_IN_44035,Savita Singh,Gujarat,398568,440828,1.11,0,0,0,2,0.04,VERIFIED_VALID,0
FRAUD_IN_44036,Geeta Deshmukh,Bihar,300928,2022070,6.72,0,0,0,7,0.97,FAKE_CERTIFICATE,1
FRAUD_IN_44037,Mamta Singh,Tamil Nadu,140874,157745,1.12,0,0,0,3,0.13,NOT_REQUIRED,0
FRAUD_IN_44038,Arjun Kulkarni,Uttar Pradesh,312102,347268,1.11,0,0,0,4,0.06,VERIFIED_VALID,0
FRAUD_IN_44039,Simran Sharma,Bihar,442283,408649,0.92,0,0,0,1,0.11,VERIFIED_VALID,0
FRAUD_IN_44040,Bhavna Chatterjee,Odisha,389049,393661,1.01,0,0,0,1,0.17,VERIFIED_VALID,0
FRAUD_IN_44041,Sunita Chaudhary,Tamil Nadu,190488,178458,0.94,0,0,0,2,0.07,VERIFIED_VALID,0
FRAUD_IN_44042,Radha Chatterjee,Bihar,174050,175568,1.01,0,0,0,3,0.17,VERIFIED_VALID,0
FRAUD_IN_44043,Vikram Das,Uttar Pradesh,392532,390640,1.0,0,0,0,1,0.18,VERIFIED_VALID,0
FRAUD_IN_44044,Deepika Reddy,Uttar Pradesh,269313,306433,1.14,0,0,0,3,0.13,VERIFIED_VALID,0
FRAUD_IN_44045,Anita Chatterjee,Assam,156529,151485,0.97,0,0,0,1,0.13,NOT_REQUIRED,0
FRAUD_IN_44046,Anita Singh,Tamil Nadu,148707,143666,0.97,0,0,0,1,0.08,VERIFIED_VALID,0
FRAUD_IN_44047,Sangeeta Gowda,Haryana,396089,375316,0.95,0,0,0,1,0.21,VERIFIED_VALID,0
FRAUD_IN_44048,Ananya Verma,Assam,89514,102422,1.14,0,0,0,4,0.11,VERIFIED_VALID,0
FRAUD_IN_44049,Dinesh Patil,Kerala,365912,383628,1.05,0,0,0,2,0.04,VERIFIED_VALID,0
FRAUD_IN_44050,Lakshmi Kumar,Uttar Pradesh,177023,200294,1.13,0,0,0,1,0.17,VERIFIED_VALID,0
FRAUD_IN_44051,Neha Deshmukh,Rajasthan,165924,155172,0.94,0,0,0,4,0.02,VERIFIED_VALID,0
FRAUD_IN_44052,Rohan Kaur,Odisha,106037,110301,1.04,0,0,0,3,0.14,VERIFIED_VALID,0
FRAUD_IN_44053,Sujata Nair,Assam,266362,265214,1.0,0,0,0,4,0.16,VERIFIED_VALID,0
FRAUD_IN_44054,Rekha Gupta,Maharashtra,299920,301301,1.0,0,0,0,2,0.08,VERIFIED_VALID,0
FRAUD_IN_44055,Manoj Kaur,Maharashtra,54559,51732,0.95,0,0,0,4,0.16,VERIFIED_VALID,0
FRAUD_IN_44056,Karan Reddy,Karnataka,125255,124816,1.0,0,0,0,4,0.18,NOT_REQUIRED,0
FRAUD_IN_44057,Kiran Patel,Uttar Pradesh,261375,292643,1.12,0,0,0,4,0.19,NOT_REQUIRED,0
FRAUD_IN_44058,Ashok Mehta,West Bengal,206666,190457,0.92,0,0,0,2,0.21,VERIFIED_VALID,0
FRAUD_IN_44059,Tariq Patil,West Bengal,230068,249262,1.08,0,0,0,4,0.06,VERIFIED_VALID,0
FRAUD_IN_44060,Pradeep Sheikh,West Bengal,201138,210529,1.05,0,0,0,3,0.11,VERIFIED_VALID,0
FRAUD_IN_44061,Savita Singh,Kerala,385781,363604,0.94,0,0,0,3,0.15,VERIFIED_VALID,0
FRAUD_IN_44062,Manoj Mishra,Madhya Pradesh,88925,96075,1.08,0,0,0,3,0.18,VERIFIED_VALID,0
FRAUD_IN_44063,Neha Sheikh,Bihar,346037,367272,1.06,0,0,0,2,0.17,VERIFIED_VALID,0
FRAUD_IN_44064,Rekha Chaudhary,Rajasthan,329760,335535,1.02,0,0,0,2,0.09,NOT_REQUIRED,0
FRAUD_IN_44065,Vijay Gowda,Uttar Pradesh,385679,411147,1.07,0,0,0,2,0.16,VERIFIED_VALID,0
FRAUD_IN_44066,Gurpreet Sharma,Rajasthan,306782,285463,0.93,0,0,0,2,0.2,VERIFIED_VALID,0
FRAUD_IN_44067,Priya Gowda,Rajasthan,98676,111667,1.13,0,0,0,2,0.16,VERIFIED_VALID,0
FRAUD_IN_44068,Meena Gowda,West Bengal,384182,383313,1.0,0,0,1,4,0.18,VERIFIED_VALID,0
FRAUD_IN_44069,Radha Khan,Kerala,79591,86873,1.09,0,0,0,4,0.02,NOT_REQUIRED,0
FRAUD_IN_44070,Sunita Sheikh,West Bengal,216935,985804,4.54,1,1,0,17,0.96,SUSPICIOUS,1
FRAUD_IN_44071,Rohan Deshmukh,Madhya Pradesh,229184,211511,0.92,0,0,0,3,0.07,NOT_REQUIRED,0
FRAUD_IN_44072,Sangeeta Mishra,Madhya Pradesh,180243,176367,0.98,0,0,0,3,0.08,VERIFIED_VALID,0
FRAUD_IN_44073,Rajesh Kumar,Karnataka,354070,400875,1.13,0,0,0,4,0.07,VERIFIED_VALID,0
FRAUD_IN_44074,Seema Mishra,Assam,80222,86561,1.08,0,0,0,2,0.06,VERIFIED_VALID,0
FRAUD_IN_44075,Ayesha Nair,Odisha,270011,260667,0.97,0,0,0,3,0.08,VERIFIED_VALID,0
FRAUD_IN_44076,Shweta Sharma,Haryana,94527,94994,1.0,0,0,0,4,0.05,VERIFIED_VALID,0
FRAUD_IN_44077,Sanjay Sheikh,Maharashtra,419987,443738,1.06,0,0,0,1,0.18,VERIFIED_VALID,0
FRAUD_IN_44078,Preeti Yadav,Rajasthan,363344,337661,0.93,0,0,0,2,0.09,VERIFIED_VALID,0
FRAUD_IN_44079,Mamta Patil,Uttar Pradesh,390214,428647,1.1,0,0,0,1,0.04,VERIFIED_VALID,0
FRAUD_IN_44080,Rahul Chaudhary,Punjab,254653,247380,0.97,0,0,0,4,0.04,VERIFIED_VALID,0
FRAUD_IN_44081,Vijay Yadav,Bihar,425445,423149,0.99,0,0,0,4,0.04,NOT_REQUIRED,0
FRAUD_IN_44082,Geeta Joshi,Rajasthan,66345,68608,1.03,0,0,1,2,0.2,VERIFIED_VALID,0
FRAUD_IN_44083,Karan Gupta,West Bengal,219642,236245,1.08,0,0,0,3,0.21,VERIFIED_VALID,0
FRAUD_IN_44084,Radha Mishra,West Bengal,63161,71789,1.14,0,0,0,3,0.05,NOT_REQUIRED,0
FRAUD_IN_44085,Dinesh Sharma,Odisha,344752,348599,1.01,0,0,0,4,0.17,VERIFIED_VALID,0
FRAUD_IN_44086,Shweta Mehta,Maharashtra,339754,333616,0.98,0,0,0,1,0.01,NOT_REQUIRED,0
FRAUD_IN_44087,Deepak Rao,Punjab,388567,382635,0.98,0,0,0,2,0.04,VERIFIED_VALID,0
FRAUD_IN_44088,Kavita Nair,Rajasthan,96689,110127,1.14,0,0,0,4,0.08,NOT_REQUIRED,0
FRAUD_IN_44089,Deepika Yadav,Madhya Pradesh,46013,51807,1.13,0,0,0,4,0.09,VERIFIED_VALID,0
FRAUD_IN_44090,Pooja Chatterjee,Punjab,44132,41192,0.93,0,0,0,2,0.11,VERIFIED_VALID,0
FRAUD_IN_44091,Tariq Mishra,Rajasthan,153311,158255,1.03,0,0,0,4,0.21,VERIFIED_VALID,0
FRAUD_IN_44092,Prakash Singh,Assam,137027,135838,0.99,0,0,0,3,0.21,VERIFIED_VALID,0
FRAUD_IN_44093,Rajesh Singh,Haryana,293573,323342,1.1,0,0,0,4,0.13,VERIFIED_VALID,0
FRAUD_IN_44094,Dinesh Patel,Kerala,447303,425146,0.95,0,0,0,1,0.2,VERIFIED_VALID,0
FRAUD_IN_44095,Ayesha Das,Bihar,139511,487112,3.49,1,1,1,24,0.77,SUSPICIOUS,1
FRAUD_IN_44096,Neha Das,Uttar Pradesh,63849,67570,1.06,0,0,0,2,0.0,VERIFIED_VALID,0
FRAUD_IN_44097,Anita Reddy,West Bengal,107189,379305,3.54,0,0,0,35,0.97,SUSPICIOUS,1
FRAUD_IN_44098,Amit Shah,Maharashtra,303720,349249,1.15,0,0,0,3,0.02,VERIFIED_VALID,0
FRAUD_IN_44099,Vijay Shah,Maharashtra,420780,427881,1.02,0,0,0,1,0.0,VERIFIED_VALID,0
FRAUD_IN_44100,Prakash Banerjee,Punjab,98938,96839,0.98,0,0,0,3,0.19,VERIFIED_VALID,0
FRAUD_IN_44101,Deepika Yadav,West Bengal,48145,47603,0.99,0,0,0,2,0.18,VERIFIED_VALID,0
FRAUD_IN_44102,Ananya Verma,Karnataka,271748,287474,1.06,0,0,0,2,0.15,VERIFIED_VALID,0
FRAUD_IN_44103,Kavita Singh,Assam,241921,256888,1.06,0,0,0,2,0.15,VERIFIED_VALID,0
FRAUD_IN_44104,Manoj Yadav,Madhya Pradesh,365567,365139,1.0,0,0,1,4,0.07,VERIFIED_VALID,0
FRAUD_IN_44105,Ramesh Joshi,Punjab,379170,388975,1.03,0,0,0,3,0.18,VERIFIED_VALID,0
FRAUD_IN_44106,Sunil Das,Kerala,388647,432824,1.11,0,0,0,4,0.1,NOT_REQUIRED,0
FRAUD_IN_44107,Seema Yadav,Maharashtra,68992,77151,1.12,0,0,0,1,0.14,NOT_REQUIRED,0
FRAUD_IN_44108,Kiran Verma,Rajasthan,77584,76005,0.98,0,0,0,2,0.06,VERIFIED_VALID,0
FRAUD_IN_44109,Amit Kulkarni,Punjab,426612,392906,0.92,0,0,0,4,0.07,VERIFIED_VALID,0
FRAUD_IN_44110,Tariq Yadav,Rajasthan,329183,2753382,8.36,0,0,1,12,0.73,SUSPICIOUS,1
FRAUD_IN_44111,Sangeeta Singh,Karnataka,418020,406207,0.97,0,0,0,3,0.06,VERIFIED_VALID,0
FRAUD_IN_44112,Seema Yadav,West Bengal,276068,971684,3.52,0,1,1,34,0.76,SUSPICIOUS,1
FRAUD_IN_44113,Pooja Mishra,Uttar Pradesh,141624,156963,1.11,0,0,0,3,0.18,NOT_REQUIRED,0
FRAUD_IN_44114,Deepika Nair,Bihar,358778,406087,1.13,0,0,0,3,0.2,VERIFIED_VALID,0
FRAUD_IN_44115,Arjun Nair,Odisha,105318,105083,1.0,0,0,0,2,0.18,NOT_REQUIRED,0
FRAUD_IN_44116,Mamta Kulkarni,Haryana,100675,94725,0.94,0,0,0,4,0.01,NOT_REQUIRED,0
FRAUD_IN_44117,Ashok Sheikh,Punjab,259316,286019,1.1,0,0,0,1,0.1,VERIFIED_VALID,0
FRAUD_IN_44118,Sanjay Shah,Uttar Pradesh,413100,438435,1.06,0,0,0,4,0.18,VERIFIED_VALID,0
FRAUD_IN_44119,Sunita Mehta,Tamil Nadu,358609,394550,1.1,0,0,0,2,0.21,VERIFIED_VALID,0
FRAUD_IN_44120,Sunil Gupta,Tamil Nadu,139346,152921,1.1,0,0,0,1,0.15,VERIFIED_VALID,0
FRAUD_IN_44121,Mohammed Joshi,Tamil Nadu,173764,177561,1.02,0,0,0,2,0.09,VERIFIED_VALID,0
FRAUD_IN_44122,Fatima Das,Odisha,213890,244112,1.14,0,0,0,1,0.07,VERIFIED_VALID,0
FRAUD_IN_44123,Bhavna Reddy,Assam,369525,404427,1.09,0,0,0,1,0.22,NOT_REQUIRED,0
FRAUD_IN_44124,Mamta Sheikh,Tamil Nadu,128144,142288,1.11,0,0,0,3,0.05,VERIFIED_VALID,0
FRAUD_IN_44125,Amit Mehta,Madhya Pradesh,447856,497033,1.11,0,0,0,3,0.07,VERIFIED_VALID,0
FRAUD_IN_44126,Fatima Deshmukh,Haryana,301726,294116,0.97,0,0,0,4,0.13,VERIFIED_VALID,0
FRAUD_IN_44127,Anil Rao,Haryana,95461,89357,0.94,0,0,0,2,0.02,VERIFIED_VALID,0
FRAUD_IN_44128,Harpreet Gupta,Haryana,133099,141823,1.07,0,0,0,1,0.15,VERIFIED_VALID,0
FRAUD_IN_44129,Radha Yadav,Tamil Nadu,297190,296838,1.0,0,0,0,2,0.08,VERIFIED_VALID,0
FRAUD_IN_44130,Anita Reddy,Karnataka,325308,358246,1.1,0,0,0,2,0.02,VERIFIED_VALID,0
FRAUD_IN_44131,Kiran Shah,Karnataka,205690,1716582,8.35,1,1,1,7,0.83,UNVERIFIED,1
FRAUD_IN_44132,Ramesh Mishra,West Bengal,108110,103056,0.95,0,0,0,1,0.21,NOT_REQUIRED,0
FRAUD_IN_44133,Kavita Shah,Uttar Pradesh,349743,395260,1.13,0,0,0,4,0.04,VERIFIED_VALID,0
FRAUD_IN_44134,Vijay Patel,Karnataka,124913,118579,0.95,0,0,0,1,0.09,NOT_REQUIRED,0
FRAUD_IN_44135,Manoj Khan,Maharashtra,163690,937830,5.73,0,1,1,7,0.81,SUSPICIOUS,1
FRAUD_IN_44136,Ramesh Gowda,Odisha,290579,313195,1.08,0,0,0,4,0.03,VERIFIED_VALID,0
FRAUD_IN_44137,Rajesh Kumar,Odisha,395956,422932,1.07,0,0,0,3,0.2,VERIFIED_VALID,0
FRAUD_IN_44138,Gurpreet Sheikh,Kerala,407330,377502,0.93,0,0,0,1,0.12,NOT_REQUIRED,0
FRAUD_IN_44139,Pooja Verma,Haryana,368801,339938,0.92,0,0,0,4,0.13,NOT_REQUIRED,0
FRAUD_IN_44140,Sunil Chaudhary,Haryana,183260,198072,1.08,0,0,0,3,0.09,VERIFIED_VALID,0
FRAUD_IN_44141,Ayesha Nair,Odisha,167313,1353576,8.09,0,1,1,24,0.88,FAKE_CERTIFICATE,1
FRAUD_IN_44142,Vikram Banerjee,Kerala,423283,407130,0.96,0,0,0,2,0.1,VERIFIED_VALID,0
FRAUD_IN_44143,Ashok Gupta,West Bengal,212271,211941,1.0,0,0,0,4,0.05,VERIFIED_VALID,0
FRAUD_IN_44144,Fatima Chaudhary,Maharashtra,372083,374064,1.01,0,0,0,2,0.09,VERIFIED_VALID,0
FRAUD_IN_44145,Mamta Patel,Rajasthan,119699,121199,1.01,0,0,0,4,0.17,VERIFIED_VALID,0
FRAUD_IN_44146,Sanjay Reddy,Haryana,319865,350038,1.09,0,0,0,1,0.09,NOT_REQUIRED,0
FRAUD_IN_44147,Geeta Patil,Uttar Pradesh,326344,370737,1.14,0,0,0,1,0.01,VERIFIED_VALID,0
FRAUD_IN_44148,Mohammed Verma,Tamil Nadu,158107,153041,0.97,0,0,0,3,0.12,VERIFIED_VALID,0
FRAUD_IN_44149,Ashok Deshmukh,Assam,97700,96498,0.99,0,0,0,3,0.14,VERIFIED_VALID,0
FRAUD_IN_44150,Sunita Gupta,Madhya Pradesh,98827,97675,0.99,0,0,0,4,0.03,NOT_REQUIRED,0
FRAUD_IN_44151,Pradeep Mehta,Odisha,328039,1046682,3.19,0,1,1,27,0.7,FAKE_CERTIFICATE,1
FRAUD_IN_44152,Manoj Joshi,Odisha,283471,874684,3.09,1,0,0,18,0.98,SUSPICIOUS,1
FRAUD_IN_44153,Meena Deshmukh,Karnataka,237498,222464,0.94,0,0,0,2,0.03,VERIFIED_VALID,0
FRAUD_IN_44154,Neha Chatterjee,West Bengal,142024,158436,1.12,0,0,0,1,0.13,VERIFIED_VALID,0
FRAUD_IN_44155,Mamta Verma,Maharashtra,180231,180803,1.0,0,0,0,3,0.15,VERIFIED_VALID,0
FRAUD_IN_44156,Mohammed Kumar,West Bengal,326640,320445,0.98,0,0,0,3,0.08,VERIFIED_VALID,0
FRAUD_IN_44157,Gurpreet Das,Karnataka,338466,315416,0.93,0,0,0,1,0.08,VERIFIED_VALID,0
FRAUD_IN_44158,Manoj Chatterjee,Maharashtra,146207,160180,1.1,0,0,0,3,0.03,VERIFIED_VALID,0
FRAUD_IN_44159,Rajesh Kulkarni,Gujarat,86425,89156,1.03,0,0,0,2,0.03,VERIFIED_VALID,0
FRAUD_IN_44160,Vikram Joshi,West Bengal,68339,76484,1.12,0,0,0,1,0.06,VERIFIED_VALID,0
FRAUD_IN_44161,Kavita Nair,West Bengal,180839,185790,1.03,0,0,0,4,0.12,VERIFIED_VALID,0
FRAUD_IN_44162,Preeti Shah,Maharashtra,90344,96592,1.07,0,0,0,2,0.02,NOT_REQUIRED,0
FRAUD_IN_44163,Fatima Patel,Uttar Pradesh,115330,566364,4.91,1,0,1,9,0.69,SUSPICIOUS,1
FRAUD_IN_44164,Mohammed Nair,Assam,175728,1355399,7.71,0,1,1,19,0.86,SUSPICIOUS,1
FRAUD_IN_44165,Vijay Rao,Rajasthan,240718,234786,0.98,0,0,0,3,0.21,VERIFIED_VALID,0
FRAUD_IN_44166,Anil Gowda,Kerala,279467,273792,0.98,0,0,0,1,0.18,VERIFIED_VALID,0
FRAUD_IN_44167,Bhavna Sharma,Madhya Pradesh,137776,138624,1.01,0,0,0,1,0.14,NOT_REQUIRED,0
FRAUD_IN_44168,Ashok Rao,Assam,138022,132981,0.96,0,0,0,1,0.03,VERIFIED_VALID,0
FRAUD_IN_44169,Mamta Deshmukh,Haryana,135381,131723,0.97,0,0,0,1,0.19,VERIFIED_VALID,0
FRAUD_IN_44170,Pradeep Reddy,Assam,83385,92945,1.11,0,0,1,1,0.16,NOT_REQUIRED,0
FRAUD_IN_44171,Tariq Joshi,Madhya Pradesh,236049,268177,1.14,0,0,0,2,0.12,VERIFIED_VALID,0
FRAUD_IN_44172,Mamta Mishra,Maharashtra,216219,708817,3.28,1,0,0,17,0.84,FAKE_CERTIFICATE,1
FRAUD_IN_44173,Mahesh Reddy,Tamil Nadu,370614,400743,1.08,0,0,0,3,0.11,VERIFIED_VALID,0
FRAUD_IN_44174,Neha Gowda,Assam,314446,339101,1.08,0,0,0,2,0.14,NOT_REQUIRED,0
FRAUD_IN_44175,Anita Joshi,Gujarat,37880,39700,1.05,0,0,0,4,0.2,VERIFIED_VALID,0
FRAUD_IN_44176,Sunil Verma,Uttar Pradesh,211608,213708,1.01,0,0,0,4,0.01,VERIFIED_VALID,0
FRAUD_IN_44177,Neha Gupta,Odisha,394283,395542,1.0,0,0,0,4,0.05,NOT_REQUIRED,0
FRAUD_IN_44178,Ayesha Gowda,Karnataka,53606,57768,1.08,0,0,0,4,0.17,VERIFIED_VALID,0
FRAUD_IN_44179,Deepak Verma,Assam,193323,219931,1.14,0,0,0,1,0.17,VERIFIED_VALID,0
FRAUD_IN_44180,Manoj Patil,West Bengal,42733,211798,4.96,1,0,0,30,0.8,UNVERIFIED,1
FRAUD_IN_44181,Tariq Mehta,Karnataka,251124,253233,1.01,0,0,0,3,0.01,VERIFIED_VALID,0
FRAUD_IN_44182,Ramesh Kulkarni,Odisha,387284,379566,0.98,0,0,0,3,0.06,VERIFIED_VALID,0
FRAUD_IN_44183,Sangeeta Reddy,Tamil Nadu,346323,321700,0.93,0,0,0,1,0.15,VERIFIED_VALID,0
FRAUD_IN_44184,Anita Gupta,Bihar,384411,408754,1.06,0,0,0,2,0.01,NOT_REQUIRED,0
FRAUD_IN_44185,Tariq Kaur,Bihar,200934,227224,1.13,0,0,0,3,0.01,VERIFIED_VALID,0
FRAUD_IN_44186,Kavita Nair,Kerala,302995,288558,0.95,0,0,0,2,0.11,VERIFIED_VALID,0
FRAUD_IN_44187,Lakshmi Chatterjee,Uttar Pradesh,418822,434931,1.04,0,0,0,3,0.06,VERIFIED_VALID,0
FRAUD_IN_44188,Gurpreet Deshmukh,Uttar Pradesh,270086,262361,0.97,0,0,0,3,0.04,VERIFIED_VALID,0
FRAUD_IN_44189,Ananya Deshmukh,Bihar,344081,325907,0.95,0,0,0,3,0.07,VERIFIED_VALID,0
FRAUD_IN_44190,Karan Chaudhary,Haryana,397589,452208,1.14,0,0,0,1,0.02,VERIFIED_VALID,0
FRAUD_IN_44191,Radha Banerjee,Punjab,366974,343501,0.94,0,0,0,4,0.06,VERIFIED_VALID,0
FRAUD_IN_44192,Prakash Khan,Rajasthan,342493,1977804,5.77,0,0,1,23,0.72,SUSPICIOUS,1
FRAUD_IN_44193,Bhavna Reddy,Odisha,414864,390947,0.94,0,0,0,4,0.21,VERIFIED_VALID,0
FRAUD_IN_44194,Harpreet Patel,Maharashtra,197746,218873,1.11,0,0,0,1,0.16,VERIFIED_VALID,0
FRAUD_IN_44195,Savita Mishra,Haryana,120443,121941,1.01,0,0,0,3,0.03,VERIFIED_VALID,0
FRAUD_IN_44196,Anil Mehta,Uttar Pradesh,449036,482945,1.08,0,0,0,1,0.19,VERIFIED_VALID,0
FRAUD_IN_44197,Ananya Patil,Assam,85211,79933,0.94,0,0,0,3,0.03,VERIFIED_VALID,0
FRAUD_IN_44198,Deepak Mehta,Kerala,167575,838689,5.0,1,0,0,9,0.98,FAKE_CERTIFICATE,1
FRAUD_IN_44199,Amit Reddy,Gujarat,288700,304139,1.05,0,0,0,2,0.02,VERIFIED_VALID,0
FRAUD_IN_44200,Vikram Singh,Odisha,328107,344445,1.05,0,0,0,1,0.05,VERIFIED_VALID,0
FRAUD_IN_44201,Arjun Kumar,Punjab,284090,284903,1.0,0,0,0,3,0.1,VERIFIED_VALID,0
FRAUD_IN_44202,Ramesh Mishra,Odisha,420211,402911,0.96,0,0,0,3,0.15,VERIFIED_VALID,0
FRAUD_IN_44203,Tariq Singh,Madhya Pradesh,328321,316861,0.97,0,0,0,3,0.05,VERIFIED_VALID,0
FRAUD_IN_44204,Prakash Kumar,Uttar Pradesh,303947,289740,0.95,0,0,0,1,0.17,NOT_REQUIRED,0
FRAUD_IN_44205,Anita Kaur,Uttar Pradesh,47466,49674,1.05,0,0,0,1,0.15,VERIFIED_VALID,0
FRAUD_IN_44206,Ananya Kumar,Karnataka,268177,301406,1.12,0,0,0,3,0.19,VERIFIED_VALID,0
FRAUD_IN_44207,Deepak Chaudhary,Haryana,37350,34972,0.94,0,0,0,2,0.16,VERIFIED_VALID,0
FRAUD_IN_44208,Suresh Shah,Assam,380933,375295,0.99,0,0,0,3,0.16,NOT_REQUIRED,0
FRAUD_IN_44209,Meena Mishra,Haryana,232104,250030,1.08,0,0,0,4,0.07,VERIFIED_VALID,0
FRAUD_IN_44210,Deepika Shah,Maharashtra,48453,54827,1.13,0,0,0,1,0.08,NOT_REQUIRED,0
FRAUD_IN_44211,Mahesh Khan,Karnataka,295553,321833,1.09,0,0,0,4,0.11,VERIFIED_VALID,0
FRAUD_IN_44212,Harpreet Khan,Kerala,188100,193368,1.03,0,0,0,4,0.12,VERIFIED_VALID,0
FRAUD_IN_44213,Sangeeta Yadav,West Bengal,311479,297916,0.96,0,0,1,1,0.13,NOT_REQUIRED,0
FRAUD_IN_44214,Dinesh Singh,Madhya Pradesh,213285,213630,1.0,0,0,0,2,0.09,VERIFIED_VALID,0
FRAUD_IN_44215,Pradeep Patil,Uttar Pradesh,239719,230584,0.96,0,0,0,3,0.21,VERIFIED_VALID,0
FRAUD_IN_44216,Bhavna Chaudhary,Punjab,364202,1482601,4.07,1,0,1,28,0.81,SUSPICIOUS,1
FRAUD_IN_44217,Ramesh Sheikh,Tamil Nadu,206929,193470,0.93,0,0,0,2,0.15,VERIFIED_VALID,0
FRAUD_IN_44218,Pooja Chaudhary,Kerala,266475,1846982,6.93,1,1,1,17,0.82,UNVERIFIED,1
FRAUD_IN_44219,Ganesh Mehta,Uttar Pradesh,351255,375761,1.07,0,0,0,1,0.13,NOT_REQUIRED,0
FRAUD_IN_44220,Priya Patil,Gujarat,340660,388701,1.14,0,0,0,4,0.06,NOT_REQUIRED,0
FRAUD_IN_44221,Ayesha Sheikh,Madhya Pradesh,164628,182312,1.11,0,0,0,2,0.14,NOT_REQUIRED,0
FRAUD_IN_44222,Lakshmi Das,Odisha,344003,362718,1.05,0,0,0,4,0.1,VERIFIED_VALID,0
FRAUD_IN_44223,Kavita Chaudhary,Bihar,252531,254041,1.01,0,0,0,3,0.07,VERIFIED_VALID,0
FRAUD_IN_44224,Ganesh Chaudhary,Rajasthan,443931,452427,1.02,0,0,0,2,0.06,VERIFIED_VALID,0
FRAUD_IN_44225,Priya Kumar,West Bengal,288067,271207,0.94,0,0,0,1,0.17,NOT_REQUIRED,0
FRAUD_IN_44226,Meena Sharma,West Bengal,342051,365424,1.07,0,0,0,3,0.04,VERIFIED_VALID,0
FRAUD_IN_44227,Suresh Khan,Karnataka,129214,121907,0.94,0,0,0,4,0.0,VERIFIED_VALID,0
FRAUD_IN_44228,Karan Singh,Karnataka,298171,332784,1.12,0,0,0,1,0.07,VERIFIED_VALID,0
FRAUD_IN_44229,Sujata Gupta,West Bengal,247726,273341,1.1,0,0,0,1,0.13,VERIFIED_VALID,0
FRAUD_IN_44230,Savita Singh,West Bengal,245668,269368,1.1,0,0,0,4,0.2,VERIFIED_VALID,0
FRAUD_IN_44231,Mahesh Das,Gujarat,169384,163901,0.97,0,0,0,1,0.05,VERIFIED_VALID,0
FRAUD_IN_44232,Tariq Kulkarni,Gujarat,70257,74203,1.06,0,0,0,4,0.2,VERIFIED_VALID,0
FRAUD_IN_44233,Neha Deshmukh,Tamil Nadu,352341,357405,1.01,0,0,0,3,0.15,VERIFIED_VALID,0
FRAUD_IN_44234,Bhavna Joshi,Karnataka,336277,344213,1.02,0,0,0,3,0.01,NOT_REQUIRED,0
FRAUD_IN_44235,Rahul Deshmukh,Bihar,313741,312113,0.99,0,0,0,4,0.17,VERIFIED_VALID,0
FRAUD_IN_44236,Rahul Patel,Karnataka,227029,259909,1.14,0,0,0,3,0.04,NOT_REQUIRED,0
FRAUD_IN_44237,Sunil Yadav,Uttar Pradesh,383558,406351,1.06,0,0,0,1,0.18,NOT_REQUIRED,0
FRAUD_IN_44238,Tariq Deshmukh,Tamil Nadu,49615,47575,0.96,0,0,0,4,0.05,VERIFIED_VALID,0
FRAUD_IN_44239,Mamta Gowda,Rajasthan,63815,66496,1.04,0,0,0,4,0.01,VERIFIED_VALID,0
FRAUD_IN_44240,Priya Banerjee,Odisha,95254,88304,0.93,0,0,1,2,0.08,VERIFIED_VALID,0
FRAUD_IN_44241,Harpreet Das,Punjab,205406,191116,0.93,0,0,0,2,0.2,VERIFIED_VALID,0
FRAUD_IN_44242,Karan Reddy,Rajasthan,399809,424290,1.06,0,0,0,2,0.02,VERIFIED_VALID,0
FRAUD_IN_44243,Ramesh Kaur,Karnataka,132034,125871,0.95,0,0,0,2,0.14,VERIFIED_VALID,0
FRAUD_IN_44244,Prakash Deshmukh,Haryana,65484,71654,1.09,0,0,0,4,0.05,VERIFIED_VALID,0
FRAUD_IN_44245,Mamta Kumar,Haryana,134946,788319,5.84,1,0,1,19,0.7,UNVERIFIED,1
FRAUD_IN_44246,Preeti Yadav,Karnataka,150928,167991,1.11,0,0,0,2,0.05,VERIFIED_VALID,0
FRAUD_IN_44247,Ganesh Kulkarni,Maharashtra,447708,513333,1.15,0,0,1,2,0.07,VERIFIED_VALID,0
FRAUD_IN_44248,Deepika Sheikh,Karnataka,388751,441303,1.14,0,0,0,1,0.16,VERIFIED_VALID,0
FRAUD_IN_44249,Arjun Reddy,Maharashtra,152764,163927,1.07,0,0,0,3,0.19,VERIFIED_VALID,0
FRAUD_IN_44250,Ramesh Yadav,Haryana,112260,116482,1.04,0,0,0,3,0.04,VERIFIED_VALID,0
FRAUD_IN_44251,Rahul Patil,Odisha,393502,426772,1.08,0,0,0,4,0.19,VERIFIED_VALID,0
FRAUD_IN_44252,Preeti Kaur,Karnataka,158615,163820,1.03,0,0,0,1,0.05,VERIFIED_VALID,0
FRAUD_IN_44253,Sujata Chaudhary,Bihar,410060,391365,0.95,0,0,0,4,0.12,VERIFIED_VALID,0
FRAUD_IN_44254,Tariq Gowda,West Bengal,178210,991209,5.56,0,0,0,16,0.9,FAKE_CERTIFICATE,1
FRAUD_IN_44255,Kiran Kulkarni,Uttar Pradesh,113265,106300,0.94,0,0,0,1,0.15,NOT_REQUIRED,0
FRAUD_IN_44256,Meena Mishra,Maharashtra,160030,174639,1.09,0,0,0,2,0.0,VERIFIED_VALID,0
FRAUD_IN_44257,Simran Kulkarni,Odisha,421115,480284,1.14,0,0,0,4,0.1,VERIFIED_VALID,0
FRAUD_IN_44258,Simran Shah,Madhya Pradesh,66427,69274,1.04,0,0,0,3,0.16,VERIFIED_VALID,0
FRAUD_IN_44259,Ramesh Reddy,Haryana,411477,448367,1.09,0,0,0,1,0.02,VERIFIED_VALID,0
FRAUD_IN_44260,Shweta Das,Rajasthan,150942,149586,0.99,0,0,0,3,0.16,NOT_REQUIRED,0
FRAUD_IN_44261,Kavita Reddy,Maharashtra,303512,287439,0.95,0,0,0,2,0.11,VERIFIED_VALID,0
FRAUD_IN_44262,Manoj Kulkarni,Karnataka,136340,144061,1.06,0,0,0,4,0.1,VERIFIED_VALID,0
FRAUD_IN_44263,Vikram Yadav,Maharashtra,91954,451493,4.91,1,0,0,35,0.98,FAKE_CERTIFICATE,1
FRAUD_IN_44264,Vijay Shah,Tamil Nadu,197961,208441,1.05,0,0,0,2,0.07,NOT_REQUIRED,0
FRAUD_IN_44265,Harpreet Khan,Maharashtra,95827,92978,0.97,0,0,0,4,0.08,VERIFIED_VALID,0
FRAUD_IN_44266,Amit Reddy,West Bengal,305416,281777,0.92,0,0,0,2,0.07,VERIFIED_VALID,0
FRAUD_IN_44267,Ashok Singh,Tamil Nadu,74573,79793,1.07,0,0,0,1,0.16,VERIFIED_VALID,0
FRAUD_IN_44268,Seema Gupta,Maharashtra,438207,463486,1.06,0,0,0,1,0.02,VERIFIED_VALID,0
FRAUD_IN_44269,Anil Chatterjee,Tamil Nadu,415459,434361,1.05,0,0,0,3,0.13,VERIFIED_VALID,0
FRAUD_IN_44270,Gurpreet Gowda,Uttar Pradesh,152278,161796,1.06,0,0,0,1,0.08,VERIFIED_VALID,0
FRAUD_IN_44271,Sunil Kaur,Karnataka,365808,359461,0.98,0,0,0,2,0.18,VERIFIED_VALID,0
FRAUD_IN_44272,Savita Kumar,Maharashtra,317608,354577,1.12,0,0,1,3,0.22,VERIFIED_VALID,0
FRAUD_IN_44273,Rekha Chaudhary,Bihar,101272,97856,0.97,0,0,0,2,0.09,NOT_REQUIRED,0
FRAUD_IN_44274,Harpreet Gowda,Punjab,381470,438376,1.15,0,0,0,2,0.13,VERIFIED_VALID,0
FRAUD_IN_44275,Manoj Chaudhary,Assam,444162,464868,1.05,0,0,0,4,0.19,VERIFIED_VALID,0
FRAUD_IN_44276,Karan Patel,Madhya Pradesh,195024,200727,1.03,0,0,0,1,0.21,VERIFIED_VALID,0
FRAUD_IN_44277,Fatima Kumar,Gujarat,341261,345801,1.01,0,0,0,4,0.11,VERIFIED_VALID,0
FRAUD_IN_44278,Ramesh Kaur,Punjab,51438,53009,1.03,0,0,0,3,0.16,VERIFIED_VALID,0
FRAUD_IN_44279,Deepak Nair,Kerala,276295,299574,1.08,0,0,0,1,0.13,VERIFIED_VALID,0
FRAUD_IN_44280,Ananya Kumar,Assam,106068,120975,1.14,0,0,0,3,0.09,VERIFIED_VALID,0
FRAUD_IN_44281,Radha Verma,Uttar Pradesh,324151,306011,0.94,0,0,0,4,0.17,VERIFIED_VALID,0
FRAUD_IN_44282,Lakshmi Patil,Maharashtra,208289,201400,0.97,0,0,0,1,0.14,VERIFIED_VALID,0
FRAUD_IN_44283,Tariq Gowda,Rajasthan,291587,272048,0.93,0,0,0,3,0.09,VERIFIED_VALID,0
FRAUD_IN_44284,Neha Gupta,Rajasthan,271867,307963,1.13,0,0,0,2,0.06,NOT_REQUIRED,0
FRAUD_IN_44285,Ananya Mishra,Assam,397204,374391,0.94,0,0,0,2,0.18,VERIFIED_VALID,0
FRAUD_IN_44286,Neha Joshi,Kerala,208834,209809,1.0,0,0,0,1,0.13,VERIFIED_VALID,0
FRAUD_IN_44287,Tariq Sharma,West Bengal,291959,1745738,5.98,1,0,1,20,0.7,FAKE_CERTIFICATE,1
FRAUD_IN_44288,Sunil Patil,Rajasthan,153285,147849,0.96,0,0,0,1,0.03,NOT_REQUIRED,0
FRAUD_IN_44289,Seema Sheikh,Kerala,152180,152779,1.0,0,0,0,2,0.04,VERIFIED_VALID,0
FRAUD_IN_44290,Pooja Shah,Karnataka,322894,2709319,8.39,1,1,1,19,0.84,UNVERIFIED,1
FRAUD_IN_44291,Lakshmi Kaur,Karnataka,362484,2056447,5.67,1,0,1,7,0.94,FAKE_CERTIFICATE,1
FRAUD_IN_44292,Sujata Chatterjee,Odisha,46545,52651,1.13,0,0,0,2,0.13,NOT_REQUIRED,0
FRAUD_IN_44293,Anil Singh,Gujarat,407891,448306,1.1,0,0,0,1,0.19,VERIFIED_VALID,0
FRAUD_IN_44294,Ashok Gowda,Uttar Pradesh,265947,281763,1.06,0,0,0,4,0.02,VERIFIED_VALID,0
FRAUD_IN_44295,Kavita Das,Haryana,193529,187701,0.97,0,0,0,4,0.09,NOT_REQUIRED,0
FRAUD_IN_44296,Bhavna Deshmukh,Punjab,100181,108084,1.08,0,0,0,1,0.18,VERIFIED_VALID,0
FRAUD_IN_44297,Sunil Verma,Uttar Pradesh,82907,78396,0.95,0,0,0,4,0.04,VERIFIED_VALID,0
FRAUD_IN_44298,Rajesh Kaur,Gujarat,296021,325305,1.1,0,0,0,3,0.03,VERIFIED_VALID,0
FRAUD_IN_44299,Pooja Patil,Tamil Nadu,187129,192153,1.03,0,0,0,2,0.07,NOT_REQUIRED,0
FRAUD_IN_44300,Kavita Joshi,Rajasthan,349302,1258248,3.6,1,1,1,14,0.8,UNVERIFIED,1
FRAUD_IN_44301,Deepak Verma,Karnataka,160716,149612,0.93,0,0,0,3,0.09,NOT_REQUIRED,0
FRAUD_IN_44302,Simran Mishra,Bihar,184452,193566,1.05,0,0,0,3,0.02,VERIFIED_VALID,0
FRAUD_IN_44303,Suresh Gowda,Maharashtra,200307,753393,3.76,1,1,1,12,0.74,SUSPICIOUS,1
FRAUD_IN_44304,Ayesha Verma,Odisha,230249,257852,1.12,0,0,0,4,0.14,NOT_REQUIRED,0
FRAUD_IN_44305,Bhavna Kumar,Assam,251150,232645,0.93,0,0,0,1,0.06,VERIFIED_VALID,0
FRAUD_IN_44306,Rohan Chatterjee,Haryana,287426,306875,1.07,0,0,0,3,0.07,NOT_REQUIRED,0
FRAUD_IN_44307,Bhavna Kumar,Karnataka,396184,369036,0.93,0,0,0,1,0.14,VERIFIED_VALID,0
FRAUD_IN_44308,Kiran Singh,Bihar,150420,158709,1.06,0,0,0,1,0.16,VERIFIED_VALID,0
FRAUD_IN_44309,Anita Kulkarni,Uttar Pradesh,442962,411227,0.93,0,0,0,4,0.22,NOT_REQUIRED,0
FRAUD_IN_44310,Anil Patil,Madhya Pradesh,343719,362209,1.05,0,0,0,1,0.2,VERIFIED_VALID,0
FRAUD_IN_44311,Rahul Mishra,Madhya Pradesh,306691,284370,0.93,0,0,0,3,0.08,VERIFIED_VALID,0
FRAUD_IN_44312,Vikram Shah,Gujarat,417827,444539,1.06,0,0,0,4,0.06,VERIFIED_VALID,0
FRAUD_IN_44313,Priya Chatterjee,West Bengal,341037,390265,1.14,0,0,0,2,0.2,NOT_REQUIRED,0
FRAUD_IN_44314,Meena Yadav,Maharashtra,439739,467465,1.06,0,0,0,1,0.15,VERIFIED_VALID,0
FRAUD_IN_44315,Rahul Sharma,Bihar,446607,3772080,8.45,0,0,1,33,0.83,UNVERIFIED,1
FRAUD_IN_44316,Pradeep Patel,Karnataka,198345,224158,1.13,0,0,0,4,0.06,VERIFIED_VALID,0
FRAUD_IN_44317,Sujata Chaudhary,Madhya Pradesh,449975,435417,0.97,0,0,0,4,0.12,VERIFIED_VALID,0
FRAUD_IN_44318,Sunil Patel,Assam,433999,468952,1.08,0,0,0,1,0.16,VERIFIED_VALID,0
FRAUD_IN_44319,Neha Gowda,Karnataka,388466,426586,1.1,0,0,0,2,0.12,VERIFIED_VALID,0
FRAUD_IN_44320,Bhavna Chatterjee,Punjab,239114,228340,0.95,0,0,0,1,0.15,VERIFIED_VALID,0
FRAUD_IN_44321,Vijay Nair,Odisha,447759,436335,0.97,0,0,0,3,0.16,VERIFIED_VALID,0
FRAUD_IN_44322,Mamta Sheikh,Rajasthan,109380,125168,1.14,0,0,0,2,0.07,VERIFIED_VALID,0
FRAUD_IN_44323,Bhavna Patil,Karnataka,120574,121577,1.01,0,0,0,4,0.07,VERIFIED_VALID,0
FRAUD_IN_44324,Sanjay Khan,Karnataka,369726,345734,0.94,0,0,0,4,0.2,VERIFIED_VALID,0
FRAUD_IN_44325,Mohammed Yadav,Punjab,197534,186233,0.94,0,0,0,2,0.04,NOT_REQUIRED,0
FRAUD_IN_44326,Radha Mishra,West Bengal,440024,502976,1.14,0,0,0,2,0.02,NOT_REQUIRED,0
FRAUD_IN_44327,Rohan Chaudhary,Gujarat,154267,175164,1.14,0,0,1,3,0.18,VERIFIED_VALID,0
FRAUD_IN_44328,Kiran Das,Uttar Pradesh,170630,159891,0.94,0,0,0,4,0.06,VERIFIED_VALID,0
FRAUD_IN_44329,Suresh Verma,Karnataka,232931,238219,1.02,0,0,0,1,0.02,VERIFIED_VALID,0
FRAUD_IN_44330,Amit Shah,Rajasthan,301290,278921,0.93,0,0,0,4,0.08,VERIFIED_VALID,0
FRAUD_IN_44331,Ganesh Nair,Kerala,446504,426856,0.96,0,0,0,4,0.08,NOT_REQUIRED,0
FRAUD_IN_44332,Mahesh Verma,Assam,394106,400810,1.02,0,0,0,3,0.06,NOT_REQUIRED,0
FRAUD_IN_44333,Prakash Khan,West Bengal,306552,336775,1.1,0,0,0,2,0.16,VERIFIED_VALID,0
FRAUD_IN_44334,Vijay Kumar,West Bengal,368746,408977,1.11,0,0,0,3,0.03,VERIFIED_VALID,0
FRAUD_IN_44335,Mamta Yadav,Odisha,231102,217678,0.94,0,0,0,3,0.22,VERIFIED_VALID,0
FRAUD_IN_44336,Anil Gowda,Gujarat,447293,427469,0.96,0,0,0,4,0.16,VERIFIED_VALID,0
FRAUD_IN_44337,Sanjay Rao,Tamil Nadu,142336,132189,0.93,0,0,0,4,0.03,VERIFIED_VALID,0
FRAUD_IN_44338,Rekha Nair,Kerala,150078,172497,1.15,0,0,0,2,0.03,VERIFIED_VALID,0
FRAUD_IN_44339,Mahesh Chaudhary,Uttar Pradesh,139738,138977,0.99,0,0,0,1,0.19,VERIFIED_VALID,0
FRAUD_IN_44340,Fatima Chatterjee,Rajasthan,63404,68262,1.08,0,0,0,2,0.1,VERIFIED_VALID,0
FRAUD_IN_44341,Rahul Joshi,West Bengal,225417,253281,1.12,0,0,0,3,0.09,VERIFIED_VALID,0
FRAUD_IN_44342,Tariq Patel,Haryana,289186,327604,1.13,0,0,0,3,0.02,VERIFIED_VALID,0
FRAUD_IN_44343,Amit Kumar,Uttar Pradesh,124291,134639,1.08,0,0,0,3,0.0,VERIFIED_VALID,0
FRAUD_IN_44344,Bhavna Nair,Karnataka,122493,122557,1.0,0,0,0,2,0.05,NOT_REQUIRED,0
FRAUD_IN_44345,Geeta Nair,Gujarat,64114,61983,0.97,0,0,0,1,0.18,VERIFIED_VALID,0
FRAUD_IN_44346,Simran Kulkarni,Haryana,168660,168754,1.0,0,0,0,2,0.18,NOT_REQUIRED,0
FRAUD_IN_44347,Gurpreet Kaur,Haryana,107743,101324,0.94,0,0,0,3,0.11,NOT_REQUIRED,0
FRAUD_IN_44348,Ashok Singh,Kerala,113618,107350,0.94,0,0,0,4,0.14,VERIFIED_VALID,0
FRAUD_IN_44349,Ayesha Verma,Tamil Nadu,437240,470397,1.08,0,0,1,4,0.12,NOT_REQUIRED,0
FRAUD_IN_44350,Rahul Sheikh,Punjab,252691,266835,1.06,0,0,0,4,0.21,NOT_REQUIRED,0
FRAUD_IN_44351,Ayesha Banerjee,Assam,214537,241273,1.12,0,0,0,3,0.1,VERIFIED_VALID,0
FRAUD_IN_44352,Lakshmi Reddy,Assam,247563,242257,0.98,0,0,0,4,0.14,VERIFIED_VALID,0
FRAUD_IN_44353,Priya Sharma,West Bengal,94207,98836,1.05,0,0,0,1,0.21,VERIFIED_VALID,0
FRAUD_IN_44354,Harpreet Nair,Gujarat,310599,334075,1.08,0,0,0,1,0.1,VERIFIED_VALID,0
FRAUD_IN_44355,Gurpreet Joshi,Kerala,296802,328422,1.11,0,0,0,2,0.16,VERIFIED_VALID,0
FRAUD_IN_44356,Bhavna Deshmukh,Rajasthan,67419,65185,0.97,0,0,0,4,0.04,VERIFIED_VALID,0
FRAUD_IN_44357,Mohammed Patil,Rajasthan,147786,144531,0.98,0,0,0,1,0.03,NOT_REQUIRED,0
FRAUD_IN_44358,Kavita Shah,Punjab,123473,118262,0.96,0,0,0,3,0.11,VERIFIED_VALID,0
FRAUD_IN_44359,Ganesh Singh,Tamil Nadu,203991,229215,1.12,0,0,0,4,0.17,VERIFIED_VALID,0
FRAUD_IN_44360,Ashok Banerjee,Karnataka,374048,1290838,3.45,0,0,1,9,0.77,UNVERIFIED,1
FRAUD_IN_44361,Kavita Reddy,Uttar Pradesh,392795,423354,1.08,0,0,0,2,0.08,VERIFIED_VALID,0
FRAUD_IN_44362,Sunil Nair,Assam,67718,73496,1.09,0,0,0,4,0.06,VERIFIED_VALID,0
FRAUD_IN_44363,Mohammed Yadav,West Bengal,399715,433231,1.08,0,0,0,2,0.0,NOT_REQUIRED,0
FRAUD_IN_44364,Lakshmi Chaudhary,Haryana,105968,100554,0.95,0,0,1,1,0.19,NOT_REQUIRED,0
FRAUD_IN_44365,Anita Verma,Rajasthan,227013,237679,1.05,0,0,0,1,0.15,VERIFIED_VALID,0
FRAUD_IN_44366,Rekha Yadav,Bihar,415529,477485,1.15,0,0,0,4,0.2,VERIFIED_VALID,0
FRAUD_IN_44367,Sunil Khan,Uttar Pradesh,162772,168616,1.04,0,0,0,3,0.01,NOT_REQUIRED,0
FRAUD_IN_44368,Pooja Banerjee,Rajasthan,39533,38933,0.98,0,0,0,1,0.11,VERIFIED_VALID,0
FRAUD_IN_44369,Sunita Chaudhary,Gujarat,387751,423926,1.09,0,0,0,1,0.12,VERIFIED_VALID,0
FRAUD_IN_44370,Karan Joshi,Karnataka,89227,731091,8.19,0,0,1,32,0.84,UNVERIFIED,1
FRAUD_IN_44371,Tariq Kulkarni,Bihar,197792,197810,1.0,0,0,0,4,0.15,VERIFIED_VALID,0
FRAUD_IN_44372,Pooja Verma,Bihar,171791,522056,3.04,1,0,1,29,0.87,FAKE_CERTIFICATE,1
FRAUD_IN_44373,Pradeep Nair,Punjab,226425,672066,2.97,1,0,1,15,0.85,SUSPICIOUS,1
FRAUD_IN_44374,Simran Sheikh,Rajasthan,313488,288923,0.92,0,0,0,2,0.07,VERIFIED_VALID,0
FRAUD_IN_44375,Prakash Patel,Tamil Nadu,156709,159240,1.02,0,0,0,2,0.07,VERIFIED_VALID,0
FRAUD_IN_44376,Sunita Singh,Rajasthan,58213,54991,0.94,0,0,0,1,0.14,VERIFIED_VALID,0
FRAUD_IN_44377,Gurpreet Singh,Kerala,433157,409016,0.94,0,0,0,3,0.13,VERIFIED_VALID,0
FRAUD_IN_44378,Arjun Kaur,Rajasthan,178682,203240,1.14,0,0,0,1,0.15,VERIFIED_VALID,0
FRAUD_IN_44379,Sunita Banerjee,Bihar,64774,63412,0.98,0,0,0,4,0.0,VERIFIED_VALID,0
FRAUD_IN_44380,Fatima Das,Karnataka,358049,408693,1.14,0,0,0,3,0.14,VERIFIED_VALID,0
FRAUD_IN_44381,Fatima Das,Punjab,269817,248552,0.92,0,0,0,1,0.05,VERIFIED_VALID,0
FRAUD_IN_44382,Neha Kaur,Karnataka,254439,244936,0.96,0,0,0,2,0.15,VERIFIED_VALID,0
FRAUD_IN_44383,Ayesha Nair,Karnataka,374284,386141,1.03,0,0,0,4,0.17,VERIFIED_VALID,0
FRAUD_IN_44384,Prakash Nair,Odisha,242183,1063953,4.39,0,0,0,29,0.78,SUSPICIOUS,1
FRAUD_IN_44385,Fatima Reddy,Bihar,294922,322249,1.09,0,0,0,2,0.03,NOT_REQUIRED,0
FRAUD_IN_44386,Mohammed Patil,Uttar Pradesh,369775,404315,1.09,0,0,0,1,0.09,VERIFIED_VALID,0
FRAUD_IN_44387,Neha Das,Karnataka,287380,290596,1.01,0,0,0,2,0.19,VERIFIED_VALID,0
FRAUD_IN_44388,Ayesha Nair,Assam,41914,45353,1.08,0,0,0,3,0.17,VERIFIED_VALID,0
FRAUD_IN_44389,Anita Shah,Kerala,439374,428903,0.98,0,0,0,2,0.18,VERIFIED_VALID,0
FRAUD_IN_44390,Karan Gowda,Odisha,198169,219124,1.11,0,0,0,3,0.2,VERIFIED_VALID,0
FRAUD_IN_44391,Seema Reddy,Gujarat,136514,145746,1.07,0,0,0,1,0.16,VERIFIED_VALID,0
FRAUD_IN_44392,Pradeep Reddy,Karnataka,53512,58680,1.1,0,0,0,4,0.16,VERIFIED_VALID,0
FRAUD_IN_44393,Deepak Sheikh,Tamil Nadu,337820,321738,0.95,0,0,0,3,0.11,VERIFIED_VALID,0
FRAUD_IN_44394,Priya Kulkarni,Punjab,313684,326221,1.04,0,0,0,2,0.21,VERIFIED_VALID,0
FRAUD_IN_44395,Seema Patel,Tamil Nadu,48993,55144,1.13,0,0,0,1,0.1,NOT_REQUIRED,0
FRAUD_IN_44396,Savita Patel,West Bengal,412195,385080,0.93,0,0,0,2,0.15,VERIFIED_VALID,0
FRAUD_IN_44397,Geeta Khan,Bihar,412525,424553,1.03,0,0,1,4,0.22,VERIFIED_VALID,0
FRAUD_IN_44398,Lakshmi Nair,Kerala,403528,456913,1.13,0,0,0,4,0.2,VERIFIED_VALID,0
FRAUD_IN_44399,Fatima Sheikh,Haryana,211421,210641,1.0,0,0,0,3,0.09,VERIFIED_VALID,0
FRAUD_IN_44400,Sanjay Yadav,Karnataka,104441,102150,0.98,0,0,0,2,0.18,NOT_REQUIRED,0
FRAUD_IN_44401,Tariq Sheikh,Tamil Nadu,349644,343967,0.98,0,0,1,3,0.15,VERIFIED_VALID,0
FRAUD_IN_44402,Sunita Chatterjee,Assam,234186,242274,1.03,0,0,0,1,0.07,VERIFIED_VALID,0
FRAUD_IN_44403,Neha Gowda,Assam,133254,133140,1.0,0,0,0,1,0.0,NOT_REQUIRED,0
FRAUD_IN_44404,Ganesh Patil,Uttar Pradesh,93594,104709,1.12,0,0,0,3,0.01,VERIFIED_VALID,0
FRAUD_IN_44405,Karan Chatterjee,Madhya Pradesh,342736,376958,1.1,0,0,0,4,0.19,VERIFIED_VALID,0
FRAUD_IN_44406,Ganesh Verma,Rajasthan,76866,357037,4.64,0,0,1,29,0.73,SUSPICIOUS,1
FRAUD_IN_44407,Shweta Deshmukh,Madhya Pradesh,94712,106568,1.13,0,0,0,4,0.14,VERIFIED_VALID,0
FRAUD_IN_44408,Shweta Mehta,Rajasthan,75965,72589,0.96,0,0,0,2,0.11,VERIFIED_VALID,0
FRAUD_IN_44409,Rekha Mishra,Rajasthan,38788,44428,1.15,0,0,0,3,0.11,VERIFIED_VALID,0
FRAUD_IN_44410,Ganesh Kaur,Punjab,378038,354809,0.94,0,0,0,4,0.15,VERIFIED_VALID,0
FRAUD_IN_44411,Arjun Das,Madhya Pradesh,418726,417559,1.0,0,0,0,2,0.14,VERIFIED_VALID,0
FRAUD_IN_44412,Suresh Khan,Bihar,243726,246667,1.01,0,0,0,4,0.03,VERIFIED_VALID,0
FRAUD_IN_44413,Ananya Kumar,Assam,335349,336872,1.0,0,0,0,3,0.14,VERIFIED_VALID,0
FRAUD_IN_44414,Ganesh Khan,Rajasthan,421737,403134,0.96,0,0,0,2,0.17,VERIFIED_VALID,0
FRAUD_IN_44415,Anita Khan,Bihar,253565,257581,1.02,0,0,0,1,0.12,NOT_REQUIRED,0
FRAUD_IN_44416,Suresh Reddy,Kerala,351173,333854,0.95,0,0,0,2,0.12,VERIFIED_VALID,0
FRAUD_IN_44417,Manoj Nair,Bihar,266149,2211521,8.31,1,0,1,26,0.97,SUSPICIOUS,1
FRAUD_IN_44418,Ananya Rao,Gujarat,414416,390622,0.94,0,0,0,4,0.01,VERIFIED_VALID,0
FRAUD_IN_44419,Gurpreet Chaudhary,West Bengal,140854,131867,0.94,0,0,0,1,0.02,VERIFIED_VALID,0
FRAUD_IN_44420,Pradeep Joshi,Rajasthan,307493,333402,1.08,0,0,1,3,0.17,VERIFIED_VALID,0
FRAUD_IN_44421,Priya Joshi,Punjab,265350,256542,0.97,0,0,0,1,0.09,VERIFIED_VALID,0
FRAUD_IN_44422,Deepika Sheikh,Bihar,246119,265814,1.08,0,0,0,1,0.14,NOT_REQUIRED,0
FRAUD_IN_44423,Anil Kumar,Madhya Pradesh,187269,176746,0.94,0,0,0,4,0.21,VERIFIED_VALID,0
FRAUD_IN_44424,Fatima Patel,Uttar Pradesh,167878,175344,1.04,0,0,0,3,0.08,VERIFIED_VALID,0
FRAUD_IN_44425,Kiran Mishra,Tamil Nadu,186966,1230111,6.58,1,0,0,30,0.72,SUSPICIOUS,1
FRAUD_IN_44426,Gurpreet Singh,Kerala,181520,188662,1.04,0,0,0,2,0.06,VERIFIED_VALID,0
FRAUD_IN_44427,Prakash Yadav,Uttar Pradesh,380613,433569,1.14,0,0,0,1,0.09,NOT_REQUIRED,0
FRAUD_IN_44428,Ananya Banerjee,Odisha,397093,452798,1.14,0,0,0,1,0.19,NOT_REQUIRED,0
FRAUD_IN_44429,Geeta Yadav,Uttar Pradesh,291988,312210,1.07,0,0,0,1,0.18,VERIFIED_VALID,0
FRAUD_IN_44430,Rajesh Singh,Kerala,190505,184430,0.97,0,0,0,4,0.22,VERIFIED_VALID,0
FRAUD_IN_44431,Mahesh Khan,Madhya Pradesh,201396,207135,1.03,0,0,0,1,0.19,VERIFIED_VALID,0
FRAUD_IN_44432,Simran Rao,Bihar,91095,94669,1.04,0,0,1,3,0.12,VERIFIED_VALID,0
FRAUD_IN_44433,Vijay Yadav,Rajasthan,428943,416065,0.97,0,0,0,4,0.15,VERIFIED_VALID,0
FRAUD_IN_44434,Savita Kaur,Tamil Nadu,235779,248262,1.05,0,0,0,3,0.08,VERIFIED_VALID,0
FRAUD_IN_44435,Sunita Banerjee,Haryana,369080,350657,0.95,0,0,0,4,0.02,VERIFIED_VALID,0
FRAUD_IN_44436,Radha Khan,Haryana,295738,317094,1.07,0,0,0,2,0.09,VERIFIED_VALID,0
FRAUD_IN_44437,Rajesh Mehta,Madhya Pradesh,160887,168560,1.05,0,0,1,1,0.2,VERIFIED_VALID,0
FRAUD_IN_44438,Mamta Chaudhary,West Bengal,53114,50909,0.96,0,0,0,4,0.14,VERIFIED_VALID,0
FRAUD_IN_44439,Arjun Chaudhary,Uttar Pradesh,284616,851011,2.99,0,1,1,8,0.95,SUSPICIOUS,1
FRAUD_IN_44440,Ayesha Shah,Karnataka,434556,451369,1.04,0,0,0,1,0.12,VERIFIED_VALID,0
FRAUD_IN_44441,Sanjay Das,Tamil Nadu,394366,449742,1.14,0,0,0,3,0.02,NOT_REQUIRED,0
FRAUD_IN_44442,Rahul Yadav,Uttar Pradesh,262614,281010,1.07,0,0,0,2,0.06,VERIFIED_VALID,0
FRAUD_IN_44443,Lakshmi Kaur,Tamil Nadu,339484,384215,1.13,0,0,0,1,0.16,VERIFIED_VALID,0
FRAUD_IN_44444,Rajesh Verma,Karnataka,283477,293730,1.04,0,0,0,4,0.01,VERIFIED_VALID,0
FRAUD_IN_44445,Harpreet Khan,Tamil Nadu,334233,347890,1.04,0,0,0,4,0.03,VERIFIED_VALID,0
FRAUD_IN_44446,Harpreet Patel,Karnataka,322647,356205,1.1,0,0,0,3,0.09,NOT_REQUIRED,0
FRAUD_IN_44447,Sujata Das,Karnataka,437123,494066,1.13,0,0,0,2,0.07,VERIFIED_VALID,0
FRAUD_IN_44448,Fatima Singh,Maharashtra,447881,493209,1.1,0,0,0,1,0.14,NOT_REQUIRED,0
FRAUD_IN_44449,Ramesh Chaudhary,Bihar,354941,1581503,4.46,0,1,0,25,0.75,UNVERIFIED,1
FRAUD_IN_44450,Fatima Deshmukh,Haryana,345995,395472,1.14,0,0,0,4,0.04,NOT_REQUIRED,0
FRAUD_IN_44451,Shweta Chatterjee,Karnataka,242483,223186,0.92,0,0,0,4,0.06,VERIFIED_VALID,0
FRAUD_IN_44452,Manoj Singh,Punjab,416177,413403,0.99,0,0,0,4,0.1,NOT_REQUIRED,0
FRAUD_IN_44453,Kiran Das,Karnataka,283311,280195,0.99,0,0,0,1,0.07,VERIFIED_VALID,0
FRAUD_IN_44454,Kavita Chatterjee,Karnataka,81325,80518,0.99,0,0,0,3,0.11,VERIFIED_VALID,0
FRAUD_IN_44455,Ayesha Sharma,Odisha,364313,373832,1.03,0,0,0,1,0.03,NOT_REQUIRED,0
FRAUD_IN_44456,Manoj Mishra,Assam,76369,85863,1.12,0,0,0,4,0.2,VERIFIED_VALID,0
FRAUD_IN_44457,Vijay Kulkarni,Uttar Pradesh,385156,432382,1.12,0,0,0,1,0.12,VERIFIED_VALID,0
FRAUD_IN_44458,Geeta Shah,Bihar,196119,217530,1.11,0,0,0,4,0.21,VERIFIED_VALID,0
FRAUD_IN_44459,Ananya Joshi,Punjab,335771,384035,1.14,0,0,0,3,0.07,VERIFIED_VALID,0
FRAUD_IN_44460,Deepak Yadav,Punjab,413085,3062893,7.41,1,1,0,24,0.72,UNVERIFIED,1
FRAUD_IN_44461,Rajesh Gowda,Maharashtra,295190,319730,1.08,0,0,0,3,0.14,NOT_REQUIRED,0
FRAUD_IN_44462,Meena Sheikh,Maharashtra,309657,311308,1.01,0,0,0,3,0.16,VERIFIED_VALID,0
FRAUD_IN_44463,Savita Patel,Gujarat,199244,207614,1.04,0,0,0,1,0.07,VERIFIED_VALID,0
FRAUD_IN_44464,Preeti Sheikh,Kerala,255339,288799,1.13,0,0,0,2,0.0,VERIFIED_VALID,0
FRAUD_IN_44465,Seema Rao,West Bengal,52886,57915,1.1,0,0,0,1,0.09,VERIFIED_VALID,0
FRAUD_IN_44466,Gurpreet Banerjee,Kerala,68077,71594,1.05,0,0,0,2,0.18,NOT_REQUIRED,0
FRAUD_IN_44467,Ramesh Kaur,Assam,189598,206774,1.09,0,0,0,3,0.12,VERIFIED_VALID,0
FRAUD_IN_44468,Rohan Das,Karnataka,213239,233877,1.1,0,0,0,3,0.2,VERIFIED_VALID,0
FRAUD_IN_44469,Kiran Shah,Bihar,241307,230408,0.95,0,0,1,1,0.13,NOT_REQUIRED,0
FRAUD_IN_44470,Tariq Kulkarni,Rajasthan,130590,137958,1.06,0,0,0,4,0.08,NOT_REQUIRED,0
FRAUD_IN_44471,Ashok Rao,Assam,259215,251124,0.97,0,0,0,2,0.13,NOT_REQUIRED,0
FRAUD_IN_44472,Radha Sheikh,Maharashtra,392831,429794,1.09,0,0,0,4,0.08,VERIFIED_VALID,0
FRAUD_IN_44473,Deepak Das,West Bengal,127056,145849,1.15,0,0,0,2,0.15,VERIFIED_VALID,0
FRAUD_IN_44474,Simran Gowda,Haryana,313917,298804,0.95,0,0,0,1,0.11,VERIFIED_VALID,0
FRAUD_IN_44475,Mohammed Mehta,Odisha,49727,54295,1.09,0,0,0,1,0.08,VERIFIED_VALID,0
FRAUD_IN_44476,Rajesh Banerjee,Madhya Pradesh,95889,106593,1.11,0,0,0,2,0.16,VERIFIED_VALID,0
FRAUD_IN_44477,Dinesh Gupta,Punjab,95580,90651,0.95,0,0,0,3,0.04,VERIFIED_VALID,0
FRAUD_IN_44478,Rekha Kaur,Tamil Nadu,307552,331165,1.08,0,0,0,3,0.2,VERIFIED_VALID,0
FRAUD_IN_44479,Dinesh Yadav,Rajasthan,83803,80808,0.96,0,0,0,3,0.06,VERIFIED_VALID,0
FRAUD_IN_44480,Suresh Kulkarni,Rajasthan,444465,444197,1.0,0,0,0,1,0.08,VERIFIED_VALID,0
FRAUD_IN_44481,Sunil Das,Tamil Nadu,103411,115381,1.12,0,0,0,2,0.2,NOT_REQUIRED,0
FRAUD_IN_44482,Pooja Khan,Karnataka,188316,182558,0.97,0,0,0,1,0.04,VERIFIED_VALID,0
FRAUD_IN_44483,Pooja Kaur,Bihar,132026,139887,1.06,0,0,0,2,0.09,VERIFIED_VALID,0
FRAUD_IN_44484,Fatima Rao,Odisha,403409,398251,0.99,0,0,0,3,0.0,VERIFIED_VALID,0
FRAUD_IN_44485,Dinesh Sharma,Uttar Pradesh,388998,439125,1.13,0,0,0,3,0.18,VERIFIED_VALID,0
FRAUD_IN_44486,Seema Reddy,Madhya Pradesh,206216,206684,1.0,0,0,0,4,0.0,VERIFIED_VALID,0
FRAUD_IN_44487,Deepak Sharma,Uttar Pradesh,156565,177040,1.13,0,0,0,4,0.08,VERIFIED_VALID,0
FRAUD_IN_44488,Anil Das,Gujarat,347440,325940,0.94,0,0,0,2,0.19,VERIFIED_VALID,0
FRAUD_IN_44489,Neha Nair,Bihar,292554,299139,1.02,0,0,0,1,0.2,VERIFIED_VALID,0
FRAUD_IN_44490,Sangeeta Verma,Punjab,116295,744346,6.4,1,1,0,25,0.94,SUSPICIOUS,1
FRAUD_IN_44491,Vijay Kumar,Gujarat,41453,44212,1.07,0,0,0,2,0.16,VERIFIED_VALID,0
FRAUD_IN_44492,Anita Sharma,West Bengal,288841,323467,1.12,0,0,0,3,0.03,NOT_REQUIRED,0
FRAUD_IN_44493,Meena Das,Madhya Pradesh,295506,280957,0.95,0,0,0,3,0.04,NOT_REQUIRED,0
FRAUD_IN_44494,Kiran Chaudhary,Odisha,431886,428877,0.99,0,0,0,1,0.06,NOT_REQUIRED,0
FRAUD_IN_44495,Simran Gowda,Maharashtra,392311,383715,0.98,0,0,0,4,0.12,VERIFIED_VALID,0
FRAUD_IN_44496,Kiran Patil,Maharashtra,207468,224006,1.08,0,0,0,1,0.18,VERIFIED_VALID,0
FRAUD_IN_44497,Mahesh Gupta,Haryana,85432,95264,1.12,0,0,0,2,0.14,VERIFIED_VALID,0
FRAUD_IN_44498,Manoj Chaudhary,Karnataka,47835,159794,3.34,1,0,1,29,0.8,UNVERIFIED,1
FRAUD_IN_44499,Rekha Deshmukh,Punjab,61289,66981,1.09,0,0,0,4,0.03,VERIFIED_VALID,0
FRAUD_IN_44500,Geeta Joshi,Tamil Nadu,380760,433125,1.14,0,0,0,2,0.01,VERIFIED_VALID,0
FRAUD_IN_44501,Fatima Mishra,Rajasthan,105056,112802,1.07,0,0,0,4,0.06,VERIFIED_VALID,0
FRAUD_IN_44502,Ramesh Shah,Kerala,316529,331361,1.05,0,0,0,4,0.01,VERIFIED_VALID,0
FRAUD_IN_44503,Savita Das,Gujarat,405261,413469,1.02,0,0,1,1,0.18,VERIFIED_VALID,0
FRAUD_IN_44504,Lakshmi Kulkarni,Karnataka,380211,434118,1.14,0,0,0,3,0.13,VERIFIED_VALID,0
FRAUD_IN_44505,Suresh Kulkarni,West Bengal,409697,395692,0.97,0,0,0,3,0.08,VERIFIED_VALID,0
FRAUD_IN_44506,Ananya Chatterjee,Tamil Nadu,246067,281041,1.14,0,0,0,2,0.07,VERIFIED_VALID,0
FRAUD_IN_44507,Mamta Das,Bihar,38335,40530,1.06,0,0,1,4,0.17,VERIFIED_VALID,0
FRAUD_IN_44508,Kavita Patil,Madhya Pradesh,112265,122037,1.09,0,0,0,2,0.14,VERIFIED_VALID,0
FRAUD_IN_44509,Rahul Sharma,Maharashtra,419163,446100,1.06,0,0,0,3,0.22,NOT_REQUIRED,0
FRAUD_IN_44510,Deepak Gowda,Gujarat,371127,375078,1.01,0,0,0,2,0.01,VERIFIED_VALID,0
FRAUD_IN_44511,Meena Sharma,Assam,338318,381235,1.13,0,0,0,3,0.04,VERIFIED_VALID,0
FRAUD_IN_44512,Tariq Kumar,Karnataka,256768,236624,0.92,0,0,0,3,0.02,NOT_REQUIRED,0
FRAUD_IN_44513,Kiran Mishra,Uttar Pradesh,105367,107882,1.02,0,0,0,1,0.19,VERIFIED_VALID,0
FRAUD_IN_44514,Arjun Sheikh,Karnataka,257568,272838,1.06,0,0,0,4,0.03,VERIFIED_VALID,0
FRAUD_IN_44515,Anita Shah,Bihar,122062,131586,1.08,0,0,0,2,0.17,VERIFIED_VALID,0
FRAUD_IN_44516,Vikram Kulkarni,Uttar Pradesh,183234,209166,1.14,0,0,0,4,0.06,VERIFIED_VALID,0
FRAUD_IN_44517,Mohammed Mishra,Gujarat,67466,466701,6.92,1,0,1,17,0.97,SUSPICIOUS,1
FRAUD_IN_44518,Neha Sharma,Punjab,382825,382760,1.0,0,0,0,1,0.03,VERIFIED_VALID,0
FRAUD_IN_44519,Sunita Patel,Haryana,239534,257846,1.08,0,0,0,3,0.01,VERIFIED_VALID,0
FRAUD_IN_44520,Meena Mishra,Kerala,405227,423870,1.05,0,0,0,2,0.01,VERIFIED_VALID,0
FRAUD_IN_44521,Rohan Gupta,Uttar Pradesh,380350,389405,1.02,0,0,0,1,0.1,VERIFIED_VALID,0
FRAUD_IN_44522,Geeta Das,Assam,336381,2556096,7.6,1,1,0,30,0.85,FAKE_CERTIFICATE,1
FRAUD_IN_44523,Vikram Patil,Rajasthan,90774,95191,1.05,0,0,0,2,0.15,VERIFIED_VALID,0
FRAUD_IN_44524,Vijay Sheikh,Kerala,342766,317437,0.93,0,0,0,2,0.06,VERIFIED_VALID,0
FRAUD_IN_44525,Ashok Sheikh,Bihar,413312,454074,1.1,0,0,0,2,0.15,VERIFIED_VALID,0
FRAUD_IN_44526,Mamta Patel,Haryana,172331,159126,0.92,0,0,0,3,0.15,VERIFIED_VALID,0
FRAUD_IN_44527,Rahul Mehta,Assam,177411,193288,1.09,0,0,0,2,0.16,NOT_REQUIRED,0
FRAUD_IN_44528,Geeta Deshmukh,Madhya Pradesh,97370,107153,1.1,0,0,0,4,0.15,VERIFIED_VALID,0
FRAUD_IN_44529,Deepak Gupta,Madhya Pradesh,368083,339570,0.92,0,0,0,3,0.14,VERIFIED_VALID,0
FRAUD_IN_44530,Lakshmi Singh,Punjab,73864,500008,6.77,0,1,1,23,0.86,FAKE_CERTIFICATE,1
FRAUD_IN_44531,Sunil Kaur,Karnataka,365884,350411,0.96,0,0,0,1,0.1,VERIFIED_VALID,0
FRAUD_IN_44532,Lakshmi Patil,Tamil Nadu,303341,324193,1.07,0,0,0,2,0.18,VERIFIED_VALID,0
FRAUD_IN_44533,Prakash Mishra,Rajasthan,69265,64084,0.93,0,0,0,4,0.08,NOT_REQUIRED,0
FRAUD_IN_44534,Geeta Singh,Odisha,271282,279362,1.03,0,0,0,1,0.13,NOT_REQUIRED,0
FRAUD_IN_44535,Ganesh Joshi,Madhya Pradesh,189486,195512,1.03,0,0,0,1,0.21,VERIFIED_VALID,0
FRAUD_IN_44536,Anita Yadav,Madhya Pradesh,362257,371528,1.03,0,0,0,2,0.19,NOT_REQUIRED,0
FRAUD_IN_44537,Prakash Rao,Rajasthan,254950,288517,1.13,0,0,0,2,0.15,VERIFIED_VALID,0
FRAUD_IN_44538,Lakshmi Sharma,Punjab,162116,158060,0.97,0,0,0,2,0.12,VERIFIED_VALID,0
FRAUD_IN_44539,Manoj Kaur,Madhya Pradesh,93425,101451,1.09,0,0,0,3,0.09,VERIFIED_VALID,0
FRAUD_IN_44540,Lakshmi Kumar,Karnataka,99648,104068,1.04,0,0,0,2,0.09,VERIFIED_VALID,0
FRAUD_IN_44541,Anita Singh,Uttar Pradesh,223480,231383,1.04,0,0,0,2,0.14,NOT_REQUIRED,0
FRAUD_IN_44542,Sunil Patel,Assam,185047,212434,1.15,0,0,0,1,0.12,VERIFIED_VALID,0
FRAUD_IN_44543,Fatima Das,Bihar,180087,188736,1.05,0,0,0,4,0.13,VERIFIED_VALID,0
FRAUD_IN_44544,Ananya Patil,Tamil Nadu,261966,274449,1.05,0,0,0,3,0.07,NOT_REQUIRED,0
FRAUD_IN_44545,Harpreet Mishra,Gujarat,232235,244741,1.05,0,0,0,3,0.16,VERIFIED_VALID,0
FRAUD_IN_44546,Tariq Mehta,West Bengal,225963,249389,1.1,0,0,1,1,0.21,VERIFIED_VALID,0
FRAUD_IN_44547,Bhavna Shah,Rajasthan,419306,479039,1.14,0,0,0,2,0.13,VERIFIED_VALID,0
FRAUD_IN_44548,Ramesh Patil,West Bengal,366689,343893,0.94,0,0,0,4,0.02,VERIFIED_VALID,0
FRAUD_IN_44549,Kiran Patil,West Bengal,56823,52689,0.93,0,0,0,4,0.08,VERIFIED_VALID,0
FRAUD_IN_44550,Pradeep Patil,Haryana,383761,379731,0.99,0,0,0,1,0.07,NOT_REQUIRED,0
FRAUD_IN_44551,Simran Kaur,Kerala,264320,291226,1.1,0,0,0,4,0.05,VERIFIED_VALID,0
FRAUD_IN_44552,Harpreet Sharma,Rajasthan,258560,296600,1.15,0,0,0,4,0.01,VERIFIED_VALID,0
FRAUD_IN_44553,Kavita Yadav,Odisha,311004,333561,1.07,0,0,0,2,0.03,VERIFIED_VALID,0
FRAUD_IN_44554,Deepika Shah,Punjab,382640,375468,0.98,0,0,0,4,0.02,VERIFIED_VALID,0
FRAUD_IN_44555,Deepika Nair,Odisha,151845,157972,1.04,0,0,0,3,0.22,VERIFIED_VALID,0
FRAUD_IN_44556,Vikram Nair,Rajasthan,188589,196671,1.04,0,0,0,4,0.01,VERIFIED_VALID,0
FRAUD_IN_44557,Meena Rao,Karnataka,414185,457567,1.1,0,0,0,3,0.21,VERIFIED_VALID,0
FRAUD_IN_44558,Mamta Sharma,Bihar,294678,310663,1.05,0,0,0,4,0.06,VERIFIED_VALID,0
FRAUD_IN_44559,Pooja Sheikh,Uttar Pradesh,192988,178577,0.93,0,0,0,2,0.15,VERIFIED_VALID,0
FRAUD_IN_44560,Prakash Reddy,Haryana,88493,98235,1.11,0,0,0,2,0.15,VERIFIED_VALID,0
FRAUD_IN_44561,Kavita Singh,Maharashtra,182940,173520,0.95,0,0,0,3,0.16,VERIFIED_VALID,0
FRAUD_IN_44562,Shweta Patil,Maharashtra,154754,172442,1.11,0,0,0,2,0.06,VERIFIED_VALID,0
FRAUD_IN_44563,Arjun Das,Haryana,417839,390337,0.93,0,0,0,4,0.07,VERIFIED_VALID,0
FRAUD_IN_44564,Pooja Joshi,Kerala,78801,79045,1.0,0,0,0,4,0.13,VERIFIED_VALID,0
FRAUD_IN_44565,Ganesh Rao,Gujarat,275797,282936,1.03,0,0,0,1,0.05,NOT_REQUIRED,0
FRAUD_IN_44566,Suresh Sharma,Kerala,199410,188504,0.95,0,0,0,2,0.13,VERIFIED_VALID,0
FRAUD_IN_44567,Sanjay Verma,Gujarat,346924,394230,1.14,0,0,0,4,0.09,VERIFIED_VALID,0
FRAUD_IN_44568,Anita Deshmukh,Gujarat,377846,407399,1.08,0,0,0,3,0.19,VERIFIED_VALID,0
FRAUD_IN_44569,Vijay Deshmukh,Kerala,277176,297549,1.07,0,0,0,4,0.19,VERIFIED_VALID,0
FRAUD_IN_44570,Suresh Shah,Haryana,142314,142890,1.0,0,0,0,1,0.11,VERIFIED_VALID,0
FRAUD_IN_44571,Sunita Mehta,Maharashtra,375851,426414,1.13,0,0,0,1,0.18,VERIFIED_VALID,0
FRAUD_IN_44572,Seema Verma,Kerala,311272,325509,1.05,0,0,0,4,0.06,NOT_REQUIRED,0
FRAUD_IN_44573,Kiran Kumar,Punjab,118091,134998,1.14,0,0,0,4,0.12,VERIFIED_VALID,0
FRAUD_IN_44574,Sunita Mishra,Rajasthan,402103,371345,0.92,0,0,0,4,0.12,VERIFIED_VALID,0
FRAUD_IN_44575,Vijay Shah,Maharashtra,95130,106550,1.12,0,0,0,2,0.18,NOT_REQUIRED,0
FRAUD_IN_44576,Sunita Deshmukh,Bihar,198823,188060,0.95,0,0,0,1,0.02,NOT_REQUIRED,0
FRAUD_IN_44577,Mamta Mehta,Haryana,355262,330469,0.93,0,0,0,2,0.05,VERIFIED_VALID,0
FRAUD_IN_44578,Pradeep Mishra,Rajasthan,329113,337624,1.03,0,0,0,4,0.16,NOT_REQUIRED,0
FRAUD_IN_44579,Vijay Patil,Madhya Pradesh,153980,146537,0.95,0,0,0,2,0.08,VERIFIED_VALID,0
FRAUD_IN_44580,Sunil Rao,Punjab,371250,363449,0.98,0,0,0,2,0.03,VERIFIED_VALID,0
FRAUD_IN_44581,Geeta Das,Maharashtra,267550,285884,1.07,0,0,0,3,0.04,VERIFIED_VALID,0
FRAUD_IN_44582,Ayesha Kumar,Madhya Pradesh,204183,231927,1.14,0,0,0,3,0.19,VERIFIED_VALID,0
FRAUD_IN_44583,Anita Das,Tamil Nadu,169259,181931,1.07,0,0,0,4,0.18,VERIFIED_VALID,0
FRAUD_IN_44584,Arjun Khan,Kerala,283854,299573,1.06,0,0,0,3,0.17,NOT_REQUIRED,0
FRAUD_IN_44585,Amit Verma,Kerala,395099,372378,0.94,0,0,0,4,0.07,VERIFIED_VALID,0
FRAUD_IN_44586,Rohan Kumar,Kerala,440534,462567,1.05,0,0,0,2,0.16,VERIFIED_VALID,0
FRAUD_IN_44587,Vikram Deshmukh,Uttar Pradesh,273668,253089,0.92,0,0,0,3,0.02,VERIFIED_VALID,0
FRAUD_IN_44588,Mahesh Banerjee,Karnataka,348593,389731,1.12,0,0,0,1,0.01,NOT_REQUIRED,0
FRAUD_IN_44589,Kiran Deshmukh,Assam,122341,118723,0.97,0,0,0,4,0.06,VERIFIED_VALID,0
FRAUD_IN_44590,Karan Nair,Punjab,52318,49557,0.95,0,0,0,4,0.11,NOT_REQUIRED,0
FRAUD_IN_44591,Seema Patil,Rajasthan,315128,325277,1.03,0,0,0,2,0.13,VERIFIED_VALID,0
FRAUD_IN_44592,Shweta Joshi,Gujarat,351863,333890,0.95,0,0,0,2,0.01,VERIFIED_VALID,0
FRAUD_IN_44593,Priya Banerjee,Odisha,367694,401309,1.09,0,0,0,3,0.18,NOT_REQUIRED,0
FRAUD_IN_44594,Vijay Banerjee,Haryana,125596,120421,0.96,0,0,0,4,0.11,NOT_REQUIRED,0
FRAUD_IN_44595,Sujata Gowda,Maharashtra,378044,371869,0.98,0,0,0,2,0.01,NOT_REQUIRED,0
FRAUD_IN_44596,Kiran Sheikh,Punjab,418699,452680,1.08,0,0,0,4,0.15,NOT_REQUIRED,0
FRAUD_IN_44597,Ayesha Sheikh,Uttar Pradesh,219201,242742,1.11,0,0,0,4,0.14,VERIFIED_VALID,0
FRAUD_IN_44598,Neha Shah,Kerala,161008,165858,1.03,0,0,0,1,0.11,NOT_REQUIRED,0
FRAUD_IN_44599,Sunil Deshmukh,Uttar Pradesh,163964,159147,0.97,0,0,0,1,0.08,VERIFIED_VALID,0
FRAUD_IN_44600,Ramesh Sharma,Maharashtra,405716,2728259,6.72,1,0,0,16,0.87,FAKE_CERTIFICATE,1
FRAUD_IN_44601,Mohammed Gupta,Kerala,148993,151709,1.02,0,0,0,1,0.2,NOT_REQUIRED,0
FRAUD_IN_44602,Ashok Patel,Punjab,162853,177021,1.09,0,0,0,3,0.11,VERIFIED_VALID,0
FRAUD_IN_44603,Radha Das,West Bengal,141153,136668,0.97,0,0,0,1,0.11,VERIFIED_VALID,0
FRAUD_IN_44604,Amit Yadav,Punjab,158361,150787,0.95,0,0,0,2,0.01,NOT_REQUIRED,0
FRAUD_IN_44605,Fatima Deshmukh,Odisha,153706,164819,1.07,0,0,0,1,0.2,NOT_REQUIRED,0
FRAUD_IN_44606,Kavita Chaudhary,West Bengal,333339,348858,1.05,0,0,0,2,0.18,VERIFIED_VALID,0
FRAUD_IN_44607,Priya Mehta,Punjab,95326,306104,3.21,1,0,1,20,0.98,UNVERIFIED,1
FRAUD_IN_44608,Kiran Deshmukh,West Bengal,365700,360699,0.99,0,0,0,3,0.07,VERIFIED_VALID,0
FRAUD_IN_44609,Arjun Singh,Bihar,227999,245530,1.08,0,0,0,2,0.16,VERIFIED_VALID,0
FRAUD_IN_44610,Shweta Singh,Bihar,136453,146066,1.07,0,0,0,1,0.18,VERIFIED_VALID,0
FRAUD_IN_44611,Vikram Rao,Uttar Pradesh,418689,399305,0.95,0,0,0,3,0.2,VERIFIED_VALID,0
FRAUD_IN_44612,Vikram Gupta,Gujarat,337811,326734,0.97,0,0,0,1,0.04,VERIFIED_VALID,0
FRAUD_IN_44613,Kavita Verma,Kerala,83378,79036,0.95,0,0,0,4,0.04,VERIFIED_VALID,0
FRAUD_IN_44614,Kavita Gowda,West Bengal,376909,358817,0.95,0,0,0,2,0.15,VERIFIED_VALID,0
FRAUD_IN_44615,Preeti Mehta,Uttar Pradesh,316485,2587756,8.18,1,0,1,34,0.89,FAKE_CERTIFICATE,1
FRAUD_IN_44616,Lakshmi Deshmukh,Assam,39860,44509,1.12,0,0,0,2,0.2,VERIFIED_VALID,0
FRAUD_IN_44617,Simran Patel,Rajasthan,72734,79522,1.09,0,0,0,3,0.14,VERIFIED_VALID,0
FRAUD_IN_44618,Deepika Khan,Tamil Nadu,365002,410324,1.12,0,0,0,1,0.05,NOT_REQUIRED,0
FRAUD_IN_44619,Suresh Kumar,Assam,246273,243803,0.99,0,0,1,3,0.0,VERIFIED_VALID,0
FRAUD_IN_44620,Rahul Kulkarni,Punjab,77421,77079,1.0,0,0,0,1,0.03,VERIFIED_VALID,0
FRAUD_IN_44621,Pooja Kulkarni,Uttar Pradesh,209373,213283,1.02,0,0,0,2,0.01,VERIFIED_VALID,0
FRAUD_IN_44622,Sujata Patel,Karnataka,364021,394566,1.08,0,0,0,4,0.17,VERIFIED_VALID,0
FRAUD_IN_44623,Neha Kaur,Uttar Pradesh,405121,376022,0.93,0,0,0,2,0.18,NOT_REQUIRED,0
FRAUD_IN_44624,Deepak Sheikh,Rajasthan,213693,203279,0.95,0,0,0,4,0.14,VERIFIED_VALID,0
FRAUD_IN_44625,Mahesh Verma,West Bengal,81403,84472,1.04,0,0,0,2,0.12,NOT_REQUIRED,0
FRAUD_IN_44626,Prakash Chatterjee,Odisha,395937,400025,1.01,0,0,0,1,0.04,VERIFIED_VALID,0
FRAUD_IN_44627,Mohammed Nair,Karnataka,117733,121930,1.04,0,0,0,3,0.12,VERIFIED_VALID,0
FRAUD_IN_44628,Manoj Shah,Punjab,155089,175321,1.13,0,0,0,4,0.22,VERIFIED_VALID,0
FRAUD_IN_44629,Dinesh Deshmukh,Rajasthan,353812,357822,1.01,0,0,0,1,0.01,VERIFIED_VALID,0
FRAUD_IN_44630,Bhavna Deshmukh,Punjab,436075,429189,0.98,0,0,0,1,0.12,VERIFIED_VALID,0
FRAUD_IN_44631,Amit Patel,Bihar,351271,354664,1.01,0,0,0,2,0.04,NOT_REQUIRED,0
FRAUD_IN_44632,Ananya Kaur,Maharashtra,377445,418639,1.11,0,0,0,4,0.13,VERIFIED_VALID,0
FRAUD_IN_44633,Vikram Reddy,Karnataka,103852,117490,1.13,0,0,0,2,0.02,VERIFIED_VALID,0
FRAUD_IN_44634,Arjun Patel,Tamil Nadu,154434,710237,4.6,1,0,1,17,0.88,UNVERIFIED,1
FRAUD_IN_44635,Pooja Sheikh,Kerala,116456,112994,0.97,0,0,0,2,0.04,VERIFIED_VALID,0
FRAUD_IN_44636,Meena Mehta,Madhya Pradesh,123872,138818,1.12,0,0,1,3,0.21,VERIFIED_VALID,0
FRAUD_IN_44637,Ashok Deshmukh,Assam,347901,367417,1.06,0,0,0,1,0.1,VERIFIED_VALID,0
FRAUD_IN_44638,Ramesh Banerjee,Odisha,359775,405092,1.13,0,0,0,3,0.1,VERIFIED_VALID,0
FRAUD_IN_44639,Deepika Patil,Punjab,393797,367571,0.93,0,0,0,3,0.06,VERIFIED_VALID,0
FRAUD_IN_44640,Anil Khan,West Bengal,105221,97137,0.92,0,0,0,1,0.02,VERIFIED_VALID,0
FRAUD_IN_44641,Amit Patil,Gujarat,198173,214328,1.08,0,0,0,3,0.09,VERIFIED_VALID,0
FRAUD_IN_44642,Kiran Nair,Punjab,303246,306706,1.01,0,0,0,4,0.1,VERIFIED_VALID,0
FRAUD_IN_44643,Anil Mishra,Madhya Pradesh,104536,101307,0.97,0,0,0,2,0.12,VERIFIED_VALID,0
FRAUD_IN_44644,Seema Patil,Odisha,157616,176126,1.12,0,0,0,3,0.16,VERIFIED_VALID,0
FRAUD_IN_44645,Priya Shah,Odisha,380428,356022,0.94,0,0,0,3,0.14,VERIFIED_VALID,0
FRAUD_IN_44646,Mohammed Singh,Tamil Nadu,100697,109845,1.09,0,0,0,2,0.11,NOT_REQUIRED,0
FRAUD_IN_44647,Shweta Patel,Maharashtra,75276,79123,1.05,0,0,0,2,0.01,VERIFIED_VALID,0
FRAUD_IN_44648,Sunil Mishra,Uttar Pradesh,125666,118001,0.94,0,0,0,3,0.08,NOT_REQUIRED,0
FRAUD_IN_44649,Sunil Gowda,Haryana,88873,95399,1.07,0,0,0,2,0.08,NOT_REQUIRED,0
FRAUD_IN_44650,Shweta Kumar,Bihar,389831,435036,1.12,0,0,0,3,0.07,VERIFIED_VALID,0
FRAUD_IN_44651,Savita Chaudhary,Gujarat,89055,93614,1.05,0,0,0,2,0.12,VERIFIED_VALID,0
FRAUD_IN_44652,Ganesh Patel,West Bengal,233632,228537,0.98,0,0,0,3,0.21,VERIFIED_VALID,0
FRAUD_IN_44653,Priya Banerjee,Karnataka,431558,2834470,6.57,0,0,1,12,0.99,UNVERIFIED,1
FRAUD_IN_44654,Ananya Das,Madhya Pradesh,43133,48599,1.13,0,0,0,2,0.17,VERIFIED_VALID,0
FRAUD_IN_44655,Rohan Reddy,Gujarat,49416,56658,1.15,0,0,0,1,0.18,VERIFIED_VALID,0
FRAUD_IN_44656,Gurpreet Mishra,Maharashtra,188592,201371,1.07,0,0,0,4,0.03,VERIFIED_VALID,0
FRAUD_IN_44657,Deepika Singh,Maharashtra,345520,380230,1.1,0,0,0,4,0.12,NOT_REQUIRED,0
FRAUD_IN_44658,Deepika Mehta,Punjab,213278,231928,1.09,0,0,0,3,0.22,VERIFIED_VALID,0
FRAUD_IN_44659,Fatima Shah,West Bengal,41725,39706,0.95,0,0,0,1,0.06,NOT_REQUIRED,0
FRAUD_IN_44660,Suresh Patil,Uttar Pradesh,135479,133262,0.98,0,0,0,3,0.04,NOT_REQUIRED,0
FRAUD_IN_44661,Rahul Sheikh,Kerala,403595,1851968,4.59,1,0,1,35,0.95,UNVERIFIED,1
FRAUD_IN_44662,Ganesh Sheikh,Assam,340051,357577,1.05,0,0,0,1,0.13,VERIFIED_VALID,0
FRAUD_IN_44663,Deepak Reddy,Odisha,398050,373197,0.94,0,0,0,3,0.11,VERIFIED_VALID,0
FRAUD_IN_44664,Sanjay Mehta,Odisha,290898,1599193,5.5,1,0,0,13,0.95,SUSPICIOUS,1
FRAUD_IN_44665,Harpreet Das,Rajasthan,399781,420132,1.05,0,0,0,2,0.06,VERIFIED_VALID,0
FRAUD_IN_44666,Ananya Yadav,Gujarat,241371,229812,0.95,0,0,0,3,0.04,VERIFIED_VALID,0
FRAUD_IN_44667,Preeti Deshmukh,Maharashtra,436062,433222,0.99,0,0,0,3,0.07,VERIFIED_VALID,0
FRAUD_IN_44668,Deepak Mehta,Gujarat,196303,205877,1.05,0,0,0,4,0.11,VERIFIED_VALID,0
FRAUD_IN_44669,Gurpreet Patil,Madhya Pradesh,397578,452864,1.14,0,0,0,3,0.08,VERIFIED_VALID,0
FRAUD_IN_44670,Pooja Rao,Karnataka,253809,288031,1.13,0,0,0,3,0.21,VERIFIED_VALID,0
FRAUD_IN_44671,Sanjay Nair,West Bengal,253758,888939,3.5,1,0,1,25,0.82,FAKE_CERTIFICATE,1
FRAUD_IN_44672,Simran Joshi,West Bengal,42652,48189,1.13,0,0,1,2,0.19,VERIFIED_VALID,0
FRAUD_IN_44673,Vijay Banerjee,Uttar Pradesh,446604,466434,1.04,0,0,0,4,0.18,VERIFIED_VALID,0
FRAUD_IN_44674,Prakash Mehta,Punjab,356986,351151,0.98,0,0,0,3,0.19,VERIFIED_VALID,0
FRAUD_IN_44675,Amit Patil,Punjab,63563,62210,0.98,0,0,0,1,0.01,VERIFIED_VALID,0
FRAUD_IN_44676,Rekha Gowda,Kerala,366912,382289,1.04,0,0,0,3,0.14,VERIFIED_VALID,0
FRAUD_IN_44677,Rekha Khan,Karnataka,88468,95252,1.08,0,0,0,4,0.16,VERIFIED_VALID,0
FRAUD_IN_44678,Sangeeta Nair,Punjab,214626,234776,1.09,0,0,0,4,0.12,VERIFIED_VALID,0
FRAUD_IN_44679,Sunita Sheikh,Kerala,63037,72281,1.15,0,0,0,1,0.04,NOT_REQUIRED,0
FRAUD_IN_44680,Deepak Rao,Bihar,188632,181847,0.96,0,0,0,4,0.13,VERIFIED_VALID,0
FRAUD_IN_44681,Pradeep Gowda,Tamil Nadu,376586,2058870,5.47,0,1,1,11,0.87,UNVERIFIED,1
FRAUD_IN_44682,Anita Mishra,Madhya Pradesh,267646,300076,1.12,0,0,0,4,0.15,VERIFIED_VALID,0
FRAUD_IN_44683,Seema Sheikh,West Bengal,100205,421222,4.2,1,0,1,13,0.95,FAKE_CERTIFICATE,1
FRAUD_IN_44684,Ramesh Sheikh,Madhya Pradesh,210598,198603,0.94,0,0,0,1,0.22,VERIFIED_VALID,0
FRAUD_IN_44685,Manoj Sharma,Punjab,309543,322471,1.04,0,0,0,3,0.05,VERIFIED_VALID,0
FRAUD_IN_44686,Neha Deshmukh,Haryana,44603,44454,1.0,0,0,0,4,0.13,VERIFIED_VALID,0
FRAUD_IN_44687,Rohan Mehta,Tamil Nadu,91434,92510,1.01,0,0,0,2,0.12,NOT_REQUIRED,0
FRAUD_IN_44688,Deepak Yadav,Madhya Pradesh,268300,285738,1.06,0,0,0,4,0.22,VERIFIED_VALID,0
FRAUD_IN_44689,Sunil Chatterjee,Tamil Nadu,368296,405628,1.1,0,0,0,4,0.18,VERIFIED_VALID,0
FRAUD_IN_44690,Rekha Patil,Assam,403105,454209,1.13,0,0,0,4,0.17,VERIFIED_VALID,0
FRAUD_IN_44691,Meena Sharma,Haryana,200687,203877,1.02,0,0,0,2,0.11,VERIFIED_VALID,0
FRAUD_IN_44692,Gurpreet Kulkarni,Punjab,386882,428499,1.11,0,0,0,3,0.11,VERIFIED_VALID,0
FRAUD_IN_44693,Lakshmi Gowda,Rajasthan,251342,272913,1.09,0,0,0,3,0.1,VERIFIED_VALID,0
FRAUD_IN_44694,Mamta Shah,Madhya Pradesh,364222,353529,0.97,0,0,0,2,0.15,VERIFIED_VALID,0
FRAUD_IN_44695,Harpreet Rao,Bihar,225899,218981,0.97,0,0,0,2,0.06,VERIFIED_VALID,0
FRAUD_IN_44696,Seema Kaur,Tamil Nadu,89668,82532,0.92,0,0,0,2,0.06,NOT_REQUIRED,0
FRAUD_IN_44697,Fatima Kumar,Assam,108314,119592,1.1,0,0,0,3,0.13,VERIFIED_VALID,0
FRAUD_IN_44698,Kiran Mehta,Gujarat,321498,298053,0.93,0,0,0,1,0.16,NOT_REQUIRED,0
FRAUD_IN_44699,Harpreet Sharma,Haryana,274845,285108,1.04,0,0,0,3,0.02,VERIFIED_VALID,0
FRAUD_IN_44700,Kiran Singh,Assam,252752,235133,0.93,0,0,0,2,0.21,NOT_REQUIRED,0
FRAUD_IN_44701,Seema Rao,Uttar Pradesh,111408,124877,1.12,0,0,0,3,0.12,VERIFIED_VALID,0
FRAUD_IN_44702,Prakash Banerjee,Maharashtra,234248,254866,1.09,0,0,0,2,0.08,VERIFIED_VALID,0
FRAUD_IN_44703,Ananya Gupta,West Bengal,420396,443428,1.05,0,0,0,4,0.18,VERIFIED_VALID,0
FRAUD_IN_44704,Manoj Banerjee,Bihar,110642,756509,6.84,0,0,1,9,0.73,SUSPICIOUS,1
FRAUD_IN_44705,Mamta Deshmukh,Odisha,417077,399360,0.96,0,0,0,3,0.1,VERIFIED_VALID,0
FRAUD_IN_44706,Sunil Patil,Punjab,150881,140596,0.93,0,0,0,2,0.17,VERIFIED_VALID,0
FRAUD_IN_44707,Tariq Chaudhary,Maharashtra,296239,318816,1.08,0,0,0,2,0.04,VERIFIED_VALID,0
FRAUD_IN_44708,Rajesh Rao,West Bengal,414233,462530,1.12,0,0,0,4,0.19,NOT_REQUIRED,0
FRAUD_IN_44709,Prakash Mishra,Maharashtra,321991,346017,1.07,0,0,0,2,0.09,VERIFIED_VALID,0
FRAUD_IN_44710,Mahesh Das,Rajasthan,218072,214762,0.98,0,0,0,2,0.07,VERIFIED_VALID,0
FRAUD_IN_44711,Pooja Das,Tamil Nadu,411013,401490,0.98,0,0,0,1,0.21,VERIFIED_VALID,0
FRAUD_IN_44712,Deepika Mishra,Rajasthan,162173,174166,1.07,0,0,0,2,0.11,VERIFIED_VALID,0
FRAUD_IN_44713,Preeti Mehta,Bihar,282382,281089,1.0,0,0,1,4,0.04,NOT_REQUIRED,0
FRAUD_IN_44714,Gurpreet Chaudhary,West Bengal,264200,295152,1.12,0,0,0,1,0.13,VERIFIED_VALID,0
FRAUD_IN_44715,Sujata Kulkarni,Maharashtra,206271,195592,0.95,0,0,0,2,0.17,VERIFIED_VALID,0
FRAUD_IN_44716,Vikram Chaudhary,Madhya Pradesh,78322,87210,1.11,0,0,0,2,0.05,VERIFIED_VALID,0
FRAUD_IN_44717,Rajesh Kulkarni,Maharashtra,445387,442478,0.99,0,0,0,3,0.05,VERIFIED_VALID,0
FRAUD_IN_44718,Arjun Sharma,Uttar Pradesh,196622,199254,1.01,0,0,1,2,0.2,NOT_REQUIRED,0
FRAUD_IN_44719,Anita Mishra,West Bengal,234688,230811,0.98,0,0,0,4,0.02,VERIFIED_VALID,0
FRAUD_IN_44720,Radha Das,Assam,430672,467113,1.08,0,0,0,3,0.04,VERIFIED_VALID,0
FRAUD_IN_44721,Bhavna Khan,Assam,429817,422570,0.98,0,0,0,1,0.19,VERIFIED_VALID,0
FRAUD_IN_44722,Preeti Chatterjee,Maharashtra,127194,119570,0.94,0,0,0,4,0.09,VERIFIED_VALID,0
FRAUD_IN_44723,Anil Rao,Assam,280086,321573,1.15,0,0,0,2,0.01,VERIFIED_VALID,0
FRAUD_IN_44724,Geeta Joshi,Haryana,279854,1967600,7.03,1,0,0,14,0.91,FAKE_CERTIFICATE,1
FRAUD_IN_44725,Mahesh Das,Assam,223481,216656,0.97,0,0,0,4,0.14,VERIFIED_VALID,0
FRAUD_IN_44726,Simran Khan,Gujarat,67203,347966,5.18,1,0,1,31,0.97,UNVERIFIED,1
FRAUD_IN_44727,Radha Das,Tamil Nadu,312653,327394,1.05,0,0,0,3,0.04,NOT_REQUIRED,0
FRAUD_IN_44728,Anita Reddy,Odisha,245667,279496,1.14,0,0,0,3,0.11,VERIFIED_VALID,0
FRAUD_IN_44729,Deepika Mishra,Bihar,390274,369020,0.95,0,0,0,4,0.06,VERIFIED_VALID,0
FRAUD_IN_44730,Anita Yadav,Tamil Nadu,345016,382077,1.11,0,0,0,3,0.07,VERIFIED_VALID,0
FRAUD_IN_44731,Rohan Yadav,Tamil Nadu,152242,158678,1.04,0,0,0,1,0.21,VERIFIED_VALID,0
FRAUD_IN_44732,Bhavna Khan,Karnataka,434707,489580,1.13,0,0,0,2,0.06,VERIFIED_VALID,0
FRAUD_IN_44733,Priya Kaur,Odisha,268117,296364,1.11,0,0,0,1,0.06,NOT_REQUIRED,0
FRAUD_IN_44734,Harpreet Verma,Gujarat,223148,210899,0.95,0,0,0,2,0.14,VERIFIED_VALID,0
FRAUD_IN_44735,Kavita Gowda,Bihar,301876,333960,1.11,0,0,0,1,0.21,VERIFIED_VALID,0
FRAUD_IN_44736,Seema Das,Gujarat,274115,295229,1.08,0,0,0,3,0.12,NOT_REQUIRED,0
FRAUD_IN_44737,Ayesha Shah,Odisha,154062,143714,0.93,0,0,0,2,0.08,NOT_REQUIRED,0
FRAUD_IN_44738,Tariq Kulkarni,Uttar Pradesh,319551,331816,1.04,0,0,0,1,0.2,NOT_REQUIRED,0
FRAUD_IN_44739,Kavita Patil,Punjab,168193,178588,1.06,0,0,0,2,0.15,VERIFIED_VALID,0
FRAUD_IN_44740,Sunita Deshmukh,Rajasthan,148591,142565,0.96,0,0,0,4,0.21,VERIFIED_VALID,0
FRAUD_IN_44741,Rahul Rao,Rajasthan,278910,258082,0.93,0,0,0,1,0.06,NOT_REQUIRED,0
FRAUD_IN_44742,Gurpreet Sharma,Odisha,192725,179276,0.93,0,0,1,2,0.02,VERIFIED_VALID,0
FRAUD_IN_44743,Arjun Singh,Haryana,362941,355940,0.98,0,0,0,3,0.11,NOT_REQUIRED,0
FRAUD_IN_44744,Dinesh Patel,Odisha,199072,209193,1.05,0,0,0,2,0.02,VERIFIED_VALID,0
FRAUD_IN_44745,Pooja Deshmukh,Gujarat,158160,172158,1.09,0,0,0,1,0.01,VERIFIED_VALID,0
FRAUD_IN_44746,Manoj Deshmukh,West Bengal,292887,276785,0.95,0,0,0,3,0.18,NOT_REQUIRED,0
FRAUD_IN_44747,Rajesh Gowda,Bihar,198306,211340,1.07,0,0,0,4,0.01,VERIFIED_VALID,0
FRAUD_IN_44748,Anil Reddy,West Bengal,115324,127706,1.11,0,0,0,4,0.05,NOT_REQUIRED,0
FRAUD_IN_44749,Karan Singh,Punjab,410485,450838,1.1,0,0,0,3,0.18,VERIFIED_VALID,0
FRAUD_IN_44750,Dinesh Sheikh,Assam,246723,247905,1.0,0,0,0,4,0.14,VERIFIED_VALID,0
FRAUD_IN_44751,Kavita Kulkarni,Tamil Nadu,361856,394860,1.09,0,0,0,4,0.06,VERIFIED_VALID,0
FRAUD_IN_44752,Prakash Patil,Maharashtra,441133,504696,1.14,0,0,0,1,0.05,VERIFIED_VALID,0
FRAUD_IN_44753,Seema Sharma,Gujarat,309454,329003,1.06,0,0,0,2,0.1,NOT_REQUIRED,0
FRAUD_IN_44754,Seema Banerjee,Madhya Pradesh,399910,449950,1.13,0,0,0,1,0.18,VERIFIED_VALID,0
FRAUD_IN_44755,Bhavna Gupta,Haryana,191620,196328,1.02,0,0,0,3,0.04,VERIFIED_VALID,0
FRAUD_IN_44756,Tariq Verma,Karnataka,88087,94476,1.07,0,0,0,4,0.04,VERIFIED_VALID,0
FRAUD_IN_44757,Ashok Sharma,Kerala,81617,89174,1.09,0,0,0,1,0.2,VERIFIED_VALID,0
FRAUD_IN_44758,Sangeeta Chatterjee,Rajasthan,414786,398149,0.96,0,0,0,4,0.15,VERIFIED_VALID,0
FRAUD_IN_44759,Deepak Patil,Karnataka,153260,158052,1.03,0,0,0,3,0.19,VERIFIED_VALID,0
FRAUD_IN_44760,Shweta Sheikh,Odisha,329378,325825,0.99,0,0,0,1,0.05,VERIFIED_VALID,0
FRAUD_IN_44761,Neha Sharma,Tamil Nadu,438736,3618594,8.25,1,0,1,14,0.88,UNVERIFIED,1
FRAUD_IN_44762,Harpreet Khan,Odisha,264868,275893,1.04,0,0,0,3,0.04,VERIFIED_VALID,0
FRAUD_IN_44763,Bhavna Khan,Tamil Nadu,392532,431715,1.1,0,0,0,2,0.09,VERIFIED_VALID,0
FRAUD_IN_44764,Ashok Khan,Gujarat,192690,183050,0.95,0,0,0,2,0.12,VERIFIED_VALID,0
FRAUD_IN_44765,Meena Yadav,Punjab,338986,321589,0.95,0,0,0,4,0.18,NOT_REQUIRED,0
FRAUD_IN_44766,Amit Deshmukh,Punjab,212185,1392107,6.56,1,0,1,14,0.71,UNVERIFIED,1
FRAUD_IN_44767,Rajesh Patel,Tamil Nadu,149308,166805,1.12,0,0,0,3,0.13,VERIFIED_VALID,0
FRAUD_IN_44768,Seema Gupta,Madhya Pradesh,128970,121152,0.94,0,0,0,4,0.14,NOT_REQUIRED,0
FRAUD_IN_44769,Savita Das,Odisha,265567,248477,0.94,0,0,0,2,0.01,NOT_REQUIRED,0
FRAUD_IN_44770,Seema Sheikh,Madhya Pradesh,154352,176971,1.15,0,0,0,2,0.15,VERIFIED_VALID,0
FRAUD_IN_44771,Ganesh Nair,Maharashtra,124713,756297,6.06,0,1,0,16,0.77,UNVERIFIED,1
FRAUD_IN_44772,Deepak Das,Punjab,353857,337102,0.95,0,0,0,4,0.0,NOT_REQUIRED,0
FRAUD_IN_44773,Sanjay Verma,Assam,292748,271165,0.93,0,0,0,2,0.07,VERIFIED_VALID,0
FRAUD_IN_44774,Geeta Patil,Maharashtra,140453,1112642,7.92,1,0,0,26,0.87,SUSPICIOUS,1
FRAUD_IN_44775,Radha Kulkarni,Odisha,82385,90400,1.1,0,0,0,3,0.12,VERIFIED_VALID,0
FRAUD_IN_44776,Ananya Joshi,Karnataka,441571,416871,0.94,0,0,0,4,0.06,NOT_REQUIRED,0
FRAUD_IN_44777,Deepak Rao,Punjab,250842,234248,0.93,0,0,0,4,0.16,VERIFIED_VALID,0
FRAUD_IN_44778,Deepika Nair,Punjab,310631,339298,1.09,0,0,0,2,0.02,VERIFIED_VALID,0
FRAUD_IN_44779,Sangeeta Chatterjee,Maharashtra,86887,97818,1.13,0,0,0,1,0.15,NOT_REQUIRED,0
FRAUD_IN_44780,Bhavna Verma,Madhya Pradesh,145201,136536,0.94,0,0,0,4,0.2,VERIFIED_VALID,0
FRAUD_IN_44781,Ganesh Patel,Punjab,297063,300836,1.01,0,0,0,3,0.12,VERIFIED_VALID,0
FRAUD_IN_44782,Ganesh Chaudhary,Gujarat,284956,270641,0.95,0,0,0,2,0.11,VERIFIED_VALID,0
FRAUD_IN_44783,Preeti Chatterjee,Madhya Pradesh,203671,205490,1.01,0,0,0,1,0.13,VERIFIED_VALID,0
FRAUD_IN_44784,Mamta Verma,Odisha,414572,439811,1.06,0,0,0,2,0.18,VERIFIED_VALID,0
FRAUD_IN_44785,Amit Mehta,Bihar,339311,345325,1.02,0,0,0,1,0.03,VERIFIED_VALID,0
FRAUD_IN_44786,Suresh Gupta,Kerala,127005,128756,1.01,0,0,1,4,0.07,VERIFIED_VALID,0
FRAUD_IN_44787,Ananya Verma,Haryana,59832,67521,1.13,0,0,0,4,0.14,VERIFIED_VALID,0
FRAUD_IN_44788,Mamta Singh,Haryana,51037,49503,0.97,0,0,0,3,0.01,NOT_REQUIRED,0
FRAUD_IN_44789,Savita Chaudhary,Odisha,351487,399858,1.14,0,0,0,3,0.12,NOT_REQUIRED,0
FRAUD_IN_44790,Sunita Rao,Punjab,378328,387760,1.02,0,0,0,3,0.13,VERIFIED_VALID,0
FRAUD_IN_44791,Anita Mehta,Tamil Nadu,66577,338042,5.08,1,0,1,12,0.68,UNVERIFIED,1
FRAUD_IN_44792,Ayesha Khan,Bihar,188575,199961,1.06,0,0,0,3,0.02,VERIFIED_VALID,0
FRAUD_IN_44793,Karan Patil,Uttar Pradesh,133015,125729,0.95,0,0,0,2,0.13,VERIFIED_VALID,0
FRAUD_IN_44794,Prakash Banerjee,Uttar Pradesh,36928,39693,1.07,0,0,0,1,0.1,VERIFIED_VALID,0
FRAUD_IN_44795,Rohan Patil,West Bengal,112199,114884,1.02,0,0,0,4,0.11,VERIFIED_VALID,0
FRAUD_IN_44796,Sangeeta Nair,Tamil Nadu,131316,138491,1.05,0,0,0,3,0.01,VERIFIED_VALID,0
FRAUD_IN_44797,Prakash Singh,Odisha,39974,41277,1.03,0,0,0,3,0.09,VERIFIED_VALID,0
FRAUD_IN_44798,Mamta Das,Assam,147043,154005,1.05,0,0,1,3,0.09,VERIFIED_VALID,0
FRAUD_IN_44799,Ananya Kulkarni,Rajasthan,335967,331228,0.99,0,0,1,1,0.2,VERIFIED_VALID,0
FRAUD_IN_44800,Pradeep Mehta,Rajasthan,250561,236887,0.95,0,0,0,2,0.0,NOT_REQUIRED,0
FRAUD_IN_44801,Meena Kumar,Karnataka,195716,200170,1.02,0,0,0,3,0.1,VERIFIED_VALID,0
FRAUD_IN_44802,Rohan Chatterjee,Punjab,204433,230568,1.13,0,0,0,2,0.03,VERIFIED_VALID,0
FRAUD_IN_44803,Prakash Chatterjee,West Bengal,247840,282759,1.14,0,0,0,4,0.05,VERIFIED_VALID,0
FRAUD_IN_44804,Ramesh Mehta,Gujarat,332486,1633498,4.91,1,0,1,31,0.69,SUSPICIOUS,1
FRAUD_IN_44805,Pooja Yadav,Uttar Pradesh,156205,157071,1.01,0,0,0,3,0.03,VERIFIED_VALID,0
FRAUD_IN_44806,Anil Das,Tamil Nadu,384432,436963,1.14,0,0,0,2,0.04,VERIFIED_VALID,0
FRAUD_IN_44807,Ayesha Chaudhary,Punjab,136112,1035658,7.61,1,0,1,15,0.73,SUSPICIOUS,1
FRAUD_IN_44808,Sunita Reddy,Uttar Pradesh,59870,61302,1.02,0,0,0,3,0.06,VERIFIED_VALID,0
FRAUD_IN_44809,Arjun Khan,Rajasthan,310404,295503,0.95,0,0,0,1,0.08,VERIFIED_VALID,0
FRAUD_IN_44810,Gurpreet Verma,Gujarat,236760,267862,1.13,0,0,0,1,0.04,VERIFIED_VALID,0
FRAUD_IN_44811,Sunil Deshmukh,Bihar,287964,319189,1.11,0,0,0,2,0.21,VERIFIED_VALID,0
FRAUD_IN_44812,Neha Patil,West Bengal,228762,240249,1.05,0,0,0,4,0.04,VERIFIED_VALID,0
FRAUD_IN_44813,Amit Das,Karnataka,338560,360286,1.06,0,0,0,3,0.06,VERIFIED_VALID,0
FRAUD_IN_44814,Ramesh Gupta,Uttar Pradesh,268695,2208421,8.22,1,0,1,34,0.71,UNVERIFIED,1
FRAUD_IN_44815,Lakshmi Verma,Bihar,230768,259176,1.12,0,0,0,1,0.11,VERIFIED_VALID,0
FRAUD_IN_44816,Suresh Sharma,Kerala,241657,233957,0.97,0,0,0,4,0.22,VERIFIED_VALID,0
FRAUD_IN_44817,Ramesh Deshmukh,Rajasthan,406491,406007,1.0,0,0,0,2,0.15,VERIFIED_VALID,0
FRAUD_IN_44818,Harpreet Mehta,Madhya Pradesh,390742,418244,1.07,0,0,0,4,0.07,NOT_REQUIRED,0
FRAUD_IN_44819,Preeti Sharma,Kerala,358900,410518,1.14,0,0,0,3,0.13,NOT_REQUIRED,0
FRAUD_IN_44820,Sanjay Reddy,Madhya Pradesh,177970,204156,1.15,0,0,0,2,0.11,VERIFIED_VALID,0
FRAUD_IN_44821,Pooja Das,Uttar Pradesh,145622,133992,0.92,0,0,0,3,0.01,NOT_REQUIRED,0
FRAUD_IN_44822,Rohan Kaur,Rajasthan,384790,386313,1.0,0,0,0,2,0.11,VERIFIED_VALID,0
FRAUD_IN_44823,Kavita Mehta,Rajasthan,218047,242795,1.11,0,0,0,2,0.15,VERIFIED_VALID,0
FRAUD_IN_44824,Sujata Verma,Assam,394085,409456,1.04,0,0,0,3,0.16,VERIFIED_VALID,0
FRAUD_IN_44825,Neha Sheikh,Bihar,99141,104581,1.05,0,0,0,3,0.01,VERIFIED_VALID,0
FRAUD_IN_44826,Karan Mishra,West Bengal,425977,400928,0.94,0,0,0,3,0.02,VERIFIED_VALID,0
FRAUD_IN_44827,Manoj Yadav,Haryana,105862,121314,1.15,0,0,0,1,0.11,NOT_REQUIRED,0
FRAUD_IN_44828,Meena Gupta,Rajasthan,109690,108072,0.99,0,0,0,2,0.06,VERIFIED_VALID,0
FRAUD_IN_44829,Ashok Verma,Assam,328716,1488256,4.53,1,0,1,7,0.81,SUSPICIOUS,1
FRAUD_IN_44830,Kavita Singh,West Bengal,108150,120355,1.11,0,0,0,1,0.07,VERIFIED_VALID,0
FRAUD_IN_44831,Arjun Chatterjee,Gujarat,230151,222066,0.96,0,0,0,3,0.22,VERIFIED_VALID,0
FRAUD_IN_44832,Vijay Gowda,Gujarat,126912,117209,0.92,0,0,0,4,0.03,VERIFIED_VALID,0
FRAUD_IN_44833,Deepika Verma,Karnataka,157306,162037,1.03,0,0,0,4,0.15,VERIFIED_VALID,0
FRAUD_IN_44834,Ayesha Patil,Haryana,396073,422147,1.07,0,0,0,1,0.13,VERIFIED_VALID,0
FRAUD_IN_44835,Karan Rao,Uttar Pradesh,353609,371755,1.05,0,0,0,3,0.02,VERIFIED_VALID,0
FRAUD_IN_44836,Ananya Chaudhary,Maharashtra,290728,267580,0.92,0,0,0,2,0.08,VERIFIED_VALID,0
FRAUD_IN_44837,Deepak Sheikh,Haryana,324093,302136,0.93,0,0,0,2,0.03,VERIFIED_VALID,0
FRAUD_IN_44838,Ashok Rao,Tamil Nadu,191666,199804,1.04,0,0,0,4,0.1,VERIFIED_VALID,0
FRAUD_IN_44839,Vikram Singh,Punjab,48588,47203,0.97,0,0,0,4,0.14,VERIFIED_VALID,0
FRAUD_IN_44840,Manoj Kumar,Tamil Nadu,192662,210894,1.09,0,0,0,4,0.07,VERIFIED_VALID,0
FRAUD_IN_44841,Rahul Rao,West Bengal,362109,398139,1.1,0,0,0,4,0.19,VERIFIED_VALID,0
FRAUD_IN_44842,Sanjay Das,West Bengal,192655,193455,1.0,0,0,0,4,0.19,VERIFIED_VALID,0
FRAUD_IN_44843,Priya Gowda,Uttar Pradesh,207075,198881,0.96,0,0,0,3,0.01,VERIFIED_VALID,0
FRAUD_IN_44844,Lakshmi Khan,Kerala,290512,323281,1.11,0,0,0,1,0.11,VERIFIED_VALID,0
FRAUD_IN_44845,Vijay Sharma,Haryana,436711,482133,1.1,0,0,0,4,0.14,VERIFIED_VALID,0
FRAUD_IN_44846,Ramesh Sheikh,Assam,255112,276309,1.08,0,0,0,2,0.17,VERIFIED_VALID,0
FRAUD_IN_44847,Geeta Gupta,Punjab,408300,397869,0.97,0,0,0,3,0.08,VERIFIED_VALID,0
FRAUD_IN_44848,Vikram Chaudhary,Punjab,261233,250618,0.96,0,0,0,4,0.11,VERIFIED_VALID,0
FRAUD_IN_44849,Deepika Kaur,Rajasthan,121965,135963,1.11,0,0,0,1,0.01,VERIFIED_VALID,0
FRAUD_IN_44850,Manoj Reddy,West Bengal,248555,276902,1.11,0,0,0,1,0.1,VERIFIED_VALID,0
FRAUD_IN_44851,Karan Banerjee,Kerala,72819,67619,0.93,0,0,0,2,0.12,VERIFIED_VALID,0
FRAUD_IN_44852,Neha Chaudhary,Maharashtra,214432,220789,1.03,0,0,0,1,0.2,VERIFIED_VALID,0
FRAUD_IN_44853,Mamta Sharma,Odisha,282521,311992,1.1,0,0,0,4,0.14,NOT_REQUIRED,0
FRAUD_IN_44854,Rahul Kaur,Tamil Nadu,75622,72792,0.96,0,0,0,1,0.18,NOT_REQUIRED,0
FRAUD_IN_44855,Prakash Verma,Haryana,257330,250228,0.97,0,0,0,2,0.2,VERIFIED_VALID,0
FRAUD_IN_44856,Meena Khan,Rajasthan,375617,426158,1.13,0,0,0,2,0.04,VERIFIED_VALID,0
FRAUD_IN_44857,Shweta Patel,Maharashtra,213707,218274,1.02,0,0,0,2,0.15,NOT_REQUIRED,0
FRAUD_IN_44858,Vijay Sheikh,West Bengal,226318,220862,0.98,0,0,0,2,0.03,VERIFIED_VALID,0
FRAUD_IN_44859,Mamta Mishra,Kerala,283190,312264,1.1,0,0,0,3,0.22,VERIFIED_VALID,0
FRAUD_IN_44860,Harpreet Gupta,Uttar Pradesh,448981,1344325,2.99,1,1,1,33,0.76,SUSPICIOUS,1
FRAUD_IN_44861,Meena Kulkarni,Haryana,120862,121062,1.0,0,0,0,3,0.03,VERIFIED_VALID,0
FRAUD_IN_44862,Neha Singh,Haryana,196025,197730,1.01,0,0,0,3,0.16,NOT_REQUIRED,0
FRAUD_IN_44863,Geeta Khan,Odisha,311478,325110,1.04,0,0,0,1,0.08,VERIFIED_VALID,0
FRAUD_IN_44864,Arjun Kumar,Rajasthan,90380,95102,1.05,0,0,0,3,0.02,VERIFIED_VALID,0
FRAUD_IN_44865,Anil Gupta,Gujarat,214943,227839,1.06,0,0,0,1,0.19,VERIFIED_VALID,0
FRAUD_IN_44866,Rekha Kumar,Uttar Pradesh,137109,148016,1.08,0,0,1,2,0.06,VERIFIED_VALID,0
FRAUD_IN_44867,Preeti Chatterjee,Odisha,435376,483463,1.11,0,0,0,2,0.04,NOT_REQUIRED,0
FRAUD_IN_44868,Sanjay Singh,Madhya Pradesh,378205,392621,1.04,0,0,0,1,0.02,VERIFIED_VALID,0
FRAUD_IN_44869,Sangeeta Kulkarni,Assam,332912,360557,1.08,0,0,0,3,0.08,VERIFIED_VALID,0
FRAUD_IN_44870,Tariq Chatterjee,Bihar,40713,45789,1.12,0,0,0,1,0.17,VERIFIED_VALID,0
FRAUD_IN_44871,Bhavna Sharma,Karnataka,313455,319358,1.02,0,0,0,3,0.14,VERIFIED_VALID,0
FRAUD_IN_44872,Anita Deshmukh,Karnataka,279343,285876,1.02,0,0,0,4,0.22,VERIFIED_VALID,0
FRAUD_IN_44873,Simran Das,Gujarat,50685,47249,0.93,0,0,0,2,0.04,NOT_REQUIRED,0
FRAUD_IN_44874,Shweta Joshi,Haryana,314687,304142,0.97,0,0,0,4,0.13,VERIFIED_VALID,0
FRAUD_IN_44875,Gurpreet Banerjee,Haryana,316146,307199,0.97,0,0,0,2,0.2,VERIFIED_VALID,0
FRAUD_IN_44876,Deepak Singh,Haryana,396980,372742,0.94,0,0,0,4,0.06,VERIFIED_VALID,0
FRAUD_IN_44877,Neha Kumar,Tamil Nadu,91998,89384,0.97,0,0,0,4,0.21,VERIFIED_VALID,0
FRAUD_IN_44878,Shweta Chaudhary,Rajasthan,325248,1513430,4.65,1,0,1,35,0.88,UNVERIFIED,1
FRAUD_IN_44879,Prakash Kaur,Tamil Nadu,408902,431589,1.06,0,0,0,1,0.18,VERIFIED_VALID,0
FRAUD_IN_44880,Anita Chatterjee,Haryana,257352,265346,1.03,0,0,0,2,0.13,VERIFIED_VALID,0
FRAUD_IN_44881,Vikram Sharma,Karnataka,339781,326762,0.96,0,0,0,3,0.08,NOT_REQUIRED,0
FRAUD_IN_44882,Sangeeta Singh,Karnataka,208202,234356,1.13,0,0,0,3,0.01,NOT_REQUIRED,0
FRAUD_IN_44883,Sujata Gowda,Punjab,381841,390331,1.02,0,0,0,2,0.15,NOT_REQUIRED,0
FRAUD_IN_44884,Pooja Nair,Assam,422794,413047,0.98,0,0,0,3,0.02,NOT_REQUIRED,0
FRAUD_IN_44885,Gurpreet Yadav,Gujarat,205619,212309,1.03,0,0,0,1,0.03,VERIFIED_VALID,0
FRAUD_IN_44886,Simran Khan,Rajasthan,98000,99951,1.02,0,0,0,2,0.2,VERIFIED_VALID,0
FRAUD_IN_44887,Anil Deshmukh,Punjab,237445,260235,1.1,0,0,0,4,0.14,VERIFIED_VALID,0
FRAUD_IN_44888,Neha Nair,Karnataka,312585,357890,1.14,0,0,0,1,0.2,VERIFIED_VALID,0
FRAUD_IN_44889,Mahesh Reddy,Haryana,398251,399682,1.0,0,0,0,1,0.13,VERIFIED_VALID,0
FRAUD_IN_44890,Rajesh Kulkarni,Rajasthan,281829,262180,0.93,0,0,0,3,0.2,VERIFIED_VALID,0
FRAUD_IN_44891,Rajesh Kumar,West Bengal,258127,241810,0.94,0,0,0,3,0.01,VERIFIED_VALID,0
FRAUD_IN_44892,Seema Banerjee,Haryana,241276,250525,1.04,0,0,0,3,0.07,VERIFIED_VALID,0
FRAUD_IN_44893,Ananya Gowda,Kerala,442212,433200,0.98,0,0,0,3,0.13,VERIFIED_VALID,0
FRAUD_IN_44894,Pradeep Verma,Uttar Pradesh,306026,305243,1.0,0,0,0,1,0.17,NOT_REQUIRED,0
FRAUD_IN_44895,Anil Chaudhary,West Bengal,173800,174753,1.01,0,0,0,3,0.01,VERIFIED_VALID,0
FRAUD_IN_44896,Anil Nair,Uttar Pradesh,340855,356700,1.05,0,0,0,4,0.01,VERIFIED_VALID,0
FRAUD_IN_44897,Ayesha Rao,Maharashtra,270367,256963,0.95,0,0,1,2,0.07,VERIFIED_VALID,0
FRAUD_IN_44898,Amit Yadav,Karnataka,317052,305059,0.96,0,0,0,4,0.13,VERIFIED_VALID,0
FRAUD_IN_44899,Sunil Joshi,Madhya Pradesh,292719,313380,1.07,0,0,0,1,0.17,NOT_REQUIRED,0
FRAUD_IN_44900,Pradeep Kaur,Kerala,241320,251046,1.04,0,0,0,4,0.07,NOT_REQUIRED,0
FRAUD_IN_44901,Rahul Deshmukh,Bihar,291149,283964,0.98,0,0,0,4,0.2,VERIFIED_VALID,0
FRAUD_IN_44902,Ayesha Khan,Kerala,126132,120944,0.96,0,0,0,1,0.16,VERIFIED_VALID,0
FRAUD_IN_44903,Simran Kulkarni,Maharashtra,345897,364115,1.05,0,0,0,1,0.15,VERIFIED_VALID,0
FRAUD_IN_44904,Sunil Gupta,Assam,254192,266612,1.05,0,0,0,4,0.21,VERIFIED_VALID,0
FRAUD_IN_44905,Vijay Patel,West Bengal,137381,143490,1.04,0,0,0,4,0.08,VERIFIED_VALID,0
FRAUD_IN_44906,Vikram Rao,Uttar Pradesh,441602,480206,1.09,0,0,0,3,0.0,NOT_REQUIRED,0
FRAUD_IN_44907,Simran Sharma,Maharashtra,134293,128101,0.95,0,0,0,3,0.02,VERIFIED_VALID,0
FRAUD_IN_44908,Rajesh Gupta,Gujarat,60421,67348,1.11,0,0,0,1,0.2,VERIFIED_VALID,0
FRAUD_IN_44909,Ayesha Khan,Tamil Nadu,146828,888337,6.05,1,0,1,33,0.95,SUSPICIOUS,1
FRAUD_IN_44910,Sunil Gowda,Odisha,394529,446299,1.13,0,0,0,4,0.13,VERIFIED_VALID,0
FRAUD_IN_44911,Pradeep Reddy,Maharashtra,435709,488544,1.12,0,0,0,2,0.09,NOT_REQUIRED,0
FRAUD_IN_44912,Priya Joshi,Rajasthan,42193,41733,0.99,0,0,0,4,0.04,VERIFIED_VALID,0
FRAUD_IN_44913,Rajesh Khan,West Bengal,379533,412346,1.09,0,0,0,2,0.13,VERIFIED_VALID,0
FRAUD_IN_44914,Sanjay Banerjee,Assam,264249,261507,0.99,0,0,0,3,0.07,VERIFIED_VALID,0
FRAUD_IN_44915,Ashok Khan,Madhya Pradesh,185535,183639,0.99,0,0,0,3,0.05,NOT_REQUIRED,0
FRAUD_IN_44916,Vijay Deshmukh,Bihar,71790,67693,0.94,0,0,0,1,0.17,VERIFIED_VALID,0
FRAUD_IN_44917,Deepak Nair,Maharashtra,187015,174218,0.93,0,0,0,1,0.04,VERIFIED_VALID,0
FRAUD_IN_44918,Deepak Patil,Uttar Pradesh,235790,237125,1.01,0,0,0,3,0.07,NOT_REQUIRED,0
FRAUD_IN_44919,Arjun Yadav,Haryana,276243,312321,1.13,0,0,0,4,0.14,NOT_REQUIRED,0
FRAUD_IN_44920,Sunita Gowda,Madhya Pradesh,58928,59725,1.01,0,0,0,4,0.17,VERIFIED_VALID,0
FRAUD_IN_44921,Vikram Nair,Kerala,231497,215611,0.93,0,0,0,3,0.11,VERIFIED_VALID,0
FRAUD_IN_44922,Gurpreet Shah,Madhya Pradesh,331746,323798,0.98,0,0,0,4,0.17,VERIFIED_VALID,0
FRAUD_IN_44923,Ashok Sharma,Gujarat,271573,280945,1.03,0,0,0,4,0.09,VERIFIED_VALID,0
FRAUD_IN_44924,Ramesh Mehta,Karnataka,78089,83368,1.07,0,0,0,2,0.18,VERIFIED_VALID,0
FRAUD_IN_44925,Radha Khan,Bihar,400001,396396,0.99,0,0,0,1,0.06,VERIFIED_VALID,0
FRAUD_IN_44926,Sangeeta Verma,Maharashtra,40193,45116,1.12,0,0,0,2,0.17,VERIFIED_VALID,0
FRAUD_IN_44927,Simran Shah,Haryana,85357,81391,0.95,0,0,0,1,0.13,VERIFIED_VALID,0
FRAUD_IN_44928,Sujata Sharma,Tamil Nadu,110461,107969,0.98,0,0,0,3,0.2,VERIFIED_VALID,0
FRAUD_IN_44929,Deepika Nair,Tamil Nadu,152310,148718,0.98,0,0,0,2,0.05,VERIFIED_VALID,0
FRAUD_IN_44930,Anita Patil,Assam,316629,292442,0.92,0,0,0,1,0.1,VERIFIED_VALID,0
FRAUD_IN_44931,Sunil Verma,Assam,174883,180781,1.03,0,0,0,1,0.04,VERIFIED_VALID,0
FRAUD_IN_44932,Vijay Verma,Gujarat,185001,188884,1.02,0,0,0,3,0.02,VERIFIED_VALID,0
FRAUD_IN_44933,Priya Rao,Gujarat,406625,432322,1.06,0,0,0,4,0.0,VERIFIED_VALID,0
FRAUD_IN_44934,Sunil Khan,Odisha,244266,257942,1.06,0,0,0,4,0.13,VERIFIED_VALID,0
FRAUD_IN_44935,Fatima Kulkarni,Rajasthan,411327,448595,1.09,0,0,0,3,0.12,VERIFIED_VALID,0
FRAUD_IN_44936,Priya Deshmukh,Rajasthan,94672,95011,1.0,0,0,0,1,0.17,NOT_REQUIRED,0
FRAUD_IN_44937,Mamta Singh,Gujarat,236141,224373,0.95,0,0,0,3,0.02,VERIFIED_VALID,0
FRAUD_IN_44938,Mamta Khan,Assam,226184,234000,1.03,0,0,1,2,0.1,VERIFIED_VALID,0
FRAUD_IN_44939,Pradeep Chatterjee,Assam,263146,299702,1.14,0,0,0,1,0.1,VERIFIED_VALID,0
FRAUD_IN_44940,Ananya Shah,Gujarat,300126,322888,1.08,0,0,0,4,0.22,VERIFIED_VALID,0
FRAUD_IN_44941,Kavita Rao,Assam,237389,247725,1.04,0,0,0,1,0.06,VERIFIED_VALID,0
FRAUD_IN_44942,Kiran Das,West Bengal,250222,256491,1.03,0,0,0,2,0.06,VERIFIED_VALID,0
FRAUD_IN_44943,Rohan Das,Gujarat,225708,749062,3.32,1,1,1,27,0.88,FAKE_CERTIFICATE,1
FRAUD_IN_44944,Shweta Singh,Assam,236735,258500,1.09,0,0,0,4,0.15,VERIFIED_VALID,0
FRAUD_IN_44945,Radha Singh,Bihar,431683,475393,1.1,0,0,0,2,0.16,NOT_REQUIRED,0
FRAUD_IN_44946,Prakash Khan,Tamil Nadu,116925,117584,1.01,0,0,0,1,0.12,VERIFIED_VALID,0
FRAUD_IN_44947,Rahul Verma,Assam,353049,362874,1.03,0,0,0,1,0.07,VERIFIED_VALID,0
FRAUD_IN_44948,Sangeeta Mishra,Assam,202854,194093,0.96,0,0,0,1,0.01,NOT_REQUIRED,0
FRAUD_IN_44949,Ashok Patil,West Bengal,410040,456862,1.11,0,0,0,3,0.05,VERIFIED_VALID,0
FRAUD_IN_44950,Ramesh Kaur,Uttar Pradesh,89556,99627,1.11,0,0,0,3,0.03,NOT_REQUIRED,0
FRAUD_IN_44951,Manoj Reddy,Haryana,436903,453538,1.04,0,0,1,3,0.03,VERIFIED_VALID,0
FRAUD_IN_44952,Lakshmi Mishra,Odisha,245309,237844,0.97,0,0,0,1,0.07,VERIFIED_VALID,0
FRAUD_IN_44953,Karan Mehta,Bihar,359452,367877,1.02,0,0,0,1,0.01,VERIFIED_VALID,0
FRAUD_IN_44954,Sangeeta Kumar,Assam,198248,218058,1.1,0,0,0,4,0.07,VERIFIED_VALID,0
FRAUD_IN_44955,Geeta Banerjee,West Bengal,351947,369147,1.05,0,0,0,1,0.0,VERIFIED_VALID,0
FRAUD_IN_44956,Gurpreet Patil,Haryana,364992,383711,1.05,0,0,0,2,0.14,VERIFIED_VALID,0
FRAUD_IN_44957,Savita Nair,Haryana,149209,139236,0.93,0,0,0,4,0.19,NOT_REQUIRED,0
FRAUD_IN_44958,Suresh Chaudhary,Maharashtra,383157,373595,0.98,0,0,0,4,0.14,VERIFIED_VALID,0
FRAUD_IN_44959,Deepika Khan,West Bengal,436377,2796834,6.41,1,1,1,19,0.82,SUSPICIOUS,1
FRAUD_IN_44960,Manoj Patil,Karnataka,425466,443534,1.04,0,0,0,3,0.06,VERIFIED_VALID,0
FRAUD_IN_44961,Prakash Singh,Madhya Pradesh,123200,140207,1.14,0,0,0,2,0.01,VERIFIED_VALID,0
FRAUD_IN_44962,Kavita Banerjee,Assam,416509,468915,1.13,0,0,0,3,0.04,VERIFIED_VALID,0
FRAUD_IN_44963,Fatima Sheikh,Kerala,75097,73698,0.98,0,0,0,2,0.12,VERIFIED_VALID,0
FRAUD_IN_44964,Vijay Mishra,Kerala,313298,2512618,8.02,1,1,0,21,0.95,UNVERIFIED,1
FRAUD_IN_44965,Savita Chatterjee,Bihar,194358,195332,1.01,0,0,0,4,0.11,VERIFIED_VALID,0
FRAUD_IN_44966,Rohan Deshmukh,Punjab,419556,429899,1.02,0,0,0,4,0.12,VERIFIED_VALID,0
FRAUD_IN_44967,Harpreet Gupta,West Bengal,337469,370701,1.1,0,0,0,3,0.21,NOT_REQUIRED,0
FRAUD_IN_44968,Savita Khan,Karnataka,184098,192309,1.04,0,0,0,1,0.02,VERIFIED_VALID,0
FRAUD_IN_44969,Prakash Mehta,Punjab,309968,1691675,5.46,0,0,0,21,0.68,UNVERIFIED,1
FRAUD_IN_44970,Prakash Reddy,Rajasthan,97007,93312,0.96,0,0,0,2,0.19,VERIFIED_VALID,0
FRAUD_IN_44971,Ganesh Nair,Karnataka,71893,72777,1.01,0,0,0,1,0.19,VERIFIED_VALID,0
FRAUD_IN_44972,Sangeeta Gowda,Gujarat,364357,366307,1.01,0,0,0,1,0.06,VERIFIED_VALID,0
FRAUD_IN_44973,Priya Shah,Madhya Pradesh,203258,207886,1.02,0,0,0,2,0.14,NOT_REQUIRED,0
FRAUD_IN_44974,Radha Reddy,Assam,75523,85511,1.13,0,0,0,2,0.05,VERIFIED_VALID,0
FRAUD_IN_44975,Pooja Shah,Uttar Pradesh,73305,71716,0.98,0,0,0,4,0.08,NOT_REQUIRED,0
FRAUD_IN_44976,Anita Shah,Madhya Pradesh,241412,270403,1.12,0,0,0,2,0.13,VERIFIED_VALID,0
FRAUD_IN_44977,Tariq Kumar,Odisha,143344,152346,1.06,0,0,0,3,0.01,VERIFIED_VALID,0
FRAUD_IN_44978,Preeti Patel,Karnataka,437301,408848,0.93,0,0,0,3,0.02,VERIFIED_VALID,0
FRAUD_IN_44979,Suresh Banerjee,Bihar,291299,302848,1.04,0,0,0,2,0.07,NOT_REQUIRED,0
FRAUD_IN_44980,Preeti Banerjee,Uttar Pradesh,388567,442449,1.14,0,0,0,2,0.0,VERIFIED_VALID,0
FRAUD_IN_44981,Deepak Chaudhary,Odisha,354205,366702,1.04,0,0,0,3,0.06,NOT_REQUIRED,0
FRAUD_IN_44982,Anil Nair,Kerala,286643,281244,0.98,0,0,0,2,0.03,VERIFIED_VALID,0
FRAUD_IN_44983,Sanjay Kumar,Punjab,290984,295460,1.02,0,0,0,2,0.06,VERIFIED_VALID,0
FRAUD_IN_44984,Ashok Patel,Odisha,123170,120749,0.98,0,0,0,2,0.21,VERIFIED_VALID,0
FRAUD_IN_44985,Anita Singh,Madhya Pradesh,326386,313730,0.96,0,0,0,3,0.04,VERIFIED_VALID,0
FRAUD_IN_44986,Amit Rao,Rajasthan,138540,140312,1.01,0,0,0,3,0.03,VERIFIED_VALID,0
FRAUD_IN_44987,Sunita Mehta,Bihar,89591,96033,1.07,0,0,0,2,0.21,NOT_REQUIRED,0
FRAUD_IN_44988,Deepika Kulkarni,Uttar Pradesh,421914,419219,0.99,0,0,1,2,0.03,VERIFIED_VALID,0
FRAUD_IN_44989,Sangeeta Banerjee,Karnataka,186081,187360,1.01,0,0,0,3,0.01,VERIFIED_VALID,0
FRAUD_IN_44990,Sanjay Khan,Haryana,181058,192675,1.06,0,0,0,4,0.05,NOT_REQUIRED,0
FRAUD_IN_44991,Ayesha Deshmukh,Uttar Pradesh,268503,1450167,5.4,0,0,1,21,0.8,SUSPICIOUS,1
FRAUD_IN_44992,Karan Joshi,Maharashtra,57929,56258,0.97,0,0,0,2,0.21,VERIFIED_VALID,0
FRAUD_IN_44993,Shweta Khan,Bihar,147793,147298,1.0,0,0,0,4,0.11,NOT_REQUIRED,0
FRAUD_IN_44994,Anita Chaudhary,West Bengal,425705,442977,1.04,0,0,0,2,0.1,VERIFIED_VALID,0
FRAUD_IN_44995,Shweta Yadav,Rajasthan,335482,348273,1.04,0,0,0,3,0.05,VERIFIED_VALID,0
FRAUD_IN_44996,Shweta Kulkarni,Gujarat,290482,295210,1.02,0,0,0,4,0.18,VERIFIED_VALID,0
FRAUD_IN_44997,Rahul Shah,Madhya Pradesh,57152,55753,0.98,0,0,0,1,0.05,VERIFIED_VALID,0
FRAUD_IN_44998,Kiran Reddy,Uttar Pradesh,273999,274912,1.0,0,0,0,4,0.11,VERIFIED_VALID,0
FRAUD_IN_44999,Kavita Reddy,Karnataka,58048,60012,1.03,0,0,0,2,0.03,VERIFIED_VALID,0
FRAUD_IN_45000,Mamta Banerjee,Madhya Pradesh,167717,157023,0.94,0,0,0,3,0.06,VERIFIED_VALID,0
